ID_Orden,Unidades_Ordenadas,Num_Componentes_BOM,Experiencia_Operador_Anos,Nivel_Complejidad,Mantenimiento_Programado_Turno,Tiempo_Ciclo_Minutos
1,913,34,8.5,2,0,272.2
2,573,17,13.0,2,1,171.84
3,387,41,6.6,4,0,217.36
4,888,35,5.1,2,0,284.42
5,625,15,9.5,2,1,189.97
6,649,12,12.7,2,0,161.08
7,125,27,12.5,5,1,146.88
8,443,13,5.6,4,0,166.37
9,602,11,12.0,2,0,157.33
10,694,19,7.7,3,0,212.56
11,625,10,0.9,3,0,194.66
12,986,35,4.8,5,0,330.13
13,807,16,8.9,4,0,238.28
14,366,19,2.9,2,0,144.91
15,782,27,0.8,4,0,267.19
16,754,36,4.6,5,0,281.53
17,160,22,3.6,2,0,118.94
18,55,13,3.7,3,0,80.96
19,958,16,4.6,2,1,241.64
20,527,27,6.7,3,1,202.86
21,90,25,6.9,2,0,108.33
22,99,36,9.3,2,0,130.06
23,901,28,0.7,4,0,286.56
24,673,23,8.2,3,0,215.49
25,556,32,6.1,2,1,220.53
26,186,26,11.7,3,0,128.48
27,421,38,7.3,5,0,236.71
28,975,27,8.3,4,1,296.71
29,933,26,2.4,3,0,286.54
30,109,9,2.9,4,1,108.48
31,468,38,1.0,3,0,227.51
32,606,9,4.6,2,0,154.95
33,890,26,13.8,5,0,283.13
34,299,9,1.5,3,0,123.22
35,325,40,12.2,1,0,166.89
36,688,40,8.9,3,0,257.94
37,956,13,12.8,2,0,218.57
38,126,41,11.3,2,0,129.45
39,785,18,4.9,3,0,228.85
40,669,16,3.1,2,0,193.8
41,393,42,7.8,4,0,223.86
42,946,27,9.7,3,0,267.7
43,155,36,7.6,3,0,160.89
44,553,43,7.1,3,0,246.22
45,507,23,12.7,3,1,185.14
46,289,22,3.8,5,0,178.52
47,314,25,8.7,5,0,177.43
48,624,13,5.3,2,0,173.08
49,726,17,4.0,3,1,222.98
50,149,16,7.8,4,1,129.43
51,334,14,13.3,2,1,118.35
52,881,27,0.8,1,1,262.91
53,569,11,3.2,4,0,189.75
54,956,31,6.1,2,0,274.42
55,486,26,13.3,4,0,197.4
56,490,41,5.9,4,1,249.44
57,665,25,9.2,2,1,209.14
58,344,15,3.1,3,0,148.36
59,800,9,7.0,3,0,211.02
60,379,14,4.0,4,1,158.26
61,486,35,8.4,5,1,242.4
62,452,19,2.6,3,0,173.74
63,553,21,11.7,3,1,184.86
64,377,21,12.0,2,0,141.36
65,665,21,0.9,2,0,209.48
66,961,13,2.3,3,1,264.9
67,350,28,7.8,1,1,149.38
68,562,41,4.2,2,0,226.6
69,678,38,6.3,3,0,254.12
70,412,34,11.0,1,0,164.08
71,190,10,7.5,4,0,108.48
72,323,37,14.3,5,0,199.79
73,810,16,6.3,5,0,254.81
74,253,27,2.0,4,1,178.31
75,513,17,8.2,3,1,180.58
76,915,19,9.9,4,0,258.1
77,714,26,1.7,5,0,251.37
78,726,44,9.5,5,1,303.22
79,942,15,6.1,2,0,241.43
80,753,33,7.3,4,0,269.89
81,325,24,9.9,3,0,156.35
82,548,34,2.2,3,0,223.13
83,469,26,10.6,4,1,204.5
84,592,28,8.9,5,0,240.92
85,60,25,14.5,3,0,97.42
86,549,16,8.1,2,1,175.21
87,665,31,14.0,1,0,204.49
88,326,10,13.3,2,0,102.38
89,973,36,8.1,2,1,299.16
90,826,28,9.1,2,0,232.15
91,904,39,11.6,3,1,302.4
92,428,28,14.4,2,0,159.84
93,844,7,4.2,2,0,215.57
94,549,24,9.2,3,0,190.38
95,905,21,6.7,3,0,254.33
96,736,32,1.7,2,0,231.34
97,97,6,13.1,3,0,61.11
98,791,29,13.2,4,0,257.75
99,264,38,3.5,2,0,183.06
100,187,24,5.2,1,0,112.02
101,735,6,12.9,2,0,166.07
102,436,11,3.7,3,0,153.33
103,452,23,12.3,1,0,147.11
104,620,35,10.6,2,1,227.62
105,289,35,3.1,3,0,183.99
106,142,41,6.0,3,1,178.25
107,957,19,9.5,4,1,275.74
108,557,30,8.6,4,1,224.64
109,444,16,7.8,4,1,177.95
110,675,13,8.0,4,0,202.19
111,528,21,13.3,2,1,171.39
112,469,16,15.0,2,0,139.4
113,590,6,14.2,3,0,164.46
114,53,35,4.4,3,0,128.54
115,901,18,10.2,4,1,260.77
116,390,15,0.7,2,1,147.88
117,353,41,6.3,4,0,209.47
118,576,13,6.3,3,1,189.84
119,300,14,3.1,2,0,110.7
120,759,39,3.2,4,0,281.09
121,555,31,14.9,2,0,193.48
122,247,5,2.3,2,1,105.48
123,682,23,7.3,4,1,240.55
124,997,17,13.2,3,0,252.6
125,312,12,4.2,5,0,150.17
126,153,34,2.1,4,0,170.78
127,279,25,11.1,5,1,181.59
128,416,15,13.3,5,1,169.21
129,121,34,1.4,3,0,152.73
130,407,33,12.4,5,0,203.19
131,294,32,10.0,4,0,173.92
132,969,10,13.3,2,1,222.81
133,725,26,13.1,2,0,211.35
134,257,25,5.5,5,0,169.29
135,276,42,2.0,5,0,218.83
136,501,18,8.4,3,0,182.34
137,900,36,10.2,3,0,282.98
138,511,14,2.2,4,0,186.75
139,96,43,9.9,3,0,155.04
140,693,36,3.4,5,0,290.08
141,608,33,8.7,4,0,243.53
142,558,9,7.2,3,0,163.08
143,847,14,7.8,3,1,232.36
144,520,15,14.9,2,1,156.98
145,199,30,14.2,3,1,142.97
146,428,40,8.3,2,0,195.83
147,71,30,8.3,4,0,134.16
148,515,14,2.6,2,0,160.81
149,585,17,8.3,3,0,191.42
150,285,26,12.5,5,1,175.83
151,304,18,9.7,2,0,116.83
152,433,17,6.1,2,1,163.04
153,144,44,7.5,3,1,188.58
154,406,42,4.2,3,0,217.51
155,761,20,8.4,3,0,229.88
156,838,23,13.8,1,0,217.37
157,589,29,2.7,2,0,217.15
158,55,29,5.0,5,0,146.27
159,355,29,13.1,3,0,169.71
160,267,11,14.1,4,0,110.78
161,753,18,5.6,5,0,248.53
162,132,13,5.1,3,0,99.21
163,639,35,5.6,4,0,254.92
164,408,22,13.1,3,1,164.61
165,693,39,4.3,3,0,270.1
166,746,30,6.0,2,0,234.72
167,945,35,12.7,2,0,272.59
168,704,24,6.3,3,0,225.33
169,433,20,7.5,2,0,149.95
170,611,36,5.3,2,1,231.92
171,905,16,8.3,2,0,235.62
172,102,36,1.7,3,0,152.08
173,303,7,3.5,2,1,120.85
174,447,13,7.9,3,0,149.92
175,993,9,12.9,2,0,219.14
176,995,18,14.5,5,0,273.51
177,330,16,10.9,4,1,153.94
178,454,38,7.0,1,0,192.81
179,742,9,8.2,2,0,177.6
180,878,34,9.0,1,0,255.99
181,865,29,12.8,2,0,243.55
182,420,37,13.8,2,0,185.69
183,335,6,14.1,2,0,100.57
184,878,29,2.7,4,0,292.81
185,359,36,3.8,4,0,205.36
186,445,40,0.9,5,0,245.42
187,90,7,14.4,3,0,64.67
188,269,38,6.2,4,0,195.75
189,863,17,9.2,4,0,252.97
190,659,34,10.2,3,0,235.19
191,970,40,5.5,2,1,300.86
192,854,29,10.6,4,0,272.67
193,728,16,7.4,3,0,203.97
194,699,44,10.1,3,0,266.05
195,175,13,4.5,1,0,81.42
196,614,8,13.4,3,0,167.39
197,117,24,7.1,3,0,117.35
198,861,41,12.6,4,1,307.07
199,179,24,5.7,1,0,99.61
200,129,22,0.8,4,1,133.61
201,630,30,14.7,4,0,232.58
202,758,7,9.8,2,0,177.85
203,534,34,14.9,1,0,183.03
204,111,6,14.7,3,0,64.28
205,708,37,9.2,1,1,237.01
206,869,35,11.9,2,0,260.76
207,320,33,1.5,3,0,178.88
208,462,43,11.3,1,0,202.06
209,963,23,8.1,4,1,288.64
210,137,15,13.4,2,0,82.2
211,608,24,8.7,2,0,205.11
212,102,21,8.5,3,0,111.06
213,194,10,1.7,2,0,94.18
214,505,9,12.3,3,0,147.74
215,646,33,8.1,3,1,243.16
216,60,32,13.5,5,1,155.07
217,240,28,4.5,2,1,159.92
218,924,42,9.0,2,0,280.55
219,146,16,4.2,2,0,89.53
220,172,8,12.2,2,0,73.48
221,285,22,6.8,3,0,139.41
222,537,28,2.8,2,0,191.25
223,747,34,10.3,3,0,250.84
224,713,31,9.5,4,1,262.02
225,520,24,7.6,5,0,224.33
226,519,24,12.0,2,0,165.26
227,76,5,15.0,4,0,64.67
228,126,16,9.0,3,0,99.86
229,628,31,4.1,2,0,219.28
230,282,41,10.9,2,0,157.96
231,616,39,5.8,4,0,256.54
232,707,11,5.2,3,1,210.48
233,755,5,4.8,5,1,219.61
234,747,32,10.1,4,0,249.22
235,820,33,7.1,4,0,289.86
236,642,25,4.0,3,1,233.34
237,100,17,7.4,1,1,88.1
238,884,12,7.1,3,1,236.01
239,138,14,4.3,3,0,107.8
240,641,37,6.9,2,1,239.0
241,555,13,0.9,2,0,172.61
242,911,39,10.9,3,0,288.69
243,568,29,8.5,4,1,236.16
244,398,19,12.2,4,0,163.66
245,604,36,6.2,3,1,245.63
246,72,26,1.7,2,0,109.97
247,427,6,5.1,4,0,151.81
248,294,21,7.4,5,1,172.44
249,930,10,8.9,3,0,230.95
250,966,17,7.4,3,0,247.96
251,971,22,9.8,2,0,254.12
252,945,7,7.3,2,1,227.43
253,147,16,0.9,2,0,99.8
254,160,23,3.2,5,0,153.55
255,121,44,7.0,4,0,172.77
256,557,16,5.5,5,0,208.55
257,258,29,9.0,3,1,160.05
258,783,29,3.4,3,1,263.01
259,242,16,5.5,2,1,128.17
260,926,35,10.2,3,0,286.63
261,625,11,8.1,3,1,186.74
262,538,7,11.4,3,1,151.65
263,409,17,6.4,3,0,158.39
264,258,43,11.3,2,0,166.86
265,472,21,4.5,1,1,162.31
266,863,15,3.7,5,1,263.2
267,409,30,6.5,3,0,181.33
268,665,16,1.9,2,0,201.46
269,934,21,1.5,3,0,260.2
270,213,31,3.3,1,0,136.12
271,587,32,2.3,5,1,264.76
272,273,14,2.1,3,0,139.29
273,125,14,13.3,3,0,90.08
274,506,37,2.9,3,0,229.91
275,61,42,13.6,3,0,131.16
276,894,11,6.4,3,1,224.09
277,257,21,10.2,4,0,144.94
278,419,35,3.7,2,0,196.77
279,941,43,9.7,4,1,336.6
280,868,9,8.7,3,0,219.38
281,801,44,4.2,3,1,306.6
282,712,19,1.3,5,1,249.64
283,151,21,8.5,2,1,99.44
284,621,5,14.8,2,0,139.46
285,884,36,0.9,4,1,318.57
286,408,36,3.5,3,0,210.44
287,540,37,6.0,5,0,259.04
288,684,6,11.3,4,0,186.77
289,51,39,9.9,3,1,146.14
290,596,27,7.3,4,0,214.28
291,599,6,4.1,3,0,165.43
292,491,44,1.2,3,0,239.14
293,85,31,5.6,3,1,138.54
294,860,29,13.5,4,1,273.03
295,165,23,10.9,1,0,98.36
296,919,16,1.1,2,0,259.15
297,734,14,4.7,2,0,199.05
298,292,14,5.5,1,0,110.85
299,158,27,0.6,3,0,148.97
300,227,42,4.0,2,0,173.63
301,721,42,11.1,5,0,296.47
302,129,15,13.6,1,1,77.25
303,135,40,6.3,1,0,141.89
304,565,9,12.4,3,0,152.88
305,361,41,3.0,2,1,206.83
306,891,30,5.5,4,0,292.93
307,271,18,2.6,3,0,140.75
308,528,33,8.6,2,0,206.27
309,661,15,4.4,3,0,196.4
310,90,16,10.5,4,0,100.73
311,744,10,3.2,3,0,201.0
312,400,30,3.2,4,0,208.75
313,921,15,1.4,2,1,250.71
314,807,9,10.1,2,0,195.32
315,195,17,11.4,1,1,85.15
316,295,32,13.3,1,0,139.74
317,809,38,3.8,5,0,315.4
318,630,16,11.3,2,0,170.08
319,451,38,11.2,2,1,204.84
320,452,40,14.9,2,0,188.72
321,494,24,5.7,4,0,198.05
322,901,27,6.1,2,0,261.6
323,644,33,10.0,2,0,223.38
324,697,12,13.8,2,1,170.46
325,629,40,8.6,1,0,226.21
326,814,40,14.7,5,1,295.7
327,980,15,7.4,3,0,255.54
328,301,34,10.3,2,0,165.99
329,638,38,13.4,5,0,259.33
330,945,20,3.5,2,1,257.99
331,656,40,5.5,3,1,247.55
332,169,44,11.4,4,1,186.5
333,838,30,9.9,1,0,230.15
334,503,30,10.9,3,0,196.82
335,891,24,11.6,2,0,240.64
336,109,31,12.7,3,1,126.54
337,596,20,3.1,3,1,205.36
338,552,5,5.8,2,1,154.38
339,503,36,13.8,3,0,207.59
340,685,29,3.7,4,0,249.49
341,426,20,3.0,2,1,175.27
342,587,36,2.1,1,0,214.15
343,768,23,10.7,4,0,233.68
344,380,32,6.0,2,0,176.3
345,637,39,3.1,2,0,246.19
346,339,21,9.5,1,0,123.85
347,955,41,8.9,4,0,318.86
348,989,12,2.6,4,0,271.28
349,70,7,15.0,4,0,71.23
350,772,7,12.1,3,1,199.21
351,208,31,3.8,1,1,147.24
352,821,38,11.9,3,0,277.16
353,480,30,2.5,3,0,211.97
354,847,27,7.2,2,0,252.53
355,609,42,12.7,3,1,248.37
356,589,32,13.3,3,1,227.18
357,75,43,3.4,4,0,177.06
358,288,7,9.6,3,0,103.23
359,656,6,3.0,3,0,178.57
360,152,40,14.5,5,0,175.79
361,747,5,6.5,3,1,196.29
362,455,32,13.9,4,1,204.21
363,591,27,0.8,3,0,216.14
364,440,17,11.2,4,1,175.7
365,360,29,10.3,2,1,169.87
366,97,37,6.3,1,0,132.8
367,97,11,13.8,3,1,85.27
368,878,23,12.3,2,0,229.51
369,696,25,13.9,2,1,209.95
370,147,29,11.2,4,1,154.7
371,487,5,3.2,3,0,149.08
372,734,9,10.5,4,0,196.01
373,788,19,9.6,3,0,228.16
374,729,33,2.3,2,0,241.84
375,430,35,8.1,2,0,193.46
376,978,8,5.7,3,0,239.25
377,640,23,7.4,5,0,234.48
378,546,18,9.1,4,0,192.08
379,688,23,14.5,2,0,202.0
380,327,8,0.9,2,0,114.06
381,652,8,2.9,4,1,204.01
382,448,14,13.6,2,1,144.51
383,162,23,7.6,3,0,122.67
384,966,20,11.6,2,0,234.4
385,51,20,11.2,1,0,55.94
386,888,37,12.5,2,1,281.06
387,459,10,9.2,3,0,141.02
388,95,41,0.7,4,1,186.92
389,658,37,2.3,3,0,252.77
390,978,27,1.1,5,1,322.9
391,300,6,4.7,4,0,125.5
392,465,41,4.0,4,0,237.59
393,219,38,5.8,2,0,162.06
394,796,39,9.3,3,1,276.3
395,641,5,5.0,5,0,194.5
396,649,7,13.7,5,0,199.94
397,72,38,10.1,2,0,125.55
398,544,27,0.5,3,0,215.92
399,400,40,14.2,5,0,222.78
400,352,10,2.7,2,1,131.52
401,537,17,9.1,2,0,162.32
402,889,24,9.2,3,1,264.21
403,202,22,4.3,3,0,128.04
404,347,39,3.0,2,1,197.41
405,726,27,10.8,2,0,218.62
406,721,27,13.6,1,1,206.69
407,834,44,7.5,2,0,279.86
408,561,31,4.0,3,0,223.19
409,393,43,11.9,2,0,196.24
410,200,12,13.7,2,1,101.95
411,530,15,8.8,5,0,192.31
412,437,44,4.0,2,0,214.48
413,446,21,1.3,5,0,211.1
414,944,38,7.9,3,1,312.5
415,889,38,9.6,4,0,301.59
416,571,19,9.5,5,1,219.25
417,265,25,7.7,5,0,166.08
418,548,36,6.5,3,1,239.97
419,273,28,5.9,1,0,129.11
420,729,10,4.1,5,1,225.93
421,939,11,12.8,1,0,200.19
422,921,24,1.0,4,0,281.09
423,754,43,10.0,2,0,267.16
424,240,6,6.1,2,0,90.16
425,394,23,13.0,4,1,185.71
426,126,8,8.6,4,1,98.11
427,143,29,7.2,3,0,129.91
428,273,22,1.7,5,0,172.89
429,758,34,8.5,2,0,242.3
430,503,36,4.0,4,0,237.08
431,927,15,14.6,5,0,266.11
432,493,38,1.8,2,0,217.09
433,102,30,13.8,3,0,121.3
434,569,15,2.8,5,0,214.82
435,986,15,5.6,3,0,260.74
436,931,29,3.9,2,0,273.51
437,123,7,1.7,2,0,69.31
438,904,10,5.8,3,0,225.38
439,64,37,9.2,3,0,138.86
440,611,24,6.9,5,0,237.34
441,659,14,4.2,4,1,225.23
442,792,25,12.2,3,0,237.44
443,203,31,2.9,3,0,164.81
444,858,27,4.6,5,0,296.13
445,67,43,4.5,3,1,159.47
446,722,39,5.7,2,0,259.01
447,261,25,3.3,1,0,141.98
448,428,11,6.2,1,0,125.03
449,915,18,13.0,2,0,237.1
450,793,26,5.9,2,1,241.1
451,428,11,5.7,2,1,140.17
452,794,8,2.7,3,0,211.82
453,973,39,6.8,1,0,278.62
454,481,19,1.9,3,1,190.44
455,63,19,2.0,2,1,97.01
456,760,27,3.8,5,1,276.21
457,321,13,11.7,4,0,137.61
458,270,34,1.3,1,0,158.88
459,452,20,10.3,3,0,161.64
460,272,38,7.5,2,1,183.32
461,994,25,13.1,2,1,267.2
462,243,33,3.8,3,0,167.75
463,900,19,2.0,4,0,269.91
464,724,13,13.5,3,0,193.69
465,554,22,11.3,1,0,165.45
466,695,20,2.8,4,1,248.68
467,96,23,14.4,5,0,126.72
468,261,13,11.8,3,0,112.06
469,461,38,4.6,3,0,219.17
470,716,41,5.6,3,1,281.04
471,454,41,13.1,2,0,209.42
472,905,40,6.8,3,0,302.12
473,293,18,5.4,3,1,151.64
474,677,32,6.7,3,1,252.2
475,902,24,10.8,3,0,246.38
476,835,8,5.1,2,0,203.96
477,365,41,1.6,3,0,205.81
478,682,36,8.5,4,1,266.75
479,242,11,2.8,2,1,118.51
480,427,16,10.7,2,0,133.41
481,94,33,7.1,2,0,126.51
482,694,27,8.8,3,0,234.42
483,101,43,7.4,4,0,175.42
484,355,27,6.1,3,0,179.18
485,892,40,6.7,3,0,292.54
486,983,20,8.2,2,0,256.67
487,871,16,3.5,4,0,252.1
488,783,6,9.0,2,1,188.45
489,379,14,0.5,2,1,151.35
490,183,8,7.0,4,0,112.51
491,727,29,14.1,2,1,222.53
492,801,10,9.6,3,0,198.61
493,490,40,5.3,2,1,216.77
494,725,17,5.3,2,0,208.34
495,193,39,1.3,5,0,195.39
496,346,37,1.9,3,1,209.01
497,476,27,11.3,4,0,195.76
498,889,28,2.0,4,0,287.51
499,599,22,10.9,2,0,181.84
500,352,31,7.2,3,0,176.42
501,249,29,3.8,3,1,173.76
502,781,20,11.2,4,1,237.2
503,939,30,10.8,3,0,274.62
504,342,13,13.3,1,0,107.92
505,93,35,13.6,5,0,148.37
506,973,16,11.8,3,0,252.42
507,628,19,5.3,1,1,182.0
508,821,28,7.0,4,0,263.81
509,120,44,6.3,4,0,186.6
510,603,20,7.7,5,0,220.53
511,501,16,2.8,2,0,162.94
512,250,34,13.8,3,0,149.6
513,906,18,7.0,3,0,252.59
514,757,43,3.6,3,0,291.85
515,125,26,7.2,2,1,121.65
516,631,13,1.4,1,0,158.93
517,542,29,0.5,3,0,220.49
518,654,9,12.1,2,0,162.38
519,326,15,4.9,3,0,141.03
520,923,27,3.1,4,1,295.76
521,961,9,12.3,3,0,226.06
522,875,19,11.1,2,0,220.37
523,955,39,5.8,3,0,314.8
524,631,31,8.7,3,0,232.1
525,147,36,3.9,3,0,158.22
526,141,11,3.2,2,1,84.91
527,741,8,10.9,3,0,187.9
528,872,39,6.6,5,0,318.6
529,863,10,1.1,4,0,235.24
530,687,24,6.4,2,0,214.3
531,856,44,10.5,3,0,302.62
532,433,38,1.8,2,0,202.67
533,577,18,1.9,2,0,180.35
534,220,32,0.8,4,0,177.05
535,806,13,8.1,5,1,241.32
536,751,17,8.8,1,0,194.41
537,954,42,12.5,3,1,311.12
538,437,31,8.8,3,1,199.15
539,650,30,7.6,2,0,214.12
540,506,30,14.0,2,0,175.98
541,929,41,3.5,2,0,293.04
542,731,6,13.5,4,0,188.8
543,202,41,8.2,4,1,198.13
544,683,10,11.7,3,0,187.33
545,677,31,11.5,4,0,237.82
546,399,40,6.3,2,0,200.82
547,590,37,1.2,1,1,232.18
548,145,38,11.5,5,0,175.38
549,477,14,3.7,3,0,157.47
550,994,35,14.2,3,1,293.36
551,887,12,6.4,3,0,235.01
552,988,13,6.0,3,1,261.63
553,628,34,10.2,3,1,237.76
554,687,22,4.5,2,0,216.65
555,132,9,9.1,2,0,74.07
556,432,23,13.6,2,0,156.94
557,138,10,11.2,3,0,85.26
558,128,19,1.1,3,0,113.57
559,704,26,7.5,3,1,241.33
560,231,32,12.4,3,0,149.56
561,352,33,12.7,2,0,156.07
562,576,6,12.2,2,0,136.18
563,333,32,6.4,3,0,173.35
564,374,18,8.5,3,0,150.92
565,327,22,12.6,3,0,145.91
566,216,13,6.4,2,1,109.19
567,476,43,1.5,4,0,240.19
568,464,17,9.0,2,0,140.19
569,422,31,10.8,1,1,164.11
570,522,6,12.5,4,0,157.37
571,257,40,3.9,3,0,177.76
572,362,40,5.8,1,0,171.86
573,883,39,7.0,4,1,313.44
574,783,14,8.7,2,0,197.2
575,928,7,3.3,3,0,226.04
576,215,32,8.2,3,0,157.51
577,649,13,0.9,3,0,197.37
578,500,20,1.5,4,1,211.53
579,962,10,11.9,1,1,210.87
580,419,8,11.4,4,0,138.52
581,203,27,4.6,5,1,184.15
582,917,7,2.4,3,0,229.97
583,939,33,6.0,3,0,297.44
584,336,25,5.7,4,1,187.72
585,347,44,14.6,2,1,197.67
586,762,10,14.7,2,1,183.26
587,351,5,5.4,4,0,129.38
588,332,28,10.5,3,1,164.48
589,265,9,1.7,4,0,137.02
590,627,10,10.2,3,0,175.24
591,878,16,1.2,2,1,245.25
592,395,33,12.7,2,0,171.96
593,813,40,6.9,2,0,273.22
594,120,18,2.1,3,1,116.86
595,723,38,7.0,4,0,276.68
596,877,12,3.8,3,0,233.97
597,206,26,1.7,3,1,152.11
598,706,44,13.3,1,1,250.47
599,611,38,1.9,3,0,250.28
600,913,36,14.3,3,0,284.07
601,219,28,14.9,3,0,140.89
602,940,6,11.5,5,0,237.9
603,61,37,3.7,2,0,133.79
604,392,28,5.0,2,0,165.13
605,705,20,3.6,2,0,211.82
606,401,15,0.5,2,0,150.65
607,653,12,6.6,3,0,188.0
608,69,14,1.0,3,0,102.35
609,435,37,4.1,3,0,209.24
610,767,33,11.6,4,0,256.87
611,497,34,10.4,1,0,189.77
612,674,5,3.6,4,0,191.1
613,265,34,11.8,2,0,155.01
614,846,19,13.0,1,0,200.16
615,120,36,10.5,1,0,120.63
616,183,16,6.2,2,1,117.49
617,821,23,9.8,2,1,241.27
618,667,26,3.2,4,0,246.12
619,958,15,11.9,3,0,233.04
620,305,38,8.9,2,0,172.38
621,588,42,6.0,4,1,281.32
622,786,23,0.8,5,0,281.6
623,367,14,7.4,3,0,139.32
624,265,7,10.5,4,1,124.13
625,554,38,9.8,2,0,216.43
626,922,33,13.2,2,0,263.4
627,942,26,9.6,2,1,263.03
628,145,17,5.2,4,1,123.67
629,437,18,3.1,4,0,190.31
630,394,15,12.2,4,0,146.59
631,365,8,10.1,3,0,123.3
632,936,30,11.7,3,0,274.0
633,472,30,6.3,5,1,221.93
634,847,7,13.8,3,1,205.16
635,209,12,7.7,4,0,114.18
636,650,11,8.3,2,0,166.05
637,555,15,2.0,3,1,194.81
638,107,14,14.5,5,1,113.87
639,955,25,2.0,2,0,275.29
640,880,29,14.5,5,0,281.26
641,721,15,5.8,3,0,206.48
642,447,20,11.8,2,0,154.87
643,597,43,5.4,4,1,271.64
644,811,16,9.3,4,0,229.94
645,798,36,8.0,2,0,260.58
646,993,17,8.0,3,1,265.58
647,553,31,14.9,5,1,230.68
648,948,31,11.7,3,1,296.28
649,451,26,0.6,1,0,161.01
650,228,11,9.0,1,0,71.92
651,328,12,6.7,2,0,119.84
652,592,17,4.3,2,1,183.8
653,982,25,14.4,2,0,244.38
654,968,5,8.9,2,0,207.28
655,147,41,4.6,1,0,145.48
656,869,37,13.8,4,1,297.64
657,666,16,3.5,3,0,202.3
658,600,7,4.6,4,1,177.26
659,846,25,12.9,3,0,253.22
660,822,30,3.6,4,0,271.05
661,414,18,13.2,3,1,160.79
662,535,40,11.5,3,0,226.85
663,562,10,6.5,2,0,154.82
664,958,41,13.5,3,0,303.88
665,814,43,11.3,4,0,292.65
666,524,22,5.2,3,0,188.36
667,436,21,1.1,2,0,158.99
668,825,25,4.5,2,1,240.25
669,151,42,9.5,2,1,153.18
670,478,30,5.1,3,0,203.9
671,488,36,0.8,2,1,220.82
672,995,21,12.4,3,0,269.05
673,382,38,14.6,2,1,183.91
674,788,11,5.7,4,0,218.16
675,309,25,5.3,3,0,158.37
676,210,18,14.5,4,1,128.87
677,989,32,8.6,3,0,298.97
678,313,15,5.2,4,0,147.96
679,476,5,10.9,2,0,123.71
680,628,19,7.9,2,1,193.53
681,827,11,8.4,5,0,241.16
682,311,42,3.1,3,0,201.77
683,332,10,5.6,2,1,125.47
684,116,40,13.6,5,0,162.67
685,200,10,7.9,2,1,88.58
686,737,11,6.6,4,0,217.72
687,717,15,13.2,5,0,224.29
688,352,9,9.7,3,0,121.94
689,320,9,4.2,3,0,120.82
690,870,29,6.2,3,0,273.96
691,508,28,2.4,5,0,230.86
692,104,34,14.6,3,0,132.61
693,181,20,3.5,4,0,143.86
694,400,39,6.7,4,0,222.55
695,552,9,5.0,1,1,155.2
696,214,28,11.7,2,1,138.21
697,625,27,3.0,2,0,214.29
698,91,24,8.1,2,0,100.0
699,452,10,9.7,4,1,174.81
700,343,38,12.8,3,0,189.37
701,735,38,5.4,5,0,287.35
702,516,7,3.2,1,1,144.38
703,97,26,14.7,5,1,145.15
704,170,31,3.9,4,1,174.27
705,500,41,5.6,1,0,213.76
706,915,42,7.8,1,0,278.89
707,838,36,14.5,4,0,277.37
708,827,30,11.4,1,1,233.65
709,945,34,10.6,5,0,313.24
710,777,16,4.7,1,1,209.4
711,474,7,9.0,3,1,141.58
712,575,25,14.8,5,0,215.85
713,145,28,10.2,2,0,114.88
714,834,43,6.0,3,0,300.47
715,88,25,4.9,3,0,122.05
716,393,24,11.7,3,0,164.25
717,174,9,1.2,2,0,96.56
718,378,36,3.5,4,0,212.87
719,366,43,12.3,3,0,198.55
720,768,40,4.7,3,1,280.7
721,167,40,5.5,2,0,154.37
722,615,12,9.8,2,0,165.12
723,226,43,5.9,2,0,176.56
724,901,42,1.1,5,1,339.92
725,524,42,8.9,2,0,217.33
726,859,12,5.4,3,1,228.5
727,774,24,8.6,3,0,228.33
728,512,29,11.0,3,1,192.37
729,361,28,7.1,3,0,184.12
730,924,6,14.1,2,1,202.7
731,670,13,4.8,4,0,209.74
732,760,27,13.7,4,0,238.57
733,491,44,2.0,2,0,232.18
734,924,12,4.0,3,1,250.56
735,136,13,7.6,4,0,116.65
736,501,13,13.8,2,0,145.77
737,442,25,2.6,4,1,201.08
738,737,21,7.9,5,0,251.18
739,857,15,2.1,3,0,237.74
740,103,26,5.2,4,0,133.76
741,311,31,10.1,1,0,142.46
742,474,9,5.2,4,0,157.05
743,778,7,6.9,2,0,185.65
744,876,8,12.4,2,0,198.92
745,958,13,11.0,1,0,213.25
746,632,38,7.8,2,0,237.96
747,695,23,14.1,4,0,228.65
748,388,10,8.1,4,1,160.28
749,314,15,4.1,5,0,166.46
750,285,7,0.9,3,0,118.79
751,494,44,13.3,2,1,213.21
752,492,31,11.4,3,1,208.92
753,735,33,10.1,4,1,256.92
754,398,32,5.9,5,1,225.68
755,673,16,1.8,2,1,202.84
756,775,9,0.5,5,0,233.55
757,540,8,3.6,2,0,136.36
758,478,13,14.1,4,0,159.85
759,624,6,9.3,3,0,160.1
760,985,29,4.8,5,0,308.81
761,856,26,12.6,3,0,250.01
762,557,26,1.0,1,1,189.88
763,283,12,10.9,3,0,103.21
764,488,6,10.5,4,0,148.38
765,944,17,2.6,3,0,261.68
766,916,19,12.5,2,0,234.84
767,298,13,2.9,3,0,126.15
768,301,8,7.5,4,0,120.71
769,130,41,8.6,2,0,156.73
770,911,40,11.5,2,0,284.81
771,322,44,5.2,3,0,207.78
772,599,33,6.3,5,1,252.16
773,108,5,2.8,2,1,79.38
774,537,39,9.9,2,1,227.23
775,923,38,0.8,4,0,314.86
776,858,42,5.0,5,0,332.43
777,250,16,9.7,1,1,107.44
778,634,34,5.9,3,0,227.94
779,712,26,0.9,3,0,239.97
780,549,36,10.5,3,0,218.22
781,927,29,8.3,2,0,252.99
782,476,18,7.0,5,0,199.26
783,984,19,2.1,2,0,255.39
784,152,15,3.1,2,0,94.23
785,223,38,14.4,4,0,174.94
786,194,28,6.5,4,1,173.09
787,486,16,8.4,3,0,162.06
788,579,25,9.3,2,1,194.75
789,456,8,11.3,3,0,133.74
790,65,5,12.0,2,1,44.09
791,196,37,9.5,4,1,174.54
792,215,22,3.4,4,0,152.11
793,610,40,4.7,4,1,271.6
794,948,8,8.0,4,0,227.17
795,692,37,9.5,3,0,252.4
796,209,39,12.2,4,0,177.55
797,868,28,5.0,2,1,259.45
798,256,28,3.7,3,0,156.44
799,888,21,11.8,2,0,229.77
800,986,31,2.2,2,1,292.88
801,622,42,3.2,2,0,251.74
802,752,43,2.9,1,1,268.56
803,119,37,10.0,1,1,123.52
804,596,32,3.8,3,0,226.28
805,273,9,3.6,1,1,100.07
806,364,20,10.6,1,0,134.24
807,54,41,14.8,3,0,125.23
808,376,15,5.5,2,0,146.6
809,966,7,5.6,2,0,227.17
810,580,40,6.5,2,1,237.14
811,116,8,8.5,4,0,91.87
812,169,30,12.3,4,0,141.56
813,329,39,13.3,3,1,195.69
814,265,26,8.5,4,1,163.72
815,607,20,9.8,2,0,189.54
816,279,25,11.1,3,1,155.09
817,294,32,2.4,3,0,177.64
818,242,15,13.2,3,0,108.17
819,312,24,5.3,5,1,182.05
820,555,12,3.9,2,1,163.81
821,857,13,7.9,2,1,215.79
822,79,19,8.2,3,0,93.55
823,238,5,4.0,3,1,103.42
824,979,32,5.1,3,0,288.82
825,933,20,4.4,1,1,241.37
826,580,7,9.0,3,0,154.79
827,621,25,1.3,4,1,247.28
828,114,27,10.9,3,0,116.63
829,365,33,13.9,2,0,162.76
830,627,11,13.9,3,1,184.22
831,316,32,4.1,1,1,165.82
832,264,41,12.8,1,0,152.29
833,372,9,4.5,2,0,117.99
834,88,5,12.7,2,0,49.25
835,382,7,12.9,2,1,116.47
836,531,37,1.3,1,0,217.07
837,129,18,2.1,5,0,140.13
838,412,17,3.1,3,1,177.86
839,441,31,12.6,3,0,179.33
840,371,18,0.9,3,0,160.72
841,484,22,5.9,2,0,163.56
842,927,21,5.7,4,0,267.23
843,103,22,11.7,2,0,84.35
844,566,13,6.7,2,1,165.76
845,796,13,6.2,3,0,211.08
846,89,41,1.2,2,0,151.21
847,819,35,6.0,5,1,305.1
848,311,40,4.8,3,0,194.41
849,757,10,12.4,2,1,194.1
850,526,38,13.2,2,0,210.49
851,612,42,3.7,3,0,259.64
852,365,34,6.0,2,0,178.86
853,564,38,6.8,2,1,227.47
854,653,33,3.7,3,0,243.92
855,677,28,0.7,2,1,223.53
856,64,26,7.5,3,0,118.29
857,830,27,8.0,4,0,264.31
858,938,30,8.2,2,0,260.32
859,886,11,10.7,2,0,215.26
860,393,16,2.8,4,1,172.77
861,63,9,11.3,4,0,78.9
862,708,20,3.1,2,1,224.39
863,54,35,10.4,4,0,140.77
864,523,33,12.5,3,0,209.73
865,200,13,8.0,2,0,102.48
866,474,34,9.2,2,1,203.17
867,825,42,6.8,2,0,284.24
868,284,16,3.1,2,1,141.12
869,308,10,10.5,4,1,134.75
870,133,37,10.5,5,0,165.45
871,325,14,7.5,3,0,133.92
872,246,16,1.4,4,0,152.28
873,413,17,6.0,4,0,162.14
874,814,44,9.7,4,0,298.14
875,930,33,11.1,2,0,269.61
876,139,18,4.6,2,0,100.15
877,706,23,7.4,2,1,214.58
878,179,41,8.7,3,0,162.41
879,805,20,0.6,3,1,249.62
880,564,15,10.4,2,0,156.9
881,123,8,11.0,2,0,60.7
882,663,5,14.7,3,1,160.65
883,586,18,1.7,3,0,200.01
884,134,25,6.1,2,1,118.07
885,195,11,3.2,3,0,111.49
886,418,32,2.9,3,1,207.39
887,935,42,12.0,1,1,280.28
888,839,18,10.5,2,0,218.45
889,283,36,12.0,4,0,175.56
890,606,12,2.8,2,0,168.87
891,982,40,4.9,2,1,314.66
892,344,43,9.9,3,0,193.25
893,527,26,9.2,3,0,196.78
894,338,43,11.3,2,0,178.26
895,695,27,5.5,3,0,225.12
896,325,26,11.2,2,0,141.26
897,979,22,6.6,5,0,297.56
898,300,19,7.8,2,0,123.17
899,382,32,10.0,4,0,190.29
900,475,20,1.5,3,0,188.28
901,71,18,9.5,2,0,76.23
902,710,9,7.2,4,1,212.82
903,360,29,1.1,3,0,182.48
904,511,19,2.8,4,0,200.17
905,277,33,13.0,4,0,166.9
906,438,31,9.3,4,0,200.58
907,688,5,5.4,1,0,158.45
908,998,13,5.4,3,0,257.21
909,645,17,10.3,3,1,201.35
910,745,40,14.4,3,0,261.44
911,943,19,2.7,3,0,265.87
912,938,21,1.0,2,0,259.06
913,812,5,14.0,4,0,204.1
914,667,9,6.0,1,0,157.24
915,665,39,6.4,2,1,245.76
916,573,32,15.0,4,0,222.4
917,352,33,12.7,3,0,168.6
918,217,8,1.8,3,0,108.9
919,398,43,10.6,2,1,204.93
920,852,41,9.5,4,1,310.03
921,616,32,7.6,3,0,227.71
922,483,21,3.2,3,0,177.06
923,663,25,13.5,4,1,230.98
924,420,33,6.6,5,0,222.09
925,61,24,5.8,4,0,121.06
926,544,20,9.9,4,1,202.8
927,752,16,5.8,2,0,206.3
928,573,27,4.1,4,0,219.53
929,459,16,13.3,4,1,165.67
930,210,38,13.4,2,0,142.98
931,90,10,4.5,1,0,49.85
932,556,17,1.2,2,0,171.61
933,407,32,14.5,4,1,204.3
934,77,23,5.3,4,1,136.55
935,848,5,1.2,3,0,215.58
936,270,6,3.8,3,1,110.58
937,493,7,4.4,2,1,149.17
938,163,34,8.7,2,1,148.25
939,136,42,11.3,1,0,134.0
940,252,15,11.3,5,1,151.28
941,67,26,2.2,3,1,132.42
942,631,31,13.1,3,0,216.23
943,263,25,4.5,4,0,165.18
944,822,25,12.3,1,1,228.19
945,695,42,9.5,2,0,245.72
946,739,8,9.4,3,1,189.09
947,591,31,1.6,4,0,235.33
948,219,30,7.0,2,1,148.59
949,422,5,8.0,3,0,136.33
950,600,44,10.3,1,0,227.96
951,968,39,7.8,2,1,300.47
952,223,14,10.0,2,1,99.29
953,928,9,14.8,2,1,217.93
954,572,11,2.3,4,1,195.54
955,890,16,4.7,4,0,261.37
956,524,18,4.5,4,1,200.1
957,770,31,7.2,4,0,255.12
958,498,18,7.5,5,1,208.53
959,643,11,14.5,4,1,195.28
960,966,29,12.0,1,0,246.19
961,436,39,12.2,3,0,205.41
962,295,7,3.5,1,0,89.8
963,198,23,4.5,5,1,160.36
964,487,13,2.8,3,0,163.68
965,344,44,13.8,2,0,194.89
966,144,25,10.3,5,0,147.14
967,817,26,7.5,2,0,236.65
968,867,6,5.4,1,0,193.31
969,204,19,2.0,2,0,114.11
970,933,27,15.0,2,0,245.21
971,394,23,14.2,3,0,149.41
972,432,15,5.5,2,1,150.62
973,839,37,1.9,2,1,289.34
974,344,37,2.8,4,0,199.34
975,358,39,5.7,1,1,175.04
976,530,10,4.6,4,0,175.4
977,837,44,3.0,5,0,321.02
978,639,19,11.3,2,0,182.49
979,174,8,1.6,1,0,80.04
980,936,20,4.0,3,1,267.9
981,567,5,9.5,4,0,152.02
982,632,19,0.7,3,1,217.11
983,205,37,7.8,1,1,148.74
984,270,7,13.7,1,0,61.68
985,696,23,2.4,2,1,226.51
986,923,21,1.8,4,1,275.21
987,915,6,14.9,2,1,200.86
988,505,7,5.1,3,0,150.5
989,841,28,7.2,3,0,262.92
990,524,24,14.9,3,0,184.52
991,896,24,4.8,3,0,260.33
992,391,11,9.0,3,0,129.86
993,879,23,4.6,3,1,265.52
994,129,34,10.7,4,0,146.04
995,360,11,11.6,1,0,105.5
996,680,41,1.1,2,1,274.24
997,874,42,1.2,4,1,322.04
998,114,26,3.8,3,0,129.79
999,475,7,8.8,2,0,130.32
1000,495,17,6.3,2,1,170.71
1001,746,8,9.4,3,0,187.69
1002,305,26,14.9,3,0,148.57
1003,805,30,2.6,5,1,292.79
1004,180,17,10.2,2,0,90.73
1005,648,9,2.2,4,0,197.08
1006,453,36,12.1,3,0,203.69
1007,537,39,1.5,3,0,246.24
1008,255,8,0.7,2,0,100.68
1009,298,23,11.1,5,0,163.52
1010,183,42,12.8,2,1,160.79
1011,478,38,8.5,3,0,208.46
1012,65,34,15.0,4,1,147.67
1013,686,31,7.7,1,1,227.11
1014,765,29,11.3,3,0,241.9
1015,888,21,2.3,3,0,257.06
1016,790,38,13.5,2,1,254.62
1017,830,40,12.2,3,0,279.03
1018,447,5,11.6,3,0,121.63
1019,327,16,7.6,1,0,111.38
1020,736,23,7.9,2,0,210.07
1021,541,35,5.8,2,1,219.3
1022,974,38,3.5,4,0,321.22
1023,966,8,5.1,3,1,248.22
1024,760,36,14.4,4,0,260.49
1025,815,24,12.5,3,0,239.44
1026,576,44,14.1,2,1,234.55
1027,837,37,1.3,3,1,302.61
1028,257,13,9.6,1,0,90.75
1029,285,7,9.1,2,0,99.03
1030,365,14,11.6,1,1,117.43
1031,723,40,2.9,2,0,258.95
1032,339,38,8.9,5,0,216.22
1033,573,21,7.5,5,0,220.33
1034,666,17,14.4,3,1,196.28
1035,478,17,9.3,2,1,163.41
1036,861,35,4.0,2,0,278.27
1037,801,8,2.2,2,0,203.17
1038,783,34,6.2,3,1,273.41
1039,949,39,5.1,3,0,311.78
1040,473,16,0.8,3,0,172.23
1041,160,13,2.2,3,1,119.46
1042,255,30,3.4,3,0,174.68
1043,938,19,3.2,2,0,256.43
1044,181,30,10.8,2,0,131.66
1045,236,27,3.1,2,0,141.36
1046,485,28,6.0,2,1,189.61
1047,978,24,4.8,2,0,266.92
1048,352,6,8.7,3,0,115.99
1049,698,7,11.5,4,1,191.36
1050,315,19,0.7,3,0,143.13
1051,447,27,13.6,2,0,160.13
1052,753,9,11.5,2,0,177.09
1053,749,38,7.3,2,0,250.74
1054,426,11,11.0,5,0,164.57
1055,385,15,2.9,3,0,154.91
1056,951,33,9.6,4,0,299.33
1057,723,36,9.7,2,0,243.48
1058,481,5,4.7,4,0,152.13
1059,463,18,11.8,3,0,161.99
1060,513,9,10.7,1,0,129.51
1061,880,43,9.6,2,1,289.02
1062,331,36,2.1,3,0,195.18
1063,428,24,9.6,5,1,210.71
1064,278,8,0.8,2,1,108.72
1065,93,23,1.4,2,0,107.33
1066,352,35,5.0,3,0,189.23
1067,272,8,10.3,2,0,93.91
1068,374,33,2.6,2,0,183.83
1069,548,15,3.2,3,0,183.21
1070,670,26,4.4,1,1,209.42
1071,631,34,12.5,4,0,241.02
1072,987,11,6.2,4,1,260.41
1073,603,40,7.4,2,0,242.36
1074,704,18,0.8,4,1,243.74
1075,993,5,12.4,4,1,250.92
1076,685,37,13.2,3,0,244.57
1077,437,33,8.5,4,0,206.43
1078,933,7,7.6,3,0,228.42
1079,585,43,3.2,1,1,238.15
1080,642,14,9.7,3,1,191.93
1081,220,26,13.0,4,0,134.93
1082,390,29,14.1,3,0,159.16
1083,778,12,12.7,3,1,213.15
1084,282,22,7.0,1,0,126.92
1085,779,21,1.4,3,1,248.76
1086,538,16,3.4,2,0,174.5
1087,802,40,12.3,3,0,272.71
1088,572,33,8.8,2,0,213.84
1089,896,6,7.6,3,1,219.69
1090,416,13,11.8,4,0,150.01
1091,147,38,8.8,3,0,160.66
1092,812,11,4.2,4,1,240.98
1093,883,5,5.4,4,1,237.91
1094,58,27,13.7,4,0,112.7
1095,64,20,3.6,3,0,101.52
1096,974,39,8.8,5,1,343.32
1097,514,12,14.6,2,0,140.57
1098,963,17,7.9,1,0,223.77
1099,752,10,14.1,2,0,170.46
1100,589,18,8.5,1,0,158.28
1101,979,15,2.8,1,0,235.24
1102,64,42,13.6,3,0,151.95
1103,549,22,12.0,4,0,204.07
1104,839,28,0.8,2,0,259.39
1105,459,23,5.3,4,1,204.46
1106,518,25,10.6,2,0,178.28
1107,952,27,4.3,3,0,283.79
1108,254,8,12.0,4,1,119.76
1109,657,15,9.6,5,0,213.14
1110,221,10,8.6,2,0,83.55
1111,400,26,7.3,1,0,139.46
1112,346,40,8.1,3,1,200.61
1113,758,19,2.8,2,0,214.64
1114,223,15,3.9,3,0,123.3
1115,458,33,7.4,4,0,219.12
1116,868,39,7.4,2,0,282.96
1117,982,34,1.1,2,0,294.91
1118,421,25,1.3,3,1,184.66
1119,230,6,5.5,3,1,116.66
1120,59,25,5.3,1,0,83.25
1121,508,36,7.0,2,1,210.79
1122,464,34,4.8,2,0,197.24
1123,632,17,5.5,3,0,193.04
1124,156,8,4.1,2,0,81.98
1125,908,22,13.7,3,1,251.93
1126,787,20,11.4,3,0,224.75
1127,107,27,13.2,4,1,133.49
1128,366,19,1.0,3,1,176.96
1129,416,10,11.1,2,0,119.21
1130,114,29,7.2,2,0,119.96
1131,904,11,3.2,2,0,220.66
1132,143,24,8.0,4,1,138.5
1133,977,37,6.0,2,0,300.66
1134,968,32,14.9,3,0,283.11
1135,524,36,10.3,3,0,224.42
1136,693,31,2.1,2,0,225.75
1137,870,12,7.1,2,0,217.58
1138,571,29,5.6,2,1,212.01
1139,911,27,12.5,2,0,248.87
1140,366,35,13.4,2,0,169.68
1141,220,16,14.2,4,0,120.79
1142,563,29,5.3,2,1,213.28
1143,961,14,11.7,3,1,243.69
1144,541,14,7.0,2,0,162.72
1145,216,36,7.8,5,1,189.06
1146,755,37,8.6,5,0,288.99
1147,60,9,10.7,4,1,93.11
1148,776,9,8.7,4,0,211.46
1149,625,29,1.9,3,0,229.63
1150,660,44,12.6,2,0,239.34
1151,573,43,8.9,3,0,240.48
1152,146,29,0.8,4,1,169.92
1153,675,15,7.3,4,0,215.64
1154,501,29,13.3,3,0,185.21
1155,541,17,2.1,2,0,171.01
1156,529,21,8.1,1,0,155.54
1157,528,5,4.0,2,0,139.38
1158,281,42,9.3,2,0,176.47
1159,450,6,6.8,3,0,135.94
1160,848,8,3.1,3,1,217.91
1161,395,34,7.1,5,0,220.7
1162,240,39,6.2,1,0,156.5
1163,112,13,10.6,2,0,69.87
1164,348,40,11.1,3,0,189.53
1165,700,40,13.7,2,1,259.19
1166,994,32,10.0,1,0,263.25
1167,136,7,10.7,2,0,65.18
1168,979,12,1.6,4,0,269.21
1169,408,24,1.1,3,0,183.02
1170,998,25,8.0,5,1,308.43
1171,458,7,11.0,2,0,119.47
1172,272,13,14.2,5,0,138.52
1173,157,15,1.4,3,0,108.07
1174,128,15,13.5,3,0,81.12
1175,921,32,5.7,3,0,284.67
1176,761,7,8.8,4,0,204.32
1177,453,39,11.4,4,1,227.08
1178,381,18,9.1,3,0,156.78
1179,291,28,14.3,3,1,154.44
1180,889,20,9.2,3,1,249.25
1181,801,18,8.0,2,1,221.03
1182,713,19,8.2,2,0,207.51
1183,281,27,14.9,3,0,138.83
1184,655,20,6.9,1,0,186.1
1185,748,36,14.4,3,1,262.12
1186,610,24,9.1,5,0,228.17
1187,126,37,13.0,4,0,153.28
1188,620,39,10.0,2,1,236.9
1189,974,35,5.6,3,1,310.89
1190,774,17,6.9,1,0,192.3
1191,481,15,8.7,3,0,153.46
1192,858,31,0.9,2,0,269.55
1193,625,42,7.7,3,0,241.22
1194,167,44,7.8,2,1,169.56
1195,431,26,14.1,3,0,171.99
1196,224,27,7.4,2,0,135.31
1197,546,26,6.9,3,0,199.97
1198,688,37,11.3,5,1,284.15
1199,712,16,11.8,2,0,181.39
1200,312,35,4.1,4,0,187.56
1201,316,7,5.5,5,0,140.2
1202,158,26,5.8,5,0,155.93
1203,961,30,3.7,4,0,301.66
1204,465,11,12.6,5,0,176.7
1205,300,30,3.5,4,0,186.48
1206,201,24,13.6,2,1,132.61
1207,66,40,2.6,3,0,157.77
1208,913,17,1.6,4,1,270.9
1209,460,21,6.2,3,0,171.67
1210,65,27,10.9,1,0,88.96
1211,400,7,1.0,5,1,171.04
1212,92,17,11.6,2,1,90.99
1213,115,13,13.4,2,1,82.92
1214,944,10,0.8,3,0,241.12
1215,71,10,6.4,2,1,82.87
1216,468,27,5.2,4,0,200.83
1217,716,5,7.5,5,0,200.63
1218,421,5,5.6,4,0,145.82
1219,515,35,6.4,4,0,228.02
1220,924,34,5.3,2,0,287.99
1221,257,24,10.2,5,1,170.87
1222,79,22,6.7,2,1,98.7
1223,497,43,3.2,3,0,227.85
1224,464,44,7.2,5,0,254.54
1225,270,5,0.9,4,0,126.3
1226,672,16,11.7,4,1,210.9
1227,660,18,8.3,2,0,180.64
1228,251,40,10.5,2,0,147.54
1229,732,5,7.8,3,0,180.29
1230,808,14,7.3,2,1,216.07
1231,161,32,7.8,3,0,149.07
1232,959,10,7.3,5,0,260.43
1233,845,27,4.4,2,0,246.17
1234,810,12,7.9,2,0,204.88
1235,126,13,6.6,2,1,88.12
1236,434,34,9.1,2,1,198.0
1237,391,12,9.3,3,1,140.03
1238,118,27,14.0,1,1,100.08
1239,358,25,11.1,5,1,189.81
1240,713,41,13.4,4,1,280.22
1241,448,31,14.9,5,0,211.72
1242,398,40,10.7,2,1,194.6
1243,331,23,3.1,3,1,171.49
1244,324,44,13.2,5,1,224.99
1245,322,34,6.7,3,0,179.2
1246,368,39,13.9,1,0,167.26
1247,459,20,14.8,2,0,148.35
1248,129,42,0.9,2,0,159.42
1249,391,11,11.9,3,1,134.42
1250,984,27,13.1,2,0,266.52
1251,627,5,10.3,3,0,159.5
1252,737,40,10.7,5,0,282.35
1253,484,16,8.2,3,1,165.3
1254,138,31,10.0,3,0,131.55
1255,369,23,5.6,3,1,167.58
1256,409,34,12.4,2,1,183.83
1257,521,6,2.1,5,0,182.86
1258,832,15,11.9,4,1,232.4
1259,881,24,5.8,4,1,276.79
1260,320,14,7.8,5,1,157.59
1261,743,16,10.4,3,1,216.01
1262,665,7,15.0,2,1,157.03
1263,758,21,11.5,2,0,213.57
1264,425,27,6.1,4,0,199.95
1265,697,38,6.9,3,1,267.07
1266,923,13,3.2,4,1,266.29
1267,290,12,12.8,1,0,85.71
1268,623,10,5.0,2,0,166.61
1269,288,11,5.6,3,1,127.93
1270,308,23,11.4,2,1,143.95
1271,193,29,3.9,4,1,170.16
1272,898,8,0.6,2,1,231.38
1273,97,24,9.5,3,0,121.71
1274,125,21,8.0,5,0,145.78
1275,451,31,13.8,3,0,184.26
1276,421,33,1.8,4,0,215.7
1277,314,30,0.5,4,0,189.56
1278,521,14,12.0,3,0,161.38
1279,486,31,7.3,2,1,198.29
1280,321,41,3.0,3,1,214.95
1281,143,29,11.3,3,0,129.77
1282,579,20,2.6,5,1,224.59
1283,468,25,5.5,2,0,176.94
1284,970,19,8.5,2,0,242.2
1285,329,26,5.2,3,0,161.01
1286,736,24,2.5,4,0,256.29
1287,617,43,5.9,2,1,253.1
1288,203,38,6.2,2,0,148.85
1289,242,39,2.4,3,0,181.55
1290,524,14,14.9,3,0,163.67
1291,490,9,2.7,3,1,163.51
1292,905,9,13.2,4,0,232.12
1293,452,16,7.2,2,1,149.3
1294,722,15,13.1,3,0,196.98
1295,287,16,5.9,5,0,159.45
1296,337,24,13.1,2,1,147.39
1297,636,33,13.1,3,0,229.53
1298,190,30,2.6,5,0,185.86
1299,578,43,6.1,2,0,243.57
1300,684,22,6.9,2,1,223.92
1301,612,43,6.2,4,1,278.27
1302,533,28,11.6,3,0,192.03
1303,214,28,5.0,3,1,151.62
1304,127,43,4.8,3,1,169.81
1305,569,7,14.8,4,0,154.77
1306,646,10,8.8,2,1,166.64
1307,775,5,13.5,3,0,183.05
1308,158,40,9.7,2,0,135.87
1309,383,23,1.3,1,0,152.51
1310,931,23,7.7,4,0,270.88
1311,683,26,5.4,3,1,225.13
1312,250,42,4.4,3,1,190.96
1313,784,9,12.9,2,1,191.41
1314,340,22,10.4,5,0,163.83
1315,310,23,14.6,3,0,147.32
1316,599,19,10.2,3,0,195.56
1317,732,16,14.3,5,0,228.67
1318,445,32,13.2,5,1,220.27
1319,849,23,12.7,3,1,239.82
1320,372,40,4.8,5,0,231.9
1321,548,30,2.1,5,0,245.13
1322,831,29,6.7,2,0,253.09
1323,618,37,1.5,3,0,244.93
1324,135,41,11.6,2,1,151.7
1325,372,6,3.3,4,0,139.41
1326,706,37,12.7,3,0,249.06
1327,881,31,8.8,2,0,256.84
1328,733,7,11.0,2,0,170.9
1329,939,20,9.7,3,1,258.37
1330,992,28,13.1,5,0,298.56
1331,484,26,4.8,4,0,204.65
1332,983,21,8.8,4,0,276.14
1333,254,37,6.2,4,1,206.14
1334,484,28,14.0,2,1,183.22
1335,359,41,4.5,1,0,175.88
1336,952,39,10.9,5,0,323.05
1337,179,15,11.6,1,1,95.08
1338,663,5,1.7,1,0,148.04
1339,284,27,9.0,2,1,152.12
1340,788,17,3.1,2,0,220.68
1341,578,36,8.9,2,0,221.4
1342,469,9,8.3,2,0,132.09
1343,455,34,2.7,3,1,209.09
1344,979,43,10.3,1,1,303.58
1345,501,23,1.5,4,1,216.19
1346,521,9,8.8,2,0,133.89
1347,350,29,4.6,2,0,162.42
1348,496,41,7.0,3,0,234.08
1349,214,40,13.6,3,0,158.96
1350,477,17,9.7,3,1,170.5
1351,674,37,11.2,1,1,224.49
1352,778,9,9.5,2,0,186.78
1353,653,10,10.6,4,1,199.08
1354,644,5,12.3,2,0,149.07
1355,908,12,11.3,3,0,226.05
1356,829,12,5.9,4,1,244.93
1357,152,39,14.0,5,1,189.15
1358,446,40,4.2,4,1,239.02
1359,568,23,3.1,5,0,229.66
1360,449,34,8.1,2,0,190.26
1361,817,9,5.5,5,1,239.0
1362,452,18,3.0,3,0,175.79
1363,440,6,11.0,3,1,128.61
1364,591,16,2.8,2,0,173.22
1365,317,22,0.9,3,0,156.91
1366,544,25,8.3,2,0,186.45
1367,98,34,13.5,4,1,163.14
1368,970,21,11.4,2,0,237.61
1369,484,19,9.4,3,0,168.73
1370,299,40,11.7,4,1,201.4
1371,359,10,4.9,2,1,123.72
1372,796,8,13.0,3,1,209.91
1373,215,41,7.0,5,1,203.27
1374,895,9,6.2,3,1,231.14
1375,167,43,2.3,3,0,177.37
1376,865,33,6.7,2,0,270.18
1377,759,21,6.5,2,0,217.17
1378,363,5,10.0,4,1,130.0
1379,860,6,12.5,1,1,184.03
1380,498,5,2.4,5,0,170.89
1381,811,30,2.3,3,0,267.22
1382,646,17,5.4,1,0,175.53
1383,456,33,13.5,3,0,191.87
1384,939,16,3.3,3,0,249.02
1385,738,36,4.6,5,0,290.28
1386,294,12,3.1,1,1,110.46
1387,764,24,2.2,5,1,269.91
1388,836,34,2.6,5,1,310.66
1389,860,15,0.8,5,0,264.14
1390,385,35,7.0,2,1,187.47
1391,361,36,4.8,3,0,195.81
1392,883,11,5.4,3,1,236.72
1393,668,44,14.7,2,1,249.69
1394,344,24,7.7,4,0,172.23
1395,335,37,12.0,3,0,174.37
1396,168,33,7.8,2,0,141.54
1397,856,43,7.1,5,0,322.41
1398,389,24,9.9,2,0,162.81
1399,596,41,1.7,2,0,242.15
1400,891,24,9.2,5,1,290.23
1401,331,32,9.3,3,0,173.26
1402,966,31,1.4,2,1,290.9
1403,521,42,13.5,2,1,226.06
1404,318,14,12.6,2,0,113.26
1405,833,10,14.1,3,0,193.84
1406,908,12,8.3,3,1,235.62
1407,662,30,4.9,3,1,243.08
1408,327,27,5.5,4,0,180.35
1409,215,42,1.2,3,0,188.43
1410,344,11,1.7,3,1,138.23
1411,195,14,9.3,2,0,94.1
1412,974,41,1.0,5,0,344.43
1413,675,21,7.5,3,1,227.99
1414,247,20,13.5,3,0,123.84
1415,318,28,7.8,3,0,155.36
1416,255,33,9.9,2,1,147.73
1417,882,25,12.8,1,0,225.29
1418,599,13,0.5,4,0,202.52
1419,883,42,8.3,4,1,320.89
1420,605,33,0.8,3,0,223.98
1421,378,12,3.4,5,0,166.7
1422,281,30,3.5,3,0,166.52
1423,911,10,2.3,3,0,240.01
1424,689,37,14.1,3,1,250.29
1425,289,36,9.8,2,1,168.94
1426,285,34,6.2,2,0,172.04
1427,374,44,10.5,5,0,237.58
1428,567,12,14.4,3,1,167.44
1429,313,18,12.6,2,0,123.05
1430,763,33,14.6,2,1,234.53
1431,74,19,14.7,3,0,96.77
1432,656,43,7.6,3,0,264.12
1433,480,6,14.5,3,0,126.2
1434,727,28,1.0,2,1,247.75
1435,550,26,14.4,2,0,175.93
1436,561,24,11.3,2,0,178.27
1437,550,12,3.6,3,1,176.13
1438,961,30,12.0,3,0,284.43
1439,269,16,14.2,2,0,104.59
1440,680,34,6.6,3,1,252.41
1441,768,27,5.6,2,1,241.18
1442,103,35,12.3,2,0,121.9
1443,451,25,1.4,4,0,206.58
1444,651,7,8.7,5,0,192.87
1445,684,12,14.2,5,1,201.07
1446,193,32,12.4,2,0,140.83
1447,801,30,4.5,4,0,269.8
1448,705,19,12.6,2,0,195.04
1449,220,42,13.3,3,0,175.75
1450,162,32,7.5,1,0,118.74
1451,824,25,14.6,3,0,234.88
1452,702,30,13.0,2,0,211.03
1453,78,8,0.8,2,1,79.05
1454,201,23,12.1,5,0,142.45
1455,766,42,8.9,1,0,251.71
1456,442,31,4.6,2,0,184.59
1457,555,25,3.8,3,1,210.96
1458,828,25,5.5,2,0,239.1
1459,944,37,7.6,4,0,314.32
1460,475,19,4.7,4,0,184.42
1461,155,36,8.2,3,0,146.51
1462,531,27,4.2,4,0,216.39
1463,873,27,5.5,2,0,255.69
1464,913,37,4.5,2,0,284.54
1465,530,34,5.8,3,0,222.67
1466,945,20,7.7,5,0,278.49
1467,816,22,6.5,1,0,221.18
1468,253,37,8.4,2,0,151.02
1469,773,43,12.6,2,0,263.34
1470,444,26,14.3,4,1,191.28
1471,667,12,8.9,3,1,195.26
1472,77,34,10.4,3,1,133.78
1473,746,43,1.2,2,0,271.29
1474,783,20,4.4,3,0,236.09
1475,642,34,13.7,2,0,218.63
1476,659,44,12.3,4,0,273.57
1477,639,37,6.2,2,0,230.64
1478,504,15,2.4,4,0,185.46
1479,781,19,0.8,4,0,249.11
1480,146,15,12.9,3,1,106.42
1481,189,15,3.7,3,0,116.02
1482,928,10,3.3,4,0,253.7
1483,319,29,6.5,2,0,160.26
1484,175,42,13.5,2,0,145.95
1485,144,29,9.6,2,0,120.72
1486,982,43,13.8,4,1,331.38
1487,62,41,13.7,4,0,155.5
1488,171,31,12.3,3,0,137.63
1489,923,35,12.7,4,0,285.56
1490,791,14,9.9,3,1,210.01
1491,685,39,11.0,5,0,272.56
1492,97,43,6.1,3,1,170.84
1493,878,22,4.5,2,0,247.5
1494,87,33,11.0,2,1,127.07
1495,568,23,1.4,3,1,216.51
1496,153,20,10.8,3,0,107.46
1497,437,7,6.7,2,1,135.77
1498,772,29,2.5,2,1,249.42
1499,601,6,12.0,5,1,186.09
1500,230,5,9.1,5,0,110.07
1501,699,16,3.8,2,1,205.25
1502,625,33,10.5,3,1,231.89
1503,254,13,8.1,3,0,114.93
1504,688,37,4.1,2,0,242.98
1505,805,33,6.6,4,1,283.68
1506,170,23,10.4,2,1,133.19
1507,610,17,1.0,3,0,201.62
1508,400,33,14.9,5,0,213.04
1509,381,34,12.2,1,1,157.08
1510,913,21,6.1,4,0,270.43
1511,202,5,1.3,2,1,81.9
1512,316,10,12.4,3,1,126.91
1513,434,12,12.2,2,0,123.67
1514,317,18,2.1,3,1,152.07
1515,342,40,11.9,5,1,219.0
1516,805,10,11.0,2,0,188.28
1517,96,6,7.4,2,1,67.27
1518,283,21,12.6,1,0,112.23
1519,946,29,4.5,3,0,285.11
1520,232,28,10.8,4,1,159.15
1521,623,15,10.6,2,0,176.77
1522,178,29,10.8,3,1,147.08
1523,449,29,3.8,2,0,184.85
1524,642,21,14.3,3,0,191.52
1525,736,12,14.8,2,1,195.52
1526,267,37,12.5,4,0,180.59
1527,932,35,4.3,3,0,286.72
1528,88,26,5.1,4,1,137.4
1529,705,34,3.0,2,0,247.96
1530,711,29,12.6,2,0,212.67
1531,612,15,4.2,1,1,176.31
1532,916,15,2.1,1,1,232.95
1533,864,38,14.9,4,0,295.8
1534,336,25,12.5,3,1,160.0
1535,631,31,11.8,1,1,201.58
1536,755,27,14.7,3,0,228.03
1537,399,34,8.8,3,0,196.01
1538,609,14,9.8,4,0,191.6
1539,698,33,1.0,2,0,238.19
1540,883,20,6.8,2,1,252.56
1541,113,33,12.9,4,0,143.15
1542,476,34,6.1,2,0,194.79
1543,655,39,12.6,2,0,232.98
1544,404,6,1.2,3,0,130.24
1545,849,16,8.4,3,0,227.1
1546,987,25,5.6,4,0,292.64
1547,494,19,5.9,1,0,146.62
1548,64,28,12.9,2,0,102.86
1549,737,11,10.2,1,0,180.64
1550,714,24,14.1,1,0,196.11
1551,751,30,4.7,1,0,219.31
1552,339,40,7.7,3,0,196.1
1553,715,20,11.7,3,0,208.89
1554,73,19,1.2,3,1,114.22
1555,299,21,14.9,3,0,136.81
1556,866,11,0.6,2,1,227.41
1557,512,10,7.0,3,0,153.71
1558,458,43,4.4,4,0,247.33
1559,686,8,12.3,1,0,148.87
1560,755,30,5.0,3,0,243.48
1561,213,14,13.2,5,1,136.42
1562,363,23,0.9,3,0,165.54
1563,450,20,2.7,1,0,152.09
1564,181,41,4.4,4,1,193.39
1565,747,19,0.8,3,0,236.83
1566,327,16,2.9,4,0,152.35
1567,295,16,12.4,3,1,129.74
1568,239,33,4.9,2,0,144.4
1569,90,25,6.9,2,0,103.04
1570,508,30,12.7,3,0,197.26
1571,360,38,6.7,3,0,196.53
1572,964,30,4.5,2,1,288.88
1573,482,21,7.5,2,0,160.04
1574,625,9,13.8,3,1,168.82
1575,776,30,5.4,3,0,259.22
1576,472,38,12.2,5,0,229.24
1577,678,35,5.3,4,1,279.76
1578,914,27,7.2,5,0,294.18
1579,501,39,14.1,4,0,218.47
1580,834,40,0.7,2,0,284.16
1581,579,13,2.2,2,0,164.22
1582,728,11,10.9,3,1,199.95
1583,935,35,9.9,5,0,325.81
1584,483,28,7.9,1,1,174.39
1585,177,44,10.3,3,1,177.57
1586,130,18,4.0,3,0,117.19
1587,377,20,1.7,2,0,153.51
1588,583,42,13.9,3,0,233.18
1589,65,21,2.8,3,1,113.04
1590,58,33,6.7,2,1,128.21
1591,618,24,6.7,2,1,213.77
1592,119,36,3.6,4,0,169.57
1593,588,15,6.5,3,1,194.13
1594,141,29,1.6,5,0,168.88
1595,625,18,2.8,2,0,187.93
1596,927,14,11.2,4,0,241.25
1597,189,28,10.6,4,0,153.41
1598,964,34,5.9,2,1,293.12
1599,947,40,4.1,3,0,313.31
1600,457,12,8.9,2,0,140.34
1601,905,32,4.7,3,1,277.96
1602,742,31,12.5,5,0,261.82
1603,322,23,11.6,2,1,138.7
1604,849,35,4.5,3,0,276.04
1605,441,18,12.0,2,1,148.26
1606,882,29,6.2,2,0,264.39
1607,219,14,4.4,2,0,103.17
1608,329,26,10.0,3,0,158.62
1609,882,35,8.4,2,0,269.7
1610,467,27,13.9,2,0,168.51
1611,522,20,6.1,2,1,179.75
1612,599,6,8.1,3,0,159.11
1613,909,17,4.2,4,0,264.18
1614,321,7,10.2,3,1,120.17
1615,731,9,5.0,2,1,185.31
1616,231,27,9.2,5,0,166.42
1617,525,38,11.2,1,0,196.18
1618,181,23,10.4,5,0,137.09
1619,641,36,3.8,4,0,258.51
1620,457,40,9.9,4,1,234.14
1621,649,40,11.8,3,0,244.82
1622,420,22,1.9,5,0,205.14
1623,725,28,4.1,3,0,236.67
1624,804,13,6.6,3,0,216.19
1625,487,32,5.5,2,1,194.12
1626,81,40,14.7,4,1,162.11
1627,688,12,10.2,3,0,191.25
1628,58,9,13.4,5,1,99.14
1629,401,13,7.7,2,0,117.97
1630,611,33,1.5,3,0,240.78
1631,259,13,8.9,3,0,110.23
1632,496,8,14.2,2,0,122.6
1633,521,29,4.3,3,0,207.99
1634,566,39,6.5,1,0,213.32
1635,597,26,12.4,4,0,210.32
1636,156,17,2.5,5,1,152.53
1637,62,20,7.6,5,0,125.2
1638,143,11,10.7,2,0,76.5
1639,609,32,3.3,3,0,238.71
1640,828,41,5.0,2,0,281.6
1641,552,5,1.7,2,0,156.67
1642,598,13,6.3,4,0,191.61
1643,537,15,2.1,3,0,183.65
1644,752,19,7.2,3,0,228.54
1645,277,44,4.9,5,0,219.64
1646,83,32,2.2,3,0,135.92
1647,521,32,14.2,3,0,207.46
1648,104,18,12.8,2,0,74.68
1649,633,30,11.1,4,1,242.06
1650,395,22,8.7,3,1,164.78
1651,586,16,1.4,2,0,174.23
1652,886,7,12.1,3,0,209.14
1653,766,31,1.0,4,0,275.75
1654,577,27,10.0,1,0,175.39
1655,202,24,12.8,4,0,140.76
1656,75,41,7.3,5,0,175.45
1657,828,17,14.8,3,0,224.08
1658,508,42,6.3,1,1,214.24
1659,252,34,11.9,2,1,159.32
1660,155,21,5.9,5,1,154.95
1661,425,41,4.3,3,0,215.56
1662,832,27,13.9,4,0,250.22
1663,592,24,12.3,4,1,217.45
1664,998,10,7.4,4,0,260.15
1665,463,18,14.1,4,1,177.64
1666,684,37,11.3,1,1,227.29
1667,180,32,13.6,3,0,142.83
1668,928,12,1.5,2,1,244.52
1669,505,19,13.4,3,0,164.28
1670,83,23,1.7,4,0,133.38
1671,103,35,4.1,3,1,152.22
1672,111,26,14.6,2,0,99.26
1673,926,23,3.2,2,0,258.93
1674,363,9,10.0,3,0,128.26
1675,249,43,12.6,5,0,200.86
1676,949,39,13.7,4,0,305.41
1677,965,14,6.5,2,1,243.57
1678,879,29,3.4,2,1,260.48
1679,435,29,11.7,5,0,202.33
1680,875,27,10.6,3,0,264.16
1681,759,41,5.2,5,0,298.37
1682,741,13,0.6,3,0,216.52
1683,247,16,5.1,2,1,113.35
1684,193,26,11.1,4,0,136.7
1685,791,35,6.9,5,0,290.21
1686,471,13,1.6,2,0,151.72
1687,743,25,1.9,3,0,231.8
1688,983,23,7.2,2,0,262.09
1689,191,9,6.5,2,1,93.87
1690,393,16,6.3,1,0,124.18
1691,762,19,4.5,1,0,206.76
1692,368,11,8.2,2,0,127.43
1693,122,39,13.1,4,1,171.07
1694,835,44,6.0,5,1,325.39
1695,605,21,13.1,4,1,222.79
1696,498,12,6.0,4,0,168.34
1697,225,42,4.6,3,0,185.64
1698,942,13,9.1,3,1,245.2
1699,393,8,3.1,4,0,155.81
1700,716,30,10.0,5,0,267.48
1701,419,7,7.3,2,1,130.76
1702,813,19,7.0,4,1,246.53
1703,975,13,5.5,2,0,236.5
1704,356,29,2.9,2,0,171.76
1705,201,15,5.2,4,0,132.6
1706,411,10,10.3,3,1,147.63
1707,721,42,8.4,3,1,279.34
1708,976,15,9.8,1,0,220.29
1709,530,34,2.6,2,1,220.38
1710,959,41,10.2,2,1,303.1
1711,775,23,0.9,3,0,252.78
1712,768,44,8.0,5,0,298.93
1713,794,33,11.2,5,0,264.95
1714,916,16,9.2,2,0,230.73
1715,527,30,5.9,4,0,218.2
1716,258,41,0.7,4,1,208.66
1717,612,43,10.8,2,0,237.22
1718,321,29,1.9,3,0,172.41
1719,254,44,9.7,2,0,177.47
1720,463,22,3.9,4,1,202.62
1721,753,27,10.4,3,1,244.6
1722,133,35,13.1,4,0,147.38
1723,295,30,11.6,3,0,153.25
1724,659,27,12.4,3,0,217.3
1725,175,25,9.5,5,0,152.63
1726,164,11,8.9,2,0,77.44
1727,756,15,14.9,2,1,208.58
1728,879,26,7.0,3,0,262.75
1729,397,22,1.3,2,0,161.77
1730,51,26,2.4,3,0,116.65
1731,703,23,7.0,5,0,244.56
1732,956,7,12.5,1,1,211.11
1733,256,14,5.6,3,1,134.82
1734,270,34,9.7,2,0,162.08
1735,762,18,4.5,1,1,202.18
1736,357,18,11.1,4,1,157.72
1737,707,44,10.8,4,0,275.71
1738,638,17,13.4,1,1,172.52
1739,773,15,4.2,5,1,254.12
1740,829,16,2.1,4,0,244.49
1741,853,40,7.2,1,0,270.22
1742,341,6,1.6,3,0,126.65
1743,901,14,13.7,3,0,224.75
1744,994,11,13.4,2,1,228.21
1745,178,25,6.8,3,0,137.64
1746,620,35,12.4,2,0,218.66
1747,586,14,11.2,3,1,171.98
1748,412,31,14.3,3,0,177.32
1749,805,23,8.1,4,0,255.33
1750,938,29,6.1,5,0,304.36
1751,713,19,3.2,3,1,221.79
1752,896,27,9.1,2,0,255.56
1753,333,27,2.0,2,1,166.14
1754,414,9,3.1,3,1,144.08
1755,589,14,9.8,1,1,154.31
1756,327,43,2.5,5,0,247.5
1757,804,32,12.8,1,0,231.51
1758,413,17,3.7,1,1,137.63
1759,624,7,12.8,3,0,166.81
1760,348,26,0.9,4,0,198.93
1761,181,44,10.6,3,0,174.67
1762,298,30,2.7,4,0,185.46
1763,956,6,12.2,5,0,237.01
1764,718,33,12.9,5,0,266.97
1765,711,17,1.9,3,1,230.94
1766,510,19,5.2,2,0,171.21
1767,322,16,13.5,2,1,117.3
1768,382,11,1.5,2,0,137.87
1769,432,8,8.0,2,0,126.68
1770,904,43,1.6,5,0,336.01
1771,489,13,9.3,3,1,164.83
1772,326,19,4.9,1,0,114.99
1773,862,22,1.4,3,0,264.43
1774,720,30,2.7,3,1,257.44
1775,80,10,6.8,3,0,86.44
1776,533,38,3.2,3,0,234.82
1777,658,15,1.2,3,0,198.33
1778,598,40,12.0,5,0,264.83
1779,195,24,12.9,1,1,107.85
1780,506,36,2.0,3,0,229.88
1781,974,29,11.8,2,0,268.74
1782,814,42,12.0,2,0,261.83
1783,253,43,4.2,3,0,201.33
1784,395,5,1.0,3,1,142.29
1785,236,26,8.8,3,0,142.17
1786,296,9,5.4,1,0,91.57
1787,177,22,11.4,2,1,118.44
1788,852,28,0.6,3,0,271.12
1789,474,16,1.3,2,1,164.81
1790,655,13,6.6,4,0,194.6
1791,797,33,6.9,1,0,233.15
1792,79,43,13.5,2,1,139.47
1793,829,9,0.8,2,0,207.45
1794,471,40,10.6,3,1,226.51
1795,660,31,13.6,1,0,204.64
1796,882,16,3.2,4,1,260.98
1797,446,7,5.6,1,0,116.24
1798,969,38,10.2,4,0,317.37
1799,503,24,7.2,4,0,200.67
1800,579,11,5.1,3,0,172.48
1801,730,31,12.1,3,0,225.76
1802,538,40,8.2,3,0,232.32
1803,516,44,0.7,4,0,260.4
1804,95,7,1.9,4,1,110.3
1805,542,42,6.9,2,0,227.05
1806,694,11,7.7,2,1,181.86
1807,715,20,11.7,2,1,206.69
1808,962,11,13.0,4,0,242.04
1809,453,19,11.0,5,0,191.38
1810,834,29,11.3,3,1,261.33
1811,386,13,10.6,3,0,136.09
1812,84,37,12.2,1,1,121.26
1813,655,23,14.7,3,0,206.29
1814,904,38,10.5,3,1,303.58
1815,989,22,13.9,4,0,268.79
1816,281,30,3.8,4,0,182.62
1817,337,26,8.2,2,1,161.35
1818,70,11,2.7,2,0,75.07
1819,782,30,13.6,3,1,251.53
1820,223,17,8.3,3,0,120.01
1821,126,12,11.6,1,0,65.94
1822,198,13,9.8,4,0,114.88
1823,66,40,3.0,2,1,135.19
1824,287,25,2.2,2,0,147.23
1825,612,17,14.5,3,0,182.05
1826,488,33,9.3,3,0,207.57
1827,411,6,0.5,3,0,147.71
1828,548,16,5.2,1,1,163.37
1829,767,7,13.6,3,0,187.86
1830,108,7,10.5,2,0,53.41
1831,914,16,13.8,4,0,246.72
1832,841,33,11.2,3,1,274.2
1833,736,20,11.2,3,1,232.33
1834,490,29,10.5,1,0,173.14
1835,895,23,3.3,3,1,270.96
1836,999,11,9.2,3,0,233.66
1837,461,5,9.9,3,0,123.12
1838,432,43,8.4,4,0,224.39
1839,165,23,13.0,5,0,146.55
1840,484,26,4.8,5,0,209.34
1841,874,24,8.2,2,0,248.23
1842,837,25,5.4,2,1,246.28
1843,815,19,6.2,4,0,240.38
1844,992,42,8.9,3,0,320.03
1845,390,44,4.3,4,0,226.75
1846,873,29,12.6,4,0,271.93
1847,647,30,4.8,3,0,238.79
1848,210,17,14.2,2,0,95.11
1849,714,6,8.1,3,0,183.91
1850,293,21,14.8,2,0,113.24
1851,51,32,11.7,4,1,137.08
1852,725,30,13.4,3,0,228.49
1853,688,25,6.4,3,0,232.14
1854,567,32,6.8,4,0,235.61
1855,252,9,12.7,4,1,121.77
1856,204,44,12.5,5,1,207.1
1857,348,10,2.5,3,0,128.67
1858,493,15,1.0,2,0,168.47
1859,732,6,9.4,3,0,191.98
1860,62,12,10.0,4,0,83.66
1861,966,6,6.5,3,1,239.41
1862,57,12,4.0,1,1,54.03
1863,399,17,8.3,2,0,136.59
1864,398,35,1.0,5,1,235.87
1865,246,38,3.3,4,0,191.58
1866,905,6,12.5,2,0,193.85
1867,621,37,8.3,4,1,264.14
1868,155,36,8.8,4,0,158.55
1869,552,12,1.4,2,0,169.22
1870,630,36,1.9,4,0,269.66
1871,795,12,2.1,5,0,252.61
1872,520,30,6.7,5,0,229.87
1873,706,20,11.4,1,1,191.53
1874,803,42,11.3,2,0,262.95
1875,125,35,8.7,3,0,144.25
1876,767,25,5.6,2,0,222.72
1877,499,29,14.2,3,0,184.03
1878,521,17,6.5,4,0,192.85
1879,649,34,10.9,4,1,248.87
1880,372,9,5.9,2,1,126.04
1881,653,27,5.4,3,0,228.46
1882,497,15,13.6,3,1,164.37
1883,421,24,10.0,4,0,190.54
1884,247,39,3.1,2,0,172.8
1885,137,26,13.7,3,0,123.32
1886,361,34,4.0,1,0,167.3
1887,776,16,10.2,3,0,211.93
1888,235,6,9.7,3,0,89.74
1889,478,42,8.1,2,0,208.54
1890,319,42,2.5,2,0,193.63
1891,174,5,10.8,3,0,72.78
1892,97,38,2.3,5,1,184.6
1893,81,11,14.0,3,0,74.53
1894,748,13,6.6,4,0,217.72
1895,301,25,2.9,3,0,164.03
1896,779,32,9.1,2,0,240.91
1897,599,34,13.8,3,0,218.7
1898,200,11,3.3,4,0,122.08
1899,456,40,13.4,5,0,228.59
1900,594,17,9.2,1,0,159.13
1901,866,35,6.9,4,0,291.8
1902,631,12,10.9,3,0,173.19
1903,202,15,12.3,5,1,132.8
1904,909,24,2.7,4,0,274.32
1905,309,7,5.0,2,0,100.3
1906,123,27,6.9,4,1,150.99
1907,374,7,3.7,2,1,121.73
1908,134,32,5.2,1,0,122.03
1909,482,32,9.9,4,0,211.71
1910,528,5,3.1,1,0,135.18
1911,379,21,11.2,2,1,142.56
1912,637,20,4.2,4,0,223.41
1913,737,32,5.0,3,0,258.5
1914,199,9,2.9,1,0,85.37
1915,592,19,3.1,1,0,170.44
1916,55,31,1.0,3,0,136.42
1917,754,23,8.9,3,0,223.85
1918,899,35,4.1,2,0,279.34
1919,433,35,5.5,1,1,187.36
1920,273,10,14.7,2,0,93.72
1921,267,36,3.6,5,1,214.4
1922,632,17,2.2,3,0,200.83
1923,846,22,11.2,2,0,228.06
1924,887,23,12.8,2,0,234.15
1925,337,15,14.7,5,0,141.99
1926,626,18,6.2,4,0,218.64
1927,602,37,6.1,2,0,226.76
1928,169,43,0.9,3,1,190.81
1929,979,20,13.7,1,0,232.61
1930,579,18,14.6,5,1,204.14
1931,641,36,14.8,3,0,233.77
1932,873,42,10.8,4,1,312.88
1933,310,16,12.2,5,1,161.75
1934,511,39,13.7,2,1,216.27
1935,741,19,3.9,3,1,231.73
1936,609,5,4.5,1,0,145.19
1937,646,11,5.8,3,1,188.7
1938,636,38,10.5,3,0,231.91
1939,198,39,5.5,1,0,141.65
1940,770,24,1.0,1,0,213.37
1941,221,32,6.3,3,0,169.44
1942,786,24,14.7,5,0,261.53
1943,968,32,13.6,2,0,271.48
1944,859,11,1.1,3,0,227.23
1945,615,17,6.8,2,0,177.64
1946,548,13,13.4,3,1,172.85
1947,843,31,7.7,4,0,269.44
1948,165,22,7.3,4,0,144.99
1949,156,34,5.8,2,0,142.01
1950,330,11,11.5,2,0,111.06
1951,787,38,5.7,2,0,259.46
1952,342,33,4.9,3,0,177.35
1953,743,6,11.8,2,1,185.9
1954,452,23,8.2,3,1,183.19
1955,287,29,12.9,4,0,167.5
1956,74,12,8.6,3,0,72.97
1957,361,33,13.4,5,1,205.41
1958,120,16,11.4,3,1,101.61
1959,900,28,11.0,3,0,254.63
1960,730,8,3.8,2,0,186.64
1961,232,39,4.0,3,0,178.64
1962,118,37,4.0,2,0,151.34
1963,911,12,0.7,4,0,254.51
1964,157,30,11.3,3,1,145.69
1965,344,26,5.7,3,0,172.02
1966,467,9,8.0,1,0,126.85
1967,374,19,5.4,4,0,176.05
1968,596,5,5.7,3,1,168.43
1969,847,16,2.4,3,0,234.2
1970,485,27,14.9,2,1,182.02
1971,932,12,13.7,4,1,254.37
1972,497,17,13.4,2,0,155.47
1973,464,33,6.6,2,0,192.55
1974,744,19,10.1,4,0,220.03
1975,575,6,0.8,2,0,141.42
1976,970,20,3.8,4,0,286.57
1977,704,18,3.6,3,0,221.91
1978,157,35,7.2,3,0,157.78
1979,173,28,8.8,2,1,126.09
1980,67,15,4.9,5,0,108.06
1981,185,39,10.7,2,1,154.44
1982,319,14,9.9,3,1,138.86
1983,842,18,4.5,4,0,254.44
1984,382,28,6.1,1,0,160.87
1985,661,34,2.2,3,0,250.82
1986,506,31,2.2,4,0,222.61
1987,178,40,1.0,2,0,171.95
1988,757,36,13.3,3,1,264.69
1989,415,38,10.2,1,0,174.1
1990,817,39,1.6,3,0,287.33
1991,757,8,3.6,4,0,205.18
1992,593,24,5.8,5,1,245.0
1993,568,17,12.3,2,0,155.94
1994,212,19,11.2,3,0,129.36
1995,243,7,9.2,2,0,85.98
1996,250,24,7.1,3,1,152.11
1997,126,33,8.1,2,0,133.97
1998,546,19,10.3,2,0,173.65
1999,522,44,6.4,3,1,243.24
2000,599,20,8.3,4,1,219.15
2001,682,10,9.2,3,1,194.25
2002,660,8,13.3,4,1,187.74
2003,363,14,11.4,2,1,117.3
2004,166,38,13.8,2,0,140.76
2005,887,10,5.2,5,0,247.08
2006,997,5,1.6,4,0,256.9
2007,237,26,14.0,1,0,106.99
2008,580,24,7.5,3,0,197.73
2009,319,28,8.7,1,1,144.57
2010,487,22,8.4,3,0,171.29
2011,245,5,2.4,3,0,94.48
2012,130,10,13.8,3,1,90.11
2013,757,35,3.3,2,1,255.47
2014,713,41,2.0,1,0,251.07
2015,361,40,10.2,4,0,209.31
2016,648,42,10.9,1,0,226.32
2017,344,18,9.7,2,0,129.17
2018,58,21,2.3,3,1,113.9
2019,465,17,7.3,3,1,169.9
2020,480,36,8.5,2,0,201.53
2021,258,44,10.4,4,1,201.74
2022,220,40,5.9,3,0,178.88
2023,436,38,6.7,4,1,240.87
2024,553,20,15.0,4,0,187.56
2025,922,28,6.8,3,0,272.05
2026,119,8,10.2,2,0,60.42
2027,357,24,7.6,4,0,167.11
2028,415,31,4.8,4,0,199.05
2029,224,23,10.2,2,0,111.36
2030,141,10,9.5,4,0,108.42
2031,411,8,14.2,4,0,136.07
2032,420,19,2.0,2,1,163.13
2033,873,21,14.5,2,0,225.54
2034,679,44,4.3,4,0,279.03
2035,807,12,10.1,2,0,189.47
2036,973,35,11.8,2,0,283.58
2037,449,15,3.4,3,1,166.15
2038,825,30,2.6,1,0,241.22
2039,787,44,3.3,3,0,285.03
2040,52,15,12.7,1,0,53.37
2041,467,34,11.3,2,0,192.33
2042,245,16,9.2,3,0,117.65
2043,997,41,4.4,3,0,319.93
2044,865,42,4.8,2,0,294.44
2045,995,40,11.1,4,1,331.63
2046,309,34,6.6,4,0,184.96
2047,120,17,12.6,4,0,113.97
2048,182,10,11.6,1,1,71.04
2049,884,32,12.7,3,1,271.11
2050,423,40,6.9,4,0,231.68
2051,55,16,0.8,3,0,94.94
2052,937,33,2.8,1,0,267.21
2053,510,11,9.9,3,0,157.23
2054,741,15,3.1,4,1,232.16
2055,217,39,3.3,2,0,165.74
2056,604,35,7.8,4,1,253.1
2057,314,13,2.4,2,1,135.13
2058,819,12,1.1,2,0,207.98
2059,548,28,7.7,4,1,224.35
2060,582,21,7.9,3,1,196.59
2061,868,30,6.2,1,0,239.6
2062,279,27,1.5,2,1,157.74
2063,835,13,10.2,1,0,188.86
2064,603,18,7.4,3,0,191.97
2065,192,38,5.9,1,0,139.2
2066,72,38,4.7,2,0,144.38
2067,935,36,15.0,3,0,288.63
2068,788,28,2.0,4,0,263.79
2069,569,31,15.0,3,0,200.83
2070,370,11,8.9,2,0,119.47
2071,56,37,9.9,3,1,138.44
2072,377,29,13.3,3,0,170.12
2073,894,44,1.1,3,1,324.6
2074,846,32,7.3,1,1,248.51
2075,244,21,14.3,3,0,125.85
2076,512,28,11.4,3,0,186.7
2077,165,16,9.1,2,0,93.59
2078,244,36,14.8,3,0,148.79
2079,586,5,13.4,2,0,139.43
2080,577,42,6.2,2,1,234.21
2081,743,12,9.2,1,0,179.18
2082,990,31,4.5,3,0,298.02
2083,867,31,9.0,3,1,275.76
2084,970,6,9.6,2,0,213.66
2085,149,38,4.2,3,1,176.47
2086,554,10,2.4,1,0,147.41
2087,462,5,14.3,4,1,149.6
2088,732,21,4.3,2,0,218.09
2089,686,15,14.6,5,0,200.07
2090,410,19,10.1,2,0,146.77
2091,136,18,13.2,2,0,90.37
2092,246,30,10.5,4,0,169.85
2093,670,11,9.4,4,0,200.39
2094,837,16,0.9,3,0,240.15
2095,820,7,14.6,2,0,186.16
2096,203,39,7.9,2,0,163.69
2097,802,30,12.7,2,0,245.53
2098,81,33,10.9,3,0,127.86
2099,932,41,4.8,5,0,328.92
2100,523,31,13.8,1,0,168.55
2101,806,12,6.0,3,0,211.32
2102,841,12,14.1,2,0,196.4
2103,584,19,6.1,3,1,196.79
2104,712,37,6.9,2,1,253.35
2105,102,25,4.4,4,1,141.97
2106,898,7,8.2,1,0,194.66
2107,112,33,4.1,5,0,171.11
2108,185,8,5.9,4,0,112.29
2109,540,28,10.7,2,1,194.07
2110,953,13,1.1,5,1,275.39
2111,986,35,10.6,3,0,297.94
2112,516,14,14.6,2,1,146.81
2113,913,23,14.2,2,0,246.28
2114,504,20,14.0,1,0,142.65
2115,334,6,2.5,2,1,113.1
2116,896,30,5.4,2,0,262.81
2117,693,29,13.2,2,0,214.09
2118,542,22,8.8,4,0,194.61
2119,758,16,6.1,3,0,215.77
2120,919,16,5.5,3,0,253.19
2121,403,11,7.9,4,0,143.99
2122,271,32,9.0,5,1,192.34
2123,927,14,9.6,5,0,260.18
2124,899,36,12.0,5,0,302.15
2125,196,17,10.7,2,0,95.72
2126,512,6,3.8,3,0,149.47
2127,816,43,14.4,2,0,268.94
2128,719,24,1.5,3,0,235.97
2129,169,13,4.0,3,0,101.75
2130,142,6,11.6,2,1,65.2
2131,643,30,8.0,4,0,249.37
2132,966,14,14.6,2,1,237.99
2133,908,40,3.1,2,1,299.72
2134,926,11,6.5,3,0,239.59
2135,438,44,3.4,3,0,232.45
2136,808,38,4.0,4,0,296.03
2137,152,6,12.8,3,0,65.56
2138,479,20,6.7,5,0,204.47
2139,894,40,13.8,2,0,276.87
2140,591,42,14.7,3,0,239.05
2141,646,24,10.0,2,1,204.74
2142,959,32,7.0,2,1,285.2
2143,348,19,12.4,4,0,157.35
2144,201,16,3.8,4,0,137.16
2145,984,36,14.4,3,1,286.89
2146,382,35,15.0,2,0,166.55
2147,962,13,12.4,5,1,269.78
2148,337,41,14.6,3,0,189.22
2149,781,22,13.8,2,0,204.53
2150,204,22,6.2,1,0,120.39
2151,572,18,1.9,4,1,208.52
2152,522,44,1.4,3,0,252.43
2153,982,8,4.6,5,0,264.73
2154,885,29,9.2,3,1,277.5
2155,464,7,8.3,3,1,155.54
2156,696,14,4.1,4,0,207.09
2157,454,11,13.8,2,1,123.41
2158,398,38,4.9,3,1,205.63
2159,564,24,0.9,5,0,233.31
2160,944,18,12.4,4,0,263.01
2161,806,20,4.9,4,0,240.7
2162,325,31,6.4,3,0,173.04
2163,410,36,5.6,3,0,198.82
2164,673,13,4.0,2,0,183.13
2165,939,32,13.4,3,0,279.24
2166,933,5,14.8,5,1,245.87
2167,758,36,1.3,3,1,283.32
2168,291,19,9.8,2,1,131.39
2169,753,28,14.3,4,0,257.29
2170,231,14,0.5,5,0,147.04
2171,295,40,8.5,4,0,201.97
2172,255,44,14.6,2,0,165.68
2173,686,28,12.5,3,0,225.75
2174,861,41,13.7,2,0,271.96
2175,167,32,11.0,2,1,130.71
2176,644,16,9.2,4,0,212.89
2177,392,44,4.7,2,1,208.58
2178,855,30,12.2,5,0,286.25
2179,472,20,11.6,2,0,158.53
2180,740,22,10.0,3,1,225.42
2181,909,5,12.9,3,1,209.84
2182,66,21,7.2,4,0,116.4
2183,579,25,5.0,2,1,203.46
2184,815,5,11.4,5,0,211.73
2185,917,19,10.1,2,1,242.69
2186,770,13,7.0,3,0,211.07
2187,308,25,5.6,3,0,162.69
2188,425,31,6.0,4,0,205.51
2189,416,16,8.0,4,0,176.92
2190,280,28,8.4,5,0,171.72
2191,400,25,13.2,3,0,164.78
2192,327,22,3.1,3,0,158.05
2193,781,10,2.1,2,0,202.03
2194,788,39,6.2,2,0,265.52
2195,829,26,7.2,2,1,244.93
2196,308,41,1.4,2,0,190.71
2197,157,5,9.0,3,1,88.42
2198,436,33,12.4,3,0,194.34
2199,160,31,10.4,2,0,129.58
2200,788,42,14.0,4,1,293.26
2201,619,35,11.1,3,0,238.81
2202,869,10,1.3,4,0,240.77
2203,511,30,12.2,2,1,188.78
2204,331,14,6.3,2,0,126.11
2205,599,27,14.0,3,1,205.48
2206,851,31,9.1,5,0,286.5
2207,961,25,1.2,1,0,261.5
2208,851,5,12.1,5,0,210.05
2209,950,18,14.9,2,0,218.79
2210,550,35,0.8,2,1,227.68
2211,642,6,10.9,5,0,182.09
2212,635,34,1.9,2,0,235.13
2213,601,40,14.1,3,1,237.66
2214,104,21,6.5,5,0,132.47
2215,184,34,1.6,2,0,149.63
2216,435,23,14.2,1,0,134.65
2217,408,7,8.9,3,0,120.94
2218,839,11,4.6,3,0,221.87
2219,641,20,8.2,5,0,226.3
2220,837,10,4.8,1,0,196.15
2221,827,42,10.8,5,0,313.74
2222,292,15,5.9,2,0,127.04
2223,82,6,1.7,3,0,78.82
2224,526,40,4.4,4,0,247.31
2225,779,16,3.6,3,0,229.73
2226,705,17,0.6,3,0,225.88
2227,772,43,10.1,2,0,266.58
2228,182,29,12.5,3,0,140.15
2229,765,17,14.8,2,0,197.12
2230,370,25,5.3,3,0,164.25
2231,53,10,4.5,2,0,61.02
2232,907,32,14.5,2,0,253.05
2233,292,16,3.0,2,0,120.5
2234,575,37,7.3,3,0,238.49
2235,986,13,1.8,5,0,288.96
2236,808,7,7.1,3,0,197.83
2237,955,5,3.9,2,1,222.67
2238,195,14,10.9,4,0,106.21
2239,417,10,6.4,3,1,149.63
2240,461,13,12.0,3,0,147.23
2241,877,28,4.3,5,0,280.55
2242,65,6,5.3,5,0,91.06
2243,298,30,12.7,2,0,142.95
2244,854,18,10.7,4,0,236.95
2245,463,42,12.3,3,0,215.04
2246,393,7,14.2,5,0,140.82
2247,387,40,14.1,4,0,198.71
2248,603,36,14.8,2,0,209.35
2249,137,22,7.1,2,1,113.61
2250,144,23,11.1,2,0,112.85
2251,189,39,2.4,2,1,171.6
2252,83,11,12.5,2,0,58.78
2253,655,30,5.9,3,0,229.47
2254,258,9,13.8,3,0,98.45
2255,866,15,5.6,2,1,225.18
2256,950,9,7.4,4,1,264.07
2257,610,35,8.7,4,0,236.56
2258,227,42,3.8,3,0,194.07
2259,95,29,14.0,5,0,144.79
2260,808,15,8.6,2,0,202.66
2261,733,13,9.6,5,1,233.37
2262,773,7,1.7,3,0,202.38
2263,455,13,12.3,3,0,154.34
2264,845,14,2.4,4,1,257.61
2265,241,34,5.3,5,0,192.21
2266,319,24,5.8,1,0,134.13
2267,711,18,7.9,1,0,185.45
2268,921,38,11.6,3,0,279.23
2269,544,17,0.9,1,0,159.97
2270,90,44,10.2,4,0,177.65
2271,535,38,6.6,1,1,201.97
2272,593,40,6.7,3,0,245.48
2273,669,30,5.4,2,0,225.98
2274,929,20,1.8,4,0,270.04
2275,930,13,10.1,3,0,224.77
2276,733,19,7.5,3,0,219.12
2277,113,6,13.8,1,0,44.61
2278,743,13,5.4,1,0,192.01
2279,737,29,14.4,2,1,236.13
2280,935,23,6.1,3,0,264.18
2281,613,10,3.5,3,0,178.34
2282,269,16,4.0,2,1,126.59
2283,237,41,14.6,3,1,169.26
2284,447,15,4.7,5,0,182.7
2285,110,7,9.2,3,0,74.64
2286,736,31,13.9,2,0,225.6
2287,53,42,6.2,4,1,173.88
2288,853,42,6.4,2,0,280.12
2289,140,41,0.7,1,1,159.16
2290,758,18,7.3,3,0,212.84
2291,364,23,4.4,5,1,201.67
2292,477,27,10.9,2,0,177.48
2293,965,10,13.8,5,0,239.39
2294,158,31,7.1,1,1,125.62
2295,323,25,7.9,2,0,144.18
2296,461,44,9.6,3,1,231.0
2297,767,8,12.5,4,0,208.11
2298,852,44,8.7,5,1,329.65
2299,70,33,2.3,3,0,137.16
2300,699,33,13.2,2,0,226.06
2301,158,23,10.7,2,0,102.29
2302,464,33,12.6,4,0,206.58
2303,90,42,2.4,5,0,193.03
2304,365,24,3.1,3,0,166.18
2305,138,26,3.9,4,1,150.87
2306,782,15,11.7,5,0,229.93
2307,421,12,14.5,3,0,129.39
2308,160,17,2.0,5,0,140.83
2309,524,22,7.8,1,0,164.68
2310,332,34,13.5,2,1,167.21
2311,932,30,0.7,3,0,291.86
2312,506,21,5.9,5,1,215.38
2313,857,36,8.9,3,0,287.4
2314,351,20,12.7,3,0,145.62
2315,457,30,4.5,4,1,218.24
2316,855,44,1.1,2,1,302.4
2317,474,25,5.0,5,0,216.33
2318,444,25,11.9,2,1,171.11
2319,445,43,1.6,2,1,234.04
2320,134,25,3.8,4,1,149.13
2321,841,14,13.4,4,0,226.54
2322,696,27,5.8,3,0,240.61
2323,537,38,14.0,2,0,213.3
2324,74,31,2.1,3,0,127.81
2325,196,27,8.3,2,0,130.49
2326,983,22,1.5,3,1,286.55
2327,458,14,1.2,4,1,186.84
2328,458,37,8.8,2,1,204.01
2329,429,32,0.7,2,0,181.36
2330,587,20,9.1,3,1,196.89
2331,823,19,7.7,2,0,215.47
2332,117,16,4.7,3,0,101.87
2333,788,8,4.4,4,1,228.08
2334,768,39,10.1,3,0,262.61
2335,720,24,3.3,4,0,249.25
2336,795,35,3.1,4,0,287.01
2337,726,8,12.7,4,0,193.54
2338,742,19,13.5,5,1,255.21
2339,66,40,10.9,3,0,143.93
2340,633,31,14.2,3,0,228.95
2341,163,32,14.6,5,1,168.38
2342,902,42,10.7,4,0,305.99
2343,333,27,6.1,3,1,174.45
2344,985,31,1.5,4,0,317.22
2345,710,5,3.8,3,0,183.98
2346,607,19,14.9,1,0,151.59
2347,837,27,5.9,3,0,263.3
2348,192,38,12.2,3,0,161.21
2349,328,18,3.8,5,0,174.19
2350,787,8,11.7,3,0,195.24
2351,245,33,5.1,3,0,155.54
2352,432,17,7.9,2,1,155.81
2353,382,30,9.7,2,1,170.68
2354,419,25,9.2,2,0,170.19
2355,123,7,4.2,2,0,70.24
2356,984,8,14.5,3,0,232.74
2357,121,44,3.9,5,0,201.4
2358,830,6,2.8,4,1,222.92
2359,895,21,11.0,2,0,232.17
2360,436,26,13.9,4,0,174.0
2361,952,14,4.6,2,1,246.89
2362,856,30,7.7,3,1,281.04
2363,586,42,5.8,3,0,247.34
2364,589,26,7.8,2,0,195.89
2365,616,44,10.0,2,0,232.56
2366,227,13,11.0,2,0,85.54
2367,553,10,12.3,4,0,163.25
2368,630,39,2.8,5,0,276.53
2369,412,36,7.8,2,0,179.52
2370,457,29,13.2,2,0,169.78
2371,91,18,13.9,3,1,97.82
2372,942,21,14.7,3,1,253.47
2373,515,42,9.0,4,1,253.26
2374,810,21,7.4,3,0,238.45
2375,162,11,9.6,5,0,115.44
2376,249,41,3.4,4,0,206.5
2377,586,8,5.1,4,0,176.69
2378,497,27,9.4,2,1,189.1
2379,998,10,11.1,4,1,245.18
2380,643,10,6.5,2,0,161.18
2381,75,42,0.9,5,0,198.72
2382,746,36,8.2,3,1,274.69
2383,559,40,13.4,2,1,221.3
2384,313,34,11.4,3,1,183.81
2385,731,10,13.6,2,0,172.84
2386,706,6,5.9,3,0,180.1
2387,476,37,5.8,2,0,201.2
2388,61,27,1.8,1,1,118.86
2389,459,26,9.9,4,0,201.33
2390,199,28,3.7,2,0,136.87
2391,252,32,6.6,2,0,155.14
2392,56,8,8.4,5,0,82.73
2393,587,10,5.9,4,1,190.65
2394,679,24,7.4,1,0,194.91
2395,287,42,1.4,2,1,204.97
2396,326,28,2.3,2,0,161.11
2397,113,19,8.1,3,1,110.78
2398,173,16,1.8,5,1,144.01
2399,671,8,13.3,1,1,155.89
2400,811,12,6.0,2,0,211.27
2401,395,39,13.5,1,0,172.13
2402,758,13,4.6,5,0,233.67
2403,778,5,14.9,3,0,182.5
2404,345,41,2.3,3,0,211.47
2405,544,10,3.3,2,1,161.28
2406,253,40,10.4,4,0,190.85
2407,255,17,1.1,1,0,110.95
2408,493,38,10.8,3,0,223.46
2409,471,19,6.3,3,0,173.2
2410,157,8,10.2,4,0,99.04
2411,706,34,5.0,4,0,262.38
2412,644,43,2.4,2,0,255.79
2413,370,23,2.4,3,1,186.35
2414,229,30,4.9,2,0,147.37
2415,573,13,4.0,5,0,201.37
2416,498,30,0.6,2,1,202.11
2417,862,14,10.3,4,0,237.48
2418,514,27,5.9,4,0,213.84
2419,769,7,8.8,3,0,180.19
2420,299,6,3.9,4,0,130.51
2421,774,6,9.4,5,0,220.19
2422,160,5,11.3,2,0,66.82
2423,335,37,12.9,4,1,201.6
2424,342,24,14.2,3,0,149.28
2425,773,5,9.2,1,0,164.9
2426,980,14,5.8,3,0,239.34
2427,983,34,12.8,1,0,273.27
2428,811,38,8.4,2,0,262.82
2429,730,34,5.2,2,0,241.34
2430,694,21,13.6,2,0,198.29
2431,291,14,0.8,2,1,134.82
2432,661,29,8.5,2,1,229.93
2433,817,41,5.9,3,1,298.55
2434,650,41,9.7,5,0,273.74
2435,779,42,10.2,5,1,310.5
2436,944,6,5.1,2,1,238.46
2437,84,33,11.4,3,1,129.23
2438,377,35,8.6,4,1,210.03
2439,242,33,14.5,5,1,188.0
2440,990,41,9.9,2,0,300.06
2441,267,9,1.5,1,0,98.62
2442,320,31,10.5,2,0,153.24
2443,632,35,4.9,3,0,234.73
2444,928,12,12.5,3,1,236.55
2445,446,43,14.0,2,0,197.44
2446,872,11,8.1,5,0,250.82
2447,739,11,2.2,2,0,196.28
2448,708,6,14.5,5,1,210.66
2449,138,41,14.8,5,0,175.91
2450,494,12,8.1,3,0,160.95
2451,274,10,14.3,5,1,131.01
2452,362,43,11.1,4,0,218.76
2453,911,26,7.4,2,0,245.69
2454,886,27,5.9,5,0,287.57
2455,103,9,8.9,1,1,63.91
2456,696,26,2.9,1,1,220.44
2457,412,6,12.0,3,0,120.67
2458,885,36,3.4,2,1,285.02
2459,74,7,10.6,3,1,72.74
2460,562,36,14.8,3,0,215.98
2461,885,8,8.1,2,0,208.58
2462,655,10,6.9,2,1,180.86
2463,97,33,1.0,3,1,146.8
2464,193,25,4.0,1,0,104.73
2465,634,33,5.2,2,0,223.89
2466,118,43,3.2,5,0,195.93
2467,525,18,5.9,4,0,202.96
2468,514,31,11.0,4,0,209.69
2469,163,34,2.4,2,1,149.65
2470,261,25,1.4,2,0,151.86
2471,573,23,1.0,2,1,204.35
2472,94,36,7.7,4,1,159.84
2473,440,19,13.1,2,0,154.55
2474,108,12,7.5,2,0,79.2
2475,356,41,7.2,2,0,201.31
2476,468,8,10.9,3,0,134.74
2477,345,11,1.4,2,0,126.0
2478,121,36,6.2,3,0,144.66
2479,305,13,10.7,2,0,108.13
2480,972,24,11.1,4,0,285.02
2481,397,13,12.3,2,0,123.11
2482,945,36,1.0,2,0,298.5
2483,237,43,14.1,3,0,175.85
2484,523,20,8.3,2,1,182.48
2485,50,40,9.2,4,0,145.96
2486,392,15,13.3,3,0,137.92
2487,153,30,13.8,4,0,137.82
2488,832,8,1.2,4,1,236.22
2489,397,8,1.8,4,0,146.76
2490,609,11,0.5,4,0,191.02
2491,892,11,4.8,3,1,236.41
2492,688,37,6.4,3,0,244.83
2493,841,42,1.8,3,0,303.17
2494,732,8,1.8,2,0,182.84
2495,226,39,5.0,2,0,170.79
2496,588,13,12.7,2,1,159.06
2497,310,12,8.0,3,0,124.99
2498,303,37,7.3,5,0,210.44
2499,884,10,8.2,2,1,224.37
2500,221,11,14.5,2,0,69.56
2501,166,9,13.9,1,0,56.3
2502,646,17,4.4,3,1,211.33
2503,156,31,11.9,3,1,146.15
2504,170,43,2.0,2,1,178.92
2505,208,13,6.9,3,1,111.27
2506,641,5,7.9,4,0,181.55
2507,827,11,4.8,5,1,242.89
2508,896,14,10.4,4,1,245.99
2509,611,30,4.2,3,0,226.22
2510,846,17,3.0,1,0,222.58
2511,267,12,8.5,5,0,132.8
2512,468,22,13.8,5,0,195.28
2513,911,15,10.2,2,0,216.01
2514,219,41,3.3,4,0,197.33
2515,327,5,7.1,2,1,113.75
2516,138,27,0.7,4,0,159.14
2517,808,41,5.1,2,0,276.2
2518,52,31,10.0,2,1,120.15
2519,392,22,5.9,2,1,161.36
2520,518,5,8.0,1,0,116.86
2521,459,24,14.3,3,0,172.28
2522,692,21,9.1,3,1,211.59
2523,740,7,5.8,2,1,180.43
2524,227,10,14.0,3,1,102.02
2525,625,24,8.0,2,0,190.74
2526,436,34,14.1,4,0,195.53
2527,273,31,6.6,2,0,150.47
2528,677,6,12.3,3,1,181.0
2529,687,16,9.4,4,0,201.02
2530,974,37,1.5,4,0,332.3
2531,583,32,7.1,2,0,220.75
2532,496,24,2.6,2,1,189.44
2533,996,27,13.2,2,0,262.62
2534,917,32,13.3,3,0,266.81
2535,358,19,10.7,3,0,154.1
2536,559,14,9.6,2,0,160.13
2537,234,18,0.6,5,0,157.95
2538,567,8,8.9,2,0,143.65
2539,92,29,1.6,5,1,168.14
2540,900,32,6.2,1,0,253.93
2541,765,7,10.0,3,0,193.92
2542,328,22,1.0,5,1,197.6
2543,795,35,14.2,5,0,281.25
2544,84,31,8.0,3,0,132.88
2545,98,6,12.0,5,0,96.73
2546,167,39,14.5,5,0,183.02
2547,750,39,0.6,3,0,275.99
2548,506,31,8.2,2,0,199.72
2549,699,9,6.8,3,0,189.06
2550,785,41,7.8,3,1,282.47
2551,146,10,11.1,2,1,87.03
2552,224,15,6.4,2,1,111.48
2553,410,32,0.9,3,0,205.44
2554,741,5,8.4,1,0,154.89
2555,225,26,3.1,2,0,135.08
2556,310,21,3.8,1,0,130.73
2557,598,33,8.6,3,0,227.78
2558,929,31,11.4,4,0,292.32
2559,980,33,10.4,3,0,297.84
2560,430,24,12.2,3,0,165.8
2561,934,41,1.0,2,1,307.21
2562,412,11,11.3,3,0,136.03
2563,148,23,10.4,5,0,136.4
2564,540,33,2.5,4,0,232.49
2565,423,26,11.4,5,1,208.73
2566,899,17,13.7,2,0,218.73
2567,698,29,1.5,3,0,246.13
2568,406,19,4.8,2,0,151.45
2569,273,40,1.9,2,0,178.06
2570,750,26,7.7,2,0,228.3
2571,96,8,2.3,3,0,83.11
2572,197,11,14.7,4,0,94.38
2573,447,20,11.7,3,1,169.18
2574,469,42,5.5,5,0,245.12
2575,704,25,14.0,3,0,209.81
2576,427,37,2.8,2,0,200.97
2577,440,21,2.1,2,0,159.34
2578,157,17,3.7,3,1,118.48
2579,286,30,10.0,2,0,145.23
2580,970,12,1.5,2,0,244.02
2581,977,6,10.0,5,1,251.36
2582,571,38,4.7,4,0,240.41
2583,209,40,5.1,4,0,193.02
2584,190,18,2.9,2,0,108.77
2585,994,18,14.2,2,0,234.76
2586,674,37,8.7,3,0,252.72
2587,805,29,13.0,4,0,267.32
2588,125,43,2.8,4,1,186.56
2589,331,44,10.0,3,0,197.39
2590,135,37,2.8,2,1,159.61
2591,880,36,11.7,2,0,266.96
2592,711,27,4.6,3,1,242.52
2593,511,36,11.1,3,1,226.98
2594,630,35,2.0,4,0,260.84
2595,168,35,8.5,5,0,177.16
2596,709,11,7.4,3,0,199.85
2597,553,38,12.9,3,0,222.89
2598,500,8,12.7,5,0,170.03
2599,376,27,14.4,5,1,192.38
2600,251,19,7.4,5,0,155.52
2601,483,30,10.8,4,0,211.76
2602,973,8,9.3,2,1,227.38
2603,469,18,3.0,2,0,170.4
2604,723,5,13.6,2,0,164.41
2605,220,24,8.2,4,0,145.81
2606,686,7,1.5,1,0,158.77
2607,595,18,0.6,4,0,207.5
2608,911,7,8.5,5,0,240.32
2609,810,12,8.6,4,1,229.63
2610,299,17,14.5,4,0,133.93
2611,601,27,2.5,3,0,224.52
2612,754,9,6.0,3,0,201.31
2613,539,9,0.6,4,0,179.62
2614,563,21,12.7,3,0,180.43
2615,676,39,9.4,3,0,254.24
2616,431,12,3.2,4,1,172.28
2617,415,9,8.1,1,0,107.03
2618,108,37,12.8,2,0,128.86
2619,451,25,8.8,3,1,191.57
2620,177,27,13.8,3,0,120.09
2621,365,20,7.9,1,0,125.76
2622,691,7,13.5,4,1,191.09
2623,969,9,6.3,4,1,258.61
2624,545,25,0.6,2,0,197.75
2625,898,10,9.7,2,0,203.94
2626,332,40,11.7,4,1,213.35
2627,471,9,5.5,5,1,180.52
2628,980,17,12.6,2,1,244.19
2629,53,30,6.9,2,0,109.53
2630,383,11,3.4,1,0,110.35
2631,582,25,11.6,3,0,198.88
2632,178,36,12.1,3,0,146.79
2633,535,37,7.8,3,0,220.56
2634,240,11,2.9,3,0,117.21
2635,719,9,14.3,2,0,169.86
2636,865,27,11.8,1,0,224.0
2637,226,28,6.5,4,1,179.28
2638,432,10,4.8,1,0,121.29
2639,806,10,7.1,1,0,190.92
2640,523,32,12.9,4,0,212.31
2641,867,21,2.9,2,1,248.53
2642,835,24,10.8,2,0,227.18
2643,392,34,10.1,2,0,177.12
2644,609,19,2.6,4,0,222.77
2645,157,18,14.9,3,0,103.55
2646,281,33,7.3,5,1,207.25
2647,99,6,6.6,2,0,52.1
2648,753,17,9.8,4,1,228.9
2649,81,11,5.6,2,0,73.3
2650,853,36,3.4,3,0,286.64
2651,618,28,14.4,3,0,213.49
2652,413,10,14.1,1,0,94.49
2653,261,11,13.1,2,0,84.43
2654,761,12,0.6,2,0,200.68
2655,701,18,5.0,1,1,192.42
2656,76,29,3.2,2,1,132.34
2657,150,15,15.0,3,1,106.75
2658,564,38,13.5,4,0,231.37
2659,66,30,12.3,3,1,109.81
2660,562,8,2.9,3,1,172.72
2661,996,22,10.3,5,0,291.44
2662,808,7,2.9,2,0,204.06
2663,698,42,8.5,2,0,246.38
2664,691,22,6.7,2,1,217.3
2665,947,14,6.1,4,0,250.01
2666,220,14,13.0,2,1,90.75
2667,462,19,13.7,2,0,144.1
2668,922,24,1.9,3,0,270.86
2669,341,44,7.5,2,1,198.57
2670,160,18,11.3,4,0,112.51
2671,263,25,2.8,2,1,150.41
2672,329,21,4.2,4,0,177.72
2673,498,44,13.2,2,0,210.44
2674,454,32,4.7,3,0,202.11
2675,455,15,1.2,4,0,183.72
2676,162,32,13.7,3,0,136.38
2677,349,7,6.5,1,0,93.49
2678,471,25,13.1,5,0,209.51
2679,395,21,1.8,5,0,188.77
2680,295,30,13.7,2,0,147.39
2681,850,15,9.6,3,0,228.06
2682,500,6,14.7,2,0,130.72
2683,948,11,9.3,3,0,225.61
2684,305,13,12.6,3,0,117.83
2685,923,28,5.0,4,0,293.42
2686,948,8,8.2,4,1,246.69
2687,178,25,8.1,2,0,119.79
2688,652,37,4.6,2,0,241.46
2689,140,12,3.9,2,0,88.3
2690,874,11,11.5,2,0,206.18
2691,376,36,6.1,1,0,168.3
2692,487,19,12.6,3,0,164.89
2693,157,34,14.7,4,1,160.6
2694,88,11,13.8,4,0,89.33
2695,267,41,4.7,4,1,214.05
2696,80,38,5.8,4,0,156.71
2697,710,16,0.5,4,0,233.76
2698,809,13,0.9,4,0,229.05
2699,326,38,14.9,2,0,167.5
2700,224,36,12.5,4,1,185.17
2701,70,44,6.8,4,0,175.35
2702,315,26,10.1,2,1,139.47
2703,569,32,13.2,5,0,247.59
2704,756,33,0.9,2,0,257.95
2705,153,40,5.3,2,0,158.89
2706,431,21,2.2,1,0,154.77
2707,662,42,0.9,4,0,287.75
2708,920,6,2.6,3,0,238.84
2709,835,12,5.5,4,0,230.66
2710,115,37,9.9,3,0,143.87
2711,247,9,3.7,1,1,100.22
2712,441,22,12.4,4,0,172.34
2713,991,8,14.3,4,0,242.55
2714,836,29,0.7,3,0,271.09
2715,251,36,9.7,2,0,150.2
2716,591,10,0.9,2,1,168.43
2717,375,21,12.8,3,0,148.49
2718,781,24,9.7,2,0,225.39
2719,102,34,8.7,3,0,142.33
2720,790,29,7.7,4,0,264.49
2721,525,12,12.5,3,0,156.2
2722,874,37,1.8,5,0,309.45
2723,483,31,14.2,3,1,194.44
2724,99,26,7.3,2,0,106.16
2725,220,14,11.8,5,0,124.07
2726,320,43,4.8,1,1,192.39
2727,583,33,3.0,3,0,232.6
2728,833,25,1.1,3,1,272.3
2729,595,36,10.5,3,0,224.4
2730,237,31,1.2,2,0,157.24
2731,929,37,4.9,2,0,277.43
2732,795,25,11.4,2,0,227.3
2733,956,12,9.1,2,1,241.01
2734,594,44,6.5,3,0,254.7
2735,395,37,7.0,2,0,192.04
2736,998,41,5.6,3,1,330.97
2737,846,10,5.8,2,0,213.01
2738,96,22,9.5,1,1,91.82
2739,315,24,10.4,3,0,152.53
2740,276,30,5.2,5,1,193.94
2741,279,6,1.3,3,1,116.96
2742,633,41,9.6,4,1,266.38
2743,651,30,1.1,3,0,237.4
2744,900,43,5.7,2,0,289.81
2745,387,16,8.6,3,0,150.56
2746,698,5,1.8,1,0,157.23
2747,569,36,1.2,2,1,237.23
2748,999,5,9.0,2,0,199.33
2749,882,26,9.9,3,1,263.2
2750,651,15,3.4,5,0,219.12
2751,201,6,14.0,3,0,77.35
2752,678,11,12.5,2,1,178.25
2753,808,40,5.1,2,0,274.86
2754,168,9,7.2,3,0,87.64
2755,682,18,5.5,3,0,208.66
2756,778,36,11.0,4,0,281.94
2757,452,7,3.0,2,0,135.79
2758,517,44,13.7,3,0,227.89
2759,885,36,5.7,3,0,290.53
2760,185,9,10.0,2,0,84.16
2761,235,34,0.9,4,0,192.9
2762,943,23,7.8,5,0,285.72
2763,515,7,1.2,2,0,143.42
2764,412,25,13.3,3,0,176.39
2765,295,17,1.4,3,1,147.48
2766,174,36,12.3,4,0,159.55
2767,912,39,1.4,2,0,285.11
2768,395,14,7.2,3,1,157.07
2769,890,39,3.8,5,0,318.99
2770,258,9,14.0,3,0,101.52
2771,617,12,14.6,3,0,168.53
2772,873,20,12.7,4,1,259.89
2773,128,35,8.1,5,0,161.76
2774,137,44,7.9,2,0,162.9
2775,295,25,14.7,2,0,134.16
2776,790,16,6.4,1,1,200.27
2777,252,14,9.9,3,0,119.22
2778,760,30,0.8,3,1,273.33
2779,517,11,14.4,3,0,147.36
2780,779,26,4.5,1,0,223.7
2781,256,44,2.6,2,0,191.73
2782,627,27,5.5,2,0,203.53
2783,704,41,7.3,3,0,270.17
2784,793,18,10.0,4,0,235.64
2785,549,6,11.9,3,0,150.42
2786,470,15,13.7,2,0,136.67
2787,578,10,2.3,3,1,181.82
2788,275,26,11.2,1,1,124.96
2789,352,26,11.3,2,1,158.05
2790,180,21,7.7,3,0,118.44
2791,963,39,3.2,3,1,318.0
2792,329,40,10.0,3,0,200.88
2793,807,25,3.6,3,1,257.74
2794,469,38,9.1,1,0,183.92
2795,643,42,9.8,2,1,244.33
2796,971,23,4.3,5,0,292.72
2797,708,15,14.0,2,0,169.02
2798,631,24,13.5,5,0,232.35
2799,455,35,5.4,2,0,197.19
2800,333,22,8.2,2,0,129.0
2801,113,15,13.3,4,0,92.87
2802,490,35,14.6,3,0,206.45
2803,966,29,6.8,4,0,298.92
2804,272,17,6.7,5,0,157.65
2805,678,29,13.7,4,1,238.07
2806,360,7,11.2,1,0,93.09
2807,646,18,7.9,5,0,224.62
2808,117,44,4.2,4,0,193.91
2809,347,33,13.0,3,1,183.63
2810,243,8,3.7,2,0,86.6
2811,540,21,10.6,3,0,189.01
2812,601,43,0.8,2,1,255.15
2813,897,30,9.1,2,1,269.87
2814,617,9,6.1,4,1,203.74
2815,467,14,14.0,1,0,123.2
2816,952,35,2.7,3,1,310.09
2817,182,35,11.8,1,0,126.28
2818,700,30,13.5,3,0,229.04
2819,441,28,10.4,2,0,167.25
2820,90,25,1.5,3,0,128.74
2821,333,33,4.2,3,1,193.58
2822,824,19,4.0,3,0,237.31
2823,160,10,8.8,2,0,84.88
2824,159,19,12.0,2,0,97.19
2825,302,34,4.5,5,0,207.83
2826,778,6,4.2,3,0,201.98
2827,767,32,8.3,5,0,284.04
2828,961,31,11.9,4,0,296.04
2829,683,18,4.4,2,0,194.62
2830,257,8,1.8,2,1,104.41
2831,501,36,8.9,5,0,244.56
2832,772,9,4.7,2,1,199.82
2833,980,26,14.0,3,1,274.42
2834,722,8,11.2,2,0,170.89
2835,555,41,14.0,2,0,222.07
2836,583,12,9.9,4,1,184.35
2837,643,6,2.7,4,1,190.46
2838,925,11,8.7,5,0,252.12
2839,961,12,3.4,2,1,239.68
2840,486,40,1.6,4,0,252.24
2841,764,15,8.5,2,0,189.44
2842,73,24,1.5,1,0,96.97
2843,614,35,4.8,1,1,216.58
2844,241,16,6.8,3,0,128.36
2845,732,16,9.1,1,0,183.95
2846,427,9,6.3,4,0,154.56
2847,349,10,11.0,4,0,134.2
2848,825,34,7.8,3,1,281.85
2849,614,33,14.2,4,0,230.35
2850,581,27,3.1,4,1,234.11
2851,443,8,10.9,3,0,138.34
2852,692,13,14.8,4,1,197.5
2853,736,14,8.1,2,0,192.84
2854,542,16,4.1,5,0,203.36
2855,66,44,8.0,3,0,152.07
2856,415,23,13.1,4,0,174.04
2857,979,11,3.7,2,0,241.27
2858,870,18,3.1,3,0,245.46
2859,786,20,3.5,4,0,244.52
2860,850,29,2.5,4,0,276.96
2861,456,15,14.1,2,1,143.59
2862,219,31,3.3,4,1,183.94
2863,180,14,8.3,4,0,110.81
2864,641,27,9.7,5,0,234.52
2865,516,20,9.8,1,0,150.76
2866,272,43,13.6,3,1,194.83
2867,590,28,14.1,1,0,174.87
2868,799,7,11.8,2,0,183.41
2869,267,20,1.3,1,0,118.91
2870,673,19,10.8,2,0,187.08
2871,690,20,10.1,3,0,207.38
2872,101,14,11.1,3,0,93.38
2873,134,43,3.3,1,1,155.19
2874,538,9,2.1,3,0,166.46
2875,685,22,6.8,4,1,235.75
2876,975,21,14.7,2,0,249.85
2877,904,13,3.9,2,0,227.77
2878,975,25,6.0,3,0,281.72
2879,996,44,3.7,3,0,321.98
2880,144,7,4.4,1,0,62.24
2881,455,36,5.0,2,0,204.21
2882,674,11,10.6,1,0,165.43
2883,494,31,12.4,1,1,184.6
2884,781,35,0.9,1,0,248.41
2885,987,26,3.7,4,0,305.63
2886,563,8,6.0,5,0,187.29
2887,724,16,8.5,2,0,189.46
2888,997,15,3.3,2,0,252.84
2889,763,5,8.0,1,1,181.55
2890,155,19,12.8,2,0,89.81
2891,208,5,13.1,4,0,86.34
2892,349,28,6.4,4,0,185.81
2893,219,34,9.4,1,1,141.3
2894,708,13,4.3,4,0,213.72
2895,422,38,8.2,4,0,216.66
2896,502,23,9.0,4,0,191.06
2897,819,38,8.0,2,1,271.13
2898,218,13,14.1,5,0,125.66
2899,108,16,3.6,2,1,97.79
2900,763,35,14.2,5,0,275.91
2901,769,38,12.6,2,0,250.2
2902,419,15,9.4,1,1,137.94
2903,69,5,7.2,1,0,40.97
2904,418,43,2.2,4,0,239.22
2905,969,9,14.7,3,1,223.61
2906,501,25,14.9,1,0,148.65
2907,94,27,12.3,4,0,126.31
2908,62,39,10.4,2,0,121.54
2909,352,35,7.2,2,0,173.47
2910,909,15,7.8,1,0,221.32
2911,275,42,8.4,3,0,182.17
2912,256,26,4.1,2,0,145.2
2913,568,31,8.2,2,1,200.09
2914,358,12,5.1,1,1,115.36
2915,736,14,6.7,1,0,186.81
2916,112,27,4.6,4,0,147.0
2917,312,10,9.2,4,0,124.35
2918,536,14,14.7,5,1,191.63
2919,645,15,12.1,3,1,188.3
2920,668,12,1.8,3,1,209.54
2921,945,23,0.8,3,1,284.25
2922,646,10,7.5,3,0,170.42
2923,640,39,5.7,3,1,270.46
2924,903,23,10.6,3,1,258.99
2925,651,15,11.5,2,0,169.71
2926,904,34,6.9,2,1,285.62
2927,172,32,11.7,5,0,166.19
2928,586,39,6.0,3,0,247.68
2929,108,12,14.1,2,0,71.1
2930,872,27,0.8,2,0,265.42
2931,457,15,10.5,2,1,143.91
2932,303,37,4.7,4,0,196.83
2933,543,24,3.3,5,0,222.03
2934,801,7,12.9,2,1,196.02
2935,706,31,9.6,2,1,247.71
2936,431,31,9.9,3,0,189.78
2937,412,37,0.7,4,0,227.84
2938,180,14,3.3,5,1,145.19
2939,585,8,11.1,3,0,154.6
2940,498,10,12.7,2,0,131.32
2941,887,6,9.4,2,1,206.22
2942,331,40,7.7,3,0,192.67
2943,323,26,2.6,1,1,157.68
2944,395,32,14.5,2,0,165.3
2945,462,5,14.7,4,0,143.12
2946,435,20,4.4,3,1,174.1
2947,611,34,9.3,5,0,252.88
2948,542,8,7.1,2,0,145.55
2949,931,37,11.4,5,0,316.49
2950,139,7,0.7,3,1,92.07
2951,330,28,13.2,3,0,160.46
2952,301,11,9.5,3,0,111.51
2953,983,35,7.5,2,0,291.18
2954,349,16,12.2,2,0,118.79
2955,121,43,5.7,3,1,173.71
2956,602,44,10.6,3,0,255.2
2957,542,22,0.7,2,0,186.39
2958,547,25,1.0,3,1,218.83
2959,451,27,5.6,3,0,191.46
2960,223,13,3.0,2,0,110.88
2961,611,39,7.5,1,1,224.9
2962,665,39,14.9,2,1,244.64
2963,734,24,2.9,3,0,234.75
2964,475,38,10.8,2,0,193.7
2965,818,25,3.2,4,0,267.72
2966,670,41,12.4,2,0,240.83
2967,811,22,5.7,2,0,227.95
2968,561,12,5.9,2,0,164.91
2969,541,21,0.9,5,0,229.63
2970,871,24,8.1,4,0,269.96
2971,684,36,3.7,3,0,260.84
2972,355,36,13.9,2,0,163.5
2973,902,40,10.4,5,0,320.46
2974,282,27,7.7,4,0,162.8
2975,533,43,6.8,2,0,231.03
2976,883,28,12.2,2,0,242.35
2977,209,5,8.6,1,0,61.06
2978,475,6,1.8,4,1,167.51
2979,655,32,0.9,1,0,219.38
2980,905,16,0.8,2,1,251.99
2981,418,12,10.5,3,1,146.79
2982,964,9,12.1,1,1,208.67
2983,576,41,10.1,2,0,229.88
2984,952,42,6.2,3,1,318.92
2985,313,5,4.5,3,1,119.48
2986,260,35,3.4,3,0,168.88
2987,830,17,10.7,1,1,212.85
2988,610,5,3.4,1,0,142.31
2989,92,16,3.5,4,0,114.77
2990,947,34,7.4,4,0,302.45
2991,272,40,5.9,3,0,181.79
2992,784,25,6.0,2,0,219.53
2993,735,12,10.8,3,1,209.99
2994,611,32,13.0,3,0,216.06
2995,986,20,2.7,4,0,281.41
2996,592,11,12.6,2,0,149.33
2997,181,30,8.6,3,1,157.6
2998,323,36,13.4,4,1,183.22
2999,826,8,14.1,5,1,242.35
3000,171,17,4.1,1,1,105.51
3001,399,30,2.8,3,0,192.87
3002,446,35,5.4,2,0,200.34
3003,725,26,11.7,3,0,228.99
3004,666,10,5.2,4,0,204.44
3005,163,26,4.0,2,1,135.14
3006,274,41,3.1,3,1,205.45
3007,97,22,4.5,1,0,77.5
3008,722,7,4.4,4,0,202.34
3009,854,13,13.1,3,1,221.66
3010,843,43,10.5,3,0,278.7
3011,878,8,10.7,2,0,203.28
3012,526,24,12.3,1,0,156.95
3013,901,11,14.4,3,0,205.72
3014,929,24,14.6,4,1,272.08
3015,711,28,6.4,4,0,251.36
3016,202,43,11.8,2,0,158.17
3017,468,30,1.2,1,0,180.42
3018,747,42,13.2,4,1,282.33
3019,298,30,4.0,5,1,207.77
3020,172,18,11.9,3,1,117.92
3021,337,7,9.0,2,0,103.3
3022,770,30,13.4,4,0,254.58
3023,912,30,5.1,2,1,276.08
3024,237,5,11.5,2,1,89.74
3025,573,15,9.8,4,1,191.34
3026,85,23,10.0,4,0,119.44
3027,269,38,14.6,4,1,186.73
3028,476,37,7.8,3,1,213.69
3029,769,25,7.1,2,0,216.0
3030,557,23,3.8,3,1,205.31
3031,438,44,9.7,2,1,211.79
3032,593,31,4.3,1,0,205.76
3033,171,20,14.9,2,0,100.02
3034,211,20,13.5,2,1,110.15
3035,264,29,13.7,3,0,143.9
3036,914,32,9.5,2,0,261.53
3037,417,21,1.4,4,0,178.68
3038,949,34,7.1,1,0,267.6
3039,200,39,10.3,2,0,149.97
3040,812,17,4.4,2,0,226.86
3041,691,14,6.2,2,0,188.42
3042,777,9,8.2,2,0,186.41
3043,706,24,4.0,4,1,249.42
3044,401,23,10.6,2,0,149.6
3045,930,24,6.2,2,0,261.74
3046,352,16,13.6,4,1,153.81
3047,861,13,2.7,2,0,223.51
3048,244,8,11.9,4,1,115.98
3049,176,36,11.1,2,0,136.98
3050,556,21,1.9,3,0,200.32
3051,607,12,10.4,2,0,162.26
3052,895,36,8.2,1,1,266.01
3053,485,22,6.5,3,0,184.15
3054,274,7,14.6,3,0,98.97
3055,729,17,11.7,1,0,175.35
3056,530,17,7.3,1,0,150.55
3057,101,9,9.3,3,0,68.43
3058,438,29,4.0,4,0,205.57
3059,388,39,3.8,4,1,234.41
3060,488,6,1.8,3,0,140.97
3061,129,15,1.3,3,0,106.62
3062,235,41,3.2,4,0,202.43
3063,475,40,7.5,4,1,246.67
3064,218,31,2.8,2,1,151.65
3065,464,40,7.8,5,1,253.78
3066,157,17,7.3,2,0,95.58
3067,97,33,1.2,5,1,180.65
3068,52,43,12.8,2,1,145.0
3069,945,37,14.0,1,0,268.57
3070,561,36,12.7,3,1,232.66
3071,690,34,12.3,2,0,225.03
3072,224,26,1.8,1,1,127.36
3073,887,15,9.6,3,0,227.46
3074,861,11,14.3,2,0,206.49
3075,381,40,4.6,3,0,207.21
3076,277,21,1.4,2,0,127.22
3077,919,39,4.5,5,0,330.36
3078,74,33,2.9,3,1,156.27
3079,66,15,9.1,3,0,87.47
3080,249,23,13.7,2,0,117.96
3081,972,42,6.9,1,0,296.08
3082,664,5,11.8,2,0,152.6
3083,323,18,7.2,2,1,133.65
3084,935,42,11.0,3,1,315.86
3085,421,27,13.3,1,1,151.57
3086,702,42,3.0,3,0,271.19
3087,74,22,14.8,2,0,76.19
3088,734,5,6.3,2,0,171.88
3089,844,7,1.2,2,0,206.18
3090,813,17,14.4,2,0,203.74
3091,139,32,7.0,1,1,126.48
3092,594,8,5.6,5,1,203.15
3093,692,6,9.3,4,0,193.22
3094,352,19,4.2,5,0,168.43
3095,380,43,2.7,3,0,218.49
3096,834,17,9.1,4,0,242.03
3097,614,20,11.3,4,0,206.55
3098,419,5,10.5,4,0,131.12
3099,601,23,6.0,2,0,187.28
3100,914,22,4.5,5,0,285.18
3101,78,41,1.8,5,0,177.82
3102,514,27,13.3,2,1,187.04
3103,554,37,0.7,3,0,242.03
3104,750,5,3.7,4,0,200.58
3105,775,39,3.4,2,0,262.54
3106,189,39,7.2,3,0,178.54
3107,435,32,14.9,3,0,177.24
3108,765,37,13.2,1,1,232.62
3109,553,31,2.9,3,0,220.33
3110,910,34,10.1,2,0,263.58
3111,443,39,12.4,3,0,201.95
3112,700,21,14.8,1,0,172.61
3113,353,33,2.9,2,1,198.5
3114,725,31,11.9,2,0,221.47
3115,672,36,8.7,5,0,268.71
3116,118,9,4.6,4,0,97.12
3117,81,6,14.8,2,0,39.87
3118,839,16,4.7,5,0,258.32
3119,251,43,11.1,3,0,183.74
3120,762,23,13.4,5,0,250.89
3121,78,33,7.4,1,1,120.53
3122,676,8,13.0,5,0,193.02
3123,921,18,3.1,2,1,253.01
3124,953,40,5.9,3,1,319.17
3125,964,9,5.1,4,1,256.58
3126,383,16,14.8,2,0,119.24
3127,395,41,0.9,5,0,239.96
3128,102,42,3.2,2,0,149.63
3129,99,43,13.7,5,0,168.05
3130,454,29,14.1,3,0,182.12
3131,926,10,12.7,2,0,219.45
3132,217,37,11.7,1,1,150.85
3133,572,23,3.6,4,0,217.95
3134,368,14,7.6,2,0,124.23
3135,475,42,7.3,2,1,216.48
3136,374,19,13.9,2,1,148.34
3137,542,11,6.4,3,0,162.07
3138,340,17,1.5,4,0,160.6
3139,201,33,3.0,2,0,145.14
3140,444,7,12.5,3,1,138.15
3141,788,23,7.3,3,0,239.24
3142,962,33,1.1,3,0,308.04
3143,691,35,1.1,2,1,259.98
3144,530,19,13.1,3,1,178.46
3145,859,26,5.4,3,1,276.45
3146,966,33,1.2,2,1,297.65
3147,830,24,5.7,3,0,249.47
3148,928,31,14.7,4,0,272.17
3149,632,9,10.3,5,0,195.39
3150,545,43,12.6,3,1,241.68
3151,446,16,3.2,2,0,164.92
3152,403,27,5.2,4,0,182.74
3153,979,14,13.3,2,1,240.16
3154,212,34,8.3,3,0,151.98
3155,915,37,5.3,1,1,277.73
3156,316,8,11.6,3,1,118.72
3157,973,38,2.4,4,0,334.8
3158,357,36,1.4,5,0,218.29
3159,136,25,7.4,2,0,104.87
3160,772,21,8.9,1,1,207.61
3161,239,15,6.4,2,1,119.73
3162,475,35,3.4,4,0,223.51
3163,790,25,0.8,1,0,234.83
3164,763,39,13.0,3,0,262.71
3165,900,6,0.8,2,0,215.6
3166,444,40,14.7,3,1,211.02
3167,139,12,4.7,3,0,89.44
3168,399,15,11.0,2,1,134.75
3169,469,37,1.0,5,0,250.76
3170,51,24,10.9,3,0,93.53
3171,431,17,0.6,5,0,193.84
3172,336,35,13.3,4,0,188.64
3173,275,10,1.7,2,1,115.03
3174,759,38,6.0,5,0,290.56
3175,382,27,14.1,5,0,183.81
3176,612,17,2.2,2,0,189.76
3177,361,9,10.3,2,0,100.81
3178,540,17,9.0,3,0,171.53
3179,303,24,13.6,2,0,131.43
3180,624,20,14.0,2,1,182.76
3181,138,31,12.1,3,1,134.61
3182,174,14,11.8,4,0,119.8
3183,770,13,3.8,3,0,212.15
3184,819,44,6.7,2,1,284.36
3185,680,20,6.6,4,0,223.83
3186,182,31,7.2,1,0,119.95
3187,300,11,0.7,2,0,115.87
3188,718,28,13.5,4,0,233.04
3189,601,16,3.8,3,1,208.83
3190,781,24,4.0,4,0,260.21
3191,495,10,5.2,2,0,136.85
3192,961,8,7.8,4,0,247.62
3193,662,30,2.3,5,0,266.29
3194,266,28,4.5,2,1,161.47
3195,204,25,14.5,3,0,114.79
3196,398,28,4.9,5,0,193.54
3197,795,35,6.2,3,0,266.85
3198,666,15,7.6,4,0,220.26
3199,236,14,7.6,2,0,99.91
3200,402,15,10.8,5,0,165.72
3201,310,19,13.7,2,0,117.86
3202,694,40,2.1,3,0,270.84
3203,632,19,13.8,1,0,166.37
3204,201,34,9.2,3,0,165.21
3205,88,43,11.6,2,0,144.57
3206,951,28,1.6,2,0,279.88
3207,119,17,4.4,2,0,86.99
3208,156,8,3.9,3,0,103.55
3209,969,15,11.4,4,0,257.75
3210,86,20,11.8,2,1,94.84
3211,328,42,5.9,2,0,195.06
3212,811,38,7.1,2,0,269.81
3213,451,31,8.0,4,1,203.65
3214,183,9,10.6,4,1,104.71
3215,498,6,2.0,2,1,139.93
3216,373,23,13.5,2,1,147.12
3217,467,21,10.7,5,0,197.22
3218,552,5,1.9,3,1,169.22
3219,929,13,3.8,5,0,266.59
3220,313,38,13.2,2,1,174.49
3221,434,29,4.6,5,0,212.79
3222,87,18,1.0,2,0,94.85
3223,739,17,7.8,2,1,208.71
3224,338,31,11.1,2,1,162.38
3225,115,38,12.3,2,0,134.99
3226,930,17,2.4,3,0,258.78
3227,964,5,9.4,5,1,256.06
3228,338,25,6.7,3,1,173.18
3229,939,24,1.0,4,0,284.89
3230,491,20,2.5,2,0,178.58
3231,867,37,5.5,3,1,293.7
3232,772,22,8.4,4,0,242.84
3233,781,40,6.7,4,0,294.65
3234,397,30,5.8,2,0,171.96
3235,709,11,10.8,5,0,216.41
3236,891,21,11.0,5,0,271.93
3237,823,36,4.7,2,1,285.48
3238,923,14,5.9,3,1,252.36
3239,961,23,6.4,3,1,271.79
3240,506,17,5.2,1,1,165.05
3241,52,22,14.8,1,0,59.06
3242,152,11,9.9,2,0,77.27
3243,192,8,6.0,2,0,82.02
3244,944,11,10.9,3,0,233.84
3245,827,43,3.1,3,1,308.91
3246,504,41,7.2,1,0,210.3
3247,737,9,4.4,2,0,187.22
3248,919,25,8.0,5,1,285.13
3249,590,30,2.6,3,0,220.1
3250,199,20,6.0,3,1,131.49
3251,954,35,13.5,4,1,312.65
3252,784,36,1.4,4,0,289.84
3253,842,28,14.7,4,0,256.08
3254,386,28,14.7,2,1,165.36
3255,838,27,1.0,5,1,298.62
3256,427,34,9.2,3,1,207.53
3257,349,33,10.0,3,1,192.74
3258,359,22,7.8,2,0,143.14
3259,630,21,11.0,3,1,203.07
3260,317,28,4.8,4,0,182.77
3261,865,19,10.4,2,0,225.94
3262,832,7,13.3,4,0,213.13
3263,583,34,10.8,2,1,214.94
3264,237,24,13.7,2,1,126.0
3265,378,26,9.7,2,0,157.4
3266,500,24,3.2,2,0,177.64
3267,537,18,8.6,3,0,186.48
3268,261,44,5.2,3,1,208.39
3269,785,29,13.9,3,1,249.58
3270,875,11,0.9,4,0,245.97
3271,455,9,14.2,3,0,132.09
3272,86,43,1.6,2,1,166.61
3273,596,7,4.1,4,0,178.0
3274,707,39,3.4,2,0,263.81
3275,52,17,5.9,2,0,78.6
3276,698,10,13.3,3,1,194.97
3277,260,26,10.7,4,0,164.01
3278,62,31,13.2,2,0,108.72
3279,451,35,2.2,2,0,205.07
3280,948,41,6.4,5,1,342.33
3281,863,8,6.8,4,0,230.96
3282,687,44,10.3,2,0,256.81
3283,904,43,4.0,4,1,341.26
3284,542,41,3.5,5,0,266.11
3285,668,13,14.8,3,0,179.72
3286,277,33,9.4,3,0,167.09
3287,773,26,8.1,3,0,244.73
3288,703,16,8.3,1,0,171.34
3289,855,12,5.0,4,0,247.91
3290,774,19,14.3,1,1,193.86
3291,789,18,7.2,4,0,238.89
3292,991,19,5.3,3,0,261.81
3293,292,29,7.3,2,0,149.22
3294,936,30,12.5,1,0,252.65
3295,738,22,0.6,3,0,234.71
3296,906,17,9.0,2,0,233.96
3297,482,8,13.1,5,0,162.31
3298,442,28,14.4,3,0,179.74
3299,725,44,3.4,3,1,291.26
3300,395,27,11.9,4,0,190.32
3301,870,9,11.6,5,0,231.82
3302,796,43,2.1,3,1,298.12
3303,629,5,9.2,1,0,138.36
3304,664,12,2.7,3,0,199.74
3305,950,25,9.0,4,0,279.07
3306,634,44,3.1,4,1,288.58
3307,911,12,8.2,3,0,232.67
3308,469,43,2.1,2,1,226.23
3309,882,19,0.8,2,0,242.66
3310,449,28,9.8,2,0,172.41
3311,781,25,9.2,3,0,231.24
3312,234,28,9.3,3,0,154.03
3313,814,20,1.9,4,0,259.79
3314,883,5,7.1,1,0,185.28
3315,754,24,13.1,3,0,230.87
3316,750,35,12.8,1,1,238.6
3317,869,22,9.4,2,1,230.36
3318,828,41,5.6,3,0,290.46
3319,190,43,10.4,2,1,172.59
3320,73,42,13.9,4,0,158.43
3321,495,13,5.2,2,1,160.99
3322,343,37,2.0,3,0,203.2
3323,538,11,9.1,5,0,186.07
3324,457,31,11.3,2,0,175.38
3325,439,11,13.8,3,1,148.23
3326,440,41,9.0,1,1,200.2
3327,373,42,11.2,3,0,208.99
3328,830,18,3.7,5,0,261.46
3329,958,41,1.3,4,0,333.59
3330,987,32,0.9,2,1,298.21
3331,461,35,3.4,2,0,197.83
3332,882,37,14.6,5,1,301.49
3333,360,11,12.2,1,1,103.66
3334,902,20,9.0,4,0,264.39
3335,51,11,8.3,2,0,66.31
3336,160,22,8.6,4,0,129.74
3337,318,16,8.3,2,1,128.25
3338,188,27,2.7,4,0,154.59
3339,850,16,8.2,3,1,235.66
3340,928,14,7.9,3,0,245.29
3341,835,14,5.3,4,0,238.05
3342,665,17,6.4,1,1,185.95
3343,179,36,6.2,2,1,150.29
3344,431,43,9.4,3,0,218.42
3345,151,28,4.8,5,0,157.68
3346,952,20,12.7,5,0,276.98
3347,880,12,3.0,2,0,231.17
3348,111,12,7.1,4,0,100.22
3349,403,19,1.7,3,0,167.49
3350,220,37,2.9,2,1,178.03
3351,640,34,4.4,2,0,232.92
3352,274,39,14.3,2,1,167.16
3353,75,39,9.2,3,0,144.85
3354,158,14,2.9,1,1,95.75
3355,151,44,9.8,3,0,163.05
3356,768,24,0.6,3,0,244.59
3357,788,33,9.9,1,1,237.09
3358,107,25,3.5,4,1,143.26
3359,887,20,0.6,2,0,245.33
3360,269,25,10.2,2,0,129.81
3361,724,19,7.5,3,0,209.52
3362,336,27,5.2,2,0,156.58
3363,626,41,6.5,3,0,242.89
3364,665,13,8.3,2,1,186.55
3365,476,32,7.9,1,0,178.72
3366,225,9,13.5,2,0,87.06
3367,469,34,14.9,5,0,220.77
3368,810,8,11.6,4,1,214.1
3369,263,12,7.7,3,1,125.29
3370,101,9,2.1,4,0,95.16
3371,374,37,12.3,3,1,190.0
3372,804,23,7.3,3,1,241.39
3373,545,35,12.9,1,1,207.5
3374,148,27,13.0,2,1,121.39
3375,149,43,14.2,2,0,143.81
3376,150,30,10.5,1,0,108.97
3377,958,7,6.7,4,0,256.99
3378,616,23,12.4,3,0,196.92
3379,494,31,1.5,3,0,210.59
3380,944,36,2.7,3,1,317.98
3381,787,6,3.8,4,0,200.38
3382,231,30,10.3,4,1,172.58
3383,933,19,14.9,2,0,228.84
3384,254,34,9.1,5,0,193.03
3385,240,12,13.0,5,0,123.24
3386,581,42,9.7,4,1,263.68
3387,757,15,10.3,4,1,220.53
3388,339,16,5.4,3,0,138.14
3389,73,14,3.0,4,0,103.45
3390,446,10,5.2,3,0,140.25
3391,180,6,9.4,2,0,72.45
3392,858,24,9.4,3,0,251.83
3393,896,37,8.7,3,0,284.9
3394,381,34,13.5,2,0,168.12
3395,343,11,6.6,2,0,114.69
3396,208,40,9.5,3,0,172.59
3397,235,34,5.4,5,0,184.89
3398,267,7,14.7,2,0,78.14
3399,238,29,9.9,2,0,137.16
3400,765,13,5.8,2,0,197.48
3401,452,8,13.0,5,0,157.77
3402,816,14,13.7,4,0,219.67
3403,164,21,14.7,4,1,127.79
3404,313,35,13.5,4,0,183.89
3405,467,15,13.6,5,1,188.49
3406,321,18,7.7,2,0,124.49
3407,711,26,10.5,5,0,256.92
3408,78,12,5.3,3,1,87.86
3409,876,18,7.4,4,0,248.01
3410,277,10,12.6,1,1,89.59
3411,713,40,9.1,3,1,273.56
3412,241,25,6.7,2,0,138.28
3413,778,16,11.7,4,0,228.54
3414,111,34,3.6,1,1,134.18
3415,802,37,10.2,3,0,269.27
3416,401,29,4.2,3,0,181.81
3417,672,29,4.8,2,1,233.14
3418,677,35,0.7,2,0,242.19
3419,781,29,2.6,2,0,243.81
3420,678,19,12.1,4,0,211.45
3421,226,28,1.5,2,0,152.07
3422,672,38,3.7,4,0,266.45
3423,891,14,13.3,5,0,249.75
3424,210,10,1.9,2,0,105.63
3425,625,37,9.5,3,0,235.76
3426,267,28,11.3,5,0,169.55
3427,839,12,13.5,4,0,224.97
3428,395,12,1.0,2,0,144.97
3429,64,14,7.0,1,0,65.31
3430,267,40,6.3,3,1,193.56
3431,631,35,8.5,4,0,248.88
3432,121,12,1.4,1,0,75.21
3433,412,22,9.9,5,1,191.97
3434,712,24,5.1,4,1,258.79
3435,166,15,6.4,3,0,110.95
3436,123,30,1.9,3,0,151.97
3437,563,21,1.4,3,0,205.39
3438,803,35,6.3,5,1,302.78
3439,630,32,11.0,3,1,235.62
3440,456,16,3.5,2,0,154.75
3441,348,32,1.5,4,0,198.68
3442,61,7,2.1,2,0,56.97
3443,943,38,6.3,1,1,277.86
3444,701,9,12.7,4,1,193.84
3445,407,18,3.9,2,0,155.97
3446,770,29,12.7,4,1,248.42
3447,419,40,9.8,4,1,218.04
3448,710,41,11.6,4,0,269.1
3449,947,33,7.9,2,0,280.35
3450,267,14,2.7,2,0,121.97
3451,597,24,9.9,3,0,190.97
3452,679,15,5.3,5,0,226.9
3453,679,44,4.4,3,0,279.97
3454,266,14,8.6,1,0,98.3
3455,198,44,14.0,1,0,158.97
3456,293,22,6.1,1,0,120.89
3457,505,8,9.3,3,0,153.67
3458,562,35,6.8,4,0,240.69
3459,82,7,10.7,5,1,103.39
3460,78,8,11.6,4,0,70.34
3461,557,14,5.2,4,0,192.96
3462,107,26,12.3,4,1,136.07
3463,93,7,2.7,3,0,75.63
3464,252,5,5.2,3,1,108.84
3465,909,5,6.4,2,1,228.82
3466,392,6,1.6,4,0,135.12
3467,587,11,3.9,2,1,185.99
3468,736,43,7.5,2,0,264.58
3469,575,41,2.2,5,0,272.28
3470,875,35,0.8,3,0,297.14
3471,404,13,12.5,3,1,151.39
3472,792,26,10.4,2,0,223.6
3473,103,31,14.4,5,0,139.86
3474,217,9,9.5,3,0,97.23
3475,802,6,5.0,2,0,190.95
3476,388,14,7.7,2,1,138.69
3477,66,28,2.1,4,0,142.69
3478,888,35,9.9,3,0,270.96
3479,397,34,7.4,1,1,177.2
3480,184,30,12.7,2,1,136.83
3481,874,16,12.2,4,1,245.11
3482,581,43,9.1,2,0,235.45
3483,393,8,10.5,4,0,135.18
3484,512,40,14.5,3,1,222.61
3485,684,12,8.1,2,0,174.93
3486,523,13,7.0,3,0,169.32
3487,763,31,9.8,3,1,250.74
3488,361,25,4.8,4,0,189.42
3489,962,15,14.7,4,0,245.08
3490,900,44,3.9,5,0,334.52
3491,302,42,6.6,3,0,196.41
3492,765,20,7.6,1,0,210.66
3493,257,40,10.4,3,1,190.84
3494,432,30,11.6,2,1,170.44
3495,73,19,7.2,4,0,103.48
3496,313,32,13.1,3,1,172.29
3497,612,14,9.2,4,0,196.23
3498,325,32,13.0,1,0,157.0
3499,890,34,5.9,4,0,294.01
3500,796,22,11.9,1,1,215.88
3501,108,13,1.1,2,0,86.27
3502,423,29,8.4,4,0,208.18
3503,848,5,2.7,3,0,213.61
3504,192,31,13.5,3,0,136.87
3505,199,40,11.6,5,0,181.64
3506,772,17,8.7,4,1,229.69
3507,203,23,13.8,1,1,101.03
3508,377,28,1.7,2,0,172.63
3509,792,12,11.2,4,0,225.94
3510,754,41,3.0,2,1,283.28
3511,151,5,12.8,5,1,111.14
3512,415,40,0.8,2,0,217.14
3513,161,12,6.7,2,1,86.32
3514,740,7,10.3,5,0,208.95
3515,242,26,5.0,2,0,145.83
3516,402,40,14.8,3,0,199.95
3517,684,40,9.6,2,0,252.34
3518,519,39,4.2,2,0,219.14
3519,719,6,7.1,2,0,173.99
3520,253,22,1.4,2,0,134.19
3521,61,39,14.5,2,0,120.64
3522,747,44,4.8,2,0,268.95
3523,879,13,5.9,5,1,267.73
3524,420,30,3.6,2,0,172.71
3525,129,13,2.3,2,1,101.93
3526,754,40,12.4,3,0,259.61
3527,349,22,1.7,5,1,198.79
3528,665,28,11.8,2,0,207.87
3529,671,6,3.5,1,0,156.99
3530,520,10,1.1,5,1,198.3
3531,737,22,3.1,4,0,229.34
3532,562,17,10.0,2,0,157.37
3533,241,38,6.8,3,0,176.94
3534,776,24,11.9,3,0,223.67
3535,424,8,6.8,4,1,152.84
3536,971,8,7.9,2,0,215.17
3537,746,19,1.2,3,0,227.63
3538,629,15,11.6,3,0,191.54
3539,100,23,14.3,3,0,93.22
3540,383,6,0.7,1,0,107.07
3541,532,39,11.5,2,1,213.24
3542,688,5,3.3,1,1,167.28
3543,341,42,6.7,3,0,208.92
3544,347,18,13.7,4,0,153.2
3545,102,31,9.4,4,1,148.16
3546,103,43,0.7,2,0,162.57
3547,852,25,4.7,4,0,273.47
3548,786,25,9.9,3,1,237.04
3549,865,22,7.4,4,0,257.13
3550,999,26,5.2,3,0,287.46
3551,611,18,12.6,3,1,191.91
3552,395,22,6.9,2,1,156.61
3553,366,39,0.8,4,1,225.66
3554,430,43,9.1,2,0,203.09
3555,629,41,7.3,2,0,238.25
3556,828,12,9.7,1,0,196.5
3557,579,27,8.8,4,0,209.41
3558,573,31,0.6,2,1,220.86
3559,279,14,10.7,2,1,114.83
3560,962,37,14.1,5,0,318.41
3561,281,10,5.3,4,1,136.54
3562,451,20,7.0,4,1,188.63
3563,414,22,9.2,3,0,159.47
3564,156,20,6.9,4,1,135.12
3565,557,16,8.7,2,1,175.44
3566,444,11,14.0,3,1,139.97
3567,236,25,5.1,3,1,147.15
3568,669,34,8.6,4,1,267.35
3569,146,27,9.8,3,0,129.55
3570,767,38,0.7,2,0,274.91
3571,411,16,3.2,4,0,178.79
3572,291,14,8.3,1,0,101.25
3573,153,40,5.8,2,1,163.84
3574,368,16,8.1,3,0,143.12
3575,889,22,1.3,4,0,275.93
3576,392,10,11.2,2,1,130.98
3577,573,44,3.5,2,1,253.87
3578,851,13,8.2,2,0,216.42
3579,749,36,12.3,2,0,243.18
3580,340,6,6.7,1,0,87.86
3581,538,40,9.1,2,0,221.38
3582,221,13,3.4,3,0,121.23
3583,954,6,12.5,2,1,212.45
3584,910,30,8.8,2,0,255.37
3585,188,42,9.2,3,0,170.89
3586,115,15,2.3,2,1,98.13
3587,912,41,6.0,1,0,284.57
3588,500,25,5.5,3,1,205.33
3589,298,7,12.9,2,0,86.46
3590,589,31,6.3,3,0,226.36
3591,398,23,11.8,2,0,151.61
3592,363,19,5.8,2,1,160.75
3593,699,44,10.7,2,0,259.49
3594,456,14,12.7,2,0,128.11
3595,243,10,5.7,3,0,115.22
3596,340,22,8.4,3,0,150.08
3597,897,10,4.5,4,0,239.54
3598,588,20,13.8,2,0,174.39
3599,423,20,8.2,2,0,148.73
3600,151,23,4.4,1,0,104.06
3601,215,15,1.6,4,0,127.07
3602,829,30,1.7,4,0,280.56
3603,143,5,8.5,1,0,50.23
3604,189,24,1.9,4,0,149.75
3605,58,11,0.7,4,0,105.32
3606,158,30,7.9,2,1,144.18
3607,272,22,6.9,3,0,142.77
3608,704,22,14.7,1,0,185.81
3609,228,38,1.8,3,0,177.48
3610,127,16,8.4,2,0,87.38
3611,828,33,14.7,4,1,277.51
3612,863,15,12.5,2,0,210.85
3613,391,43,12.2,2,1,198.44
3614,519,15,11.4,3,0,173.85
3615,194,21,13.7,2,0,102.4
3616,69,6,11.0,2,0,48.21
3617,51,11,5.5,5,1,107.78
3618,185,42,9.8,2,0,155.34
3619,750,18,12.6,3,0,210.72
3620,395,33,6.5,2,0,179.39
3621,563,40,13.5,2,0,219.79
3622,734,39,3.9,3,0,265.74
3623,196,35,11.7,4,0,166.77
3624,745,29,5.9,1,0,220.98
3625,222,28,13.5,3,1,142.43
3626,960,29,2.7,2,0,278.92
3627,204,43,14.3,2,0,156.93
3628,216,24,13.5,4,0,135.04
3629,143,12,11.5,4,0,111.06
3630,131,32,7.4,4,0,152.38
3631,913,7,13.6,3,0,217.75
3632,542,24,12.2,2,0,175.93
3633,570,34,7.9,3,0,210.4
3634,66,26,11.3,1,1,83.22
3635,509,28,10.5,3,1,192.0
3636,857,25,8.1,3,1,258.03
3637,396,31,12.0,1,1,158.73
3638,228,24,2.7,3,0,144.48
3639,749,23,13.4,4,0,231.22
3640,279,12,6.8,2,0,114.08
3641,334,32,11.5,3,0,165.24
3642,852,6,7.0,3,0,204.27
3643,405,39,11.0,3,1,205.69
3644,574,44,4.8,4,1,266.12
3645,980,22,9.3,4,1,277.27
3646,465,27,12.8,1,0,156.23
3647,318,13,1.7,1,0,116.88
3648,720,25,13.5,3,1,222.13
3649,733,34,8.4,4,0,257.57
3650,451,5,4.9,1,0,114.34
3651,606,5,10.4,5,0,169.39
3652,475,12,9.2,2,0,138.13
3653,955,37,12.1,3,1,300.61
3654,722,6,2.5,4,1,217.06
3655,640,28,3.5,4,0,240.01
3656,417,42,12.9,1,0,172.65
3657,696,36,9.6,2,0,234.02
3658,805,32,1.0,2,0,249.34
3659,100,17,5.9,5,1,128.51
3660,480,42,9.5,5,0,246.91
3661,94,13,13.1,3,0,79.89
3662,923,44,8.9,2,0,293.35
3663,769,24,9.9,2,0,216.95
3664,721,39,6.5,2,0,247.44
3665,159,5,12.7,4,0,85.41
3666,97,41,7.2,4,0,157.24
3667,710,8,6.4,4,0,194.65
3668,885,26,7.6,3,0,261.75
3669,79,40,2.9,4,1,169.09
3670,502,15,10.2,1,0,134.62
3671,545,24,4.3,5,0,226.19
3672,301,42,13.5,3,1,187.44
3673,988,13,2.6,2,0,247.4
3674,520,21,14.2,4,0,183.17
3675,836,19,10.3,3,1,241.98
3676,119,18,5.3,5,0,131.34
3677,323,9,2.2,4,0,137.51
3678,159,13,6.8,3,0,112.47
3679,54,17,2.2,2,1,91.23
3680,389,18,3.5,3,0,157.57
3681,350,26,7.5,2,1,156.02
3682,57,24,13.5,3,1,108.23
3683,753,28,10.3,3,0,241.87
3684,486,25,8.8,2,1,186.72
3685,992,29,6.7,2,1,285.06
3686,632,24,13.3,4,0,221.57
3687,284,12,4.8,3,0,121.98
3688,344,40,5.2,4,0,209.85
3689,369,31,4.0,2,0,180.68
3690,250,43,14.7,2,0,167.97
3691,602,42,4.9,4,1,274.19
3692,683,37,11.9,4,1,266.64
3693,243,40,10.5,3,1,190.71
3694,830,42,1.6,2,0,298.04
3695,602,7,9.8,2,1,160.5
3696,348,8,12.0,4,1,130.88
3697,813,13,9.9,4,1,234.11
3698,703,41,11.4,3,1,264.82
3699,447,44,9.9,5,1,250.17
3700,912,39,4.5,2,0,289.21
3701,571,18,13.7,5,1,196.92
3702,555,38,8.5,1,0,206.43
3703,674,30,8.1,2,0,219.42
3704,288,14,14.9,1,1,93.1
3705,301,14,12.4,3,1,130.18
3706,744,40,13.5,2,0,244.9
3707,97,12,11.4,2,0,72.13
3708,994,31,11.4,2,1,278.98
3709,152,13,11.2,4,1,104.99
3710,520,33,3.0,3,1,226.81
3711,519,32,13.5,4,1,218.58
3712,918,6,0.6,4,1,241.33
3713,977,30,14.3,4,0,292.43
3714,648,23,5.3,5,1,249.08
3715,907,28,8.3,2,0,259.47
3716,746,30,5.0,3,0,244.83
3717,304,39,13.3,4,0,185.41
3718,778,23,4.1,5,0,273.92
3719,413,19,2.0,1,0,146.28
3720,677,34,5.7,2,1,242.39
3721,677,34,2.3,3,0,245.75
3722,205,23,1.8,2,1,135.79
3723,933,20,6.2,2,0,247.34
3724,599,31,0.8,3,0,234.21
3725,144,20,10.6,2,1,114.72
3726,269,34,12.6,4,1,182.48
3727,474,10,2.9,2,0,145.42
3728,670,23,3.5,2,0,216.11
3729,779,23,13.1,1,0,199.97
3730,643,25,12.9,3,0,196.55
3731,257,40,2.6,5,1,218.77
3732,224,7,13.6,4,0,103.01
3733,971,9,2.8,2,0,230.93
3734,325,14,7.5,2,0,114.46
3735,942,21,4.6,5,0,297.53
3736,460,22,2.9,1,1,180.84
3737,439,9,1.1,4,0,169.13
3738,332,37,10.2,3,1,188.67
3739,249,32,5.8,2,1,159.95
3740,836,44,4.0,3,0,305.12
3741,340,33,8.9,2,0,170.71
3742,781,39,14.3,4,0,269.36
3743,736,24,2.3,3,1,243.63
3744,754,15,2.7,3,0,216.62
3745,355,23,3.8,1,0,145.43
3746,549,10,2.8,3,1,178.82
3747,183,11,10.1,2,0,79.13
3748,69,31,12.6,5,0,137.08
3749,665,42,7.8,2,0,247.2
3750,922,20,4.1,4,1,269.03
3751,108,36,7.9,3,0,143.71
3752,826,33,10.7,1,0,237.53
3753,575,29,11.5,2,1,205.72
3754,788,17,11.3,3,1,222.5
3755,790,43,4.8,3,1,299.12
3756,320,34,9.6,2,0,165.68
3757,745,6,4.0,4,0,202.81
3758,108,15,6.5,1,1,69.67
3759,991,20,12.5,4,0,265.34
3760,390,28,14.0,4,1,183.67
3761,579,32,3.3,3,1,242.75
3762,529,44,14.8,2,1,226.47
3763,93,38,9.0,3,1,154.22
3764,148,39,1.0,3,0,170.53
3765,681,43,11.5,3,0,264.87
3766,277,43,9.8,3,1,197.03
3767,633,43,0.7,3,0,276.11
3768,736,14,0.9,3,0,212.06
3769,170,32,11.9,2,1,137.66
3770,467,40,4.0,2,1,217.38
3771,841,38,7.4,2,0,258.8
3772,224,40,10.1,3,1,179.32
3773,631,26,10.7,3,0,213.9
3774,587,38,0.6,2,0,243.51
3775,803,19,14.3,2,0,203.8
3776,399,25,1.7,4,0,187.4
3777,798,34,9.1,1,0,233.07
3778,829,34,11.0,3,1,275.46
3779,729,21,1.1,2,0,232.25
3780,602,5,7.1,4,0,175.77
3781,900,13,14.9,3,0,216.6
3782,401,30,5.5,4,0,203.23
3783,65,42,14.1,4,1,160.3
3784,304,36,11.6,3,0,171.97
3785,531,33,10.2,1,1,185.7
3786,545,36,3.4,4,0,240.96
3787,507,26,9.7,5,0,213.82
3788,943,21,3.6,4,1,289.61
3789,182,11,10.5,4,1,117.84
3790,355,5,11.0,5,0,125.34
3791,180,24,11.6,2,0,113.62
3792,803,31,12.0,3,1,265.09
3793,379,43,4.2,3,0,217.81
3794,828,18,9.8,3,1,250.37
3795,785,39,4.8,2,1,278.43
3796,490,11,6.9,3,0,157.36
3797,970,37,1.3,4,1,331.83
3798,996,26,11.0,1,1,263.59
3799,432,21,3.2,4,1,201.4
3800,652,38,6.0,3,0,245.17
3801,482,26,4.8,3,0,192.94
3802,726,24,14.3,2,0,206.12
3803,215,20,2.6,1,0,103.81
3804,143,23,1.7,5,0,160.19
3805,186,29,13.4,4,0,151.33
3806,608,32,13.9,3,1,225.76
3807,404,10,14.6,3,0,128.57
3808,396,14,14.6,4,0,144.66
3809,780,15,4.6,2,0,209.82
3810,643,7,1.4,3,0,181.22
3811,384,6,7.1,3,0,120.42
3812,175,32,11.7,5,1,170.83
3813,677,25,10.3,3,1,230.85
3814,760,16,3.6,4,1,230.78
3815,753,7,4.6,5,0,225.06
3816,723,34,9.9,3,0,242.92
3817,475,32,2.8,2,1,207.57
3818,228,19,9.0,2,0,107.08
3819,918,36,14.7,3,0,289.72
3820,400,31,2.2,5,1,226.13
3821,898,22,5.1,3,1,260.18
3822,951,22,7.0,2,1,254.99
3823,463,16,8.3,2,0,149.35
3824,317,25,10.3,1,0,128.2
3825,867,28,3.2,5,0,296.41
3826,668,20,5.2,3,0,208.72
3827,240,42,0.9,2,0,191.26
3828,224,18,14.2,4,0,121.92
3829,433,30,14.7,2,1,164.41
3830,66,26,7.4,2,0,99.14
3831,160,8,11.1,3,1,81.83
3832,532,34,5.4,2,0,203.76
3833,888,7,2.9,3,0,221.05
3834,798,41,14.8,2,0,271.62
3835,723,18,3.0,3,1,224.77
3836,280,41,4.6,3,1,201.28
3837,322,6,4.1,1,0,90.41
3838,614,38,11.9,2,1,230.73
3839,219,8,10.0,3,1,104.95
3840,887,37,7.3,3,0,294.07
3841,403,26,5.1,5,0,211.99
3842,955,42,3.8,5,0,345.35
3843,122,27,9.1,4,1,151.47
3844,439,38,11.3,3,0,208.99
3845,872,12,10.6,4,1,248.32
3846,170,10,4.7,5,0,118.98
3847,562,40,8.0,3,0,242.95
3848,834,29,8.1,1,0,224.6
3849,487,31,0.5,3,0,202.87
3850,701,35,0.8,4,1,272.7
3851,236,5,12.3,2,0,76.47
3852,629,11,2.5,2,0,181.6
3853,240,18,6.1,1,0,107.67
3854,764,30,4.3,3,0,253.65
3855,65,27,10.1,3,0,112.15
3856,981,22,9.9,5,0,288.91
3857,420,21,3.0,3,1,184.32
3858,290,44,2.5,2,0,192.93
3859,774,32,7.1,4,0,268.28
3860,464,12,11.8,4,1,169.59
3861,53,33,9.8,3,0,122.71
3862,921,43,6.5,5,0,328.44
3863,735,26,11.0,5,0,245.32
3864,160,37,10.4,3,0,153.49
3865,816,31,9.6,3,1,266.4
3866,90,43,8.8,2,0,142.95
3867,103,26,10.6,4,0,125.29
3868,766,25,10.1,4,0,244.09
3869,686,29,1.3,4,1,263.12
3870,829,13,10.7,4,0,228.66
3871,349,43,3.5,2,1,212.04
3872,991,44,11.6,2,1,303.21
3873,371,18,11.4,2,0,134.04
3874,824,23,3.9,2,0,235.46
3875,101,27,9.9,2,0,100.92
3876,258,34,2.9,3,1,176.36
3877,922,10,5.7,3,0,230.8
3878,496,35,8.2,3,0,213.53
3879,449,42,13.9,3,0,215.2
3880,704,41,1.7,3,1,285.93
3881,94,41,9.6,3,0,150.52
3882,439,16,7.5,2,0,145.5
3883,70,42,8.4,2,0,139.86
3884,118,6,14.8,3,0,63.3
3885,641,11,1.1,2,0,182.58
3886,80,27,11.3,4,0,125.61
3887,142,7,3.1,1,0,69.76
3888,895,19,2.5,1,0,222.56
3889,212,37,5.6,3,0,168.14
3890,676,40,3.8,3,0,265.28
3891,837,21,13.3,2,1,232.13
3892,275,30,8.3,3,0,163.61
3893,285,28,9.2,3,1,169.69
3894,543,12,10.1,2,0,143.33
3895,749,36,5.8,2,0,248.27
3896,443,30,14.4,3,0,173.31
3897,115,14,7.8,4,1,111.58
3898,784,13,1.7,2,0,204.37
3899,810,27,11.2,4,0,257.25
3900,298,17,0.9,2,0,130.61
3901,760,8,8.0,5,1,224.85
3902,466,24,4.9,4,1,201.98
3903,468,23,6.7,5,0,202.19
3904,401,9,7.1,3,0,133.26
3905,612,14,5.1,3,0,192.5
3906,194,19,5.1,2,1,120.79
3907,295,29,13.5,3,0,146.92
3908,841,30,10.8,3,1,263.48
3909,410,11,1.0,3,0,155.1
3910,539,36,5.5,3,0,222.88
3911,675,42,5.7,4,0,280.68
3912,838,24,13.5,1,0,215.57
3913,730,26,13.0,3,1,228.87
3914,520,25,3.8,4,0,214.08
3915,654,13,11.8,3,0,173.12
3916,603,32,7.3,4,0,227.09
3917,567,20,6.5,3,0,186.71
3918,107,44,10.9,4,1,186.87
3919,967,25,4.5,3,1,293.29
3920,361,36,2.1,3,0,197.83
3921,799,38,1.0,4,1,309.39
3922,542,32,11.0,2,0,192.72
3923,623,36,11.7,2,1,225.05
3924,350,42,6.2,2,0,201.58
3925,235,35,5.2,1,0,144.05
3926,317,16,2.8,4,0,158.72
3927,594,5,12.4,1,1,129.0
3928,559,10,3.5,2,0,159.29
3929,207,28,13.7,5,0,161.26
3930,916,19,3.9,5,0,280.73
3931,705,21,5.9,1,1,205.17
3932,615,6,10.6,2,0,150.71
3933,128,11,14.1,2,0,72.26
3934,144,34,10.1,4,0,159.2
3935,837,27,9.3,2,0,244.41
3936,130,16,1.2,3,0,104.51
3937,669,30,2.8,1,0,215.49
3938,96,11,2.5,3,1,99.79
3939,903,44,5.1,2,0,302.03
3940,780,16,9.9,2,1,205.55
3941,132,20,11.8,3,1,112.25
3942,739,29,8.9,3,1,247.57
3943,448,29,4.3,3,0,192.09
3944,975,22,14.7,3,1,265.47
3945,370,10,11.9,2,0,108.81
3946,461,6,7.0,2,0,134.78
3947,359,15,1.8,2,1,149.17
3948,371,25,4.3,3,0,174.7
3949,481,7,12.0,5,1,165.53
3950,724,27,7.2,5,0,259.07
3951,745,36,1.6,4,0,287.75
3952,872,42,2.5,5,0,325.36
3953,437,23,0.5,4,1,208.34
3954,309,31,1.4,1,0,150.57
3955,882,7,3.5,2,0,202.72
3956,688,10,4.7,2,1,184.79
3957,60,5,7.8,4,0,75.43
3958,798,29,3.1,1,0,234.01
3959,229,22,6.4,4,0,151.56
3960,278,33,5.4,2,1,170.07
3961,381,13,14.9,1,0,108.95
3962,800,33,14.5,2,1,250.73
3963,951,13,4.5,2,0,229.77
3964,335,33,6.4,1,0,154.48
3965,329,43,1.3,2,0,201.89
3966,565,21,2.9,3,1,209.9
3967,252,30,4.8,2,0,148.46
3968,694,44,6.3,4,0,286.98
3969,834,24,10.6,3,0,233.13
3970,773,31,6.4,2,1,253.52
3971,629,20,6.0,1,0,180.1
3972,808,26,10.6,5,0,272.4
3973,551,44,10.2,3,0,241.71
3974,481,8,10.4,4,0,161.22
3975,368,18,8.0,3,1,158.78
3976,184,34,11.4,5,0,169.59
3977,617,30,6.5,4,0,231.17
3978,994,5,8.2,5,0,247.74
3979,82,19,8.2,3,0,102.71
3980,663,39,2.6,3,0,242.55
3981,589,30,11.4,2,0,204.85
3982,445,31,5.1,2,1,202.2
3983,923,30,5.9,2,0,274.49
3984,702,32,2.9,1,0,227.95
3985,821,26,0.7,3,1,276.87
3986,724,14,0.6,2,0,203.71
3987,423,25,9.1,3,0,165.98
3988,861,44,4.6,2,0,291.21
3989,693,36,11.7,3,0,244.07
3990,539,19,2.3,3,1,196.87
3991,328,6,12.0,1,1,88.97
3992,513,10,14.4,3,1,156.89
3993,304,26,10.5,2,1,151.62
3994,714,31,7.1,2,1,238.62
3995,174,23,12.6,2,0,109.23
3996,326,10,7.9,4,0,137.11
3997,57,11,11.1,2,1,71.03
3998,617,37,14.0,4,0,248.51
3999,268,23,2.0,1,1,140.69
4000,692,24,5.3,2,0,208.64
4001,397,10,10.4,2,0,121.25
4002,874,10,8.5,5,1,246.0
4003,990,8,3.9,2,0,238.03
4004,291,33,4.4,2,0,164.98
4005,318,32,5.4,3,0,182.56
4006,845,8,8.3,3,0,213.49
4007,692,32,13.6,5,0,251.73
4008,209,18,12.4,1,1,98.68
4009,572,38,0.7,1,1,233.51
4010,692,32,4.4,1,0,225.71
4011,928,38,9.6,3,1,298.22
4012,425,27,7.6,1,0,165.29
4013,678,37,14.2,2,0,236.17
4014,244,8,6.8,3,0,92.39
4015,134,18,1.9,5,0,135.58
4016,999,24,14.6,1,0,238.31
4017,310,43,7.9,2,1,193.11
4018,129,6,7.0,2,1,68.06
4019,539,18,10.6,3,0,174.14
4020,269,22,1.5,2,0,148.03
4021,57,21,10.5,4,0,103.92
4022,881,31,1.7,3,0,289.72
4023,386,6,1.6,2,0,120.56
4024,201,28,3.2,5,0,175.76
4025,200,27,10.5,3,0,128.24
4026,893,11,1.7,1,1,213.89
4027,722,26,5.2,4,0,245.9
4028,323,15,8.0,5,0,147.65
4029,737,35,14.1,4,0,262.51
4030,140,24,3.3,4,0,142.93
4031,246,39,4.3,2,0,167.1
4032,244,10,11.7,2,1,97.76
4033,556,43,8.2,3,0,234.47
4034,858,36,7.2,2,0,272.13
4035,731,16,3.5,3,0,214.12
4036,430,10,2.9,2,0,136.96
4037,261,19,5.3,3,1,146.8
4038,408,28,14.6,5,0,197.25
4039,880,10,5.9,2,1,214.65
4040,731,9,6.8,4,0,201.07
4041,977,18,13.0,3,0,245.99
4042,211,5,14.6,2,0,64.88
4043,402,12,5.5,5,0,167.32
4044,167,25,13.6,4,0,134.48
4045,232,13,8.3,4,1,132.89
4046,77,11,10.9,2,1,73.92
4047,739,38,9.0,3,0,266.8
4048,447,25,2.4,2,0,171.77
4049,89,38,11.4,3,1,158.05
4050,558,26,4.7,2,1,201.95
4051,357,13,7.1,2,1,131.88
4052,391,27,14.0,3,0,165.29
4053,600,36,3.3,1,0,218.47
4054,370,31,1.3,2,0,174.12
4055,610,20,12.7,4,0,201.64
4056,499,25,2.7,4,0,206.91
4057,125,14,1.4,5,0,126.47
4058,874,32,0.8,3,0,275.61
4059,378,40,4.6,3,1,210.85
4060,439,43,3.9,1,0,201.13
4061,695,35,8.4,1,0,220.01
4062,566,7,0.9,3,0,171.36
4063,400,34,7.4,3,0,187.21
4064,195,25,14.7,3,0,119.5
4065,160,44,1.9,1,1,166.74
4066,533,24,5.8,3,1,210.94
4067,498,34,9.6,2,1,208.04
4068,585,20,1.4,3,0,208.21
4069,186,21,0.7,3,0,124.54
4070,282,35,6.2,5,0,200.66
4071,192,5,12.5,5,0,107.76
4072,936,30,9.0,4,0,293.28
4073,633,38,3.7,2,0,251.06
4074,914,33,7.9,3,0,290.31
4075,594,6,12.8,4,1,177.76
4076,289,42,5.3,2,0,190.63
4077,344,18,7.6,5,0,158.7
4078,578,12,8.6,2,1,162.14
4079,696,33,7.7,1,0,224.33
4080,260,15,2.5,2,0,122.92
4081,501,7,3.1,5,0,178.48
4082,964,28,1.9,5,1,322.42
4083,220,18,3.8,2,0,124.71
4084,656,41,2.1,3,0,264.16
4085,827,26,12.5,4,1,251.87
4086,926,27,11.2,1,0,236.83
4087,894,10,4.5,4,0,232.53
4088,461,8,2.3,3,0,150.84
4089,483,42,1.5,2,1,240.85
4090,516,44,6.2,3,0,248.76
4091,417,13,2.7,1,0,134.64
4092,932,39,2.8,1,0,285.88
4093,355,26,11.3,4,0,172.37
4094,87,37,9.5,2,0,126.13
4095,239,41,8.0,1,1,164.3
4096,155,30,7.8,1,0,114.05
4097,70,12,11.8,4,1,99.27
4098,449,24,2.0,3,0,184.89
4099,113,7,11.9,2,0,50.75
4100,146,17,1.6,2,1,116.12
4101,340,28,13.0,4,0,181.39
4102,793,32,11.5,4,0,263.94
4103,325,29,3.1,1,1,155.49
4104,648,35,11.2,4,0,250.7
4105,751,21,12.5,1,1,188.93
4106,928,12,10.3,3,1,241.09
4107,218,37,4.9,4,0,172.21
4108,463,40,6.9,2,0,208.36
4109,726,21,2.3,3,0,221.19
4110,779,24,6.9,5,0,266.65
4111,178,37,10.8,2,1,153.82
4112,597,22,6.1,2,0,191.1
4113,977,6,14.4,2,0,199.93
4114,522,19,6.6,3,1,188.35
4115,219,23,0.9,1,0,116.72
4116,272,28,13.8,5,0,170.84
4117,478,21,0.7,2,0,175.56
4118,964,24,14.3,1,1,238.92
4119,796,13,14.8,3,1,214.09
4120,412,28,12.0,3,0,169.23
4121,244,12,6.7,2,0,98.81
4122,368,23,11.1,1,0,130.82
4123,809,21,13.7,2,0,215.25
4124,859,12,6.0,2,0,216.13
4125,892,37,1.5,3,1,312.83
4126,814,26,8.0,3,0,246.52
4127,457,13,12.2,2,1,136.12
4128,767,39,3.9,2,0,265.82
4129,76,23,5.4,3,1,121.03
4130,764,15,1.1,2,1,223.88
4131,86,11,5.4,5,0,107.62
4132,195,40,3.7,3,0,169.43
4133,886,39,7.3,4,0,309.3
4134,996,22,15.0,4,1,277.86
4135,613,20,13.7,3,0,193.05
4136,434,20,10.8,2,0,154.01
4137,693,39,10.9,3,0,258.16
4138,527,38,10.1,4,0,240.71
4139,628,31,2.5,5,1,263.55
4140,912,33,7.0,5,0,305.42
4141,208,41,12.3,1,1,157.85
4142,450,18,14.4,2,1,143.99
4143,504,33,9.7,3,1,217.48
4144,278,43,9.0,2,0,175.13
4145,83,6,3.9,3,0,72.64
4146,422,11,12.6,1,0,106.63
4147,88,12,13.4,3,1,87.88
4148,446,21,8.0,3,1,183.97
4149,230,18,6.3,3,0,125.47
4150,843,22,12.0,2,0,219.93
4151,655,34,4.9,4,1,265.59
4152,825,7,12.4,2,0,181.3
4153,205,20,2.3,2,0,121.27
4154,799,12,14.1,2,0,184.63
4155,835,20,8.8,3,0,234.45
4156,670,44,6.6,2,0,253.55
4157,703,34,10.0,3,0,244.38
4158,487,43,9.3,1,1,210.11
4159,681,22,0.7,3,0,215.93
4160,139,40,14.1,1,1,127.83
4161,522,41,6.1,2,0,219.48
4162,72,15,3.6,3,0,86.76
4163,758,7,13.1,3,0,187.5
4164,225,36,5.2,4,0,176.53
4165,758,28,4.6,2,0,237.43
4166,423,30,2.1,2,0,185.46
4167,60,14,5.0,2,1,83.81
4168,763,31,2.3,2,0,254.33
4169,410,34,0.9,4,0,216.25
4170,770,6,13.6,3,0,182.48
4171,914,38,6.2,3,1,303.64
4172,860,6,3.2,3,0,210.08
4173,988,28,9.7,2,0,274.62
4174,420,11,13.6,3,0,127.22
4175,299,12,10.0,3,0,122.42
4176,981,8,7.6,1,1,218.94
4177,608,31,6.6,2,1,222.4
4178,77,33,10.2,2,0,123.48
4179,329,20,10.9,5,1,179.09
4180,502,44,1.6,3,0,245.63
4181,765,32,10.8,3,0,256.35
4182,687,44,0.6,1,1,261.46
4183,396,20,4.1,3,1,163.49
4184,802,39,10.9,3,0,269.12
4185,744,19,1.2,3,1,239.48
4186,852,35,8.6,4,0,276.29
4187,611,20,13.3,3,0,187.17
4188,462,16,5.1,2,0,151.53
4189,835,15,9.3,2,1,218.06
4190,722,16,13.2,2,1,193.22
4191,374,14,8.9,5,0,161.03
4192,67,34,2.9,5,0,161.31
4193,140,17,5.7,5,0,127.9
4194,64,44,1.6,4,0,188.24
4195,444,27,1.8,2,0,181.54
4196,394,22,7.6,4,0,178.34
4197,388,41,2.7,3,0,208.51
4198,577,26,8.8,2,0,195.78
4199,588,27,13.1,4,1,221.15
4200,304,21,3.8,4,1,164.43
4201,437,16,2.6,2,1,158.14
4202,67,35,3.4,3,1,150.87
4203,710,23,0.9,4,1,253.63
4204,309,27,11.5,2,0,142.16
4205,304,38,10.4,2,0,166.72
4206,286,13,10.7,2,0,101.23
4207,807,14,11.3,4,0,218.6
4208,973,22,7.1,3,1,266.76
4209,227,5,8.8,3,0,97.38
4210,194,7,0.9,3,1,117.72
4211,288,8,6.1,2,0,99.0
4212,379,19,5.7,3,1,165.1
4213,396,21,12.6,1,1,140.97
4214,153,22,5.2,4,0,142.39
4215,687,6,2.5,1,0,156.82
4216,593,42,5.8,4,0,264.34
4217,179,44,11.4,2,0,164.29
4218,899,10,5.4,5,0,250.22
4219,968,17,8.5,4,0,261.2
4220,73,35,8.1,4,0,152.95
4221,431,44,9.1,4,1,245.65
4222,741,23,12.5,3,1,228.13
4223,904,29,2.5,4,0,278.05
4224,393,42,3.5,4,0,232.97
4225,771,32,1.7,2,0,259.6
4226,779,37,4.1,2,0,260.29
4227,588,28,12.6,2,1,198.99
4228,988,20,5.6,3,0,278.33
4229,217,11,1.8,2,1,104.04
4230,624,28,3.7,1,0,203.12
4231,626,5,3.4,3,0,168.21
4232,804,13,6.8,3,1,235.59
4233,234,40,9.7,2,1,172.7
4234,765,17,0.7,3,0,229.8
4235,770,5,8.2,4,1,203.66
4236,444,19,12.7,3,0,158.84
4237,180,27,5.8,2,1,138.32
4238,79,39,3.8,3,0,159.24
4239,781,10,6.7,2,0,190.4
4240,671,39,5.2,3,1,259.7
4241,795,6,11.6,2,1,183.66
4242,692,19,10.1,5,0,226.52
4243,844,26,4.4,1,0,237.64
4244,169,41,11.8,4,1,195.03
4245,150,20,2.2,4,0,130.21
4246,286,25,14.9,2,1,133.77
4247,419,25,3.1,3,1,195.07
4248,316,8,3.6,5,1,157.44
4249,996,24,6.2,2,1,284.6
4250,944,36,5.4,2,1,291.85
4251,392,30,12.3,4,0,186.33
4252,559,11,1.7,4,1,193.4
4253,922,13,3.3,3,0,244.45
4254,389,18,6.3,3,0,153.38
4255,967,41,6.9,1,0,287.41
4256,367,42,8.5,1,1,192.21
4257,770,23,12.2,4,0,238.92
4258,582,34,12.2,5,1,259.16
4259,916,10,4.4,3,0,229.03
4260,820,39,6.2,3,0,289.92
4261,262,27,0.6,3,0,161.75
4262,194,19,12.3,3,1,112.95
4263,105,5,9.7,4,0,90.05
4264,495,36,3.1,1,0,196.9
4265,160,15,11.5,4,0,114.01
4266,347,34,1.5,3,1,198.41
4267,76,15,4.2,3,0,91.97
4268,798,34,7.5,3,0,257.79
4269,116,34,4.7,1,0,120.59
4270,437,18,6.3,4,0,177.48
4271,559,23,3.0,3,0,195.83
4272,72,15,4.3,1,0,64.8
4273,305,8,1.5,5,1,151.91
4274,198,37,3.0,5,1,213.75
4275,373,9,10.6,3,0,124.55
4276,154,41,11.2,2,0,149.78
4277,972,28,9.4,3,0,277.29
4278,505,36,10.7,4,0,228.81
4279,478,30,10.0,2,0,169.83
4280,658,16,12.6,4,0,206.21
4281,910,7,2.8,3,0,225.1
4282,67,11,11.0,2,0,69.53
4283,506,29,5.5,2,0,201.84
4284,388,28,10.5,3,0,165.6
4285,355,31,6.1,2,1,176.19
4286,536,24,10.7,3,1,200.93
4287,599,20,7.0,2,0,182.32
4288,953,10,9.7,3,0,232.43
4289,344,5,2.9,2,0,110.69
4290,315,29,14.1,5,0,179.01
4291,512,17,5.2,3,1,187.92
4292,872,17,4.8,1,0,223.67
4293,965,10,13.0,4,0,246.81
4294,370,44,12.5,2,0,197.35
4295,616,15,4.8,3,1,189.21
4296,375,22,10.2,3,0,155.12
4297,202,37,9.4,4,0,172.17
4298,392,17,13.3,2,0,133.5
4299,86,32,11.1,4,0,140.82
4300,550,27,4.5,2,0,198.46
4301,473,30,4.0,2,0,180.67
4302,211,39,5.9,3,1,183.83
4303,605,17,2.4,3,0,205.05
4304,640,7,11.0,3,1,180.17
4305,989,9,6.3,1,1,228.89
4306,801,32,13.3,2,0,243.83
4307,450,32,12.5,3,1,198.2
4308,446,30,13.4,3,0,171.46
4309,390,40,2.2,4,0,227.89
4310,366,36,13.9,3,0,192.1
4311,324,37,14.6,1,0,154.99
4312,985,42,5.2,2,0,313.5
4313,54,37,11.7,5,0,148.81
4314,683,11,10.4,2,0,167.94
4315,836,17,10.7,2,0,216.32
4316,765,24,0.6,1,0,221.01
4317,522,28,12.7,2,1,188.64
4318,308,19,12.7,3,1,143.53
4319,823,29,1.4,2,0,262.8
4320,445,13,0.5,2,1,160.3
4321,175,35,11.5,3,0,147.74
4322,411,27,13.8,3,1,180.92
4323,989,14,10.2,2,0,231.15
4324,614,43,4.1,3,0,252.59
4325,862,24,13.5,3,0,247.16
4326,682,25,0.9,2,0,223.62
4327,470,24,11.8,3,0,170.92
4328,390,43,12.3,1,1,186.85
4329,83,11,2.6,3,0,78.69
4330,822,32,11.6,3,1,265.13
4331,749,8,13.1,3,0,193.82
4332,171,7,6.4,5,1,126.95
4333,352,17,4.4,1,0,112.37
4334,326,33,13.7,3,0,164.2
4335,775,13,10.8,3,0,202.75
4336,200,6,6.4,3,0,82.66
4337,738,37,2.5,2,1,271.23
4338,615,19,7.9,2,1,190.03
4339,146,12,13.7,5,0,110.83
4340,723,43,8.3,5,1,314.67
4341,452,38,0.7,2,0,213.91
4342,729,18,7.6,4,1,232.44
4343,68,31,14.1,3,1,122.8
4344,224,34,8.1,1,0,130.05
4345,327,12,11.4,4,0,133.53
4346,968,21,1.5,4,0,280.6
4347,774,33,1.1,2,0,252.68
4348,356,19,14.3,4,0,146.25
4349,219,36,5.0,2,0,157.48
4350,316,29,10.7,5,0,188.08
4351,889,23,14.0,3,0,254.84
4352,146,19,9.4,5,0,128.03
4353,459,20,8.7,4,0,182.48
4354,410,10,14.0,1,0,94.33
4355,379,10,12.8,5,1,159.27
4356,316,13,9.4,4,0,131.31
4357,452,38,1.0,5,1,255.92
4358,539,18,14.3,4,0,184.45
4359,479,10,8.9,4,1,162.74
4360,970,13,5.5,2,0,237.69
4361,976,40,11.2,3,0,294.99
4362,643,31,14.8,4,0,238.12
4363,272,33,11.4,5,1,190.43
4364,103,10,6.2,3,0,78.51
4365,509,13,9.5,4,0,174.24
4366,141,25,3.9,4,0,134.06
4367,279,11,7.0,2,0,109.93
4368,326,42,2.8,1,0,175.84
4369,448,17,7.3,2,1,154.45
4370,821,30,3.0,4,1,279.89
4371,626,14,5.7,3,0,185.67
4372,152,19,8.2,5,1,149.28
4373,436,32,12.6,2,0,175.53
4374,199,7,4.4,3,1,110.3
4375,911,18,11.1,2,0,231.31
4376,380,10,1.8,3,0,135.7
4377,250,17,3.2,2,0,124.58
4378,485,12,6.2,1,0,145.38
4379,993,27,8.3,3,0,294.25
4380,921,17,11.9,2,0,223.49
4381,704,7,7.6,1,1,170.67
4382,276,17,8.1,3,0,130.2
4383,372,44,11.6,1,1,189.28
4384,765,38,4.0,3,0,283.12
4385,71,19,5.0,3,0,99.37
4386,138,33,12.0,2,0,125.64
4387,288,41,4.9,3,0,196.4
4388,824,6,11.6,2,1,188.88
4389,531,24,9.9,4,0,207.39
4390,284,25,10.8,2,0,138.46
4391,541,24,1.1,1,0,184.55
4392,272,12,5.8,3,0,120.28
4393,819,9,0.7,3,0,226.97
4394,901,21,12.4,1,0,230.2
4395,996,15,2.8,2,0,239.89
4396,900,11,10.8,2,0,208.54
4397,593,13,12.5,2,0,152.4
4398,316,22,6.5,4,1,170.99
4399,532,9,4.7,1,0,140.04
4400,380,30,6.8,5,1,215.76
4401,765,44,8.6,3,0,280.84
4402,690,9,5.4,2,0,175.97
4403,887,27,11.8,2,0,243.1
4404,786,31,4.1,4,0,271.07
4405,158,7,0.6,4,0,105.71
4406,173,34,12.9,3,0,142.79
4407,160,7,12.7,3,1,85.97
4408,202,12,9.5,2,0,94.57
4409,979,36,2.5,4,0,316.76
4410,456,39,12.6,2,1,203.34
4411,330,37,7.7,5,0,199.61
4412,234,16,6.5,3,1,129.78
4413,871,16,13.7,2,1,218.2
4414,204,8,9.8,4,0,110.73
4415,154,35,8.4,3,0,157.37
4416,863,35,11.8,3,0,265.05
4417,369,16,4.2,5,0,170.5
4418,506,34,6.6,4,0,223.53
4419,398,32,8.2,3,0,190.46
4420,248,39,4.9,3,0,177.54
4421,820,44,10.0,3,0,287.76
4422,971,13,5.8,3,0,256.15
4423,322,25,12.2,2,0,126.36
4424,365,10,10.9,3,0,117.3
4425,330,39,6.4,3,1,200.24
4426,565,38,14.6,3,1,230.82
4427,785,19,12.2,4,1,236.94
4428,586,26,5.2,3,0,211.98
4429,515,13,13.5,2,0,141.25
4430,253,12,6.4,1,0,88.46
4431,901,37,11.0,2,0,273.7
4432,88,15,10.5,2,0,75.46
4433,667,15,1.8,1,1,189.26
4434,476,18,5.7,1,1,157.04
4435,903,21,5.3,2,0,243.67
4436,407,18,2.1,5,0,186.94
4437,487,42,8.1,3,1,232.55
4438,63,18,3.3,4,1,121.19
4439,972,37,8.9,3,0,300.17
4440,405,19,6.9,3,0,154.53
4441,363,37,5.5,3,1,212.48
4442,104,40,9.2,3,0,151.36
4443,960,32,5.6,5,1,325.07
4444,265,40,5.1,4,0,195.27
4445,996,18,13.9,4,0,271.73
4446,479,12,7.0,4,0,175.46
4447,265,36,2.8,3,0,188.89
4448,287,16,4.1,3,1,140.5
4449,233,29,7.9,3,0,156.89
4450,716,11,10.8,3,0,186.07
4451,673,32,10.4,3,1,235.23
4452,538,39,14.3,1,0,195.75
4453,642,14,10.5,3,0,188.14
4454,276,15,10.3,4,0,132.03
4455,603,31,10.8,3,1,222.31
4456,732,35,7.7,3,0,253.82
4457,401,24,12.1,3,1,164.94
4458,551,8,9.8,2,0,139.28
4459,125,39,6.5,1,0,128.87
4460,118,7,7.1,5,0,110.72
4461,462,38,12.4,1,0,179.52
4462,566,36,11.1,2,0,205.88
4463,487,30,14.4,2,1,182.96
4464,697,23,10.1,3,0,217.83
4465,382,25,14.2,2,0,141.0
4466,101,12,4.9,3,0,95.15
4467,669,21,5.6,1,0,182.67
4468,954,11,1.5,4,0,269.82
4469,120,10,3.8,2,1,82.64
4470,572,13,0.9,2,1,184.29
4471,200,18,9.8,2,0,105.36
4472,234,25,5.7,3,1,154.77
4473,919,41,3.5,2,1,313.4
4474,133,25,0.9,3,1,130.85
4475,452,40,9.4,3,1,220.27
4476,247,19,13.3,5,0,146.04
4477,661,16,10.0,4,1,207.56
4478,156,22,3.8,1,0,106.91
4479,966,38,3.1,2,0,302.98
4480,437,37,11.3,4,0,213.87
4481,242,10,5.1,3,0,113.5
4482,247,26,10.6,1,0,112.27
4483,246,17,10.6,2,1,111.77
4484,577,11,12.4,3,0,155.49
4485,365,27,7.6,3,0,169.79
4486,560,19,5.3,4,0,199.25
4487,871,17,8.0,3,0,239.38
4488,280,12,4.1,3,0,126.57
4489,957,10,9.6,3,0,241.45
4490,784,25,6.7,2,1,238.38
4491,871,26,13.4,3,1,260.65
4492,398,11,14.4,3,0,130.51
4493,616,14,14.0,3,0,172.87
4494,244,33,11.5,2,0,141.31
4495,793,44,11.0,4,0,298.31
4496,243,32,11.7,4,1,175.29
4497,477,7,3.3,2,0,130.0
4498,825,36,7.1,3,0,280.09
4499,303,37,7.0,2,0,164.73
4500,656,35,14.5,4,1,255.88
4501,556,10,7.0,2,1,164.73
4502,130,9,10.0,3,1,84.16
4503,780,29,13.0,3,0,251.39
4504,644,9,14.2,4,1,178.47
4505,700,25,0.8,5,1,269.47
4506,948,15,10.3,3,0,243.77
4507,897,42,5.8,3,0,302.01
4508,636,40,10.0,1,0,223.07
4509,507,18,7.6,3,0,181.95
4510,606,6,8.5,2,0,150.91
4511,588,32,2.9,2,0,218.41
4512,169,21,10.6,2,0,103.06
4513,58,32,10.7,5,1,155.61
4514,275,39,5.8,3,1,201.91
4515,399,15,6.4,5,0,172.85
4516,609,26,14.0,3,0,210.21
4517,808,33,10.9,1,0,232.78
4518,584,18,12.2,4,1,208.61
4519,239,16,1.1,3,1,136.7
4520,755,31,2.8,3,0,259.4
4521,501,44,5.7,4,0,252.63
4522,563,35,9.1,4,0,236.4
4523,756,42,7.3,2,0,266.32
4524,591,40,2.6,4,0,255.73
4525,961,23,5.7,4,0,285.48
4526,500,22,9.3,4,0,193.8
4527,145,26,2.4,3,0,133.72
4528,421,23,12.9,3,0,162.64
4529,861,24,13.6,4,0,253.23
4530,929,23,14.7,4,1,268.57
4531,381,7,6.4,2,0,117.78
4532,309,24,6.3,2,1,139.37
4533,678,37,7.1,3,1,265.6
4534,553,17,11.9,4,0,186.96
4535,339,25,7.4,5,0,186.45
4536,700,27,5.8,3,1,239.76
4537,614,11,10.5,2,0,164.25
4538,810,17,4.3,4,0,261.02
4539,317,25,5.6,5,1,188.86
4540,714,38,1.8,4,0,280.55
4541,245,28,7.6,2,0,145.61
4542,134,22,14.8,2,0,94.7
4543,744,30,11.5,1,1,220.59
4544,945,36,7.4,4,0,319.76
4545,280,27,9.9,3,0,144.32
4546,738,15,10.8,3,0,201.43
4547,608,32,3.3,4,0,247.62
4548,883,44,2.3,2,1,317.92
4549,93,40,13.3,2,0,133.08
4550,588,22,5.2,5,1,246.47
4551,337,41,2.7,2,0,193.48
4552,957,17,8.9,3,0,246.28
4553,539,8,7.8,4,1,168.78
4554,426,11,4.8,2,0,143.31
4555,882,12,11.9,3,0,221.0
4556,603,36,0.8,4,0,256.19
4557,668,8,2.6,4,0,200.98
4558,240,29,12.9,4,1,165.23
4559,137,30,6.7,1,1,117.09
4560,149,37,6.2,2,0,146.83
4561,320,42,14.9,1,1,172.21
4562,251,20,6.2,3,0,136.02
4563,478,6,1.9,1,1,129.08
4564,141,11,8.2,4,0,105.68
4565,426,12,9.5,2,0,134.25
4566,179,41,9.5,5,0,191.98
4567,918,6,7.2,2,1,222.14
4568,216,7,12.0,4,0,106.98
4569,74,13,6.3,2,0,69.47
4570,461,11,5.7,2,0,133.96
4571,792,25,8.1,3,0,244.49
4572,382,35,4.3,3,0,198.47
4573,307,35,1.0,2,0,172.44
4574,417,24,5.5,2,0,165.74
4575,735,32,6.4,1,0,219.73
4576,767,5,14.9,5,0,194.08
4577,512,16,2.6,2,0,163.04
4578,312,12,9.1,4,1,145.71
4579,260,9,14.8,4,0,105.76
4580,899,37,9.9,4,0,299.08
4581,727,8,12.5,3,0,182.67
4582,195,13,1.3,1,1,100.97
4583,230,36,14.0,3,0,159.94
4584,955,43,5.4,3,0,320.65
4585,196,30,7.5,4,0,154.36
4586,940,40,5.2,3,0,300.95
4587,441,14,7.4,2,1,153.43
4588,466,19,11.2,3,0,164.15
4589,53,17,4.9,3,0,95.9
4590,187,15,5.8,3,0,114.99
4591,889,9,1.8,2,0,216.13
4592,667,6,13.1,5,0,180.24
4593,204,24,4.3,3,0,128.22
4594,475,19,5.2,4,1,200.14
4595,217,40,3.9,1,1,168.58
4596,550,11,3.2,4,1,192.91
4597,558,27,8.4,1,0,178.29
4598,744,13,14.2,5,0,212.68
4599,462,29,5.3,2,0,189.02
4600,329,40,4.5,4,0,212.99
4601,858,23,8.2,2,0,236.33
4602,620,40,1.1,5,0,281.89
4603,780,9,10.3,4,0,215.01
4604,532,42,12.4,4,1,245.99
4605,470,5,2.4,2,0,136.75
4606,527,18,12.7,2,0,165.81
4607,872,39,11.0,3,0,274.68
4608,345,33,2.0,3,0,193.6
4609,273,39,10.4,2,1,169.19
4610,871,16,11.9,2,0,214.42
4611,819,36,11.7,4,0,280.31
4612,164,18,4.4,5,0,138.63
4613,993,32,3.5,3,0,292.71
4614,794,7,3.5,1,1,187.73
4615,663,8,0.7,3,0,189.25
4616,148,34,11.5,3,0,135.18
4617,135,23,1.5,3,1,133.76
4618,241,24,10.7,3,0,134.95
4619,367,15,14.0,2,1,128.37
4620,357,21,3.6,3,0,156.3
4621,909,17,4.2,2,0,238.53
4622,278,33,14.7,4,0,166.54
4623,562,10,10.1,2,0,143.76
4624,852,10,9.1,3,1,228.5
4625,259,14,4.2,2,0,105.31
4626,135,12,11.7,2,1,76.18
4627,628,41,8.3,4,0,259.56
4628,945,7,10.4,2,0,209.32
4629,713,39,10.2,5,0,277.26
4630,592,36,8.7,5,0,250.08
4631,859,18,14.5,2,0,211.53
4632,723,9,8.8,4,0,195.46
4633,735,42,14.8,3,1,276.45
4634,824,41,2.1,3,1,298.77
4635,220,27,1.2,2,1,153.87
4636,233,34,11.1,4,0,172.7
4637,322,34,6.3,3,1,197.12
4638,793,24,11.5,1,1,212.94
4639,342,24,14.9,3,0,152.63
4640,701,12,8.2,4,0,210.67
4641,492,28,5.5,4,0,213.46
4642,323,27,6.1,4,0,178.98
4643,776,15,14.8,4,1,225.02
4644,511,9,10.4,3,0,156.22
4645,271,38,11.3,2,0,153.11
4646,522,35,8.8,2,1,215.25
4647,81,44,4.7,4,0,168.63
4648,660,14,10.0,4,0,203.35
4649,333,27,13.9,3,1,163.22
4650,960,22,1.1,3,0,264.54
4651,645,7,2.8,4,0,199.15
4652,785,40,12.2,1,0,244.3
4653,567,13,11.1,3,0,172.98
4654,852,23,5.9,2,0,237.72
4655,838,37,2.9,2,0,272.68
4656,803,13,8.1,3,1,223.0
4657,768,6,13.0,4,1,205.55
4658,76,32,14.9,1,0,95.88
4659,382,22,12.5,4,0,164.54
4660,788,20,6.7,3,0,227.57
4661,372,33,6.0,4,1,211.38
4662,192,18,6.7,3,0,118.02
4663,254,5,1.8,2,0,95.85
4664,450,6,11.7,3,0,133.79
4665,429,16,12.3,2,0,131.27
4666,710,27,10.6,3,1,242.26
4667,110,5,10.1,4,0,85.79
4668,366,40,13.2,1,1,178.4
4669,891,43,1.7,2,1,308.62
4670,707,18,2.5,3,0,217.27
4671,471,36,14.7,2,1,196.84
4672,379,31,3.8,2,1,184.15
4673,208,37,2.5,3,0,176.53
4674,915,12,7.4,3,0,233.62
4675,203,43,11.1,3,0,180.77
4676,557,36,14.1,4,1,236.04
4677,909,24,14.1,2,1,249.97
4678,75,29,5.4,2,1,115.65
4679,726,32,9.4,4,1,270.98
4680,324,18,5.3,2,0,130.58
4681,148,39,10.6,4,0,167.69
4682,576,23,7.9,5,0,220.34
4683,611,25,11.3,4,0,218.4
4684,218,42,3.7,2,0,173.6
4685,554,24,4.7,5,0,214.32
4686,933,41,11.0,3,0,301.88
4687,329,41,13.5,3,1,201.05
4688,412,16,15.0,4,0,158.3
4689,873,10,3.7,2,0,213.52
4690,866,18,1.9,3,1,263.73
4691,585,37,10.9,4,0,238.85
4692,855,21,5.7,3,0,249.81
4693,685,41,1.3,3,1,287.77
4694,217,13,10.8,3,0,107.21
4695,177,20,14.1,2,1,110.46
4696,949,40,5.6,2,0,299.13
4697,881,9,4.8,4,1,243.1
4698,897,14,3.3,4,0,248.34
4699,819,40,14.5,3,1,277.95
4700,67,35,12.7,4,1,146.07
4701,479,35,10.6,2,0,203.33
4702,479,24,1.4,5,0,209.59
4703,880,10,14.1,4,0,229.57
4704,998,37,3.8,4,0,320.43
4705,110,19,9.5,3,1,103.51
4706,834,37,13.0,4,0,282.67
4707,821,21,3.8,5,0,266.32
4708,847,10,2.3,4,0,239.5
4709,942,19,3.2,5,1,294.16
4710,482,21,1.1,4,0,196.73
4711,437,36,9.3,4,1,223.83
4712,503,42,7.8,4,1,256.12
4713,409,37,10.3,1,0,167.42
4714,207,20,7.2,4,0,129.19
4715,776,10,12.0,3,0,195.72
4716,687,13,6.7,4,0,205.01
4717,708,25,7.7,2,1,221.55
4718,812,19,8.4,4,0,246.71
4719,324,17,14.2,1,1,108.28
4720,869,21,10.1,2,0,233.66
4721,743,39,7.5,5,0,294.5
4722,212,8,1.3,4,0,114.33
4723,489,9,7.3,3,0,157.03
4724,340,24,10.2,3,0,160.03
4725,556,30,11.3,3,0,202.55
4726,921,12,1.1,1,0,216.43
4727,768,35,4.0,5,0,287.14
4728,913,18,6.3,1,0,218.81
4729,840,31,10.4,2,0,250.02
4730,365,41,2.2,3,0,209.92
4731,617,28,9.8,2,0,202.8
4732,817,28,2.0,2,1,264.59
4733,523,8,13.6,3,1,149.7
4734,924,31,1.5,1,0,275.14
4735,815,8,11.1,4,0,218.23
4736,561,22,8.9,2,0,181.18
4737,917,29,6.8,4,0,285.52
4738,320,22,6.5,5,1,183.28
4739,802,11,8.0,3,1,220.98
4740,494,39,7.8,3,0,226.59
4741,115,16,11.3,5,1,124.99
4742,708,32,12.1,4,0,251.18
4743,911,29,10.5,2,0,258.11
4744,806,26,1.3,3,0,257.56
4745,574,29,12.5,1,0,185.51
4746,896,17,3.8,1,0,226.44
4747,225,40,11.3,2,0,159.58
4748,506,17,5.5,1,0,152.77
4749,914,38,12.0,2,1,280.01
4750,938,38,10.6,2,0,285.83
4751,884,14,10.8,2,1,224.5
4752,399,33,2.1,3,0,203.03
4753,305,12,7.6,2,0,106.63
4754,617,26,7.1,2,0,201.34
4755,842,9,3.8,4,1,236.83
4756,800,19,8.7,3,0,225.45
4757,241,20,5.2,1,0,107.14
4758,850,11,12.5,3,1,212.49
4759,753,11,3.5,4,0,225.74
4760,952,26,1.0,3,0,282.82
4761,912,21,15.0,3,1,249.39
4762,811,6,13.3,5,1,221.0
4763,299,27,13.2,1,1,129.07
4764,962,44,0.7,2,1,320.23
4765,212,24,7.8,4,0,146.52
4766,797,19,8.5,2,0,219.66
4767,804,14,13.0,2,1,196.36
4768,353,14,8.0,3,0,142.71
4769,563,39,13.8,3,0,226.51
4770,962,14,2.0,1,0,229.14
4771,607,41,1.9,2,0,237.21
4772,189,32,1.6,2,0,147.12
4773,229,37,9.8,2,1,168.31
4774,411,25,14.1,1,0,140.94
4775,370,23,4.9,4,0,170.6
4776,822,30,14.9,3,0,243.79
4777,482,15,8.5,2,0,150.23
4778,537,9,1.8,2,1,166.5
4779,770,19,14.6,5,0,233.0
4780,672,39,14.8,4,0,261.96
4781,332,33,13.1,3,1,184.09
4782,354,7,13.6,2,0,96.73
4783,436,20,3.1,5,0,194.56
4784,546,42,13.0,4,0,243.5
4785,653,21,13.2,3,0,201.69
4786,285,37,10.3,4,0,191.65
4787,818,27,10.3,2,0,232.77
4788,444,8,10.6,4,1,152.84
4789,379,19,14.7,4,1,158.31
4790,429,32,14.0,3,0,186.79
4791,444,21,3.3,5,0,200.52
4792,156,8,4.2,3,1,101.51
4793,337,7,5.3,3,1,129.83
4794,287,28,13.8,3,0,154.71
4795,774,12,7.7,4,0,219.48
4796,987,27,6.2,4,0,291.07
4797,681,18,11.9,2,1,192.89
4798,545,7,13.0,4,0,161.03
4799,915,44,14.4,2,0,289.29
4800,761,21,8.2,2,0,220.23
4801,611,11,5.0,1,0,156.67
4802,252,11,13.9,3,0,93.7
4803,362,29,8.5,2,0,168.3
4804,123,36,13.1,3,0,144.56
4805,864,39,8.5,5,0,316.12
4806,223,17,2.6,2,1,130.33
4807,973,5,1.9,3,0,230.7
4808,914,12,6.5,2,0,217.36
4809,772,37,7.5,2,1,257.5
4810,962,36,4.8,5,0,334.57
4811,541,40,11.7,5,1,263.42
4812,899,27,14.2,3,0,258.78
4813,459,27,5.0,3,0,192.7
4814,57,38,13.3,3,1,142.78
4815,113,9,3.3,4,0,98.82
4816,541,28,7.0,3,0,208.15
4817,300,12,4.0,5,0,144.6
4818,568,15,10.0,2,0,167.77
4819,837,11,4.6,3,0,224.13
4820,783,16,10.9,2,0,205.49
4821,286,36,3.5,1,1,172.66
4822,195,37,14.6,2,0,144.83
4823,256,40,4.5,2,0,177.55
4824,645,14,9.8,4,0,199.12
4825,517,14,3.9,5,0,200.76
4826,299,39,3.6,2,0,178.77
4827,800,6,5.5,3,1,204.15
4828,704,26,8.8,3,1,233.51
4829,424,11,6.5,4,0,151.45
4830,221,27,8.9,2,0,132.29
4831,195,7,8.9,4,1,106.96
4832,188,36,1.4,2,1,181.66
4833,534,13,6.7,3,1,176.95
4834,427,34,0.6,3,0,214.12
4835,70,21,4.8,2,0,93.23
4836,847,37,6.6,2,0,268.03
4837,192,32,0.7,2,0,148.57
4838,352,24,8.5,3,0,163.74
4839,408,23,9.9,4,0,180.29
4840,446,42,1.4,2,1,217.25
4841,947,44,1.8,3,1,334.2
4842,77,22,2.1,3,0,110.64
4843,332,28,11.7,3,1,171.1
4844,679,9,8.8,1,0,158.16
4845,714,13,11.9,2,1,182.97
4846,661,21,8.4,3,1,206.9
4847,460,26,11.8,1,1,163.73
4848,860,33,12.2,4,1,285.31
4849,966,21,12.6,4,0,267.61
4850,285,28,14.1,2,0,137.47
4851,71,16,6.4,3,0,88.84
4852,252,41,12.5,1,0,154.65
4853,960,40,4.8,3,1,320.78
4854,341,37,9.6,2,0,181.72
4855,357,22,2.8,2,0,157.43
4856,496,36,13.1,2,0,196.48
4857,919,13,5.9,3,0,235.17
4858,223,34,9.4,4,0,161.27
4859,323,22,2.4,2,0,142.93
4860,908,9,14.1,3,0,217.82
4861,64,26,9.3,3,0,103.77
4862,952,11,8.1,2,0,220.48
4863,63,7,7.4,3,0,70.74
4864,987,15,9.9,1,1,241.82
4865,939,16,8.8,1,1,224.47
4866,523,35,14.6,2,1,212.05
4867,259,25,8.0,5,0,173.53
4868,308,17,10.1,3,0,127.25
4869,509,30,6.1,4,1,232.71
4870,876,12,4.5,1,0,203.75
4871,109,35,6.8,3,0,140.66
4872,811,21,14.5,2,0,206.02
4873,116,44,13.1,3,1,170.28
4874,518,20,5.0,5,0,204.56
4875,107,16,8.5,2,0,77.96
4876,393,31,1.0,3,0,180.96
4877,264,15,8.3,5,1,161.14
4878,604,28,12.7,3,0,213.33
4879,982,43,7.2,2,1,314.31
4880,776,22,8.5,4,1,245.32
4881,548,41,4.0,3,0,241.11
4882,258,44,6.6,2,1,188.96
4883,50,19,6.7,3,0,100.82
4884,331,29,8.4,3,0,164.19
4885,754,37,3.9,3,0,273.94
4886,249,38,6.3,4,1,198.6
4887,168,28,11.7,2,0,121.05
4888,865,32,10.4,4,0,285.91
4889,87,39,1.6,4,0,181.38
4890,620,6,6.3,1,0,148.27
4891,271,9,6.3,2,0,99.61
4892,840,10,11.2,1,0,181.5
4893,730,21,12.7,3,0,212.01
4894,852,34,6.8,5,0,296.56
4895,430,9,11.3,4,0,150.7
4896,302,16,6.5,3,0,137.88
4897,735,10,1.5,3,1,217.48
4898,94,43,14.5,2,1,143.13
4899,380,22,7.7,2,1,163.13
4900,182,15,4.8,2,0,97.82
4901,756,22,12.6,1,0,191.57
4902,264,7,9.7,2,1,101.31
4903,283,44,1.5,3,0,192.43
4904,602,38,0.5,3,0,248.59
4905,586,29,11.9,3,1,216.87
4906,631,41,2.9,2,1,246.16
4907,82,34,13.1,3,0,139.82
4908,942,25,13.7,3,1,276.53
4909,150,6,14.9,4,0,87.39
4910,921,41,5.2,3,1,318.69
4911,329,26,9.4,2,0,149.47
4912,184,39,6.8,1,0,142.94
4913,747,20,14.3,2,0,200.87
4914,186,14,10.4,3,1,112.62
4915,178,15,11.6,3,0,110.3
4916,92,28,10.2,4,0,123.44
4917,508,32,6.9,5,0,230.78
4918,210,21,4.7,3,0,137.31
4919,308,44,8.1,2,0,191.88
4920,105,33,1.3,2,0,129.79
4921,933,40,5.6,3,1,316.33
4922,882,23,11.9,4,1,268.04
4923,112,23,3.2,3,0,119.35
4924,519,25,4.0,1,0,173.07
4925,210,14,13.1,5,1,137.87
4926,319,21,9.1,2,0,140.65
4927,363,43,0.7,5,0,239.37
4928,589,10,14.4,2,0,150.79
4929,336,37,11.5,2,1,184.11
4930,881,21,13.4,3,0,238.96
4931,937,10,8.5,4,0,244.77
4932,554,31,13.4,3,0,201.37
4933,269,17,1.8,4,0,151.94
4934,884,15,3.7,2,0,227.73
4935,279,16,9.9,2,0,114.68
4936,122,13,5.2,3,0,95.56
4937,53,13,5.6,3,0,79.7
4938,707,28,11.7,1,1,222.05
4939,986,15,6.1,5,0,279.31
4940,979,28,4.6,2,1,276.65
4941,987,12,12.5,2,0,222.92
4942,55,23,8.0,2,0,94.93
4943,349,39,6.0,1,1,178.35
4944,239,17,13.4,2,1,118.45
4945,744,9,11.1,4,0,198.63
4946,63,35,9.8,1,1,116.94
4947,999,42,2.2,2,0,316.56
4948,280,40,3.8,2,0,179.84
4949,316,15,10.0,2,1,129.18
4950,257,10,1.4,2,1,118.57
4951,691,36,6.7,2,1,247.11
4952,612,5,3.8,2,1,169.62
4953,535,25,7.5,3,0,187.24
4954,295,38,8.0,4,1,198.23
4955,330,7,9.8,3,0,122.24
4956,181,5,12.5,3,1,86.39
4957,190,24,10.1,3,1,130.88
4958,419,14,0.8,2,0,144.69
4959,88,6,1.8,2,0,64.28
4960,58,37,1.6,2,0,134.09
4961,182,13,12.9,2,1,93.27
4962,662,26,11.2,2,0,192.48
4963,60,23,1.5,4,1,129.34
4964,254,44,2.3,3,0,200.64
4965,781,16,5.6,3,0,215.46
4966,71,21,12.4,3,1,106.54
4967,338,7,8.0,2,0,103.88
4968,830,8,2.1,2,1,206.39
4969,642,35,3.0,2,0,232.02
4970,284,19,12.2,3,1,136.12
4971,224,23,7.2,1,0,118.64
4972,116,14,8.4,4,1,116.4
4973,785,34,0.9,1,1,250.98
4974,775,43,11.4,4,0,278.41
4975,553,11,14.7,3,0,147.94
4976,447,19,1.1,4,0,190.24
4977,817,16,10.9,3,0,222.86
4978,867,19,11.3,3,0,236.49
4979,128,14,13.3,3,0,84.11
4980,551,30,3.6,4,1,236.68
4981,755,33,7.4,2,0,242.25
4982,421,5,11.8,2,0,118.51
4983,778,23,7.4,2,1,229.17
4984,859,43,9.4,2,0,272.65
4985,251,17,5.3,1,0,111.11
4986,250,33,3.8,3,0,165.67
4987,899,30,4.5,4,0,293.88
4988,149,11,5.0,5,1,128.54
4989,201,9,5.3,4,0,123.08
4990,726,27,14.9,3,0,217.58
4991,433,29,6.4,1,1,173.41
4992,771,5,3.3,2,1,191.35
4993,869,11,10.2,2,0,205.57
4994,300,38,6.7,4,0,196.04
4995,874,13,4.4,1,0,214.69
4996,151,36,5.9,3,1,173.21
4997,984,6,2.8,2,0,233.05
4998,592,41,13.5,3,0,231.97
4999,898,6,10.2,2,0,203.23
5000,418,12,13.4,1,1,118.44
5001,912,34,5.8,2,0,275.78
5002,704,9,13.5,3,0,181.09
5003,301,37,5.5,3,1,205.65
5004,373,5,1.4,5,0,148.94
5005,85,9,13.3,3,0,66.43
5006,605,8,11.3,3,0,161.88
5007,480,20,11.9,3,0,166.59
5008,314,23,3.1,2,0,142.94
5009,527,26,14.1,4,1,211.04
5010,235,35,3.8,3,0,163.26
5011,476,33,8.9,2,1,208.77
5012,98,17,2.1,3,0,107.37
5013,414,8,10.9,2,0,118.08
5014,409,23,4.3,3,0,175.86
5015,468,13,3.9,2,0,147.64
5016,91,31,14.2,3,0,120.3
5017,917,27,14.1,3,0,255.1
5018,331,32,12.3,2,1,171.79
5019,54,18,8.7,3,1,96.99
5020,397,32,12.4,2,1,184.8
5021,452,23,6.1,2,1,178.67
5022,526,13,11.0,1,0,141.11
5023,169,13,6.6,2,0,95.7
5024,684,24,2.6,2,0,214.92
5025,930,34,3.6,5,1,325.88
5026,111,13,2.6,1,0,74.99
5027,702,35,6.0,2,0,241.78
5028,305,16,13.1,4,0,136.39
5029,71,20,8.8,2,0,87.47
5030,462,31,12.3,3,0,187.68
5031,740,20,0.7,2,0,222.56
5032,374,5,9.7,2,0,108.94
5033,360,34,5.7,3,0,202.15
5034,311,37,8.1,1,0,159.72
5035,662,23,4.1,3,0,218.14
5036,207,27,10.7,1,0,105.53
5037,799,40,1.4,4,1,311.89
5038,545,28,14.1,5,0,212.14
5039,623,17,5.8,3,0,191.49
5040,483,37,10.4,4,0,220.97
5041,296,21,6.4,2,0,137.61
5042,552,27,1.7,2,0,201.59
5043,724,37,5.1,3,1,258.99
5044,870,44,5.6,4,1,327.46
5045,228,18,12.3,2,0,101.95
5046,83,11,12.9,2,0,61.28
5047,381,21,3.2,5,0,196.17
5048,275,25,7.4,3,0,152.85
5049,277,35,9.0,3,0,174.3
5050,925,20,10.7,4,0,265.21
5051,808,42,3.1,1,0,271.64
5052,768,12,4.1,3,0,212.75
5053,417,38,0.6,2,0,206.53
5054,485,36,14.6,5,1,242.31
5055,787,27,1.6,2,1,247.57
5056,86,32,4.9,2,0,123.21
5057,228,44,7.3,3,1,193.56
5058,107,38,8.1,2,0,135.1
5059,84,21,9.1,3,0,102.51
5060,303,31,2.6,2,1,166.7
5061,656,16,5.8,4,1,216.79
5062,50,17,0.9,2,0,80.03
5063,135,14,4.7,3,0,106.15
5064,134,7,9.8,4,1,96.14
5065,908,31,3.1,5,0,318.11
5066,242,12,13.5,5,0,124.89
5067,822,14,12.3,3,1,222.58
5068,403,5,7.8,2,0,112.95
5069,808,7,13.1,3,1,195.31
5070,461,7,14.4,3,0,135.78
5071,480,9,10.0,3,1,145.12
5072,108,38,1.5,2,0,138.44
5073,310,33,0.8,3,0,178.01
5074,466,44,12.3,2,0,203.83
5075,188,24,8.8,1,0,102.95
5076,803,42,10.9,4,1,292.92
5077,541,36,5.2,4,1,250.02
5078,748,16,6.1,3,1,222.52
5079,640,7,4.0,1,0,147.64
5080,696,13,3.8,2,0,184.77
5081,182,18,5.4,3,1,123.91
5082,697,33,7.1,4,0,261.19
5083,251,7,2.7,3,1,122.07
5084,586,28,13.5,4,0,220.87
5085,396,6,7.5,3,0,128.87
5086,598,5,7.8,2,0,150.84
5087,575,22,2.9,4,0,209.98
5088,912,18,2.0,3,0,261.9
5089,73,30,10.8,4,0,128.54
5090,555,19,12.9,4,0,183.37
5091,738,7,13.5,4,1,199.45
5092,926,44,11.5,3,0,297.92
5093,68,25,3.8,4,0,122.09
5094,914,15,9.8,4,0,260.21
5095,128,14,12.9,3,0,86.61
5096,482,16,13.8,2,1,145.35
5097,742,21,6.4,2,1,229.06
5098,207,28,14.2,3,0,141.09
5099,845,21,3.7,4,1,274.16
5100,618,5,3.0,5,0,191.31
5101,274,30,12.4,2,0,139.8
5102,605,28,3.6,3,0,221.37
5103,151,17,4.9,2,1,106.33
5104,414,36,7.9,2,1,199.65
5105,910,32,5.7,4,1,305.46
5106,518,30,14.6,4,0,205.13
5107,75,13,2.4,2,0,76.75
5108,817,14,7.1,5,0,241.93
5109,709,17,11.0,5,0,219.0
5110,394,8,11.3,2,1,114.41
5111,629,39,12.4,1,1,226.33
5112,970,28,4.2,3,0,280.48
5113,352,33,3.0,2,1,182.38
5114,798,37,4.9,2,0,251.94
5115,760,5,4.3,4,0,209.21
5116,754,34,3.6,3,0,256.9
5117,790,26,4.8,2,1,241.97
5118,592,32,3.7,2,0,211.4
5119,443,9,13.4,3,0,136.32
5120,749,22,12.8,3,0,215.21
5121,492,16,5.1,2,1,169.85
5122,420,15,5.7,5,0,178.7
5123,992,36,10.9,3,0,311.98
5124,74,26,6.0,3,1,128.08
5125,865,43,10.9,2,0,286.69
5126,889,34,11.2,5,0,303.89
5127,73,11,12.3,3,1,77.29
5128,297,33,7.6,5,0,196.74
5129,194,29,9.3,3,0,144.29
5130,318,12,1.1,5,1,163.29
5131,311,19,11.4,4,0,143.44
5132,843,36,11.5,3,1,274.7
5133,485,42,0.8,3,1,245.58
5134,209,23,12.9,4,0,140.13
5135,699,15,12.0,2,0,185.58
5136,768,26,12.1,1,0,199.13
5137,931,28,7.3,4,0,285.93
5138,781,41,14.1,4,0,283.55
5139,59,20,12.1,2,1,81.23
5140,585,35,0.6,1,0,218.04
5141,584,5,7.0,2,1,159.64
5142,673,14,11.7,2,0,177.33
5143,533,25,1.9,3,1,215.11
5144,937,30,8.3,3,1,278.3
5145,290,44,5.8,3,0,199.74
5146,198,33,11.6,3,0,144.84
5147,829,42,3.3,5,1,327.77
5148,930,19,2.2,1,0,248.86
5149,101,24,3.8,1,1,104.45
5150,60,6,9.1,3,1,66.95
5151,641,7,14.7,4,0,173.71
5152,314,40,5.6,2,0,183.19
5153,101,34,1.2,2,1,146.99
5154,861,20,11.7,2,0,231.4
5155,911,30,9.5,1,0,252.69
5156,742,24,3.3,5,1,270.11
5157,466,37,4.1,2,0,197.15
5158,502,34,5.5,4,0,235.72
5159,437,42,9.2,4,1,229.16
5160,823,16,3.5,3,0,230.43
5161,557,43,9.5,4,1,262.12
5162,915,15,13.2,2,0,215.81
5163,292,17,11.4,1,1,111.78
5164,878,14,5.9,4,1,259.71
5165,711,39,6.7,2,0,262.16
5166,100,11,7.0,2,0,72.79
5167,610,20,11.1,2,0,172.6
5168,612,20,13.5,3,0,185.01
5169,122,8,7.3,3,0,80.91
5170,788,33,1.8,2,1,270.41
5171,779,23,7.3,2,1,227.54
5172,268,40,3.4,2,1,182.65
5173,718,16,1.2,4,0,224.93
5174,611,38,3.2,2,1,247.77
5175,791,44,12.6,2,0,254.86
5176,469,43,14.3,1,1,207.53
5177,768,19,9.1,3,0,221.27
5178,571,26,6.1,2,1,206.16
5179,735,19,4.5,1,1,206.3
5180,253,33,10.4,3,0,160.59
5181,68,14,5.2,3,1,102.36
5182,437,44,11.7,2,1,219.22
5183,723,34,3.7,2,0,245.72
5184,127,23,5.5,3,0,123.15
5185,986,32,3.2,4,1,315.01
5186,312,19,6.7,2,0,130.08
5187,731,42,1.0,3,0,285.27
5188,762,33,1.3,3,1,267.54
5189,649,35,5.0,2,1,237.42
5190,283,37,7.1,5,0,199.4
5191,909,18,4.5,2,0,242.98
5192,496,5,2.2,3,0,153.37
5193,201,43,13.1,2,0,162.27
5194,974,39,12.8,2,0,285.39
5195,890,18,1.7,3,0,246.98
5196,497,36,6.0,2,0,208.82
5197,527,28,7.6,3,0,205.87
5198,612,28,13.4,4,0,227.63
5199,352,29,10.2,1,0,133.82
5200,748,38,9.1,3,0,267.02
5201,877,8,11.1,3,1,215.24
5202,924,39,14.0,3,1,304.62
5203,628,9,10.6,4,1,187.95
5204,139,42,5.0,2,1,172.76
5205,488,14,14.8,3,0,162.63
5206,633,10,4.1,4,0,198.17
5207,527,25,0.7,2,0,188.74
5208,982,16,8.8,2,0,246.16
5209,293,7,1.3,2,0,99.89
5210,822,19,4.9,2,0,226.11
5211,140,33,7.8,4,0,157.45
5212,814,12,11.1,5,1,245.3
5213,324,26,4.4,1,0,136.45
5214,824,19,6.0,4,0,246.85
5215,692,39,11.5,3,0,256.05
5216,412,41,6.5,4,0,231.17
5217,433,31,5.5,4,0,218.54
5218,317,39,7.2,2,0,178.1
5219,944,39,3.5,5,1,343.98
5220,501,20,7.6,3,0,176.24
5221,535,19,14.9,5,0,194.05
5222,491,44,10.3,1,0,200.95
5223,190,9,14.0,3,0,83.53
5224,947,25,10.2,3,0,265.62
5225,737,34,12.0,5,0,262.16
5226,977,21,11.1,1,0,241.84
5227,343,11,11.1,4,0,133.04
5228,139,35,11.9,1,1,131.25
5229,453,41,1.2,3,1,239.42
5230,587,15,13.8,2,0,156.43
5231,318,36,11.2,2,0,167.83
5232,688,6,5.7,1,0,157.59
5233,464,39,6.9,3,1,230.41
5234,237,24,9.2,4,0,148.66
5235,913,26,8.2,4,0,284.88
5236,455,33,2.0,2,0,190.53
5237,593,41,14.4,4,0,245.07
5238,68,17,3.8,5,0,122.46
5239,865,31,2.0,3,0,280.0
5240,523,30,6.3,4,1,227.62
5241,386,6,1.1,3,0,137.01
5242,131,29,10.1,2,0,120.2
5243,777,12,3.0,3,0,218.51
5244,495,39,1.0,3,1,241.4
5245,879,6,12.3,3,1,215.8
5246,89,15,10.5,4,0,99.09
5247,258,21,2.5,3,1,149.43
5248,921,24,12.2,4,0,267.6
5249,119,6,1.7,2,0,81.21
5250,378,31,11.0,3,0,167.15
5251,464,26,14.1,2,0,163.73
5252,409,5,9.6,2,0,111.15
5253,420,12,3.0,2,1,148.52
5254,881,8,5.2,3,0,226.17
5255,806,7,9.2,1,0,173.29
5256,745,27,10.4,3,0,230.45
5257,737,9,11.8,5,1,220.13
5258,178,6,14.6,2,1,69.16
5259,445,28,5.9,2,0,175.03
5260,889,6,3.3,5,0,240.89
5261,623,20,6.2,1,1,183.68
5262,529,32,7.2,3,0,213.7
5263,502,16,13.8,4,0,170.11
5264,472,10,7.0,3,0,146.58
5265,912,43,3.4,2,0,293.14
5266,413,29,10.9,4,0,181.56
5267,963,15,12.0,2,0,225.68
5268,122,35,12.3,4,0,150.35
5269,278,6,9.1,2,1,93.39
5270,501,38,11.7,3,0,204.44
5271,423,13,1.2,3,0,163.26
5272,145,5,7.9,3,1,93.77
5273,536,23,13.0,4,0,198.92
5274,111,41,14.8,3,0,146.74
5275,616,16,14.9,2,0,165.79
5276,358,10,7.5,1,0,103.88
5277,319,36,12.7,4,0,193.23
5278,207,32,10.1,4,1,166.91
5279,919,21,7.6,4,0,267.02
5280,899,18,4.2,3,0,248.2
5281,818,14,3.6,4,0,242.14
5282,823,29,7.6,1,0,225.6
5283,490,15,11.6,1,0,127.15
5284,901,33,8.2,3,0,291.28
5285,418,14,3.2,2,0,150.17
5286,387,27,11.1,5,1,203.56
5287,99,7,5.3,1,1,68.2
5288,874,5,2.5,3,0,211.76
5289,428,27,4.3,2,1,187.62
5290,654,29,4.8,3,1,239.12
5291,742,12,3.8,3,0,211.25
5292,812,33,1.0,5,0,300.4
5293,174,42,12.6,3,0,162.06
5294,317,14,13.2,3,0,120.34
5295,835,35,0.6,3,1,293.03
5296,610,30,6.5,2,0,207.91
5297,731,18,11.5,3,0,209.92
5298,680,18,3.9,3,0,212.24
5299,113,20,3.2,2,0,100.75
5300,768,25,1.9,4,0,263.95
5301,847,14,13.1,1,1,199.46
5302,550,12,6.4,3,0,169.22
5303,147,31,11.8,3,0,134.0
5304,802,37,15.0,4,0,280.73
5305,924,44,12.1,1,1,290.25
5306,329,5,14.3,3,0,96.74
5307,386,34,0.8,2,0,180.2
5308,822,41,1.5,5,0,311.7
5309,630,16,2.5,3,0,200.73
5310,506,9,4.0,3,1,164.45
5311,820,27,14.2,4,0,258.18
5312,437,19,6.8,3,0,164.68
5313,838,16,10.5,3,1,232.92
5314,774,13,4.9,4,0,226.43
5315,397,41,3.5,1,1,198.39
5316,268,26,3.3,3,0,164.75
5317,416,21,10.2,2,0,151.09
5318,758,23,9.3,3,1,237.58
5319,144,41,5.0,1,1,146.97
5320,151,36,2.0,5,0,183.54
5321,688,26,1.6,5,1,269.95
5322,228,13,4.0,1,0,95.19
5323,778,24,5.5,3,0,239.17
5324,802,38,13.2,2,1,264.2
5325,373,11,8.0,4,0,153.36
5326,257,6,8.2,4,0,115.69
5327,794,18,12.9,2,1,217.86
5328,358,17,10.8,2,1,138.78
5329,654,18,13.2,1,0,171.56
5330,685,17,8.6,2,0,192.35
5331,969,28,9.9,4,1,303.11
5332,751,10,7.4,5,0,222.89
5333,791,40,2.4,2,0,281.93
5334,409,27,12.0,3,1,170.93
5335,889,37,12.0,4,1,295.59
5336,820,12,9.6,4,0,229.92
5337,801,20,7.9,2,1,223.55
5338,668,10,8.9,3,0,184.18
5339,336,5,10.0,5,0,130.59
5340,566,32,6.6,3,0,220.59
5341,263,41,11.9,2,1,178.18
5342,761,25,7.5,4,1,253.81
5343,696,13,2.6,1,0,180.0
5344,873,14,11.0,3,1,230.82
5345,463,22,14.4,3,0,168.87
5346,767,33,4.5,4,1,278.25
5347,840,24,8.6,3,0,245.94
5348,931,7,12.1,3,1,220.62
5349,926,24,7.9,3,1,266.73
5350,824,9,12.9,2,0,196.49
5351,257,39,4.3,4,0,199.41
5352,146,14,12.8,3,1,110.1
5353,644,42,5.9,3,0,256.83
5354,725,40,11.9,2,0,247.57
5355,699,9,10.2,4,0,202.19
5356,454,40,1.2,3,1,229.43
5357,63,21,3.0,1,0,82.03
5358,807,31,14.7,3,1,252.64
5359,820,10,3.3,4,0,228.58
5360,549,21,0.8,3,0,196.26
5361,511,15,10.4,2,0,148.12
5362,797,24,3.4,2,0,233.41
5363,306,42,6.7,2,0,181.38
5364,51,28,2.3,4,1,143.87
5365,355,38,9.5,5,0,216.13
5366,199,35,6.6,4,0,174.53
5367,114,6,8.6,3,1,76.72
5368,974,36,9.9,3,0,285.17
5369,268,9,10.5,1,1,89.4
5370,243,12,0.7,2,0,112.06
5371,987,32,1.6,4,0,317.7
5372,696,44,4.7,3,0,277.87
5373,368,10,2.1,2,0,122.87
5374,865,5,6.2,4,0,222.37
5375,83,5,13.5,3,0,54.9
5376,632,35,10.9,3,1,254.57
5377,960,11,14.3,3,0,229.57
5378,893,34,8.6,3,0,282.89
5379,778,10,10.9,1,1,175.14
5380,781,39,2.9,4,1,290.11
5381,932,44,2.3,4,1,338.53
5382,368,18,1.5,3,0,163.73
5383,680,33,13.2,2,0,220.77
5384,922,40,9.3,3,1,306.05
5385,188,33,6.9,2,1,144.04
5386,616,31,2.5,2,0,221.42
5387,955,25,5.7,1,0,242.04
5388,214,31,7.0,3,0,150.51
5389,297,21,14.1,4,0,150.65
5390,497,41,11.0,3,0,222.51
5391,368,37,4.4,3,0,203.35
5392,575,26,6.7,1,0,190.68
5393,765,6,14.7,1,0,170.66
5394,283,24,1.3,3,0,160.91
5395,141,37,14.0,2,0,133.13
5396,713,24,11.6,2,1,213.05
5397,859,14,13.7,2,0,208.74
5398,361,44,6.4,5,0,232.26
5399,933,6,6.4,5,0,247.48
5400,361,37,5.0,3,0,196.34
5401,748,37,1.6,2,0,264.45
5402,966,9,1.9,3,0,240.7
5403,838,14,5.6,2,0,219.56
5404,904,39,5.4,3,0,297.64
5405,363,16,0.8,3,0,151.35
5406,577,34,7.2,5,0,259.86
5407,715,30,4.8,4,1,258.51
5408,502,43,8.0,4,0,248.02
5409,557,31,8.7,3,0,206.86
5410,518,38,9.1,2,0,210.18
5411,216,13,4.8,4,0,118.4
5412,977,40,5.2,2,0,312.24
5413,955,31,12.6,2,1,273.77
5414,917,32,7.1,3,0,279.0
5415,613,32,8.1,3,1,233.01
5416,886,16,5.9,4,0,257.09
5417,82,31,6.9,2,0,107.66
5418,783,8,10.2,4,0,201.05
5419,871,7,3.8,3,0,218.77
5420,893,24,9.2,2,1,248.26
5421,913,17,6.1,2,1,242.95
5422,480,7,14.9,1,0,106.58
5423,681,35,14.2,2,0,230.47
5424,122,34,11.4,2,0,134.97
5425,109,17,3.7,3,0,101.64
5426,373,41,5.3,4,1,225.71
5427,971,37,1.5,5,0,331.98
5428,362,11,12.3,4,0,139.86
5429,819,28,1.7,2,0,248.86
5430,158,17,6.8,4,0,109.67
5431,934,11,12.5,5,1,265.18
5432,756,38,11.7,2,1,263.58
5433,400,20,4.3,4,0,176.56
5434,157,5,3.7,5,0,113.66
5435,670,21,12.0,2,1,203.86
5436,713,41,8.6,4,0,284.19
5437,421,34,4.1,2,0,180.24
5438,543,14,13.9,4,0,172.29
5439,940,24,10.0,1,0,233.13
5440,349,26,0.9,4,1,197.49
5441,711,30,8.8,3,0,239.07
5442,823,31,11.9,5,0,277.62
5443,958,21,7.3,2,0,240.16
5444,154,36,2.2,5,0,186.17
5445,581,31,2.2,4,1,251.62
5446,671,16,1.6,2,0,201.14
5447,394,5,12.7,3,1,132.31
5448,956,26,9.6,2,0,256.93
5449,287,8,0.8,2,1,114.58
5450,727,10,10.3,3,0,190.42
5451,669,15,5.4,5,1,238.53
5452,178,12,13.5,3,1,94.36
5453,856,35,11.5,4,0,289.96
5454,549,38,14.5,3,0,215.57
5455,349,9,8.7,4,0,139.46
5456,540,17,1.6,2,1,181.78
5457,450,9,14.9,2,0,122.75
5458,188,18,4.9,4,1,137.46
5459,254,43,9.8,2,0,177.6
5460,220,13,12.5,1,0,83.57
5461,970,39,14.5,3,0,301.41
5462,926,34,1.7,3,1,301.74
5463,479,13,11.9,1,0,127.0
5464,924,26,10.2,3,0,264.82
5465,301,14,5.0,3,1,136.73
5466,190,15,0.8,3,1,134.1
5467,948,37,11.1,3,0,293.22
5468,596,31,13.3,2,0,201.31
5469,284,31,4.0,3,1,176.23
5470,898,28,7.7,2,0,252.99
5471,298,13,6.2,1,0,97.2
5472,712,34,0.9,2,0,242.59
5473,776,20,10.6,2,0,211.46
5474,529,10,12.1,5,1,189.72
5475,496,40,13.6,1,0,206.37
5476,176,7,5.5,3,0,94.71
5477,349,5,7.0,2,0,100.56
5478,108,21,12.5,2,0,89.41
5479,645,44,14.1,4,0,259.61
5480,927,18,6.5,5,0,268.57
5481,591,28,4.4,4,1,240.98
5482,53,22,2.9,2,1,102.05
5483,146,33,1.5,2,0,137.12
5484,204,40,6.5,3,1,180.7
5485,96,9,9.9,4,0,96.47
5486,253,39,11.3,4,0,175.0
5487,279,40,12.2,2,0,170.71
5488,134,18,8.1,4,0,116.66
5489,394,19,9.7,3,0,159.61
5490,897,10,11.7,2,0,205.51
5491,947,27,4.0,5,0,303.78
5492,922,30,11.0,1,1,250.58
5493,255,39,6.8,2,0,170.04
5494,795,41,14.4,5,0,291.08
5495,486,16,8.6,4,0,173.78
5496,323,14,2.9,4,1,158.27
5497,797,40,11.0,4,1,289.64
5498,721,11,0.6,2,0,185.55
5499,568,41,0.9,3,0,250.32
5500,328,27,3.5,5,0,195.98
5501,114,38,3.1,4,1,169.41
5502,665,6,10.4,3,0,175.82
5503,254,37,13.4,1,0,132.61
5504,611,19,9.8,3,0,194.59
5505,404,15,2.3,4,1,179.25
5506,912,23,10.9,4,0,251.09
5507,401,20,1.0,1,0,148.44
5508,932,14,14.8,2,1,224.54
5509,298,26,1.6,3,0,167.28
5510,796,11,1.2,3,0,221.72
5511,229,6,3.2,2,1,95.41
5512,722,12,11.0,4,0,212.32
5513,814,27,5.8,2,0,235.41
5514,853,9,6.1,1,0,189.84
5515,536,27,12.9,3,0,191.17
5516,88,39,4.4,2,1,142.17
5517,352,14,10.8,5,1,168.46
5518,613,5,6.5,2,1,162.61
5519,953,16,4.6,1,0,228.81
5520,541,33,5.4,3,1,222.69
5521,86,33,9.0,4,0,140.41
5522,152,13,4.2,2,0,83.67
5523,359,24,5.2,3,0,165.05
5524,980,6,12.0,4,0,237.51
5525,478,21,7.7,2,0,159.33
5526,922,21,7.6,4,0,270.28
5527,911,10,1.2,2,0,228.97
5528,192,8,6.0,3,0,91.12
5529,913,29,5.4,3,0,277.61
5530,593,37,5.0,2,0,226.26
5531,963,36,0.8,4,0,318.77
5532,73,12,5.6,4,1,111.16
5533,535,27,4.5,2,0,195.67
5534,61,28,6.7,4,0,129.13
5535,481,28,5.1,4,1,216.88
5536,992,7,13.2,5,0,247.92
5537,725,6,7.0,3,0,181.43
5538,489,26,4.4,4,0,201.64
5539,86,31,13.4,3,0,122.07
5540,247,17,2.1,4,0,152.15
5541,301,43,14.6,2,0,178.09
5542,500,31,11.0,5,0,222.39
5543,591,19,2.9,2,0,187.18
5544,560,36,5.8,4,1,256.6
5545,239,14,3.0,3,0,122.58
5546,716,19,6.3,3,1,224.13
5547,161,26,6.9,2,0,118.76
5548,858,30,13.4,3,0,256.71
5549,319,38,13.7,5,1,212.15
5550,153,42,0.7,2,0,166.07
5551,578,14,11.2,1,0,143.95
5552,994,12,12.5,2,1,242.11
5553,915,27,9.6,1,0,237.76
5554,256,23,14.2,2,0,112.59
5555,997,15,4.2,1,0,228.51
5556,439,22,2.3,2,0,169.31
5557,326,23,6.5,3,0,157.22
5558,99,11,10.3,2,0,67.94
5559,245,41,10.4,2,0,160.98
5560,800,14,2.4,2,0,207.7
5561,873,18,12.1,2,1,227.29
5562,128,20,9.3,2,0,100.85
5563,229,43,7.9,5,0,204.84
5564,111,17,13.8,2,1,92.97
5565,214,33,6.2,1,0,133.12
5566,677,15,2.5,4,1,225.36
5567,543,21,10.5,1,0,152.92
5568,116,12,2.7,2,0,87.62
5569,127,42,10.6,3,0,164.46
5570,239,19,13.1,2,0,104.66
5571,112,22,11.6,2,0,93.68
5572,109,13,1.5,2,0,87.65
5573,352,30,8.6,4,0,182.56
5574,680,31,10.0,3,0,234.22
5575,88,34,7.2,2,0,131.83
5576,899,6,8.8,2,0,211.94
5577,660,42,12.4,2,0,245.02
5578,499,43,4.9,2,1,230.38
5579,53,34,4.2,3,0,139.98
5580,508,36,4.8,1,0,193.05
5581,358,42,7.5,3,0,202.97
5582,613,43,1.1,4,0,273.93
5583,628,18,4.6,3,0,194.92
5584,119,14,2.7,5,0,121.53
5585,308,35,8.4,4,0,193.44
5586,365,18,3.3,4,0,158.98
5587,414,19,7.9,2,1,154.79
5588,888,33,10.7,2,1,273.52
5589,449,26,9.9,3,0,172.03
5590,501,8,8.6,3,1,151.9
5591,767,24,4.3,2,0,229.74
5592,507,23,2.0,2,1,200.19
5593,836,9,1.9,3,1,222.05
5594,706,28,4.9,3,1,244.33
5595,907,16,9.4,2,0,229.93
5596,481,13,8.1,4,0,175.38
5597,841,31,9.1,2,0,257.95
5598,676,13,6.2,2,0,182.41
5599,166,20,3.7,4,1,146.3
5600,485,42,6.4,2,0,220.53
5601,537,22,5.2,2,1,191.31
5602,169,21,4.6,3,0,126.38
5603,703,22,8.1,1,0,199.93
5604,311,34,10.4,3,0,166.66
5605,156,12,11.4,2,1,86.31
5606,985,11,4.5,4,1,262.97
5607,631,26,6.3,4,0,234.72
5608,361,32,9.4,4,0,186.77
5609,622,30,0.7,3,0,236.03
5610,205,15,8.5,1,0,82.42
5611,67,9,0.8,4,0,93.39
5612,941,28,4.3,5,0,303.0
5613,444,8,13.4,2,0,126.37
5614,138,32,11.7,2,0,132.98
5615,974,9,12.5,1,0,200.93
5616,945,26,10.5,3,0,270.77
5617,992,32,3.3,3,1,310.49
5618,913,12,6.0,4,1,260.03
5619,581,31,3.1,4,0,248.16
5620,76,21,6.6,3,1,116.01
5621,996,21,2.7,2,0,258.6
5622,913,29,12.9,2,0,253.08
5623,734,42,11.1,2,1,275.14
5624,442,21,9.7,5,0,181.72
5625,506,27,12.7,3,0,188.55
5626,574,26,12.3,3,1,211.87
5627,469,30,12.4,1,0,167.05
5628,173,8,5.0,3,0,93.09
5629,444,33,13.8,3,0,189.55
5630,692,34,4.2,2,1,243.97
5631,818,15,12.3,2,0,208.97
5632,411,44,14.5,5,0,222.9
5633,486,36,9.7,2,0,201.13
5634,861,24,10.5,1,0,216.22
5635,379,36,7.0,2,0,185.68
5636,485,8,14.7,3,1,140.83
5637,442,5,4.0,3,0,128.14
5638,84,22,1.9,2,1,104.05
5639,890,25,13.4,3,0,252.66
5640,631,16,3.3,3,0,193.39
5641,179,33,14.5,5,1,175.47
5642,585,26,10.1,1,0,177.98
5643,495,7,3.4,1,0,129.22
5644,811,26,13.0,2,0,231.56
5645,607,33,12.8,4,0,234.59
5646,507,39,6.8,2,0,200.08
5647,915,19,8.4,4,0,269.67
5648,197,8,4.3,4,0,108.55
5649,99,36,10.3,3,0,139.76
5650,737,29,3.0,5,1,286.01
5651,694,24,5.3,4,1,245.99
5652,188,29,3.8,3,1,151.11
5653,912,26,4.4,2,0,260.33
5654,600,28,3.7,3,0,216.49
5655,707,25,3.0,2,0,226.75
5656,135,35,9.2,4,0,155.06
5657,276,18,10.9,2,0,109.12
5658,853,42,7.7,1,0,264.91
5659,791,30,3.5,1,0,237.36
5660,572,29,12.4,2,0,192.62
5661,641,44,3.1,3,0,274.57
5662,952,11,5.6,3,0,245.19
5663,953,13,9.3,2,1,241.14
5664,852,5,6.1,2,0,197.53
5665,708,41,1.1,4,1,290.32
5666,231,23,7.1,3,0,137.07
5667,393,41,5.0,2,0,200.64
5668,756,8,12.6,2,1,180.64
5669,66,43,4.9,2,1,159.23
5670,244,21,5.1,1,0,122.26
5671,521,20,7.7,5,0,203.22
5672,332,25,1.9,1,1,146.74
5673,680,19,10.5,4,0,221.39
5674,592,21,9.4,4,0,204.48
5675,247,5,8.6,3,1,103.14
5676,663,31,11.2,3,0,233.82
5677,126,25,2.4,1,0,105.99
5678,513,33,14.4,5,0,225.4
5679,81,15,1.3,2,1,109.05
5680,495,42,11.5,2,0,208.01
5681,105,39,14.9,3,0,143.12
5682,819,29,2.3,3,0,264.05
5683,823,37,1.1,2,0,274.47
5684,161,35,12.4,5,1,171.07
5685,63,21,0.6,4,0,125.18
5686,665,22,8.0,2,0,197.02
5687,268,33,0.7,3,1,191.59
5688,251,14,6.2,3,0,128.66
5689,926,36,4.6,3,1,304.32
5690,477,23,5.7,3,1,187.7
5691,279,44,7.1,3,1,209.61
5692,607,15,10.5,3,1,189.73
5693,972,33,14.0,4,1,301.21
5694,77,27,13.8,4,0,115.7
5695,184,26,4.8,3,0,146.16
5696,828,14,7.7,2,1,221.09
5697,509,30,14.4,2,1,191.13
5698,174,17,8.5,2,0,106.13
5699,228,21,13.5,5,0,150.4
5700,365,39,8.1,4,0,212.2
5701,900,10,9.0,3,1,237.7
5702,901,20,13.4,2,0,227.5
5703,429,33,9.5,3,0,183.77
5704,677,42,2.5,3,0,265.99
5705,499,31,13.2,1,0,169.74
5706,341,5,11.2,3,0,110.18
5707,850,8,11.7,2,0,195.59
5708,882,40,11.5,3,0,293.7
5709,58,25,3.9,3,0,117.29
5710,288,5,2.6,2,0,102.01
5711,324,15,13.9,3,0,127.78
5712,88,43,1.2,5,0,200.01
5713,234,28,13.2,2,0,124.26
5714,345,5,7.3,3,0,115.76
5715,893,15,9.6,4,1,243.13
5716,582,42,10.9,1,0,226.12
5717,969,34,6.2,4,0,303.66
5718,341,11,11.9,3,0,121.32
5719,137,41,14.7,1,1,132.91
5720,409,13,2.9,2,1,141.39
5721,90,6,8.8,3,0,72.13
5722,236,10,5.3,5,0,130.97
5723,598,30,6.2,2,0,212.09
5724,669,27,5.5,3,0,229.43
5725,527,10,5.8,4,0,179.73
5726,482,7,3.0,3,0,158.94
5727,170,5,1.3,3,0,93.46
5728,291,32,14.9,2,1,147.97
5729,170,33,11.1,2,0,131.71
5730,257,28,14.8,3,1,155.08
5731,361,42,9.1,2,0,197.23
5732,478,39,12.1,3,0,213.57
5733,214,31,2.3,2,0,150.2
5734,541,39,12.8,4,0,237.66
5735,871,13,13.9,3,0,223.88
5736,720,17,3.4,2,0,201.43
5737,552,17,9.1,2,1,179.86
5738,635,19,7.9,2,0,183.96
5739,405,16,4.0,4,1,182.19
5740,476,7,14.9,4,0,144.05
5741,870,8,13.8,4,1,214.52
5742,78,22,7.2,3,0,99.84
5743,746,42,11.9,1,1,250.48
5744,426,28,1.3,3,1,202.04
5745,703,34,7.4,3,1,250.01
5746,644,29,2.2,2,0,218.13
5747,838,39,11.5,1,1,265.47
5748,209,10,14.2,3,0,97.04
5749,181,24,1.9,2,1,139.38
5750,948,28,6.6,3,0,283.6
5751,733,32,7.8,2,0,232.23
5752,977,8,0.9,4,0,255.9
5753,925,17,2.0,3,1,266.65
5754,940,25,3.7,3,0,273.36
5755,744,31,9.5,3,0,241.94
5756,760,34,12.5,2,0,242.74
5757,318,37,6.7,2,0,173.72
5758,739,37,5.4,3,0,262.16
5759,193,7,12.6,2,0,71.33
5760,559,8,2.2,3,0,174.26
5761,469,22,3.4,2,1,180.75
5762,293,37,9.9,2,0,158.39
5763,549,9,8.4,4,0,172.3
5764,363,14,4.4,1,0,127.32
5765,903,22,3.0,2,1,265.21
5766,140,19,1.8,4,0,133.18
5767,338,32,3.6,3,1,185.43
5768,965,17,8.9,3,0,259.12
5769,459,13,10.4,3,0,155.12
5770,838,14,10.7,3,0,214.19
5771,78,32,3.3,3,0,130.0
5772,537,42,5.9,3,0,236.99
5773,963,39,14.1,3,1,302.35
5774,436,12,14.2,5,0,164.77
5775,56,11,8.7,5,1,110.86
5776,124,30,1.1,3,1,151.04
5777,638,5,12.0,4,0,169.52
5778,601,42,5.4,3,1,261.51
5779,134,38,6.5,3,1,172.96
5780,344,19,11.0,3,0,156.88
5781,584,20,9.1,4,0,204.75
5782,566,43,1.8,3,0,247.16
5783,728,5,12.9,3,1,176.48
5784,927,9,2.2,3,0,228.49
5785,252,29,11.9,3,0,147.8
5786,351,15,2.7,2,0,138.87
5787,140,30,7.9,1,0,110.71
5788,767,42,13.4,3,1,287.84
5789,983,21,8.9,2,0,243.58
5790,911,41,12.2,3,0,294.14
5791,138,30,12.8,2,1,125.52
5792,759,26,6.6,2,0,233.39
5793,828,13,2.8,2,1,220.33
5794,252,17,7.6,2,0,113.54
5795,890,42,1.9,3,1,313.43
5796,291,16,6.4,3,0,133.72
5797,867,13,11.8,5,0,240.74
5798,333,10,11.8,3,0,119.89
5799,309,40,7.1,1,1,176.47
5800,306,41,0.6,5,0,230.05
5801,693,7,6.9,3,1,187.26
5802,602,43,7.2,3,0,252.32
5803,382,7,8.8,4,0,134.23
5804,347,27,1.1,2,0,164.47
5805,464,38,12.4,3,1,206.94
5806,546,28,11.4,1,0,175.76
5807,243,41,3.5,2,1,184.5
5808,197,13,10.7,3,0,95.97
5809,556,22,2.4,3,0,212.72
5810,223,10,1.3,4,0,123.31
5811,341,42,3.2,5,0,230.84
5812,195,28,5.8,3,0,137.24
5813,817,27,14.4,1,1,224.18
5814,620,36,4.7,2,1,243.49
5815,330,13,10.2,2,0,115.91
5816,599,40,10.5,5,0,260.28
5817,951,25,1.0,3,0,283.25
5818,540,5,12.7,3,0,146.64
5819,74,43,10.6,5,0,175.19
5820,285,40,5.4,3,0,194.73
5821,160,17,9.3,3,0,108.41
5822,56,27,13.5,2,0,93.28
5823,582,29,6.0,2,0,203.19
5824,77,38,2.5,3,0,154.67
5825,336,21,0.7,4,0,166.18
5826,232,44,8.1,2,0,166.1
5827,71,39,8.7,4,0,157.52
5828,572,27,6.7,3,0,207.39
5829,862,16,7.1,3,1,240.68
5830,211,19,3.0,3,0,134.21
5831,899,40,7.0,3,1,306.37
5832,340,26,3.8,4,1,189.44
5833,494,44,6.7,3,1,229.87
5834,842,32,8.7,3,1,264.81
5835,145,8,12.0,3,1,86.55
5836,669,35,12.6,3,0,235.93
5837,779,10,14.4,3,0,190.81
5838,708,37,13.2,3,0,240.61
5839,518,27,11.2,3,0,194.1
5840,520,42,10.3,2,0,219.98
5841,662,43,12.7,4,0,266.83
5842,82,41,9.5,1,1,137.75
5843,985,27,9.7,4,1,303.18
5844,775,25,2.8,3,0,250.4
5845,477,42,7.7,5,1,263.44
5846,467,33,8.2,4,0,215.91
5847,675,28,5.9,5,1,256.09
5848,473,5,1.1,2,0,131.43
5849,300,44,2.7,2,0,182.31
5850,570,14,13.9,4,0,172.28
5851,671,41,11.9,3,0,264.48
5852,287,16,1.8,3,1,140.78
5853,83,19,1.2,2,1,101.47
5854,184,40,1.6,2,0,161.31
5855,137,27,12.6,1,0,101.31
5856,498,12,11.5,2,0,135.89
5857,570,5,10.8,4,0,153.46
5858,697,10,7.6,3,1,199.38
5859,182,31,10.5,3,0,148.4
5860,561,13,10.3,2,0,160.83
5861,58,5,13.4,2,1,50.93
5862,521,18,10.3,3,1,187.0
5863,106,17,11.5,3,1,110.64
5864,815,21,0.8,1,0,220.41
5865,493,18,5.5,4,0,182.73
5866,904,20,5.9,4,0,267.2
5867,538,26,3.7,4,0,221.4
5868,435,41,1.4,4,0,230.22
5869,939,17,9.7,2,1,243.23
5870,567,38,5.9,3,0,234.32
5871,636,33,2.9,3,0,242.14
5872,196,17,3.9,4,0,120.83
5873,785,17,0.7,2,0,218.8
5874,663,25,2.4,3,0,225.67
5875,308,20,10.7,1,0,126.31
5876,686,15,9.5,2,0,184.16
5877,271,13,13.7,4,0,120.4
5878,638,30,8.0,4,0,232.48
5879,854,43,1.5,3,1,302.87
5880,455,5,7.8,2,0,123.8
5881,508,27,12.8,3,0,180.9
5882,335,35,8.4,2,0,173.6
5883,56,24,12.1,2,0,90.4
5884,135,10,5.7,4,0,109.19
5885,540,40,6.5,3,1,247.94
5886,860,37,2.5,4,0,303.84
5887,903,36,2.2,2,0,286.2
5888,799,15,9.8,2,0,195.83
5889,799,24,0.8,3,0,244.38
5890,326,42,3.7,2,0,199.94
5891,979,25,11.7,3,0,260.8
5892,59,44,6.9,1,1,140.47
5893,295,32,3.5,2,1,170.95
5894,775,35,6.5,2,0,251.29
5895,241,8,14.7,4,0,109.02
5896,372,20,8.5,1,1,145.44
5897,969,32,3.6,2,0,288.31
5898,457,37,14.7,4,0,219.77
5899,991,5,6.0,2,0,218.67
5900,68,36,13.0,4,0,147.81
5901,942,43,8.8,2,0,305.25
5902,629,19,12.7,5,0,208.96
5903,559,14,1.4,3,1,188.37
5904,874,33,5.4,3,0,279.03
5905,944,28,9.1,2,0,264.14
5906,574,7,1.7,4,0,183.94
5907,496,34,2.5,5,1,252.42
5908,631,27,10.4,5,1,255.16
5909,383,12,13.5,2,1,128.2
5910,107,15,12.5,4,1,107.71
5911,676,22,3.6,3,1,224.27
5912,522,26,1.3,5,0,223.01
5913,748,10,11.6,2,0,187.94
5914,339,40,10.5,5,0,212.46
5915,484,12,11.3,4,0,164.58
5916,436,28,5.5,3,0,180.53
5917,192,19,2.8,2,0,120.95
5918,331,5,10.6,4,1,126.33
5919,638,16,6.8,3,0,193.29
5920,219,30,7.4,5,0,169.28
5921,838,26,2.6,4,0,276.18
5922,772,35,2.6,2,1,268.43
5923,308,39,14.9,2,0,163.74
5924,383,15,5.7,2,1,140.19
5925,176,14,5.6,4,1,132.01
5926,650,42,14.4,2,1,240.06
5927,499,37,5.8,3,0,218.81
5928,640,8,13.4,4,0,181.68
5929,787,28,13.2,4,0,246.82
5930,209,22,10.7,3,0,132.89
5931,158,6,7.3,3,0,85.63
5932,82,22,13.3,2,0,87.55
5933,522,33,11.8,4,0,212.14
5934,631,30,6.2,4,0,243.61
5935,830,22,1.8,2,1,242.17
5936,612,6,13.8,5,0,187.08
5937,105,18,1.5,2,0,97.26
5938,131,5,7.1,3,0,79.75
5939,553,34,8.3,3,0,210.68
5940,174,30,10.8,3,0,133.55
5941,474,26,6.1,2,0,174.23
5942,139,7,2.0,2,0,80.76
5943,480,30,5.3,5,0,225.24
5944,52,15,8.9,3,0,82.92
5945,871,10,4.9,4,1,248.22
5946,611,43,2.0,4,0,271.64
5947,947,21,2.0,1,0,257.65
5948,389,10,4.6,2,0,123.68
5949,889,8,2.2,3,0,225.78
5950,796,12,1.8,4,1,237.82
5951,957,8,11.5,2,0,204.84
5952,803,26,12.7,1,0,206.36
5953,140,24,4.9,3,1,130.07
5954,849,43,4.5,3,1,305.05
5955,553,14,10.0,3,0,179.24
5956,742,16,1.3,4,0,236.24
5957,174,24,10.2,5,0,132.54
5958,863,37,6.2,3,0,289.08
5959,953,40,14.5,2,0,283.76
5960,171,12,5.9,2,1,91.27
5961,348,25,1.8,3,0,179.11
5962,375,36,14.2,1,1,167.42
5963,758,10,2.1,4,0,220.13
5964,791,44,14.1,2,0,265.64
5965,835,42,2.0,2,0,286.54
5966,287,34,2.1,3,0,184.47
5967,688,43,14.2,3,0,249.87
5968,136,35,8.2,2,0,136.99
5969,883,26,8.7,3,0,248.48
5970,732,9,12.1,2,1,186.04
5971,976,16,13.4,3,1,248.11
5972,399,10,13.3,3,0,132.53
5973,124,36,12.2,2,0,122.16
5974,519,20,14.8,2,0,158.87
5975,179,27,1.4,2,0,130.22
5976,998,37,8.5,2,0,295.37
5977,978,28,9.1,4,0,293.23
5978,53,38,9.6,3,0,128.75
5979,302,36,2.8,3,0,189.58
5980,830,11,14.5,1,1,188.28
5981,165,5,14.1,4,0,89.03
5982,716,37,6.2,2,1,249.07
5983,282,20,10.9,3,1,139.12
5984,608,21,14.5,5,0,212.42
5985,368,29,5.1,2,0,168.12
5986,237,11,6.1,4,0,126.14
5987,418,44,3.8,5,0,249.44
5988,930,23,6.8,4,0,286.58
5989,216,34,12.2,4,0,163.43
5990,458,35,1.2,3,0,223.19
5991,888,27,8.8,2,0,252.89
5992,864,9,12.2,5,0,239.48
5993,999,18,8.6,4,1,283.22
5994,895,39,13.1,1,0,258.86
5995,506,23,6.2,3,0,193.4
5996,85,41,14.5,2,0,132.31
5997,227,28,1.7,5,1,187.83
5998,176,15,2.4,2,1,116.71
5999,923,8,3.5,5,1,260.08
6000,865,32,10.1,5,1,307.94
6001,122,15,8.8,4,1,120.43
6002,344,5,1.8,4,0,134.49
6003,384,8,4.7,2,0,126.68
6004,555,16,10.8,3,0,164.77
6005,882,28,6.7,2,1,261.81
6006,228,33,7.7,4,0,175.12
6007,234,6,5.5,3,0,89.44
6008,878,39,1.2,2,0,282.54
6009,247,14,12.7,5,0,138.34
6010,770,26,6.3,2,0,229.82
6011,947,24,4.8,5,0,290.25
6012,295,20,12.0,2,1,129.05
6013,496,29,6.9,3,0,198.57
6014,417,27,1.5,1,0,168.35
6015,707,20,5.1,2,1,213.63
6016,360,31,8.0,5,0,209.85
6017,206,35,11.2,4,0,173.56
6018,358,44,10.1,2,0,188.73
6019,756,34,14.1,4,0,258.86
6020,327,5,0.7,3,1,133.16
6021,121,14,4.3,3,0,98.56
6022,909,37,2.3,2,0,292.32
6023,483,29,14.7,2,0,181.2
6024,581,35,13.6,3,1,230.0
6025,827,33,5.8,3,0,274.92
6026,144,41,10.0,4,0,176.22
6027,757,10,3.4,5,0,222.43
6028,122,13,7.9,4,1,121.28
6029,202,39,4.7,2,0,156.87
6030,237,39,4.7,2,1,183.88
6031,694,7,4.9,5,1,221.19
6032,817,32,1.0,2,0,260.34
6033,968,33,1.4,2,0,286.25
6034,139,44,13.7,4,0,169.93
6035,151,26,5.3,3,1,132.59
6036,742,16,1.3,3,0,215.6
6037,645,29,4.3,3,0,234.99
6038,845,5,1.0,4,0,218.24
6039,594,28,0.9,3,0,228.08
6040,584,42,8.0,2,0,238.37
6041,626,28,13.5,3,1,220.25
6042,794,7,14.0,3,0,192.56
6043,420,38,13.9,3,0,194.47
6044,488,28,6.2,4,0,216.11
6045,827,42,2.0,4,1,320.92
6046,981,40,14.9,4,1,321.72
6047,655,11,0.6,3,0,198.21
6048,445,39,8.0,2,0,203.98
6049,397,18,0.6,3,0,150.22
6050,409,23,2.1,3,0,173.29
6051,154,17,4.2,4,0,125.66
6052,966,44,7.9,4,0,340.11
6053,932,31,1.9,4,1,314.7
6054,283,20,3.5,2,1,143.4
6055,78,40,7.1,2,0,144.61
6056,922,32,6.6,1,0,261.33
6057,856,27,13.9,3,1,258.73
6058,931,26,9.6,2,0,250.24
6059,707,9,11.1,4,0,196.89
6060,804,38,11.4,2,0,253.08
6061,361,13,12.1,2,0,109.59
6062,878,42,10.6,3,1,306.03
6063,426,33,9.0,5,1,225.74
6064,692,35,8.8,4,0,262.8
6065,60,7,5.3,1,1,50.59
6066,489,38,7.6,1,1,198.03
6067,958,13,10.5,2,1,234.31
6068,552,18,9.1,2,1,175.03
6069,935,37,3.0,2,0,288.49
6070,552,24,11.1,2,0,174.32
6071,122,32,2.4,4,1,172.64
6072,864,31,7.7,3,0,264.9
6073,986,22,13.3,4,0,266.86
6074,827,37,5.4,1,1,266.6
6075,956,17,5.9,1,1,234.97
6076,719,21,1.5,2,0,215.77
6077,613,26,2.8,2,1,217.88
6078,468,30,12.2,3,1,185.4
6079,205,26,1.7,5,0,165.14
6080,911,32,9.4,5,0,309.8
6081,426,37,6.2,2,0,190.44
6082,703,36,7.3,2,1,251.95
6083,913,17,5.1,2,0,235.59
6084,117,17,8.6,3,0,100.65
6085,582,17,6.2,1,1,175.83
6086,238,42,8.6,2,1,175.35
6087,397,36,9.4,4,0,209.07
6088,887,41,14.4,1,0,259.92
6089,164,38,4.8,1,0,136.89
6090,409,10,2.8,2,1,144.04
6091,838,10,0.7,3,1,228.5
6092,88,44,14.4,3,0,150.72
6093,687,30,8.6,1,0,206.04
6094,976,13,13.2,5,0,255.17
6095,337,5,7.6,1,0,100.21
6096,813,13,4.0,2,1,217.28
6097,179,5,6.6,3,0,81.42
6098,568,42,9.0,3,1,243.67
6099,272,35,10.6,2,1,166.14
6100,987,10,11.2,3,0,226.47
6101,84,40,15.0,2,1,142.31
6102,360,14,10.5,4,1,146.3
6103,895,31,8.0,3,1,286.71
6104,875,19,4.2,4,0,257.72
6105,144,32,11.8,4,1,158.84
6106,358,22,4.1,3,0,160.77
6107,305,7,9.6,2,0,97.26
6108,635,12,8.6,2,0,171.9
6109,973,38,3.3,3,1,325.53
6110,347,33,13.0,3,0,168.02
6111,85,6,8.2,2,0,45.11
6112,261,29,10.7,2,0,148.02
6113,839,27,11.7,2,1,246.32
6114,473,40,13.8,1,0,186.32
6115,788,16,4.4,2,1,228.88
6116,615,24,9.8,1,0,191.3
6117,112,10,6.4,4,1,106.64
6118,110,22,11.0,1,1,101.15
6119,380,22,7.5,5,1,188.24
6120,81,39,5.6,3,0,151.7
6121,127,15,11.2,3,1,99.6
6122,348,15,11.4,4,0,144.83
6123,416,31,10.3,4,0,203.94
6124,936,41,11.6,1,0,273.73
6125,532,22,5.7,4,0,204.37
6126,261,20,12.5,1,0,99.63
6127,562,8,14.6,2,1,147.48
6128,652,39,11.9,2,0,226.66
6129,909,34,11.6,5,0,306.23
6130,235,23,14.3,2,0,118.13
6131,883,40,13.7,1,1,273.67
6132,135,11,12.9,1,0,66.05
6133,568,29,9.2,1,0,183.22
6134,542,24,0.8,5,0,229.99
6135,677,31,5.9,4,0,249.21
6136,255,25,8.2,2,1,148.99
6137,795,9,5.6,4,1,222.84
6138,418,21,8.2,3,0,168.62
6139,983,11,13.7,2,0,221.63
6140,612,21,6.1,4,0,215.64
6141,342,26,14.9,3,0,149.1
6142,595,6,13.5,3,0,158.32
6143,827,6,7.4,4,0,205.66
6144,473,33,5.5,3,0,213.2
6145,620,37,10.0,4,0,243.95
6146,611,41,2.2,1,1,226.58
6147,845,37,2.2,4,1,306.25
6148,69,31,11.7,2,0,106.47
6149,535,8,2.7,5,0,186.49
6150,949,39,2.8,3,0,310.53
6151,126,5,2.3,4,0,96.69
6152,118,30,11.1,3,0,117.13
6153,454,15,2.2,5,0,188.05
6154,169,37,10.0,4,0,158.51
6155,798,24,0.5,4,0,270.1
6156,954,18,8.8,3,1,264.52
6157,749,8,10.3,4,1,210.36
6158,364,19,14.6,5,0,166.74
6159,726,20,5.4,5,0,247.21
6160,803,27,13.1,2,1,237.16
6161,103,23,8.0,3,0,114.19
6162,782,43,1.4,2,0,289.62
6163,316,8,1.9,3,0,123.06
6164,575,18,2.0,2,1,191.18
6165,500,25,12.4,4,1,210.31
6166,544,35,1.2,5,0,247.63
6167,603,38,12.8,3,0,234.52
6168,776,43,2.0,3,1,299.37
6169,791,12,14.4,2,1,193.36
6170,960,32,13.7,2,0,271.18
6171,973,37,15.0,2,0,271.69
6172,891,43,10.3,1,0,278.69
6173,247,26,13.8,3,0,132.68
6174,742,30,10.9,3,0,240.9
6175,640,24,5.6,5,0,240.0
6176,510,6,13.5,2,0,129.83
6177,397,32,8.2,3,0,195.78
6178,682,27,6.0,5,1,273.64
6179,776,12,2.3,3,0,209.73
6180,299,25,14.8,3,1,154.1
6181,701,23,13.6,4,1,236.96
6182,514,9,5.9,3,0,157.35
6183,235,23,12.8,4,1,148.15
6184,934,42,0.7,4,1,336.49
6185,323,18,7.3,2,1,130.3
6186,467,41,7.3,3,0,218.66
6187,643,32,1.5,4,1,269.65
6188,711,37,14.0,2,0,226.33
6189,387,11,13.3,3,1,132.98
6190,876,10,5.1,3,0,231.21
6191,105,10,10.2,2,1,72.23
6192,392,38,14.1,2,0,171.74
6193,512,15,11.8,4,0,165.8
6194,581,22,7.0,2,1,195.74
6195,840,29,8.0,2,1,257.85
6196,987,22,12.2,3,0,272.77
6197,861,33,7.0,3,0,275.4
6198,593,8,6.2,3,0,175.79
6199,136,44,13.2,3,1,170.35
6200,198,34,10.5,5,0,180.63
6201,875,33,7.6,5,1,317.61
6202,244,37,12.3,2,1,157.45
6203,118,33,7.4,3,0,147.52
6204,965,22,10.3,4,0,268.23
6205,693,7,8.2,4,0,186.33
6206,648,39,3.3,4,0,262.09
6207,429,41,3.7,5,0,248.54
6208,964,11,4.2,3,0,245.31
6209,444,21,14.8,3,0,144.12
6210,806,16,6.0,4,1,241.9
6211,292,30,5.5,1,0,138.32
6212,147,11,6.3,3,0,96.59
6213,96,27,0.7,3,0,127.52
6214,98,34,5.8,3,0,138.81
6215,98,16,7.3,5,0,117.59
6216,588,26,1.9,3,0,219.53
6217,423,27,11.2,3,0,176.47
6218,795,18,12.0,3,0,215.93
6219,667,19,9.2,4,1,221.25
6220,884,27,2.6,3,1,279.38
6221,314,41,10.9,2,0,176.84
6222,256,12,12.4,2,1,107.2
6223,296,9,4.6,4,0,128.04
6224,931,28,11.5,5,1,297.57
6225,956,15,7.6,3,1,260.94
6226,383,5,2.5,2,0,117.39
6227,906,26,8.5,3,0,261.81
6228,534,35,12.0,5,0,232.81
6229,349,43,10.8,3,0,203.19
6230,311,34,11.9,2,0,151.88
6231,507,18,8.5,4,1,193.45
6232,363,13,14.5,3,0,128.45
6233,172,15,10.7,5,1,139.42
6234,694,44,8.1,2,0,254.0
6235,108,37,13.9,4,0,148.8
6236,475,16,8.2,2,1,153.52
6237,289,22,0.7,5,1,178.7
6238,751,11,2.3,2,1,213.53
6239,241,36,11.3,1,0,145.94
6240,690,25,14.0,1,0,185.54
6241,200,35,9.5,3,0,165.59
6242,335,27,6.2,2,0,156.43
6243,992,32,11.5,2,0,273.79
6244,484,24,6.2,1,1,178.57
6245,805,13,2.1,2,0,209.35
6246,521,40,4.2,2,1,234.26
6247,507,39,14.3,4,0,218.76
6248,374,25,9.0,5,1,204.28
6249,181,12,7.6,1,0,72.3
6250,969,39,7.1,3,0,312.52
6251,811,33,2.9,4,1,289.04
6252,481,34,9.3,2,0,192.82
6253,705,14,5.0,2,0,191.76
6254,754,6,6.5,1,0,158.47
6255,451,41,5.2,4,1,235.75
6256,62,11,13.4,3,0,71.15
6257,162,43,10.0,2,0,156.3
6258,363,25,11.3,3,0,163.33
6259,346,34,3.3,5,0,218.6
6260,159,29,10.9,5,0,161.73
6261,213,7,1.4,2,0,93.88
6262,825,22,0.8,4,0,268.04
6263,863,23,0.7,3,0,268.06
6264,443,39,6.6,4,1,243.5
6265,393,32,10.7,2,0,168.46
6266,300,10,0.7,3,0,125.55
6267,353,5,6.2,1,0,99.34
6268,375,39,6.7,5,0,228.21
6269,701,19,11.2,3,1,214.59
6270,528,17,13.0,1,0,140.58
6271,137,11,14.3,3,0,72.86
6272,946,15,9.0,5,1,268.58
6273,124,29,10.0,3,0,126.88
6274,984,43,3.5,2,0,314.33
6275,617,29,7.1,3,0,229.99
6276,751,30,14.2,4,0,250.17
6277,83,44,8.6,5,0,178.45
6278,324,28,10.2,4,0,172.9
6279,468,20,12.7,3,0,170.64
6280,306,13,5.2,2,0,127.72
6281,952,37,5.4,4,0,317.38
6282,135,42,11.8,3,0,157.06
6283,506,8,11.6,3,0,143.75
6284,922,36,7.0,2,0,280.95
6285,367,6,4.8,5,0,153.74
6286,629,44,11.5,2,1,246.74
6287,467,36,4.2,2,1,203.01
6288,319,43,3.2,4,1,227.47
6289,691,26,11.6,4,1,234.88
6290,207,16,9.7,2,1,99.74
6291,754,13,9.4,3,0,200.49
6292,670,41,3.0,2,0,259.12
6293,204,31,10.7,3,1,163.34
6294,561,13,11.8,5,0,182.08
6295,178,21,9.7,1,0,95.31
6296,207,44,9.2,5,0,207.85
6297,389,41,10.6,2,0,195.13
6298,771,7,7.4,1,1,172.8
6299,329,15,11.8,2,0,111.73
6300,439,19,8.8,2,0,141.2
6301,676,43,7.6,3,0,268.68
6302,263,11,4.7,3,0,117.01
6303,322,23,12.7,2,0,128.68
6304,459,11,12.2,3,1,160.06
6305,197,8,14.7,4,0,98.05
6306,155,28,12.4,1,0,91.7
6307,896,9,0.9,1,0,203.22
6308,140,22,7.0,2,0,108.74
6309,55,21,6.3,3,0,100.01
6310,73,39,10.4,4,1,164.25
6311,486,44,11.9,1,0,196.36
6312,300,33,12.7,4,0,184.11
6313,612,34,3.5,3,0,236.87
6314,478,15,6.6,1,0,138.71
6315,979,37,4.5,2,1,300.78
6316,654,39,6.5,2,0,238.27
6317,625,38,12.8,4,0,251.8
6318,735,10,9.0,1,0,174.1
6319,681,12,1.4,3,1,224.89
6320,227,5,11.0,2,1,77.67
6321,689,28,0.7,5,0,261.66
6322,122,7,5.7,2,0,77.01
6323,315,44,11.5,1,1,181.56
6324,325,15,0.7,1,0,122.26
6325,385,20,3.6,3,0,163.07
6326,671,41,12.2,4,0,256.71
6327,949,24,12.7,5,0,277.48
6328,394,30,3.6,2,1,182.33
6329,810,10,5.9,3,0,213.18
6330,341,23,12.9,2,1,152.21
6331,377,40,12.5,3,1,198.44
6332,941,26,12.3,3,0,257.72
6333,430,9,0.7,4,1,172.43
6334,435,32,1.0,2,1,205.14
6335,786,38,11.0,2,0,255.88
6336,978,36,2.5,2,0,301.5
6337,399,12,7.0,2,0,129.31
6338,442,35,12.6,4,0,207.23
6339,423,11,14.4,3,1,143.33
6340,772,42,13.8,1,1,259.97
6341,764,32,11.3,5,1,282.46
6342,756,42,1.9,4,0,306.12
6343,197,7,13.7,1,0,56.16
6344,705,13,11.7,4,0,220.88
6345,332,7,6.9,4,0,132.17
6346,899,7,14.3,4,0,216.63
6347,927,27,3.5,1,0,261.62
6348,792,38,14.9,2,0,254.51
6349,311,31,9.7,3,0,171.97
6350,548,35,8.7,3,1,227.61
6351,353,31,15.0,2,1,161.57
6352,796,5,6.6,5,1,221.18
6353,803,32,8.2,4,0,272.2
6354,400,36,1.4,2,0,194.01
6355,784,33,1.4,3,0,263.28
6356,137,34,3.5,3,0,149.05
6357,198,20,6.9,2,0,107.23
6358,169,35,11.8,4,0,155.48
6359,205,28,0.6,2,1,151.48
6360,286,40,5.3,2,0,180.34
6361,292,39,6.9,1,0,159.44
6362,586,28,12.9,3,0,203.7
6363,662,15,7.3,1,0,162.4
6364,412,36,14.2,4,0,213.68
6365,898,26,12.6,4,0,271.06
6366,804,37,6.9,3,0,275.25
6367,158,44,13.0,3,1,162.58
6368,241,35,10.5,5,1,189.74
6369,642,44,5.2,3,0,264.06
6370,533,20,12.8,3,0,175.62
6371,196,40,2.3,3,1,194.82
6372,567,39,12.2,3,0,224.13
6373,121,28,10.1,3,0,130.22
6374,968,42,7.6,2,1,311.55
6375,608,18,14.2,2,0,165.22
6376,972,14,7.7,2,0,244.74
6377,148,41,0.6,5,0,195.11
6378,212,35,5.3,1,1,140.71
6379,545,32,14.3,3,1,213.19
6380,319,18,4.7,5,1,167.14
6381,681,36,8.8,4,0,258.41
6382,898,44,5.4,4,0,316.23
6383,744,29,3.3,3,0,259.13
6384,181,5,14.8,3,0,70.69
6385,223,27,13.2,1,0,108.93
6386,800,14,4.9,3,0,229.4
6387,642,35,3.5,1,0,225.22
6388,826,6,6.1,1,0,177.4
6389,984,38,4.1,2,1,310.85
6390,649,24,8.4,2,0,201.06
6391,106,21,7.9,3,0,106.13
6392,902,29,4.5,3,0,274.04
6393,772,15,0.8,2,0,205.96
6394,719,22,3.5,2,1,218.67
6395,966,33,1.5,1,0,277.43
6396,979,42,13.7,2,1,306.85
6397,534,7,3.4,4,1,178.63
6398,859,31,10.2,2,1,260.01
6399,196,42,13.3,3,0,159.01
6400,773,8,2.5,2,0,194.68
6401,581,18,8.0,2,0,168.11
6402,518,7,10.5,3,1,147.88
6403,888,23,2.0,2,0,254.08
6404,571,26,4.4,5,0,236.14
6405,384,32,2.3,5,1,232.16
6406,395,42,6.9,2,0,199.78
6407,462,31,2.5,4,1,227.99
6408,984,5,6.5,2,0,209.33
6409,747,7,1.0,3,1,211.05
6410,463,9,3.4,2,0,140.06
6411,593,5,7.9,3,0,163.86
6412,453,44,5.7,5,0,255.75
6413,488,6,4.7,2,0,134.35
6414,488,14,1.8,5,1,200.43
6415,420,13,8.8,5,0,165.05
6416,730,32,4.9,3,0,252.81
6417,530,10,10.5,3,0,152.9
6418,891,10,2.4,3,0,236.42
6419,810,7,3.6,3,0,204.42
6420,217,17,4.7,2,1,114.54
6421,373,19,12.2,2,0,137.65
6422,627,36,8.5,2,0,225.59
6423,957,33,12.3,2,1,291.7
6424,523,8,4.3,2,0,143.36
6425,94,30,4.2,2,0,126.52
6426,272,38,12.6,4,0,179.7
6427,615,40,4.2,2,0,236.24
6428,101,31,3.1,4,0,150.62
6429,682,13,14.7,5,1,216.78
6430,879,11,8.7,5,0,237.79
6431,430,25,8.4,3,1,183.04
6432,163,28,10.9,2,1,130.77
6433,672,29,13.8,3,0,220.61
6434,842,7,8.3,5,0,232.72
6435,90,13,7.5,1,0,57.64
6436,404,19,12.1,4,0,167.42
6437,204,6,9.4,2,0,79.8
6438,721,18,14.4,2,1,189.4
6439,217,11,11.4,3,0,100.13
6440,769,32,11.7,1,1,236.81
6441,525,30,13.7,2,0,182.97
6442,953,19,5.1,2,0,250.31
6443,910,18,10.0,3,1,255.37
6444,627,20,3.1,5,0,238.74
6445,190,37,6.0,2,0,153.96
6446,402,15,6.4,5,0,179.05
6447,435,41,8.6,1,0,191.64
6448,890,8,7.8,1,0,195.96
6449,144,17,8.3,2,0,93.99
6450,516,8,13.7,1,0,118.28
6451,57,44,4.8,5,0,179.09
6452,448,30,1.0,3,0,202.89
6453,858,13,7.7,3,0,224.07
6454,612,9,8.0,3,0,178.62
6455,169,7,6.6,2,0,70.45
6456,286,32,13.0,5,1,192.91
6457,221,22,5.6,3,0,132.78
6458,363,13,13.1,2,0,110.88
6459,590,16,11.2,2,0,168.18
6460,391,27,13.5,3,1,167.59
6461,388,44,6.5,3,0,219.46
6462,386,7,9.3,5,0,141.59
6463,948,11,4.4,1,1,227.41
6464,744,43,11.5,2,0,263.77
6465,622,40,5.6,2,1,251.56
6466,800,29,9.0,3,0,253.47
6467,993,20,5.7,2,0,259.97
6468,108,39,14.9,3,0,149.43
6469,893,34,7.8,2,1,276.06
6470,313,10,5.7,4,1,139.63
6471,131,18,14.9,2,0,88.69
6472,427,6,13.9,4,0,126.23
6473,664,22,6.6,4,0,228.68
6474,257,24,12.3,2,0,121.1
6475,300,40,2.8,3,0,201.53
6476,875,10,10.9,2,0,199.62
6477,381,16,3.5,3,0,155.69
6478,94,23,10.9,3,1,125.77
6479,528,23,1.3,2,1,196.23
6480,246,5,12.5,2,0,73.81
6481,598,18,1.4,3,0,206.82
6482,666,37,13.8,3,1,253.8
6483,328,34,11.9,3,0,175.63
6484,510,14,12.5,4,0,168.68
6485,303,32,10.5,2,1,157.0
6486,356,16,4.5,5,0,173.56
6487,953,32,14.5,5,0,311.17
6488,187,8,4.1,5,0,120.32
6489,932,7,5.4,4,0,239.1
6490,822,42,13.2,2,0,268.9
6491,838,42,3.7,3,0,295.96
6492,90,13,9.7,2,0,69.15
6493,204,20,11.5,3,0,119.54
6494,149,43,10.5,3,1,177.96
6495,450,44,12.8,4,0,233.4
6496,390,30,2.2,2,1,181.78
6497,293,28,7.8,3,0,166.3
6498,306,39,2.7,4,0,208.68
6499,393,21,2.4,2,1,164.73
6500,383,16,5.4,3,1,160.82
6501,632,26,8.8,3,0,211.49
6502,951,13,5.1,2,0,224.61
6503,132,16,10.6,3,0,95.56
6504,497,6,12.8,2,0,121.13
6505,973,30,0.7,2,0,286.51
6506,608,17,6.3,2,0,183.76
6507,417,42,9.8,2,0,199.96
6508,615,17,12.9,2,1,182.84
6509,891,42,3.6,4,1,317.15
6510,805,12,2.8,2,0,201.18
6511,904,12,11.2,4,0,237.09
6512,599,9,11.6,3,0,163.4
6513,341,36,6.1,4,0,199.34
6514,747,41,0.7,5,0,315.78
6515,271,30,8.0,3,1,178.06
6516,383,30,3.7,4,0,193.32
6517,730,14,10.8,2,1,200.26
6518,926,5,13.2,3,1,219.72
6519,954,16,10.6,2,0,242.55
6520,940,12,4.4,5,0,269.46
6521,799,25,2.1,4,0,267.6
6522,349,30,6.2,2,0,167.8
6523,331,9,2.2,3,0,131.34
6524,963,19,11.3,2,0,239.23
6525,208,6,3.2,3,0,90.59
6526,559,11,8.1,1,0,133.87
6527,849,38,0.6,3,0,288.99
6528,160,42,10.8,2,0,150.17
6529,337,24,13.7,4,0,156.17
6530,188,7,1.6,1,1,87.94
6531,688,9,2.7,3,0,186.56
6532,334,31,4.3,3,0,178.49
6533,725,34,13.1,3,1,254.14
6534,799,10,11.9,5,0,220.34
6535,788,41,9.7,3,0,284.62
6536,705,20,8.0,4,0,230.83
6537,309,11,13.3,2,0,103.23
6538,370,20,10.0,3,0,143.96
6539,523,13,6.8,1,0,146.83
6540,958,36,9.4,3,1,308.14
6541,154,10,6.7,3,0,93.29
6542,136,44,13.5,3,0,156.82
6543,381,35,1.1,1,0,177.13
6544,56,36,11.0,5,1,159.43
6545,790,8,10.5,3,0,192.98
6546,812,10,14.8,2,1,192.16
6547,394,23,2.9,3,0,183.21
6548,794,11,13.8,3,0,197.19
6549,817,42,8.5,5,0,308.11
6550,811,44,4.9,3,1,299.57
6551,804,35,12.1,3,0,265.38
6552,389,33,5.6,3,0,192.74
6553,680,18,7.1,3,1,219.49
6554,313,24,7.0,5,0,176.84
6555,342,14,8.9,2,0,126.42
6556,556,8,8.7,4,1,174.99
6557,853,8,13.9,2,0,188.2
6558,916,29,3.4,4,1,303.1
6559,368,26,12.9,3,1,159.08
6560,663,18,8.6,3,0,201.71
6561,299,29,8.7,5,0,200.75
6562,827,30,11.7,3,1,256.71
6563,840,35,8.8,5,1,299.92
6564,364,20,9.0,5,0,175.42
6565,815,10,2.4,4,0,236.04
6566,875,15,4.1,3,1,244.66
6567,86,38,2.8,3,0,160.36
6568,987,5,12.6,2,0,215.1
6569,317,13,6.9,5,0,152.0
6570,282,43,12.2,2,0,182.78
6571,631,11,9.0,2,0,165.2
6572,699,40,2.0,3,1,278.2
6573,138,39,7.0,3,0,160.68
6574,808,39,4.1,1,0,262.84
6575,828,6,6.5,5,0,219.06
6576,648,12,8.8,5,1,207.7
6577,671,27,7.9,2,0,215.11
6578,561,7,9.7,3,0,162.71
6579,649,38,0.9,4,0,275.39
6580,834,11,11.5,2,0,197.29
6581,674,11,8.3,2,1,177.11
6582,76,14,5.4,2,1,91.91
6583,175,13,14.6,3,0,92.15
6584,958,16,14.7,3,1,250.57
6585,308,10,2.1,3,1,131.31
6586,296,26,8.2,5,0,175.33
6587,455,15,1.4,1,0,142.05
6588,218,37,14.8,3,0,160.03
6589,165,27,5.0,5,1,169.94
6590,946,34,1.4,5,0,330.41
6591,561,32,12.2,3,0,215.42
6592,565,5,9.6,2,0,131.3
6593,808,23,2.7,2,0,230.93
6594,775,21,10.6,2,0,208.38
6595,794,18,6.2,3,0,229.86
6596,951,19,9.6,4,0,261.95
6597,69,20,5.6,2,1,96.88
6598,599,8,7.9,3,0,167.28
6599,108,6,14.8,4,1,77.68
6600,712,25,14.5,2,0,203.93
6601,117,29,12.4,2,0,110.3
6602,912,32,5.6,1,0,259.94
6603,132,25,13.3,5,0,134.83
6604,877,42,10.8,3,0,298.07
6605,649,27,10.5,2,0,209.39
6606,999,42,8.6,2,1,324.0
6607,99,10,9.0,2,0,68.18
6608,148,27,3.8,3,0,135.27
6609,530,30,11.7,4,1,226.17
6610,264,42,7.7,1,1,174.91
6611,765,24,7.1,2,1,228.45
6612,177,7,11.3,3,0,83.18
6613,394,28,9.5,4,0,182.81
6614,969,38,11.4,4,0,316.46
6615,927,12,8.9,5,0,254.7
6616,562,43,14.9,4,0,241.01
6617,299,14,4.8,2,0,125.49
6618,180,22,1.3,2,1,130.08
6619,909,27,14.6,4,0,265.71
6620,152,40,10.9,2,0,141.95
6621,68,7,0.8,2,0,64.65
6622,187,14,2.7,2,0,94.91
6623,131,5,3.9,2,0,67.9
6624,83,15,4.7,3,1,100.37
6625,533,25,9.3,2,0,182.45
6626,280,6,12.3,4,1,113.26
6627,624,6,8.0,2,0,152.68
6628,361,40,1.2,2,0,201.05
6629,830,18,5.5,2,1,234.7
6630,998,9,1.5,3,0,247.18
6631,705,44,3.8,3,1,280.95
6632,636,5,6.3,1,0,148.32
6633,903,17,14.3,2,0,214.75
6634,817,14,10.2,2,1,210.05
6635,207,40,6.4,2,0,160.26
6636,618,18,7.0,4,1,221.07
6637,215,34,6.7,5,1,187.65
6638,800,42,1.5,4,0,306.44
6639,713,21,5.2,1,0,190.27
6640,549,30,4.8,3,0,224.08
6641,209,17,10.9,2,0,104.15
6642,289,41,13.8,2,0,167.45
6643,438,34,6.7,3,0,200.53
6644,865,22,13.9,4,0,244.73
6645,762,32,4.9,5,0,280.34
6646,517,16,1.5,5,0,204.25
6647,711,11,1.7,3,0,208.49
6648,525,43,4.1,3,0,247.39
6649,503,8,11.9,2,1,137.26
6650,320,21,11.3,2,0,130.64
6651,453,38,7.8,3,0,212.71
6652,568,38,9.5,2,1,227.11
6653,975,27,7.9,5,1,312.79
6654,544,19,11.4,2,1,172.73
6655,545,34,4.0,2,1,221.16
6656,804,18,13.0,4,0,230.44
6657,57,11,4.1,2,1,76.9
6658,540,10,14.1,2,0,129.52
6659,208,35,12.4,3,0,155.55
6660,613,38,13.0,2,0,224.4
6661,506,17,8.2,4,1,192.73
6662,212,17,9.0,2,0,115.75
6663,112,32,9.2,4,0,150.69
6664,978,27,1.2,3,0,293.72
6665,138,44,10.5,3,1,165.21
6666,481,18,4.4,1,0,151.35
6667,645,9,8.4,1,1,158.78
6668,505,9,8.2,4,1,177.77
6669,248,9,10.2,3,1,106.1
6670,521,40,5.3,3,1,238.55
6671,90,23,0.5,3,1,133.03
6672,520,9,11.9,2,0,143.04
6673,353,44,8.1,4,0,217.05
6674,190,25,6.4,3,0,137.11
6675,290,39,5.7,2,1,188.16
6676,166,44,2.1,3,0,183.67
6677,940,12,1.0,3,1,260.52
6678,485,9,5.1,4,0,168.59
6679,750,14,1.9,4,0,231.75
6680,784,6,4.0,2,0,178.98
6681,281,43,10.8,3,0,180.24
6682,401,13,1.3,3,0,154.19
6683,593,6,2.3,5,0,187.35
6684,258,21,8.5,5,0,159.57
6685,923,43,6.1,3,0,318.59
6686,182,33,13.2,3,0,141.89
6687,722,38,3.9,4,0,278.2
6688,861,16,8.4,1,0,202.69
6689,924,17,6.1,2,0,237.88
6690,790,29,5.4,1,0,229.33
6691,150,6,3.6,4,0,104.04
6692,654,38,5.4,3,0,252.1
6693,624,29,11.1,3,1,230.68
6694,988,37,5.9,2,0,298.41
6695,924,29,1.7,2,0,269.68
6696,854,43,6.8,2,0,284.62
6697,526,20,1.1,3,1,199.08
6698,415,18,3.5,1,0,139.69
6699,193,8,11.2,2,1,75.67
6700,214,14,7.8,3,0,103.4
6701,932,12,9.8,3,0,230.84
6702,660,33,12.2,2,0,213.66
6703,305,22,4.6,2,0,146.57
6704,440,13,8.6,5,1,177.2
6705,84,23,2.5,4,0,123.84
6706,814,18,9.9,2,0,215.38
6707,626,17,12.9,3,1,192.27
6708,920,39,12.0,3,0,287.07
6709,245,33,8.0,1,0,133.06
6710,426,7,2.0,4,0,151.96
6711,847,25,3.3,3,0,251.77
6712,351,8,12.7,3,1,117.05
6713,903,40,6.3,2,0,284.31
6714,811,19,4.1,2,0,220.64
6715,952,23,14.2,2,0,247.38
6716,775,39,14.1,3,0,259.16
6717,535,29,0.7,4,0,231.08
6718,416,27,8.8,2,1,184.02
6719,325,16,9.5,1,1,120.48
6720,452,31,12.0,4,0,188.95
6721,156,40,5.7,2,0,157.62
6722,887,29,11.5,2,0,253.94
6723,953,34,4.4,3,0,302.42
6724,896,37,1.8,2,0,282.62
6725,462,32,3.9,3,0,209.72
6726,888,33,10.3,2,1,266.14
6727,867,26,4.8,2,0,255.82
6728,194,40,12.6,2,0,149.7
6729,132,40,0.7,3,0,168.98
6730,175,37,10.3,2,1,151.23
6731,124,39,4.7,2,0,146.43
6732,645,33,8.2,2,0,223.88
6733,270,36,14.8,3,1,168.68
6734,504,25,3.3,2,0,186.64
6735,211,23,4.1,3,0,133.93
6736,589,25,0.8,2,0,212.02
6737,157,17,14.2,4,0,110.31
6738,516,44,5.8,4,1,263.1
6739,668,38,3.0,3,0,258.22
6740,452,41,12.7,3,1,225.98
6741,627,15,9.8,4,0,192.39
6742,717,12,9.2,5,0,210.96
6743,706,33,14.6,5,0,257.98
6744,75,42,4.5,5,1,186.13
6745,572,9,7.3,5,0,176.8
6746,405,5,4.5,4,0,136.76
6747,598,42,9.5,4,0,266.24
6748,803,32,6.6,2,0,247.36
6749,806,31,14.4,4,0,255.4
6750,516,40,3.9,3,1,243.21
6751,63,20,3.0,3,1,120.42
6752,238,21,4.0,4,1,164.8
6753,535,30,2.3,2,0,214.78
6754,222,37,0.5,2,0,176.06
6755,55,42,11.0,2,0,133.3
6756,517,12,4.3,4,0,175.7
6757,204,17,7.8,3,0,126.54
6758,448,37,4.2,3,0,216.62
6759,977,24,5.6,3,1,280.26
6760,128,43,2.2,5,0,186.96
6761,843,26,14.2,5,0,267.06
6762,662,24,0.7,2,1,226.85
6763,808,33,14.8,4,0,275.71
6764,706,29,6.7,4,0,248.88
6765,175,39,8.0,3,0,169.03
6766,365,20,4.9,4,0,175.76
6767,558,35,5.8,3,0,230.18
6768,421,12,14.2,2,0,127.01
6769,131,5,2.0,4,0,97.12
6770,486,12,8.4,1,0,129.79
6771,269,38,13.7,4,0,182.09
6772,984,22,1.0,3,0,274.33
6773,971,5,14.4,2,0,206.21
6774,355,41,1.2,3,0,201.74
6775,922,39,6.1,5,1,327.06
6776,998,35,11.5,3,0,298.38
6777,475,44,8.8,2,0,222.86
6778,730,31,5.4,4,0,262.52
6779,525,25,1.8,3,0,205.78
6780,302,10,3.1,4,0,140.1
6781,756,26,13.6,4,0,230.78
6782,879,35,8.4,1,0,252.87
6783,257,29,14.9,2,1,144.35
6784,248,5,11.6,2,0,73.95
6785,566,37,7.3,2,0,216.05
6786,670,41,12.7,5,1,284.56
6787,736,27,7.1,2,0,226.75
6788,694,38,3.9,4,0,270.6
6789,733,25,9.3,3,0,231.98
6790,976,31,3.7,4,0,312.93
6791,769,14,9.2,4,0,227.41
6792,626,31,11.8,5,0,241.16
6793,679,41,5.9,4,0,275.99
6794,489,19,7.8,5,0,193.53
6795,849,27,1.6,4,0,272.08
6796,721,9,8.2,1,0,168.12
6797,555,5,13.3,2,1,141.36
6798,940,36,9.0,2,0,277.28
6799,652,27,6.6,3,0,226.47
6800,324,13,13.8,1,1,102.18
6801,440,23,5.9,3,0,179.92
6802,316,21,8.9,4,0,159.43
6803,930,11,9.3,1,0,214.9
6804,177,36,5.5,5,1,195.92
6805,708,24,9.2,5,0,255.15
6806,369,44,1.1,4,0,232.41
6807,970,38,3.3,1,0,282.93
6808,473,9,13.9,2,0,132.63
6809,170,37,10.3,3,0,152.36
6810,127,16,8.0,1,0,76.7
6811,856,44,7.8,2,1,286.92
6812,442,22,5.9,3,0,183.22
6813,472,41,13.6,4,1,231.32
6814,547,5,9.2,2,0,138.79
6815,556,34,9.7,3,0,217.45
6816,94,7,8.3,1,0,41.08
6817,514,24,5.1,2,0,180.59
6818,242,19,2.2,2,0,125.42
6819,895,41,0.7,3,0,304.41
6820,996,22,12.3,3,0,263.23
6821,154,32,3.6,3,0,153.94
6822,616,11,10.7,1,1,155.55
6823,862,10,6.5,5,0,253.15
6824,579,36,8.5,2,0,211.54
6825,702,10,8.5,3,1,194.68
6826,112,37,7.0,3,0,143.24
6827,776,27,11.4,2,0,235.16
6828,294,8,8.8,3,1,123.11
6829,752,28,1.7,4,0,265.91
6830,894,35,10.9,2,0,268.47
6831,904,36,13.5,3,1,287.35
6832,61,21,13.0,2,1,89.69
6833,794,26,14.5,2,1,234.23
6834,985,12,13.0,2,1,232.89
6835,551,29,1.2,2,1,213.68
6836,746,14,3.5,1,1,192.88
6837,398,28,5.2,2,1,171.93
6838,751,18,6.7,5,0,245.3
6839,949,42,8.8,5,0,333.96
6840,168,19,6.3,2,0,109.62
6841,263,11,7.7,3,0,111.09
6842,630,15,6.0,1,0,164.14
6843,978,34,0.8,1,0,283.0
6844,825,30,9.1,3,1,257.16
6845,803,19,5.0,3,1,242.89
6846,966,13,9.6,2,0,230.36
6847,726,14,0.9,3,1,223.43
6848,520,8,1.8,2,0,141.67
6849,670,41,13.7,2,0,245.22
6850,109,12,7.5,4,0,94.77
6851,107,31,10.1,5,0,157.5
6852,538,16,10.8,5,0,192.15
6853,786,30,9.7,1,1,234.52
6854,392,24,1.5,2,0,163.44
6855,583,29,14.4,2,0,203.73
6856,330,16,10.3,2,0,123.79
6857,643,39,14.5,1,0,209.33
6858,118,26,2.3,2,0,120.83
6859,585,39,14.7,4,0,232.94
6860,140,13,3.7,3,0,98.45
6861,411,10,14.8,2,0,111.55
6862,540,28,13.1,2,1,194.55
6863,283,16,10.1,2,1,125.99
6864,328,8,14.1,3,0,103.18
6865,991,37,7.6,2,1,299.29
6866,619,44,2.4,4,0,279.35
6867,378,16,2.0,2,0,147.04
6868,280,9,8.5,2,0,97.43
6869,192,25,12.2,5,1,163.72
6870,710,38,11.4,2,1,259.46
6871,460,44,4.6,2,0,224.33
6872,438,16,10.7,3,1,172.82
6873,730,34,9.6,1,0,230.71
6874,187,24,9.0,3,1,141.08
6875,544,21,4.4,2,0,178.04
6876,149,5,1.6,2,1,76.85
6877,76,37,8.5,4,0,152.21
6878,255,36,2.0,4,0,178.9
6879,329,36,9.2,3,0,179.33
6880,142,29,14.2,2,0,109.28
6881,247,12,8.1,5,0,134.47
6882,920,41,8.8,4,1,318.49
6883,893,33,14.4,3,0,272.86
6884,909,31,11.2,3,0,275.27
6885,788,12,8.0,3,0,211.27
6886,404,8,12.8,1,0,106.6
6887,866,41,3.9,5,1,324.03
6888,996,35,4.0,2,0,291.98
6889,669,14,11.3,3,0,187.2
6890,125,23,7.0,3,0,118.62
6891,370,30,9.2,4,1,199.46
6892,856,24,7.1,2,0,236.43
6893,608,6,15.0,1,1,128.34
6894,328,44,10.4,4,1,225.5
6895,187,16,3.5,3,0,119.72
6896,658,8,1.5,3,1,203.52
6897,444,5,4.1,4,0,142.1
6898,761,23,10.2,3,0,227.8
6899,368,22,6.6,4,0,164.13
6900,345,14,6.9,2,0,126.93
6901,522,22,12.1,5,1,200.94
6902,377,33,5.2,3,0,181.18
6903,967,33,12.0,4,0,297.17
6904,349,5,11.9,2,1,92.32
6905,522,21,7.5,3,0,183.69
6906,960,22,3.7,3,1,277.03
6907,567,29,10.9,1,0,184.19
6908,856,14,3.2,1,1,230.87
6909,729,20,13.9,3,0,214.35
6910,677,44,14.8,4,0,272.87
6911,497,21,1.7,5,0,210.07
6912,380,11,6.5,3,1,147.79
6913,382,22,3.9,2,0,155.24
6914,729,25,13.6,2,0,200.81
6915,898,42,7.2,4,0,313.79
6916,903,34,12.1,2,0,264.41
6917,521,5,13.0,3,1,148.2
6918,494,7,4.7,4,1,167.62
6919,464,37,3.6,3,0,211.87
6920,694,21,10.4,3,0,204.65
6921,493,16,1.5,2,0,162.94
6922,404,33,7.9,2,1,181.24
6923,690,19,4.1,3,0,214.26
6924,342,22,3.7,4,1,188.95
6925,373,20,8.5,2,1,139.57
6926,953,6,4.2,5,1,263.59
6927,385,19,3.9,3,0,157.02
6928,619,31,4.9,1,1,215.43
6929,676,36,8.4,5,0,280.98
6930,736,32,9.4,4,0,252.76
6931,922,5,5.4,2,0,204.8
6932,103,21,8.9,2,0,98.48
6933,105,39,6.0,3,0,156.9
6934,644,28,9.3,2,1,203.97
6935,320,16,13.3,4,0,133.38
6936,354,27,12.8,2,0,142.85
6937,294,31,14.5,2,1,155.85
6938,993,19,10.1,3,0,265.62
6939,898,16,10.4,4,0,252.89
6940,375,18,10.1,4,1,165.12
6941,144,12,3.2,2,0,80.28
6942,496,12,6.8,5,0,185.08
6943,352,31,2.3,3,0,183.45
6944,958,28,9.7,2,0,265.21
6945,852,20,9.4,4,0,252.6
6946,240,36,3.9,3,0,184.36
6947,224,21,1.8,1,0,113.24
6948,103,20,7.4,2,0,89.0
6949,268,34,4.4,4,1,193.43
6950,453,25,4.1,1,1,171.96
6951,738,38,6.2,2,0,256.84
6952,618,13,12.8,3,0,172.24
6953,889,41,4.6,1,0,279.91
6954,497,43,13.3,2,0,213.69
6955,951,32,3.0,5,1,321.69
6956,258,22,10.3,5,0,160.02
6957,722,36,7.8,1,1,231.52
6958,465,19,0.9,2,0,178.51
6959,464,43,3.3,5,0,251.75
6960,393,18,1.4,2,0,152.42
6961,743,17,3.0,1,0,203.21
6962,511,22,5.9,4,0,201.25
6963,813,18,8.6,3,0,228.26
6964,347,36,6.0,5,1,224.87
6965,924,28,5.7,3,0,264.03
6966,510,29,1.7,2,0,194.86
6967,466,9,6.7,2,0,129.14
6968,528,26,12.6,2,1,191.41
6969,298,26,4.1,3,0,160.57
6970,204,7,1.2,5,1,128.85
6971,381,11,2.4,3,1,152.84
6972,547,20,10.0,1,0,153.63
6973,969,33,4.5,4,0,301.56
6974,184,20,1.2,2,0,117.99
6975,597,24,12.4,3,0,198.37
6976,537,5,4.6,2,0,143.89
6977,316,20,13.2,3,1,140.56
6978,980,20,14.7,1,0,230.04
6979,676,12,4.0,4,1,218.97
6980,97,37,14.5,4,0,145.29
6981,666,17,14.6,2,0,170.95
6982,803,26,12.9,4,0,249.56
6983,567,22,1.7,3,1,215.11
6984,130,10,5.3,2,0,91.34
6985,288,28,11.0,3,0,143.84
6986,946,7,9.4,2,0,213.9
6987,271,38,8.7,1,0,160.63
6988,584,28,4.8,5,0,247.87
6989,269,41,12.1,2,0,163.17
6990,152,18,1.1,3,1,128.46
6991,433,8,8.8,1,0,119.13
6992,412,40,6.7,1,0,183.41
6993,234,28,12.8,3,0,140.42
6994,596,38,2.5,4,0,270.43
6995,113,30,6.0,3,1,149.79
6996,498,36,9.0,2,0,199.34
6997,125,31,1.2,4,0,163.33
6998,997,27,4.6,3,0,286.79
6999,900,37,3.3,1,1,278.91
7000,565,28,3.1,3,0,205.69
7001,555,18,1.4,2,1,191.23
7002,649,12,10.6,2,0,169.64
7003,569,26,10.9,4,0,215.88
7004,983,21,8.2,3,0,260.42
7005,235,11,14.0,3,1,106.87
7006,143,15,13.2,4,1,112.22
7007,531,44,11.6,4,0,241.02
7008,547,28,10.0,3,0,197.8
7009,965,30,6.4,2,0,274.7
7010,976,31,5.4,1,1,275.44
7011,540,5,14.8,2,0,134.26
7012,698,43,11.4,5,1,294.65
7013,289,33,7.2,4,1,188.4
7014,625,19,2.2,4,0,224.17
7015,927,20,10.2,2,0,244.32
7016,528,24,1.8,1,0,172.52
7017,117,41,8.4,1,0,132.27
7018,198,13,13.8,4,0,108.22
7019,90,29,8.0,2,1,119.7
7020,755,17,7.7,1,0,187.31
7021,187,8,2.1,4,0,114.24
7022,370,34,14.3,4,0,189.81
7023,746,38,9.9,2,1,261.35
7024,565,22,13.1,3,1,187.86
7025,570,41,11.6,2,0,216.2
7026,161,37,3.5,5,0,188.11
7027,130,15,8.5,3,0,101.8
7028,523,22,2.6,3,0,193.21
7029,843,14,1.0,4,0,256.07
7030,755,22,11.0,3,1,230.7
7031,585,21,9.6,2,0,185.82
7032,613,18,3.8,4,0,206.64
7033,220,32,7.8,1,1,144.81
7034,506,38,6.1,2,0,224.44
7035,80,32,4.5,2,0,121.26
7036,124,34,2.5,1,0,131.49
7037,81,20,2.4,4,1,131.68
7038,737,26,12.6,2,1,217.96
7039,192,12,3.1,2,0,99.42
7040,542,12,3.3,2,0,158.94
7041,479,7,13.8,2,1,133.15
7042,176,18,10.4,2,0,94.77
7043,287,24,12.1,3,0,145.31
7044,79,34,14.9,2,0,115.08
7045,769,16,8.3,3,0,216.44
7046,562,20,12.8,4,0,194.21
7047,52,41,6.1,2,0,132.58
7048,206,22,7.2,2,1,135.03
7049,839,32,10.6,3,1,271.0
7050,585,23,3.4,2,1,199.19
7051,158,20,11.6,2,0,93.76
7052,631,43,1.5,2,1,255.34
7053,738,22,11.8,5,1,257.8
7054,896,9,14.1,3,0,216.78
7055,245,31,6.0,3,0,156.0
7056,930,31,6.7,1,0,269.71
7057,229,11,10.2,1,1,86.21
7058,610,26,8.3,3,1,214.52
7059,422,21,0.9,3,1,184.74
7060,68,24,4.1,2,0,107.47
7061,680,25,4.4,2,0,214.32
7062,426,12,14.8,5,0,168.8
7063,491,41,3.7,3,1,246.65
7064,201,42,2.6,2,0,175.59
7065,351,10,1.3,3,0,136.1
7066,691,24,9.5,4,0,231.61
7067,359,27,9.3,3,0,166.34
7068,422,16,12.2,2,0,128.71
7069,119,29,12.2,3,1,132.15
7070,127,35,1.4,2,0,140.79
7071,555,19,3.7,4,0,209.99
7072,884,24,10.5,3,0,247.47
7073,553,41,10.5,4,0,238.7
7074,331,23,5.3,3,1,164.06
7075,651,16,12.0,2,0,177.17
7076,986,22,12.5,1,1,246.89
7077,114,28,6.2,4,1,150.38
7078,747,43,10.8,1,0,253.36
7079,973,18,2.8,2,0,252.18
7080,388,24,12.2,4,1,177.55
7081,487,42,1.5,4,0,250.86
7082,294,16,5.6,4,1,145.87
7083,640,32,3.5,3,0,231.88
7084,830,16,8.6,3,0,221.39
7085,925,30,4.9,4,1,303.84
7086,981,30,1.6,5,1,332.02
7087,61,11,10.3,3,0,76.02
7088,93,23,12.6,3,0,104.35
7089,747,15,3.0,4,0,222.62
7090,117,21,3.0,2,0,100.83
7091,222,16,10.6,3,0,109.94
7092,317,23,5.1,2,0,147.4
7093,565,9,13.1,4,1,170.81
7094,544,17,8.6,5,0,203.24
7095,599,40,4.9,5,0,270.34
7096,582,10,14.5,4,0,173.57
7097,835,15,7.6,5,0,250.8
7098,934,8,13.2,2,0,205.77
7099,467,16,9.1,1,0,137.0
7100,198,16,7.0,3,0,124.97
7101,707,36,2.7,5,0,289.02
7102,716,28,2.4,2,0,229.41
7103,136,15,7.6,4,0,115.49
7104,985,11,2.9,2,0,240.46
7105,922,35,5.8,2,1,292.23
7106,111,36,11.0,2,1,141.36
7107,784,5,13.3,4,1,205.52
7108,631,9,8.3,2,0,153.39
7109,747,43,1.0,3,0,285.08
7110,844,26,0.9,3,0,267.19
7111,926,34,14.4,3,0,274.31
7112,661,13,1.9,4,0,219.99
7113,484,6,6.1,3,0,146.96
7114,222,37,14.0,3,0,163.69
7115,887,11,5.1,2,1,224.4
7116,526,38,7.8,2,1,219.35
7117,610,7,4.2,3,0,165.75
7118,418,13,9.5,4,1,166.21
7119,283,35,14.5,2,1,164.01
7120,292,39,7.5,3,0,187.41
7121,854,6,5.4,5,0,230.4
7122,613,29,0.9,5,0,254.43
7123,68,23,1.6,2,0,112.94
7124,661,27,2.5,2,0,225.31
7125,758,42,4.9,2,1,271.94
7126,902,16,11.2,1,0,215.73
7127,125,28,6.6,2,0,115.66
7128,532,40,13.8,2,0,209.9
7129,540,26,9.3,4,0,213.53
7130,129,7,12.1,4,0,91.08
7131,385,12,13.2,2,0,117.19
7132,518,10,3.9,3,0,156.5
7133,373,35,5.1,4,0,214.53
7134,659,38,9.2,4,0,258.08
7135,220,24,10.4,2,0,119.76
7136,580,22,10.0,3,0,197.49
7137,257,8,11.8,3,1,108.84
7138,372,5,14.5,1,0,80.38
7139,328,12,7.1,4,0,139.52
7140,850,9,3.3,3,0,225.2
7141,847,37,3.4,1,1,267.29
7142,678,17,5.5,4,0,211.9
7143,71,15,7.2,2,1,84.6
7144,521,15,10.8,2,0,151.79
7145,557,32,0.7,4,0,240.0
7146,612,20,13.9,4,1,215.08
7147,505,33,12.6,1,0,178.83
7148,614,29,3.9,2,1,225.6
7149,298,17,12.5,2,0,116.8
7150,755,43,13.1,2,1,271.51
7151,101,25,6.7,5,0,143.74
7152,768,6,13.0,2,0,169.09
7153,182,15,12.7,3,1,113.31
7154,487,22,5.9,4,1,198.7
7155,540,12,6.7,3,1,187.29
7156,179,19,14.2,2,0,103.89
7157,539,34,1.0,4,0,241.9
7158,835,28,10.5,2,0,233.56
7159,572,22,11.2,4,1,206.71
7160,138,43,13.0,2,1,148.81
7161,255,42,9.0,2,0,168.48
7162,251,12,1.0,3,0,128.24
7163,523,32,6.2,5,0,234.07
7164,876,29,9.0,2,0,248.36
7165,840,43,6.1,4,0,305.27
7166,402,20,3.7,3,0,156.99
7167,966,26,6.4,3,1,291.48
7168,978,35,7.8,5,0,323.92
7169,970,18,3.5,5,0,296.34
7170,303,21,7.3,3,0,144.27
7171,852,30,11.9,3,0,257.22
7172,92,21,7.3,1,1,90.29
7173,769,20,9.9,3,1,228.68
7174,887,27,10.9,3,0,268.25
7175,883,27,2.8,3,0,270.15
7176,145,23,14.1,5,1,150.9
7177,154,35,12.7,4,0,154.14
7178,472,20,0.7,1,0,155.04
7179,106,29,8.6,3,1,136.74
7180,993,6,8.4,3,0,241.36
7181,356,10,14.8,3,1,129.59
7182,752,29,10.7,3,0,228.2
7183,621,10,13.5,3,0,162.57
7184,301,21,11.4,1,0,111.74
7185,376,5,6.3,3,1,124.35
7186,413,26,4.4,4,0,199.72
7187,179,26,13.5,4,0,127.69
7188,573,22,8.9,3,1,201.84
7189,860,39,4.7,2,0,287.45
7190,342,8,7.2,3,0,125.34
7191,623,38,14.8,4,0,253.98
7192,647,5,4.9,2,0,156.82
7193,557,8,14.7,4,0,160.21
7194,136,36,14.2,4,1,153.74
7195,404,30,12.0,3,0,172.83
7196,849,12,7.2,2,1,218.56
7197,748,41,5.1,3,0,277.1
7198,938,28,5.6,3,1,290.72
7199,375,41,2.3,2,0,197.01
7200,238,32,11.1,3,0,155.7
7201,460,39,7.6,5,0,234.44
7202,778,20,11.1,2,1,221.64
7203,818,15,1.4,3,0,237.32
7204,56,31,10.7,4,0,128.05
7205,699,30,3.9,5,1,272.4
7206,437,30,4.6,4,0,217.17
7207,387,11,9.0,3,0,132.97
7208,767,30,12.9,2,0,233.43
7209,223,42,5.8,2,0,165.13
7210,509,42,7.5,2,0,221.07
7211,175,22,8.2,3,0,124.2
7212,553,13,8.5,3,0,174.52
7213,497,31,7.5,4,0,214.39
7214,875,13,4.8,4,0,246.42
7215,559,24,14.9,4,1,200.43
7216,320,41,1.7,3,0,202.82
7217,221,11,11.3,1,0,81.83
7218,772,39,4.1,3,1,285.24
7219,896,23,14.8,3,0,246.45
7220,228,42,7.4,5,1,212.49
7221,743,14,0.6,2,0,200.4
7222,465,21,3.3,4,0,195.38
7223,382,24,4.8,1,0,150.61
7224,765,24,0.5,4,0,254.83
7225,292,15,1.2,3,0,136.49
7226,347,29,9.8,2,0,151.15
7227,833,19,4.1,3,0,232.45
7228,801,26,10.0,2,0,229.41
7229,87,17,11.9,4,0,103.28
7230,796,28,9.7,4,0,252.78
7231,217,21,14.4,2,0,106.04
7232,323,33,7.0,2,0,164.14
7233,764,25,13.9,2,0,214.33
7234,694,26,9.0,1,0,207.09
7235,546,22,4.8,5,0,216.33
7236,757,28,3.2,3,1,256.25
7237,858,31,8.1,2,1,260.56
7238,769,7,15.0,4,0,193.68
7239,142,5,0.8,2,0,79.75
7240,580,19,3.3,3,1,206.67
7241,803,14,8.6,2,0,208.87
7242,825,33,14.8,3,0,259.98
7243,333,39,9.7,2,0,167.43
7244,888,37,14.5,2,0,271.13
7245,405,10,5.9,4,0,153.39
7246,246,40,12.8,2,0,172.73
7247,288,41,4.9,3,0,199.64
7248,995,33,12.5,3,0,295.77
7249,969,17,8.4,4,0,254.06
7250,790,36,13.9,3,0,264.3
7251,725,25,4.0,4,1,261.9
7252,627,41,7.0,3,0,260.98
7253,677,12,2.2,3,1,220.46
7254,869,39,9.2,2,0,280.65
7255,493,6,10.4,1,1,123.32
7256,991,9,12.0,5,0,254.48
7257,174,44,6.0,2,1,172.18
7258,704,36,9.0,2,0,232.86
7259,732,44,3.7,4,1,301.98
7260,682,39,9.9,5,0,276.15
7261,381,9,13.8,3,0,126.57
7262,196,9,10.9,5,1,131.74
7263,277,34,3.0,5,0,205.7
7264,854,19,13.9,2,0,220.33
7265,388,16,12.0,4,1,163.71
7266,609,16,2.6,2,0,179.86
7267,640,26,10.6,3,0,208.92
7268,189,43,7.1,2,0,162.73
7269,865,32,4.6,2,0,263.47
7270,909,34,2.3,4,0,302.88
7271,264,38,3.5,1,0,151.27
7272,341,5,13.4,2,0,86.26
7273,156,17,1.7,2,0,102.51
7274,781,25,5.3,2,0,235.55
7275,374,12,12.2,3,0,128.87
7276,74,44,1.8,4,0,181.72
7277,681,25,8.3,2,1,220.78
7278,862,28,1.0,2,1,269.22
7279,333,24,5.9,2,1,154.28
7280,581,7,2.0,5,0,195.06
7281,330,28,3.0,3,0,168.46
7282,317,36,0.6,3,1,197.44
7283,809,30,6.5,3,0,251.67
7284,966,27,7.6,4,1,294.12
7285,125,10,12.8,3,0,73.31
7286,510,26,14.2,2,0,173.79
7287,941,32,11.9,5,0,300.58
7288,407,25,6.7,4,0,180.92
7289,942,35,12.1,3,0,289.19
7290,524,16,2.1,3,1,191.57
7291,649,23,7.8,2,0,206.19
7292,293,28,7.0,3,0,157.54
7293,515,32,9.2,2,1,196.9
7294,450,10,7.5,3,1,149.81
7295,389,26,6.0,4,1,200.01
7296,111,17,5.9,3,1,109.29
7297,574,23,6.5,4,0,214.0
7298,254,13,3.5,4,0,123.22
7299,408,25,9.1,5,0,193.01
7300,626,6,10.0,5,0,195.01
7301,436,18,2.4,2,1,163.34
7302,353,5,14.6,2,0,92.17
7303,903,9,14.0,2,1,210.31
7304,477,36,13.0,2,0,196.88
7305,151,7,11.4,5,1,116.7
7306,523,15,5.5,4,0,187.04
7307,913,14,2.4,2,0,227.28
7308,699,44,14.0,5,0,276.83
7309,105,33,3.1,4,0,161.79
7310,829,31,8.9,3,1,261.22
7311,645,21,8.4,2,1,207.13
7312,913,12,13.9,2,0,218.47
7313,624,43,0.9,4,0,278.03
7314,833,32,14.3,2,0,245.51
7315,674,5,10.2,2,0,159.02
7316,798,42,12.8,3,0,281.69
7317,355,18,4.5,2,0,134.09
7318,71,43,14.9,3,0,143.5
7319,805,30,10.7,2,0,247.43
7320,611,6,1.3,2,0,164.28
7321,409,24,1.8,3,1,186.8
7322,114,22,6.5,2,1,105.92
7323,695,15,8.7,2,1,187.78
7324,415,17,6.7,2,1,143.89
7325,132,25,4.3,4,1,148.78
7326,720,28,9.9,4,1,256.26
7327,368,11,4.0,3,1,137.71
7328,783,7,11.1,3,1,204.4
7329,99,44,7.8,3,0,155.02
7330,494,11,14.9,2,1,135.82
7331,331,29,5.3,3,1,177.34
7332,417,13,14.6,3,0,130.82
7333,453,37,3.0,3,0,209.98
7334,725,31,11.2,2,0,220.43
7335,884,5,8.7,1,0,191.42
7336,826,19,9.8,4,0,244.13
7337,364,23,12.8,3,1,158.32
7338,494,14,5.4,4,0,182.46
7339,802,22,4.0,4,0,261.03
7340,452,6,6.5,1,1,117.5
7341,166,38,5.0,2,0,161.04
7342,580,7,8.4,3,0,158.74
7343,844,28,1.9,5,0,290.2
7344,534,10,2.8,4,0,178.55
7345,903,29,2.8,5,1,308.19
7346,210,30,8.0,3,0,138.41
7347,956,39,11.9,3,1,303.9
7348,158,28,0.7,3,0,149.02
7349,781,31,13.9,1,1,233.08
7350,123,31,10.7,3,0,123.47
7351,601,39,5.7,1,1,228.98
7352,257,16,3.7,2,1,124.84
7353,971,25,4.7,4,1,299.71
7354,440,39,9.7,2,0,203.69
7355,959,41,12.8,3,0,302.94
7356,310,15,13.8,3,0,120.57
7357,179,19,1.9,3,0,123.08
7358,402,37,13.5,4,0,204.6
7359,418,31,10.8,3,1,196.9
7360,237,6,13.5,1,0,57.75
7361,858,35,11.6,2,0,255.64
7362,738,43,1.2,4,0,296.81
7363,264,14,6.7,1,0,93.3
7364,459,33,9.3,3,0,205.41
7365,911,40,3.4,4,0,315.55
7366,410,26,9.7,3,0,174.88
7367,940,33,8.4,5,0,314.13
7368,683,36,2.1,1,0,233.93
7369,466,10,5.9,2,0,137.17
7370,54,35,14.0,3,0,127.31
7371,500,20,11.0,5,1,210.38
7372,791,22,12.8,4,0,240.91
7373,993,17,10.8,2,0,240.9
7374,207,32,14.3,2,1,139.83
7375,949,23,10.6,4,0,268.15
7376,471,10,11.2,1,0,118.84
7377,53,39,3.6,2,1,136.4
7378,685,27,5.6,3,0,233.39
7379,58,39,8.1,3,0,139.27
7380,834,42,11.9,4,1,305.24
7381,745,16,10.3,1,1,191.3
7382,67,35,8.0,3,1,138.87
7383,197,42,6.0,2,0,160.0
7384,743,6,13.7,3,0,177.02
7385,931,23,5.7,4,1,293.15
7386,89,21,9.0,2,0,91.93
7387,410,38,7.4,4,1,236.4
7388,599,36,3.4,4,0,254.03
7389,147,22,8.6,5,0,140.49
7390,415,17,1.8,2,0,154.62
7391,69,21,14.9,4,0,106.29
7392,161,41,11.9,3,1,170.39
7393,574,26,9.1,3,0,207.53
7394,293,8,2.5,2,1,119.29
7395,688,26,8.8,2,0,214.84
7396,257,16,2.5,2,0,124.18
7397,578,12,7.4,2,0,160.95
7398,676,39,5.6,3,1,266.39
7399,780,33,10.0,3,0,252.79
7400,737,43,13.3,4,0,278.16
7401,890,23,2.2,5,0,289.07
7402,741,39,14.5,2,0,251.47
7403,224,31,6.4,2,0,151.57
7404,620,32,13.8,4,0,231.36
7405,256,6,2.0,2,1,99.63
7406,598,30,1.0,1,1,212.99
7407,533,12,0.6,5,0,206.31
7408,646,26,8.4,5,0,246.92
7409,699,37,10.2,4,0,267.34
7410,985,11,4.0,5,1,279.94
7411,960,37,14.5,2,1,288.63
7412,900,16,6.1,4,0,248.09
7413,290,18,12.0,1,0,103.41
7414,981,11,3.6,4,1,275.85
7415,276,13,3.0,4,1,146.52
7416,263,17,1.1,3,1,152.36
7417,964,31,5.9,4,0,303.16
7418,403,5,14.1,4,1,132.92
7419,155,16,4.3,4,0,128.16
7420,756,43,12.1,2,0,259.34
7421,75,25,6.3,2,0,99.37
7422,658,19,11.8,2,0,184.3
7423,865,22,9.8,2,0,230.32
7424,863,13,6.2,3,0,240.41
7425,843,10,9.4,2,0,195.41
7426,864,10,13.0,3,0,205.82
7427,980,23,3.3,4,1,289.09
7428,313,22,5.9,3,1,164.0
7429,495,11,5.6,3,1,173.85
7430,370,35,4.0,2,0,180.84
7431,618,6,12.2,2,0,139.5
7432,481,17,1.8,5,0,202.59
7433,824,40,11.4,2,0,258.15
7434,648,35,3.2,2,0,232.77
7435,75,40,8.3,3,0,146.42
7436,475,20,9.9,1,0,139.97
7437,552,19,13.6,4,0,187.56
7438,304,37,2.7,5,0,214.64
7439,183,12,2.5,5,0,137.21
7440,940,35,3.7,1,1,287.91
7441,540,20,1.5,2,1,195.35
7442,299,14,1.6,3,1,144.18
7443,100,15,5.0,3,0,91.0
7444,704,14,13.2,2,1,187.88
7445,586,12,6.0,4,1,198.64
7446,916,8,11.1,2,0,209.34
7447,655,17,9.3,2,0,181.66
7448,876,40,13.9,3,1,299.0
7449,865,35,3.8,4,1,303.78
7450,729,25,14.1,2,0,209.18
7451,680,13,13.0,3,0,176.95
7452,311,40,2.9,3,0,200.51
7453,854,29,10.1,5,0,281.84
7454,90,8,13.0,4,0,80.85
7455,345,5,6.3,3,1,118.59
7456,711,5,4.4,3,1,182.82
7457,283,39,3.8,3,0,180.46
7458,379,38,0.5,4,1,236.6
7459,254,21,4.4,3,0,139.34
7460,127,38,4.6,2,1,164.4
7461,223,35,11.1,4,1,182.12
7462,794,16,6.6,3,0,221.95
7463,521,20,4.3,3,0,185.37
7464,987,37,3.9,1,0,279.65
7465,669,28,14.7,3,0,215.44
7466,661,36,2.1,2,0,245.15
7467,763,44,13.1,4,0,282.95
7468,271,23,6.8,4,0,157.49
7469,544,22,13.1,2,1,180.51
7470,407,32,9.4,3,0,189.38
7471,459,39,3.1,1,0,199.5
7472,75,29,3.6,1,0,105.55
7473,634,44,14.4,1,1,223.54
7474,287,41,9.1,2,0,181.43
7475,463,33,10.4,2,0,178.86
7476,82,29,5.3,4,0,136.93
7477,976,5,6.8,1,1,211.65
7478,127,18,13.6,3,1,99.22
7479,968,44,6.7,5,0,348.52
7480,467,40,5.4,2,0,216.82
7481,180,10,12.4,1,0,59.27
7482,407,43,8.7,4,0,230.37
7483,172,28,14.2,2,1,120.73
7484,133,5,13.6,2,0,56.16
7485,631,40,12.7,4,0,252.14
7486,107,8,4.1,3,0,84.32
7487,358,10,9.9,2,1,117.28
7488,637,37,3.8,3,0,244.94
7489,375,31,3.4,2,0,177.43
7490,310,27,7.5,2,0,150.94
7491,181,43,4.3,1,0,157.05
7492,597,44,11.4,4,0,254.79
7493,181,5,7.6,1,0,55.4
7494,365,8,13.5,3,0,117.37
7495,816,43,3.9,4,1,307.84
7496,373,36,0.7,3,1,216.41
7497,300,32,6.1,2,0,163.42
7498,78,28,12.6,2,0,101.99
7499,656,43,11.5,2,0,242.74
7500,615,30,13.1,3,0,217.63
7501,161,34,4.7,1,1,144.31
7502,177,33,9.6,2,0,130.42
7503,58,44,7.7,3,0,156.58
7504,178,42,5.3,2,1,162.79
7505,625,32,10.2,4,0,243.26
7506,816,38,3.9,2,0,275.76
7507,290,23,13.6,5,0,160.79
7508,937,27,4.9,2,0,268.78
7509,188,24,12.8,3,0,125.79
7510,668,40,0.6,5,0,287.46
7511,75,17,7.8,3,0,93.22
7512,991,36,1.9,2,0,298.23
7513,98,35,10.5,3,0,136.99
7514,303,42,12.4,1,0,155.81
7515,403,6,2.6,2,1,132.97
7516,375,21,13.5,2,0,133.89
7517,605,33,1.7,3,0,235.99
7518,348,11,9.7,2,1,121.47
7519,754,22,4.8,4,1,252.1
7520,586,38,14.1,2,0,203.8
7521,431,8,9.8,1,0,120.84
7522,157,39,14.7,3,0,150.92
7523,643,15,6.3,3,0,188.79
7524,605,44,3.0,1,1,248.76
7525,425,13,8.5,4,0,161.25
7526,719,18,13.8,3,1,215.68
7527,231,31,10.8,3,0,151.19
7528,84,8,6.0,4,0,78.12
7529,550,35,13.4,4,0,236.15
7530,817,30,4.9,1,0,240.96
7531,774,12,7.7,2,1,203.71
7532,778,38,2.6,5,0,292.97
7533,222,43,9.3,1,0,151.24
7534,72,31,12.5,4,0,132.08
7535,726,18,1.7,3,0,233.09
7536,725,24,5.3,4,1,253.01
7537,996,43,3.4,1,0,294.21
7538,932,42,12.1,3,1,311.64
7539,864,39,9.6,2,1,278.72
7540,411,25,3.4,3,0,179.89
7541,415,11,7.5,4,0,151.38
7542,124,16,13.9,1,0,64.9
7543,964,39,1.6,4,0,332.99
7544,245,15,2.2,1,1,109.5
7545,915,10,10.5,3,1,236.93
7546,342,20,12.1,2,1,145.7
7547,102,6,8.4,5,0,103.12
7548,487,14,13.7,2,0,141.68
7549,253,16,13.2,2,1,104.24
7550,174,13,0.6,4,1,140.87
7551,871,5,11.9,3,0,203.18
7552,523,9,8.4,3,0,153.61
7553,777,44,12.8,3,0,276.96
7554,615,18,12.3,3,0,183.96
7555,410,25,2.9,3,0,178.51
7556,667,18,10.5,2,0,197.62
7557,345,38,10.4,2,1,188.15
7558,335,33,9.7,4,1,192.2
7559,215,21,11.6,3,0,122.09
7560,362,26,5.0,2,0,156.09
7561,624,36,7.7,2,0,228.45
7562,73,23,11.7,4,0,117.76
7563,346,6,13.7,2,1,101.03
7564,625,20,7.4,2,0,182.77
7565,600,8,10.7,2,0,145.37
7566,290,26,13.9,2,0,136.37
7567,812,5,5.2,1,0,168.82
7568,595,34,14.7,3,0,216.95
7569,250,33,3.2,5,1,216.07
7570,54,15,9.6,2,0,73.55
7571,132,26,6.7,4,1,136.42
7572,721,38,10.4,5,0,280.19
7573,605,27,4.3,5,0,240.88
7574,126,12,13.8,3,1,92.53
7575,791,15,11.3,1,0,190.6
7576,884,17,3.9,4,0,253.99
7577,60,13,12.5,3,1,80.96
7578,983,27,13.5,2,1,263.44
7579,231,21,11.8,1,1,116.9
7580,265,42,7.9,5,0,207.49
7581,942,24,12.4,2,0,250.68
7582,696,22,6.4,2,0,217.48
7583,78,16,7.5,2,0,78.47
7584,521,31,9.7,2,0,201.87
7585,822,24,1.8,1,0,229.2
7586,540,11,2.1,5,0,190.72
7587,245,25,5.7,2,0,134.93
7588,799,30,13.1,4,0,258.92
7589,801,11,11.8,3,1,217.66
7590,294,29,2.7,3,0,178.03
7591,615,12,10.9,4,0,189.03
7592,501,35,11.1,1,0,184.69
7593,461,15,3.9,4,1,183.21
7594,76,40,13.8,2,1,131.14
7595,537,35,1.3,5,1,262.81
7596,311,34,7.1,2,0,171.96
7597,454,32,8.1,3,0,190.91
7598,50,43,4.0,3,0,152.52
7599,741,42,8.8,1,1,265.7
7600,266,31,9.8,3,0,148.04
7601,347,14,14.6,5,1,156.72
7602,429,44,6.6,1,0,187.54
7603,535,22,5.8,5,0,215.34
7604,472,6,11.8,3,1,141.9
7605,767,10,8.2,4,1,223.34
7606,938,20,3.1,2,0,248.14
7607,942,12,5.8,3,0,235.19
7608,402,14,3.2,2,0,142.61
7609,810,34,4.3,3,0,272.1
7610,959,43,7.2,2,0,297.85
7611,664,18,3.6,3,1,225.19
7612,360,35,5.0,2,0,189.87
7613,821,9,13.6,5,0,220.33
7614,423,21,1.9,3,1,182.01
7615,943,29,2.0,3,0,290.85
7616,798,7,3.2,2,1,189.43
7617,443,17,5.4,3,0,161.45
7618,178,42,6.8,1,1,162.71
7619,408,27,12.2,2,0,154.65
7620,165,28,6.9,5,1,167.54
7621,407,39,6.1,2,0,198.82
7622,584,6,6.6,3,0,165.07
7623,974,42,12.3,5,0,336.16
7624,680,42,7.3,5,0,293.88
7625,521,19,0.9,1,0,174.9
7626,543,18,14.3,1,0,145.12
7627,65,21,4.2,4,1,125.52
7628,898,32,6.6,3,0,279.38
7629,670,27,4.3,3,0,223.43
7630,931,33,0.8,3,0,301.85
7631,276,24,5.7,2,0,137.92
7632,957,33,6.2,2,0,276.85
7633,833,17,10.7,5,0,243.6
7634,338,9,11.3,5,0,141.74
7635,615,42,5.0,2,0,247.64
7636,249,17,6.3,2,1,125.82
7637,433,33,1.4,3,0,207.71
7638,473,29,4.0,2,0,189.73
7639,182,33,3.3,4,0,159.69
7640,577,36,5.2,4,0,251.67
7641,576,22,10.4,4,0,198.16
7642,188,38,13.8,5,0,185.17
7643,95,44,11.0,3,1,164.33
7644,498,39,15.0,2,1,205.79
7645,455,13,6.2,3,0,150.56
7646,302,39,7.2,3,1,199.25
7647,857,18,3.3,4,0,252.42
7648,87,40,9.3,1,1,133.59
7649,275,35,8.6,5,0,180.92
7650,283,9,9.2,4,0,123.14
7651,976,5,2.4,2,0,236.23
7652,732,29,1.1,4,0,255.03
7653,306,36,7.4,2,1,182.7
7654,852,34,10.6,5,1,300.87
7655,295,30,1.4,3,0,168.95
7656,191,23,5.4,3,1,147.04
7657,220,41,14.7,2,1,162.82
7658,107,7,7.2,3,0,73.84
7659,395,40,3.9,4,0,221.4
7660,501,23,10.2,3,0,183.37
7661,140,18,4.5,2,0,102.46
7662,674,37,0.9,4,0,269.23
7663,268,44,15.0,1,1,168.27
7664,99,40,9.2,5,0,170.01
7665,555,40,10.5,2,0,222.08
7666,400,11,4.5,2,0,124.71
7667,801,6,5.2,3,1,204.38
7668,561,15,0.8,3,0,186.63
7669,337,21,14.4,4,0,153.94
7670,592,21,6.3,4,0,208.31
7671,532,9,6.9,2,0,146.62
7672,373,40,4.3,5,1,243.78
7673,682,19,9.3,4,1,226.85
7674,704,27,10.6,2,0,212.87
7675,761,25,10.0,2,0,221.52
7676,361,32,1.1,3,1,189.97
7677,61,35,12.2,5,0,151.87
7678,250,15,6.3,4,0,125.38
7679,385,16,1.7,1,1,134.31
7680,921,16,1.3,4,0,266.32
7681,849,29,14.1,2,0,245.42
7682,345,21,14.9,4,1,158.81
7683,692,10,11.5,5,0,201.2
7684,463,12,8.0,3,1,170.17
7685,353,19,7.1,2,1,143.41
7686,135,39,8.2,3,0,151.14
7687,690,44,12.8,5,0,286.12
7688,831,17,12.8,5,0,247.89
7689,462,40,7.1,1,1,210.51
7690,194,9,9.8,3,0,95.64
7691,215,36,12.3,3,1,167.05
7692,845,21,8.8,2,0,230.54
7693,776,27,4.4,1,1,231.33
7694,685,27,11.2,3,0,222.61
7695,441,7,1.8,1,1,126.44
7696,564,28,1.7,2,0,205.92
7697,398,37,11.4,2,1,192.01
7698,748,20,11.5,3,0,214.54
7699,619,39,10.7,2,0,230.11
7700,468,34,3.4,5,1,247.63
7701,743,38,5.4,2,0,249.44
7702,837,43,3.3,2,0,293.57
7703,184,5,2.8,3,0,99.74
7704,425,23,5.7,5,0,191.52
7705,685,30,2.1,5,1,282.68
7706,824,43,8.6,4,0,308.09
7707,925,41,3.0,2,1,308.26
7708,576,31,10.3,5,0,239.31
7709,701,39,7.1,3,0,255.81
7710,787,44,7.7,3,0,290.91
7711,744,29,3.7,2,0,233.76
7712,275,5,12.4,3,0,91.79
7713,596,31,0.7,2,0,225.3
7714,261,8,12.8,1,0,71.61
7715,586,9,9.9,1,0,133.38
7716,947,19,9.7,5,0,275.22
7717,124,25,14.6,5,1,145.1
7718,356,15,13.8,2,0,128.01
7719,454,42,7.7,4,0,238.26
7720,102,8,8.6,5,0,93.5
7721,857,17,1.0,2,0,234.04
7722,482,21,3.4,3,1,196.08
7723,636,37,13.4,1,0,217.29
7724,798,15,12.8,3,0,209.73
7725,661,40,9.0,2,0,240.71
7726,393,15,2.4,2,1,151.61
7727,442,33,8.3,2,1,199.13
7728,931,7,4.2,4,0,245.5
7729,800,40,10.7,2,0,263.15
7730,346,38,1.5,1,0,185.5
7731,414,9,4.1,2,0,126.3
7732,605,41,1.4,4,0,272.97
7733,405,27,5.8,3,0,185.76
7734,292,8,10.3,2,0,102.21
7735,874,43,1.1,2,1,307.1
7736,734,35,5.1,1,1,243.69
7737,371,22,7.2,3,0,156.06
7738,859,7,11.3,4,0,217.31
7739,284,11,5.8,4,0,136.93
7740,919,40,13.1,4,0,302.09
7741,497,30,13.3,4,0,204.97
7742,865,8,1.2,4,1,236.85
7743,463,40,2.3,2,0,214.22
7744,509,32,14.3,4,0,199.64
7745,953,17,12.0,5,0,271.01
7746,424,19,1.1,4,1,198.85
7747,517,10,2.5,3,0,153.71
7748,755,16,13.1,4,0,222.99
7749,901,6,4.1,2,1,206.63
7750,208,5,5.1,2,0,78.16
7751,451,26,9.4,1,0,162.94
7752,131,32,6.9,2,1,139.01
7753,957,9,6.0,2,1,223.21
7754,63,21,1.7,2,0,95.98
7755,333,22,10.3,4,0,163.38
7756,289,26,2.9,1,1,146.92
7757,381,24,7.6,2,0,159.23
7758,137,5,2.3,4,0,98.12
7759,428,8,2.4,3,0,139.54
7760,373,10,13.5,5,0,143.62
7761,332,41,10.1,2,0,186.87
7762,140,12,7.8,2,0,80.8
7763,588,10,0.6,3,0,182.77
7764,249,44,2.7,5,0,224.99
7765,355,43,13.3,1,0,168.7
7766,893,20,4.8,2,0,237.29
7767,428,8,11.9,5,0,156.22
7768,775,5,3.9,3,1,206.85
7769,230,6,7.9,2,0,73.95
7770,148,17,6.6,2,0,91.04
7771,258,17,13.7,3,1,117.13
7772,414,38,14.1,5,1,226.16
7773,92,32,9.6,3,0,126.72
7774,934,31,13.9,1,1,260.06
7775,906,11,8.8,1,0,205.23
7776,783,21,9.3,4,0,243.03
7777,895,43,11.2,4,0,312.72
7778,503,21,2.8,2,0,169.46
7779,438,29,7.9,1,0,157.25
7780,637,41,1.5,2,1,250.66
7781,552,17,9.5,3,0,170.95
7782,955,28,10.7,2,1,268.43
7783,523,31,1.9,1,0,187.47
7784,994,22,14.1,4,0,264.26
7785,215,42,11.1,5,1,203.31
7786,918,22,10.4,3,0,250.79
7787,190,30,14.7,5,0,157.07
7788,436,10,7.0,4,1,172.79
7789,90,32,11.8,2,1,127.41
7790,402,35,5.9,2,1,199.09
7791,489,33,5.4,3,0,205.39
7792,904,17,2.0,2,1,249.66
7793,57,40,2.1,5,0,180.08
7794,954,11,13.0,5,0,241.09
7795,231,42,12.4,4,0,197.97
7796,248,43,4.9,2,0,174.03
7797,528,8,10.1,3,0,147.99
7798,978,32,5.0,2,0,281.75
7799,434,20,10.1,3,0,161.8
7800,627,24,13.8,3,0,200.42
7801,457,41,8.2,4,0,223.54
7802,314,17,9.4,2,0,126.73
7803,448,25,8.8,3,0,179.46
7804,842,36,8.7,2,1,264.43
7805,955,31,10.3,3,1,285.18
7806,293,21,6.9,4,0,159.02
7807,641,15,12.5,3,0,179.21
7808,910,12,11.1,1,0,198.7
7809,978,6,12.3,2,0,198.51
7810,364,39,1.8,3,0,216.02
7811,557,32,10.7,5,0,238.25
7812,602,13,13.5,3,0,169.91
7813,695,17,8.5,2,0,190.39
7814,516,25,0.8,2,1,192.41
7815,669,42,2.9,5,0,285.22
7816,953,18,3.9,4,0,270.9
7817,735,31,14.5,2,0,231.65
7818,416,39,8.7,2,0,205.64
7819,158,34,4.5,3,0,151.95
7820,468,18,13.4,2,1,154.99
7821,317,40,6.8,2,0,181.26
7822,941,41,6.4,5,1,340.08
7823,964,42,11.7,2,0,290.04
7824,352,33,2.5,2,0,187.86
7825,310,42,4.8,2,0,188.76
7826,680,42,3.9,5,0,284.62
7827,235,21,10.9,5,1,157.18
7828,663,22,3.6,3,0,214.31
7829,598,13,2.3,4,0,207.46
7830,571,36,5.0,5,0,250.33
7831,192,30,5.3,2,0,135.92
7832,189,24,10.9,3,1,133.33
7833,335,31,10.7,4,0,186.82
7834,627,31,11.2,1,0,196.88
7835,203,14,0.9,4,1,135.7
7836,586,41,11.2,4,0,256.89
7837,285,37,14.6,5,1,203.54
7838,420,41,0.8,2,0,209.17
7839,710,15,12.3,3,0,194.02
7840,222,19,11.6,3,0,118.52
7841,890,39,4.2,2,0,288.71
7842,481,40,6.9,3,0,225.66
7843,468,23,1.7,2,0,176.14
7844,624,7,2.9,4,0,179.26
7845,773,11,6.1,3,0,214.94
7846,276,16,1.5,5,0,157.19
7847,469,42,4.6,5,0,259.29
7848,287,42,10.8,3,1,194.85
7849,619,33,10.7,2,0,214.97
7850,690,28,1.1,4,0,256.58
7851,350,21,3.1,2,0,146.4
7852,983,6,13.6,3,0,217.68
7853,407,21,14.2,3,0,143.68
7854,56,26,8.5,2,0,104.13
7855,653,33,13.6,3,0,225.21
7856,288,7,6.9,3,1,110.33
7857,784,17,2.5,3,0,228.52
7858,855,43,3.8,2,0,280.07
7859,925,42,0.6,3,1,322.46
7860,809,39,3.0,3,0,291.6
7861,143,24,9.3,3,0,115.74
7862,248,9,13.5,3,0,94.59
7863,197,6,7.6,4,1,104.96
7864,786,29,6.8,3,1,259.19
7865,334,13,5.1,4,1,151.67
7866,766,23,7.5,3,0,245.35
7867,99,42,0.6,2,0,166.23
7868,169,9,7.0,1,0,74.27
7869,718,14,1.7,2,0,203.25
7870,412,19,7.9,3,0,159.53
7871,958,34,8.3,1,0,266.19
7872,700,38,9.9,1,0,230.35
7873,401,5,4.7,4,0,134.03
7874,490,26,8.4,2,0,180.34
7875,951,30,1.7,3,0,296.15
7876,190,20,11.7,2,0,101.27
7877,234,38,4.5,2,0,163.66
7878,764,9,1.5,1,1,188.85
7879,771,10,6.6,1,0,168.52
7880,811,15,11.3,1,1,197.67
7881,377,31,10.0,2,0,169.71
7882,870,36,3.7,3,0,287.89
7883,618,14,1.9,3,0,194.51
7884,161,9,2.7,4,0,101.28
7885,556,26,1.0,2,0,192.99
7886,836,26,2.2,2,1,254.37
7887,317,9,2.3,3,0,129.56
7888,151,6,5.5,1,1,65.34
7889,655,11,9.8,2,0,171.08
7890,260,10,11.9,3,1,113.99
7891,286,37,12.1,5,1,207.09
7892,643,27,3.7,4,0,238.52
7893,924,39,10.2,2,0,288.92
7894,660,11,9.9,3,0,185.75
7895,642,7,7.4,2,1,166.74
7896,699,44,2.6,4,0,281.12
7897,615,26,2.9,1,0,189.66
7898,591,17,13.4,4,0,186.89
7899,151,13,4.9,3,0,111.81
7900,189,40,4.9,4,0,185.82
7901,473,27,13.5,3,0,184.87
7902,963,43,4.6,2,0,306.54
7903,468,28,2.1,2,1,189.92
7904,522,11,8.2,2,0,145.1
7905,517,24,13.1,5,0,204.68
7906,291,27,8.4,3,0,162.6
7907,252,23,4.1,2,1,135.47
7908,550,18,11.7,5,1,218.91
7909,395,15,14.5,5,0,164.01
7910,167,24,8.9,2,0,108.1
7911,391,10,4.6,4,1,158.95
7912,88,40,9.5,3,1,165.08
7913,814,14,6.9,4,0,227.9
7914,152,28,5.5,4,0,141.81
7915,655,15,2.6,3,0,204.99
7916,964,43,3.7,2,0,308.15
7917,953,28,8.1,4,0,288.25
7918,57,33,4.4,3,0,134.65
7919,611,13,14.5,5,0,189.55
7920,593,22,7.2,4,1,215.42
7921,348,28,9.4,4,0,183.26
7922,660,5,7.0,4,0,185.41
7923,215,31,2.0,4,0,183.56
7924,327,8,4.0,2,0,111.83
7925,323,10,3.8,2,1,124.68
7926,64,14,6.4,2,0,70.97
7927,97,28,7.8,2,1,108.24
7928,583,34,1.1,3,1,251.55
7929,236,31,14.5,2,1,141.29
7930,103,34,1.4,3,0,143.25
7931,217,41,9.5,2,0,159.14
7932,215,5,13.8,3,0,82.43
7933,436,42,9.4,5,1,251.45
7934,862,31,7.1,3,1,279.7
7935,272,17,8.1,4,0,146.77
7936,722,24,6.3,2,1,232.16
7937,135,24,9.2,3,0,115.76
7938,350,7,6.9,4,0,125.63
7939,249,33,12.1,4,0,164.89
7940,536,28,0.8,3,1,223.2
7941,440,44,5.6,4,1,242.95
7942,173,9,2.0,2,0,80.81
7943,208,37,11.3,3,0,166.05
7944,535,34,8.2,5,0,235.78
7945,526,29,6.7,3,1,216.15
7946,261,38,2.3,4,0,203.93
7947,513,44,11.2,3,0,237.18
7948,344,9,11.2,5,0,140.54
7949,924,41,12.8,4,0,309.63
7950,342,22,3.8,3,0,164.94
7951,54,31,4.4,5,0,152.33
7952,850,19,3.8,3,0,241.49
7953,673,22,12.9,3,0,204.66
7954,664,18,6.2,2,1,199.92
7955,460,24,11.7,3,0,171.17
7956,80,12,11.3,4,1,97.3
7957,777,40,5.7,2,0,267.31
7958,603,38,11.5,1,0,212.62
7959,839,5,9.1,2,0,190.67
7960,252,32,11.7,2,1,159.01
7961,291,25,7.8,3,1,165.09
7962,598,15,4.8,4,0,202.86
7963,133,5,1.0,3,0,84.41
7964,925,18,6.0,3,0,255.64
7965,280,39,13.1,2,0,155.62
7966,462,39,12.9,3,0,205.19
7967,821,44,8.5,4,1,310.89
7968,53,16,0.6,4,0,112.17
7969,672,43,5.6,2,0,260.12
7970,778,23,1.1,2,0,231.54
7971,959,21,7.4,3,0,260.67
7972,688,13,8.3,2,0,179.68
7973,225,19,3.4,3,0,135.55
7974,173,28,8.1,2,0,127.1
7975,116,33,6.6,2,0,133.83
7976,983,30,7.5,3,0,282.89
7977,377,32,7.1,1,0,152.84
7978,679,43,3.5,4,0,283.81
7979,702,19,6.1,2,0,210.8
7980,527,18,13.0,1,0,139.37
7981,129,34,10.8,3,0,142.34
7982,438,12,1.6,2,1,153.0
7983,529,18,6.8,4,0,189.43
7984,609,43,12.1,1,0,223.01
7985,145,39,5.5,2,0,147.84
7986,866,29,9.9,2,1,263.74
7987,908,15,1.5,3,0,248.12
7988,275,35,6.4,3,0,172.2
7989,719,31,4.5,4,1,264.59
7990,307,6,9.2,3,0,97.46
7991,113,9,13.1,4,1,90.19
7992,257,40,6.5,4,0,197.11
7993,485,41,6.9,2,0,215.91
7994,478,19,13.1,2,0,156.87
7995,607,36,8.2,4,0,243.0
7996,947,44,1.3,3,1,337.32
7997,121,16,13.6,2,0,70.8
7998,566,41,12.1,4,1,255.94
7999,506,26,11.7,2,0,170.52
8000,55,7,13.1,1,0,47.4
8001,709,39,11.0,2,1,246.12
8002,278,5,8.4,3,0,99.62
8003,699,19,2.5,2,1,222.49
8004,413,13,13.6,3,0,129.2
8005,481,28,4.5,2,1,208.0
8006,453,39,2.0,5,1,245.16
8007,345,18,3.0,2,1,148.24
8008,262,33,9.5,1,0,142.93
8009,63,21,9.9,2,1,88.9
8010,966,43,12.0,3,0,305.19
8011,71,10,9.0,4,0,85.88
8012,166,10,12.5,3,0,90.47
8013,650,44,6.6,5,0,286.87
8014,919,44,10.0,3,0,306.33
8015,148,20,2.5,1,1,107.23
8016,749,36,6.9,2,1,260.31
8017,678,31,4.9,3,0,238.37
8018,363,5,7.1,2,0,104.22
8019,178,25,7.8,5,0,156.66
8020,69,16,2.8,3,1,101.77
8021,202,6,6.9,5,0,113.84
8022,778,5,3.7,3,1,207.36
8023,249,28,3.8,3,1,165.88
8024,920,43,11.8,2,1,292.23
8025,599,7,2.5,3,0,175.37
8026,587,37,2.7,5,1,273.39
8027,218,9,12.7,1,0,63.97
8028,960,24,12.5,4,1,287.4
8029,673,32,12.8,2,0,219.06
8030,463,30,8.6,2,0,166.97
8031,380,34,0.5,4,1,216.93
8032,98,32,13.2,4,1,139.56
8033,618,39,9.2,3,0,243.42
8034,625,13,5.1,5,1,224.64
8035,393,11,3.1,5,0,169.41
8036,625,14,6.4,4,0,189.47
8037,706,5,2.5,4,1,213.15
8038,110,18,11.5,4,0,98.53
8039,976,26,4.8,1,0,262.54
8040,278,18,13.2,3,0,122.5
8041,787,16,0.8,4,1,252.86
8042,470,38,5.8,4,0,224.93
8043,641,19,8.2,3,1,209.17
8044,982,35,8.9,3,1,299.41
8045,51,20,13.7,2,0,74.17
8046,919,19,3.8,5,0,287.8
8047,347,6,10.0,4,1,136.32
8048,598,22,1.5,4,0,214.22
8049,545,38,1.0,1,0,214.36
8050,771,19,7.7,2,0,215.2
8051,846,5,7.9,4,0,213.84
8052,710,29,13.4,3,1,243.75
8053,648,29,7.7,4,0,234.77
8054,281,44,11.1,4,0,199.37
8055,790,27,5.5,3,0,255.42
8056,267,16,8.9,3,0,130.47
8057,249,28,4.5,2,0,142.85
8058,241,15,2.5,2,0,114.41
8059,633,6,6.5,2,1,159.97
8060,246,32,2.7,3,1,169.89
8061,737,18,12.4,2,1,205.61
8062,855,9,5.2,3,0,222.27
8063,992,37,3.0,3,0,307.94
8064,679,24,10.9,2,1,222.15
8065,66,23,7.1,2,0,98.42
8066,700,25,8.0,3,0,225.11
8067,426,23,10.4,3,1,181.24
8068,522,22,9.3,5,0,207.67
8069,933,35,3.0,1,1,275.33
8070,386,30,10.6,5,1,215.32
8071,970,9,11.1,1,0,204.49
8072,137,42,7.2,3,0,170.82
8073,362,32,6.1,2,1,182.15
8074,641,35,0.6,1,0,225.47
8075,959,12,6.9,2,0,226.93
8076,440,21,4.3,1,0,163.82
8077,592,9,14.7,2,1,148.85
8078,168,37,1.2,2,1,167.84
8079,950,20,5.7,5,0,293.15
8080,484,14,4.9,2,0,153.69
8081,721,16,6.6,2,0,199.86
8082,529,18,6.4,5,1,213.62
8083,561,31,11.9,3,0,210.62
8084,246,29,3.6,5,0,176.66
8085,352,22,6.7,5,0,189.44
8086,758,41,8.4,1,1,248.7
8087,667,39,8.3,2,0,241.5
8088,745,8,11.1,2,1,180.19
8089,951,36,11.9,5,1,320.82
8090,163,6,11.1,1,0,52.71
8091,632,40,8.8,3,1,253.9
8092,521,39,9.6,1,0,204.85
8093,52,35,4.5,5,0,155.69
8094,779,12,8.1,4,1,227.15
8095,85,25,1.2,2,1,122.76
8096,684,18,9.7,2,0,196.9
8097,508,34,3.6,5,1,246.15
8098,808,36,12.8,3,0,258.33
8099,389,30,13.5,1,1,154.0
8100,812,12,9.8,3,0,211.19
8101,873,33,4.8,4,1,303.53
8102,989,19,7.6,4,0,275.8
8103,80,13,8.7,3,0,94.72
8104,862,9,5.7,2,0,209.16
8105,372,31,6.5,3,0,184.12
8106,908,11,3.4,2,1,232.39
8107,533,35,10.3,1,0,198.08
8108,707,34,12.4,3,0,241.65
8109,945,17,1.2,4,0,274.83
8110,824,17,14.5,2,0,206.78
8111,86,41,1.5,3,1,166.83
8112,929,34,14.5,2,1,266.2
8113,315,7,3.8,2,1,113.64
8114,284,36,13.4,3,0,169.41
8115,938,40,3.7,3,0,307.69
8116,209,24,9.0,3,0,132.81
8117,397,22,4.5,2,0,155.29
8118,985,24,5.3,3,0,274.08
8119,467,10,7.5,1,1,138.91
8120,834,24,8.0,3,0,247.16
8121,134,37,4.6,2,1,158.59
8122,396,23,6.9,4,0,179.88
8123,197,21,13.3,4,0,128.84
8124,653,17,12.9,4,0,204.68
8125,694,18,2.7,3,0,212.12
8126,491,24,14.1,5,0,198.06
8127,768,29,14.2,4,1,258.81
8128,557,40,2.7,4,1,265.99
8129,70,38,5.5,3,1,148.85
8130,260,34,2.1,3,0,177.19
8131,291,15,7.1,2,1,126.33
8132,872,35,5.7,2,0,262.59
8133,428,28,12.0,3,0,180.65
8134,790,26,8.4,3,0,240.51
8135,363,19,0.6,2,0,146.08
8136,883,28,13.6,2,0,252.2
8137,385,11,10.0,2,0,117.99
8138,454,34,1.6,3,0,217.53
8139,868,34,3.8,5,0,311.06
8140,112,19,4.2,2,0,106.9
8141,633,5,6.7,4,1,188.97
8142,109,14,10.8,4,1,109.45
8143,219,23,13.2,1,0,100.32
8144,776,23,10.3,3,0,233.18
8145,178,11,9.3,1,1,84.46
8146,277,8,2.9,2,1,109.56
8147,845,34,8.8,2,0,255.62
8148,579,36,10.0,3,0,217.16
8149,329,29,6.9,3,0,177.11
8150,878,11,7.0,3,0,234.44
8151,378,10,4.0,4,0,157.56
8152,540,20,13.0,3,0,186.06
8153,916,38,2.8,2,0,287.17
8154,599,41,9.3,2,0,225.27
8155,633,26,7.9,3,0,209.67
8156,764,30,2.5,4,0,264.43
8157,306,15,14.6,2,0,107.9
8158,715,11,11.8,2,0,173.11
8159,876,13,13.6,3,1,224.15
8160,392,40,12.1,3,0,199.1
8161,536,30,13.6,2,0,189.22
8162,179,27,7.6,4,0,157.29
8163,113,24,6.5,2,0,103.59
8164,968,42,9.7,2,1,304.9
8165,847,9,0.6,3,0,219.86
8166,89,14,0.9,3,0,96.3
8167,821,25,8.6,4,1,265.67
8168,672,38,8.6,4,1,269.67
8169,922,24,6.0,4,1,282.55
8170,729,44,3.6,4,0,301.21
8171,739,26,10.1,3,0,235.32
8172,993,20,6.2,3,1,280.89
8173,614,34,2.2,3,0,238.44
8174,707,24,9.1,1,0,206.12
8175,936,33,8.9,2,0,288.24
8176,184,24,9.5,4,1,145.52
8177,401,42,11.5,4,0,214.25
8178,185,23,4.4,3,0,132.06
8179,472,17,7.7,3,0,156.02
8180,52,19,15.0,4,1,103.85
8181,146,18,14.0,3,0,99.71
8182,492,27,10.6,4,0,199.95
8183,384,41,11.4,2,0,189.59
8184,350,12,9.9,1,0,102.4
8185,660,13,6.8,3,1,193.22
8186,415,9,9.3,2,0,112.69
8187,725,43,10.5,5,1,301.37
8188,357,20,3.8,5,0,177.64
8189,234,8,8.5,1,0,82.81
8190,448,33,14.7,4,1,194.83
8191,755,33,13.1,1,0,216.49
8192,172,26,12.3,2,1,122.36
8193,237,27,5.6,2,0,139.74
8194,595,40,9.3,3,1,245.7
8195,903,21,5.3,2,0,241.48
8196,591,40,3.5,4,1,264.16
8197,204,10,9.6,5,0,116.42
8198,931,18,9.3,3,0,250.09
8199,941,42,5.9,4,0,325.0
8200,129,11,13.3,3,0,79.61
8201,488,27,12.4,2,0,185.15
8202,442,36,1.3,5,1,242.63
8203,367,30,5.0,3,0,188.21
8204,843,9,2.6,1,0,194.28
8205,776,43,13.6,1,1,251.78
8206,238,15,13.1,3,0,109.7
8207,881,7,5.4,3,0,220.46
8208,519,44,10.9,3,0,231.99
8209,920,17,10.2,1,0,217.27
8210,725,29,3.2,1,1,231.29
8211,281,23,2.8,2,1,154.25
8212,494,38,10.0,5,0,231.19
8213,679,15,3.0,3,1,216.34
8214,936,23,11.7,1,0,234.93
8215,619,28,5.7,3,0,214.48
8216,620,26,4.0,4,0,238.39
8217,748,24,7.4,3,0,231.29
8218,459,12,3.1,3,0,162.21
8219,965,40,12.0,4,1,332.3
8220,233,7,11.2,4,1,122.86
8221,537,35,10.6,1,1,202.08
8222,798,44,10.5,1,0,263.62
8223,356,25,10.1,3,0,157.42
8224,689,31,12.2,3,0,234.24
8225,956,31,5.2,4,1,314.87
8226,433,32,14.5,4,0,194.68
8227,751,36,3.9,3,0,261.04
8228,809,38,1.6,2,0,268.13
8229,136,13,10.1,2,0,86.96
8230,566,21,4.1,2,0,189.16
8231,809,23,9.7,4,0,254.37
8232,830,31,8.8,1,0,231.95
8233,860,23,3.0,3,0,265.0
8234,458,22,5.0,2,0,162.14
8235,623,25,2.5,2,1,220.59
8236,255,36,5.4,1,0,165.33
8237,227,17,6.0,2,0,110.01
8238,595,32,3.7,4,0,244.65
8239,973,42,5.3,3,0,314.14
8240,418,17,9.9,2,1,146.95
8241,764,41,4.2,5,1,312.62
8242,409,16,3.2,3,0,156.58
8243,542,13,0.6,2,0,168.6
8244,974,20,2.3,5,0,301.62
8245,313,7,4.5,3,1,114.51
8246,451,12,2.0,3,0,154.69
8247,749,12,11.7,5,0,225.91
8248,717,30,14.5,2,1,225.38
8249,823,22,4.3,4,1,271.49
8250,806,25,10.7,2,0,227.48
8251,909,7,12.1,4,0,226.75
8252,161,20,11.0,2,1,109.51
8253,206,11,14.2,1,0,73.63
8254,192,27,6.1,2,0,129.46
8255,982,11,0.9,5,1,277.16
8256,643,36,4.3,3,1,254.85
8257,100,22,5.3,2,0,105.46
8258,699,12,8.9,2,0,178.69
8259,228,18,10.3,4,0,137.13
8260,571,5,9.3,4,1,177.31
8261,657,44,11.7,1,1,245.91
8262,168,27,2.4,4,0,158.22
8263,144,9,8.5,2,0,80.73
8264,158,12,9.4,3,0,96.98
8265,494,29,3.4,2,0,193.53
8266,945,33,4.0,2,0,279.55
8267,741,24,1.1,3,0,242.83
8268,945,8,6.0,5,0,266.83
8269,852,15,8.4,2,0,217.71
8270,586,9,11.2,2,1,151.17
8271,97,25,4.2,3,0,124.25
8272,581,39,4.1,3,1,243.35
8273,953,10,9.0,2,0,218.15
8274,603,32,5.4,3,0,230.21
8275,482,27,5.1,5,1,230.14
8276,109,6,12.9,3,0,62.76
8277,786,13,1.7,3,0,209.3
8278,195,23,8.5,2,0,113.85
8279,292,39,9.8,1,1,166.9
8280,664,28,13.4,5,1,246.62
8281,605,5,12.1,1,0,127.37
8282,651,6,3.1,3,0,183.74
8283,636,44,10.9,4,0,269.51
8284,128,23,1.2,3,1,130.4
8285,948,19,6.3,3,0,261.03
8286,443,12,13.1,5,0,158.5
8287,355,33,5.2,3,1,191.51
8288,528,39,5.0,3,0,228.54
8289,744,29,3.4,2,0,245.78
8290,714,17,5.0,2,0,196.62
8291,558,11,3.3,4,0,181.72
8292,355,35,6.8,5,0,209.92
8293,305,38,11.3,4,0,198.27
8294,692,13,11.1,3,0,194.8
8295,979,16,8.3,2,1,254.79
8296,475,22,5.7,4,0,189.15
8297,480,37,7.1,1,1,208.5
8298,234,9,11.7,2,1,101.13
8299,951,5,13.3,3,0,214.33
8300,302,37,5.6,2,1,183.72
8301,131,5,9.3,2,0,65.75
8302,710,44,11.7,2,0,246.76
8303,770,32,10.3,2,1,246.23
8304,903,16,10.8,5,0,256.45
8305,538,27,5.9,4,0,220.65
8306,327,39,11.2,3,1,196.86
8307,659,5,3.7,2,0,165.05
8308,251,35,6.1,2,0,169.23
8309,368,28,1.9,5,1,225.08
8310,349,15,7.8,4,0,151.61
8311,405,11,10.5,3,0,135.45
8312,202,29,5.9,4,1,160.24
8313,818,23,9.0,3,0,244.16
8314,98,22,10.8,2,0,85.25
8315,947,26,7.8,4,0,286.36
8316,461,25,12.5,3,0,162.28
8317,450,40,12.6,3,0,201.57
8318,852,15,14.5,3,0,227.15
8319,344,25,8.4,4,0,174.51
8320,188,31,6.9,2,0,136.13
8321,278,17,4.5,1,0,113.3
8322,496,37,14.4,4,0,216.92
8323,297,31,3.4,5,0,187.03
8324,719,43,3.0,3,0,279.32
8325,263,35,1.1,3,1,190.43
8326,136,18,12.1,3,0,101.42
8327,520,43,10.3,3,1,249.37
8328,329,17,1.7,5,0,178.16
8329,431,41,4.8,5,0,250.28
8330,813,11,11.9,1,0,178.72
8331,890,18,8.5,5,0,269.93
8332,837,35,7.4,2,1,269.5
8333,728,8,2.3,4,0,198.89
8334,636,29,12.9,2,1,209.87
8335,877,42,9.5,2,0,286.98
8336,89,38,7.3,4,0,154.49
8337,638,39,13.8,4,1,255.82
8338,65,24,1.4,5,0,155.65
8339,359,42,8.9,1,0,177.78
8340,52,31,3.6,5,0,152.16
8341,938,36,8.6,3,1,299.7
8342,292,29,12.0,1,0,131.5
8343,279,41,8.3,2,0,177.47
8344,747,26,3.3,3,0,236.78
8345,525,27,14.1,5,1,232.01
8346,343,16,10.8,2,0,128.97
8347,94,44,8.1,4,0,178.41
8348,437,43,14.8,1,0,175.35
8349,125,44,4.5,1,0,148.89
8350,857,8,6.0,3,1,223.3
8351,348,17,14.8,4,0,142.82
8352,552,29,4.6,2,0,204.81
8353,672,26,14.1,4,0,218.48
8354,608,17,6.5,3,1,195.87
8355,447,41,9.6,5,0,239.76
8356,96,26,12.0,1,1,97.19
8357,387,41,6.0,2,0,198.49
8358,106,14,1.7,2,0,85.78
8359,144,32,7.4,2,0,129.42
8360,708,44,10.7,3,0,262.86
8361,315,20,2.0,2,0,128.88
8362,250,5,14.6,3,0,85.74
8363,996,20,7.7,2,1,250.01
8364,642,13,5.1,3,1,200.57
8365,662,36,4.3,1,0,223.25
8366,988,38,9.5,4,1,328.52
8367,314,26,10.2,4,0,160.7
8368,319,26,13.6,2,1,143.42
8369,288,10,3.5,5,0,142.48
8370,247,25,13.7,3,1,138.59
8371,547,23,10.0,3,0,175.03
8372,698,29,6.0,4,1,253.43
8373,661,18,11.2,4,0,206.78
8374,948,43,3.6,2,0,308.33
8375,336,16,13.7,4,1,149.75
8376,261,29,7.9,3,0,152.89
8377,342,41,4.4,5,0,226.22
8378,741,19,6.4,3,1,217.12
8379,988,9,9.6,3,0,231.7
8380,598,23,5.0,2,0,190.58
8381,835,30,10.7,4,0,273.27
8382,705,26,7.7,1,0,202.07
8383,996,27,3.0,2,1,280.2
8384,637,11,14.1,3,0,171.56
8385,816,36,3.7,3,0,283.51
8386,551,20,7.3,2,1,172.85
8387,422,26,6.9,5,0,200.9
8388,687,36,7.1,2,0,252.63
8389,439,22,4.3,3,0,184.09
8390,777,18,11.4,3,1,220.49
8391,901,26,2.9,3,1,282.73
8392,821,9,8.1,2,1,208.12
8393,671,8,9.2,2,0,161.68
8394,362,14,6.5,3,0,130.92
8395,463,38,14.9,3,0,202.84
8396,811,33,12.4,4,0,271.91
8397,769,41,10.6,5,1,304.81
8398,602,22,8.8,2,0,194.85
8399,181,31,6.0,4,0,161.58
8400,695,22,14.4,2,1,204.35
8401,795,18,8.5,2,0,203.79
8402,250,24,4.5,2,1,136.13
8403,862,44,12.9,1,0,271.76
8404,682,37,14.7,4,0,253.77
8405,486,28,11.2,3,0,197.19
8406,75,32,2.4,2,0,130.51
8407,614,5,14.6,4,0,170.05
8408,761,14,8.4,1,1,194.65
8409,477,43,6.5,1,1,217.27
8410,79,11,2.7,5,0,115.18
8411,938,8,5.0,3,0,232.5
8412,702,7,13.8,3,1,191.62
8413,583,43,7.1,2,1,240.84
8414,760,5,5.2,3,1,198.69
8415,953,25,4.4,2,0,271.73
8416,83,29,14.8,4,0,137.87
8417,966,14,6.7,2,1,250.79
8418,344,35,7.6,2,0,181.21
8419,74,18,13.2,2,1,84.49
8420,870,39,12.1,2,0,260.03
8421,477,29,14.6,2,1,178.12
8422,143,36,12.2,4,1,169.19
8423,233,35,2.2,4,1,193.59
8424,79,41,4.0,2,0,145.98
8425,604,12,14.2,3,1,176.22
8426,948,20,1.5,4,0,268.89
8427,504,23,8.1,3,0,184.44
8428,249,39,13.3,1,0,148.61
8429,932,20,14.0,3,1,256.85
8430,164,29,13.2,2,0,114.39
8431,988,19,2.8,4,0,284.6
8432,93,35,2.5,2,0,133.73
8433,895,33,12.9,5,0,293.31
8434,790,39,7.3,2,0,264.58
8435,713,20,2.3,3,1,233.37
8436,128,20,1.1,2,0,115.69
8437,106,17,8.5,1,0,76.92
8438,494,43,4.5,3,0,237.03
8439,53,23,12.2,4,0,113.02
8440,406,9,9.1,3,0,131.27
8441,685,44,3.0,1,0,254.22
8442,420,38,7.4,2,0,202.66
8443,235,40,11.4,2,0,157.9
8444,848,39,14.4,4,0,282.45
8445,563,14,10.0,3,0,169.25
8446,141,35,1.8,2,0,147.55
8447,970,33,6.9,4,1,319.71
8448,827,18,0.7,1,1,231.41
8449,660,36,9.4,4,0,254.58
8450,867,37,10.0,3,1,291.99
8451,790,6,6.0,3,0,194.32
8452,242,28,10.2,2,0,138.29
8453,134,11,6.2,1,0,72.43
8454,348,44,4.8,2,1,209.38
8455,495,30,4.5,2,0,196.94
8456,153,37,12.0,4,0,160.0
8457,950,33,2.8,3,1,310.23
8458,727,24,4.3,5,0,258.86
8459,248,8,14.5,4,1,117.5
8460,51,19,5.2,4,0,113.34
8461,630,22,2.9,2,0,200.75
8462,579,27,10.5,5,0,222.83
8463,212,42,4.9,2,0,170.73
8464,908,16,6.4,2,1,244.36
8465,201,6,10.5,4,0,98.66
8466,917,7,6.4,2,0,220.57
8467,994,43,2.4,2,0,321.36
8468,614,44,7.0,5,0,284.97
8469,107,36,5.7,2,0,134.27
8470,275,9,0.8,1,1,102.0
8471,108,34,12.7,4,1,149.73
8472,130,20,0.7,4,0,129.88
8473,620,39,14.0,2,0,220.43
8474,456,32,7.4,3,0,194.07
8475,644,26,14.7,3,1,219.85
8476,505,15,3.1,5,0,196.05
8477,376,8,12.0,5,0,143.26
8478,400,15,3.9,1,1,139.7
8479,348,28,5.5,3,0,176.84
8480,396,21,6.1,2,1,166.01
8481,213,39,3.7,2,0,168.91
8482,401,43,6.9,3,1,227.9
8483,388,30,1.8,4,0,199.68
8484,113,35,10.5,1,0,118.0
8485,856,28,9.3,4,0,264.28
8486,239,11,8.1,2,0,96.83
8487,385,18,0.6,4,1,179.18
8488,922,30,13.7,5,0,281.02
8489,755,11,14.8,3,0,192.58
8490,904,11,10.8,3,1,230.19
8491,906,40,13.7,1,0,270.11
8492,413,13,13.8,3,1,141.87
8493,661,23,5.9,3,1,219.18
8494,110,5,11.4,3,1,65.88
8495,569,38,4.6,3,0,230.07
8496,589,15,6.0,2,0,178.1
8497,671,19,2.7,2,0,201.69
8498,770,39,8.2,2,0,265.74
8499,280,36,5.0,2,1,168.75
8500,993,33,1.0,3,0,303.41
8501,911,15,10.6,3,1,251.77
8502,965,5,14.1,4,0,229.32
8503,511,37,14.6,2,0,197.49
8504,725,43,3.2,4,1,295.55
8505,965,31,10.9,2,0,268.09
8506,719,19,2.5,2,0,213.62
8507,77,23,4.2,4,0,131.08
8508,188,27,14.3,2,0,112.96
8509,500,30,9.1,1,0,183.13
8510,666,28,10.6,3,0,216.75
8511,259,32,14.6,2,0,136.49
8512,508,10,14.7,4,0,162.81
8513,751,13,13.2,3,0,197.6
8514,104,23,3.6,1,0,94.62
8515,984,10,11.1,4,0,250.59
8516,750,17,1.5,5,0,255.06
8517,261,13,1.9,1,0,105.81
8518,614,29,1.3,3,0,231.01
8519,398,30,4.2,4,0,191.61
8520,119,40,9.2,5,0,181.72
8521,395,32,1.9,1,0,175.06
8522,763,16,14.8,3,0,198.62
8523,495,11,11.0,3,1,158.03
8524,457,9,2.4,3,0,153.01
8525,359,41,6.0,2,0,190.83
8526,930,13,4.7,3,0,251.04
8527,548,24,10.8,2,0,182.52
8528,500,39,13.7,3,0,218.2
8529,730,26,12.2,3,0,228.59
8530,299,18,7.8,2,1,135.45
8531,403,37,9.8,4,1,214.19
8532,846,26,13.3,4,1,260.78
8533,285,22,2.9,3,0,145.34
8534,665,41,8.4,3,1,266.83
8535,635,43,13.2,3,0,248.43
8536,444,38,1.9,2,0,201.06
8537,963,10,13.3,4,1,244.44
8538,808,36,3.8,3,0,283.69
8539,581,43,6.8,3,1,256.59
8540,150,18,7.4,3,1,120.37
8541,209,17,11.1,3,0,102.13
8542,826,17,6.8,2,0,219.75
8543,678,30,14.7,2,0,204.41
8544,423,37,3.3,4,1,230.06
8545,988,26,13.1,3,1,279.3
8546,618,29,13.5,2,0,194.62
8547,90,24,0.7,4,0,144.08
8548,815,17,3.3,2,0,217.73
8549,565,28,7.1,2,0,195.05
8550,133,41,14.0,3,0,152.22
8551,88,33,12.5,2,1,124.93
8552,149,28,11.4,1,1,111.48
8553,339,14,10.7,1,0,105.87
8554,178,21,5.7,4,0,142.71
8555,668,42,2.6,2,0,263.55
8556,319,27,13.5,2,0,146.22
8557,319,40,9.5,5,1,220.84
8558,808,18,14.5,4,0,222.81
8559,940,44,1.0,2,1,325.57
8560,496,13,0.5,3,0,163.63
8561,427,9,5.4,3,0,142.75
8562,103,14,10.4,5,0,125.52
8563,429,40,8.8,3,1,221.76
8564,839,39,5.9,1,0,256.64
8565,568,37,14.6,5,1,252.95
8566,767,33,6.9,3,1,263.54
8567,141,43,2.9,1,0,152.44
8568,368,8,7.2,3,0,113.78
8569,907,36,4.6,2,0,286.62
8570,340,7,8.3,4,0,120.5
8571,290,16,3.2,2,0,127.87
8572,814,24,11.0,1,1,218.79
8573,161,8,2.4,5,0,111.76
8574,410,12,1.2,5,1,181.12
8575,725,43,7.2,4,0,294.93
8576,692,42,6.6,3,1,273.53
8577,186,11,12.6,2,0,74.91
8578,268,38,2.8,4,0,196.96
8579,280,7,2.4,3,0,113.12
8580,609,25,6.6,4,0,216.63
8581,732,13,6.5,2,0,187.7
8582,868,37,10.8,1,0,257.71
8583,506,20,4.6,4,0,192.67
8584,507,32,7.7,2,0,199.99
8585,873,20,8.5,3,1,251.88
8586,413,28,8.7,4,0,180.08
8587,864,36,7.8,2,0,272.25
8588,347,41,9.8,3,0,200.43
8589,513,6,7.4,2,1,138.85
8590,621,41,8.5,5,1,282.16
8591,393,28,12.0,2,0,149.19
8592,273,17,14.4,2,1,113.15
8593,862,11,3.0,1,0,193.56
8594,761,38,6.5,3,1,275.41
8595,646,10,0.6,2,0,176.44
8596,705,32,13.1,2,1,226.24
8597,626,25,8.7,3,0,210.98
8598,972,32,0.8,3,0,298.83
8599,124,22,9.9,1,0,87.35
8600,751,5,9.6,3,1,195.48
8601,72,17,10.6,4,0,94.56
8602,546,18,5.1,2,1,173.43
8603,869,23,6.9,3,0,265.88
8604,708,31,10.7,2,0,228.12
8605,561,11,13.4,3,0,154.83
8606,60,7,4.0,1,0,46.91
8607,178,32,7.2,3,0,148.91
8608,383,41,2.1,2,1,208.82
8609,173,27,13.0,2,0,109.44
8610,337,42,11.6,3,0,197.1
8611,676,10,9.6,2,0,168.13
8612,502,36,2.5,2,0,209.91
8613,760,29,12.2,3,1,242.57
8614,806,41,13.9,2,0,261.69
8615,973,6,4.8,1,0,216.45
8616,912,26,10.6,4,0,267.03
8617,185,7,13.5,4,0,89.02
8618,492,31,5.4,3,0,205.1
8619,141,5,9.3,2,1,73.98
8620,81,18,3.0,1,1,88.52
8621,966,27,10.7,3,0,266.19
8622,448,34,9.4,1,0,183.07
8623,550,29,4.6,2,0,195.62
8624,387,43,14.1,3,0,199.62
8625,995,20,8.7,4,1,300.14
8626,715,24,15.0,3,0,218.41
8627,87,10,6.0,2,0,72.36
8628,863,40,11.3,2,0,270.27
8629,764,19,4.8,3,0,221.95
8630,982,9,14.7,2,1,210.19
8631,658,8,14.1,5,0,194.91
8632,69,39,8.9,3,0,144.66
8633,772,30,13.4,1,0,219.51
8634,801,9,5.0,3,0,216.07
8635,492,15,6.0,3,1,168.51
8636,655,37,1.2,3,0,245.01
8637,854,14,14.2,2,1,217.87
8638,164,19,10.4,2,0,94.89
8639,439,11,11.8,2,0,121.77
8640,725,37,3.1,3,0,261.95
8641,643,39,6.2,5,1,276.29
8642,773,37,10.4,5,0,284.48
8643,354,34,8.1,3,1,188.5
8644,864,27,5.7,3,0,269.17
8645,143,20,9.9,1,1,91.39
8646,483,33,14.2,1,0,168.03
8647,984,39,8.3,3,1,316.87
8648,838,27,8.7,3,0,258.75
8649,206,28,9.8,3,1,153.68
8650,730,19,10.2,2,0,210.5
8651,282,41,5.2,4,1,207.79
8652,91,15,6.5,3,0,90.94
8653,746,7,7.8,3,1,200.25
8654,491,38,11.9,5,0,231.86
8655,818,32,10.4,2,0,258.7
8656,560,12,3.5,4,1,196.54
8657,596,26,6.2,4,0,216.31
8658,941,21,7.6,4,0,278.84
8659,800,9,5.6,4,0,224.88
8660,214,36,4.3,2,0,151.75
8661,154,28,11.1,4,0,143.43
8662,679,28,0.8,3,0,228.72
8663,325,17,9.8,2,1,131.63
8664,233,28,5.0,1,1,142.57
8665,874,36,10.3,3,0,273.9
8666,899,12,11.9,4,0,237.56
8667,585,44,13.8,4,0,253.09
8668,925,24,12.7,3,0,255.21
8669,295,10,14.6,1,0,82.36
8670,145,8,6.6,5,1,126.82
8671,792,29,6.1,2,1,250.92
8672,278,5,4.0,3,0,105.2
8673,300,33,3.9,2,1,177.1
8674,678,5,2.5,5,1,220.19
8675,799,31,5.7,2,0,249.82
8676,385,32,5.0,3,0,192.67
8677,319,43,4.4,2,1,200.69
8678,89,13,2.6,5,1,132.09
8679,77,19,14.6,2,0,70.78
8680,52,10,9.7,2,1,68.98
8681,311,20,0.9,3,1,161.87
8682,243,9,14.6,3,0,100.68
8683,547,27,3.8,2,1,205.96
8684,853,23,14.2,1,1,230.94
8685,433,13,10.8,4,0,152.08
8686,420,29,0.9,1,0,168.93
8687,626,41,9.7,3,1,261.78
8688,797,20,6.8,4,1,251.34
8689,675,40,0.9,1,1,246.21
8690,929,10,2.6,2,1,239.69
8691,409,25,3.4,3,0,176.19
8692,819,41,13.5,2,0,269.68
8693,118,25,6.9,2,0,107.51
8694,752,27,2.2,2,0,231.65
8695,443,23,11.4,2,0,150.43
8696,300,14,9.2,3,0,122.34
8697,93,20,1.5,2,1,111.29
8698,212,18,1.3,3,0,131.34
8699,653,9,13.6,2,0,160.91
8700,837,36,4.0,4,0,296.21
8701,57,37,11.8,2,0,123.67
8702,813,42,3.6,3,1,298.94
8703,480,36,14.8,4,1,226.47
8704,443,19,6.0,2,0,152.61
8705,610,25,8.4,3,0,212.12
8706,973,28,2.8,2,1,283.13
8707,764,24,7.0,4,0,245.86
8708,962,43,7.6,1,1,295.84
8709,168,16,6.8,3,0,112.61
8710,702,33,4.3,3,0,255.44
8711,563,37,1.8,5,1,263.09
8712,237,20,4.4,1,0,105.8
8713,78,44,7.8,2,1,150.34
8714,543,16,7.4,5,1,209.13
8715,883,37,12.5,4,0,300.09
8716,862,9,4.9,4,1,242.53
8717,553,10,11.7,3,0,152.3
8718,115,28,11.9,4,0,135.2
8719,605,9,11.7,4,0,179.77
8720,681,17,7.3,3,0,207.56
8721,990,25,14.0,3,0,276.02
8722,414,41,8.5,3,0,205.77
8723,482,5,8.8,2,0,132.33
8724,856,25,2.1,4,0,273.69
8725,949,17,6.7,3,1,263.77
8726,170,14,13.6,3,1,111.99
8727,173,44,4.5,3,0,170.03
8728,403,19,7.7,5,0,184.63
8729,843,13,14.1,4,1,229.34
8730,346,11,14.2,2,1,104.06
8731,862,26,2.0,2,1,265.92
8732,279,20,2.1,4,1,167.17
8733,856,21,12.8,5,0,258.56
8734,251,23,13.5,3,0,131.2
8735,675,17,1.6,2,0,203.4
8736,658,11,7.2,2,0,172.53
8737,533,7,7.7,3,0,155.62
8738,663,41,2.9,2,1,261.45
8739,768,37,1.7,2,0,264.14
8740,273,43,10.1,4,0,197.03
8741,219,18,7.5,4,1,135.09
8742,466,18,11.1,2,0,147.82
8743,786,38,4.9,2,0,264.95
8744,976,9,11.1,4,0,239.25
8745,64,19,4.1,3,0,101.21
8746,637,37,13.2,3,0,232.52
8747,265,15,7.9,4,0,131.12
8748,51,5,12.8,2,0,43.18
8749,814,16,2.5,5,0,267.46
8750,452,29,11.9,2,0,169.72
8751,62,40,5.9,2,0,144.06
8752,152,12,12.0,1,1,69.75
8753,635,32,8.0,2,0,211.68
8754,975,13,8.2,3,0,247.02
8755,997,16,10.6,2,0,246.07
8756,770,5,6.6,3,1,199.92
8757,665,40,0.6,3,1,275.32
8758,102,19,5.2,3,1,109.38
8759,626,30,5.2,3,0,220.94
8760,153,6,9.2,2,0,60.72
8761,71,37,13.8,1,0,108.73
8762,307,20,3.8,4,0,162.01
8763,68,43,9.4,2,0,131.48
8764,739,22,10.1,5,1,259.25
8765,985,17,7.8,2,0,247.68
8766,240,17,1.2,3,0,123.95
8767,973,33,1.7,2,0,285.53
8768,737,28,7.2,4,1,262.01
8769,153,43,5.0,2,0,162.72
8770,917,12,7.0,2,0,223.56
8771,385,20,7.6,4,0,184.57
8772,303,38,12.7,5,0,207.33
8773,858,40,2.3,2,0,299.05
8774,492,14,5.4,5,1,184.81
8775,160,8,13.5,2,0,62.56
8776,773,16,13.7,2,0,192.62
8777,679,43,9.2,1,0,240.49
8778,287,32,14.8,4,0,164.72
8779,369,40,4.9,5,0,224.3
8780,524,15,11.9,4,0,173.38
8781,760,34,13.1,3,0,241.85
8782,379,6,12.6,5,0,145.12
8783,560,10,4.8,2,0,157.07
8784,575,14,8.6,1,0,146.52
8785,545,26,2.6,2,1,197.41
8786,673,38,11.1,3,0,255.07
8787,959,39,8.8,2,0,294.09
8788,419,26,14.6,2,0,148.97
8789,625,5,1.2,2,0,163.51
8790,639,43,6.3,1,0,230.67
8791,936,42,0.9,4,0,327.57
8792,849,12,13.3,2,0,200.43
8793,624,21,2.0,4,0,221.68
8794,610,15,2.9,4,1,216.54
8795,917,17,11.8,2,1,240.12
8796,608,23,5.3,2,0,199.79
8797,149,41,9.3,3,1,186.61
8798,756,21,6.2,3,1,236.1
8799,622,33,13.9,5,0,251.07
8800,256,21,14.8,2,1,118.61
8801,814,33,5.6,3,0,268.58
8802,187,39,1.0,2,0,163.51
8803,678,41,1.0,2,0,249.86
8804,980,42,10.3,2,0,302.84
8805,267,24,3.1,5,0,179.25
8806,955,33,5.3,2,0,284.19
8807,276,20,0.9,2,0,134.55
8808,856,11,0.8,3,0,231.74
8809,459,28,3.5,2,0,186.2
8810,956,44,1.1,3,0,326.32
8811,726,36,12.9,1,1,234.37
8812,139,27,4.7,2,1,128.54
8813,125,6,8.3,5,0,106.21
8814,904,11,14.7,5,0,245.68
8815,204,6,7.5,5,0,113.52
8816,624,44,3.1,5,1,297.34
8817,168,21,5.3,3,0,117.6
8818,244,7,8.1,2,0,95.85
8819,147,5,9.1,2,0,75.16
8820,525,13,13.4,4,1,170.29
8821,710,34,10.7,3,0,234.12
8822,883,27,9.4,4,0,274.24
8823,84,42,8.4,3,0,152.86
8824,517,35,9.6,1,0,189.12
8825,867,30,0.8,2,0,267.17
8826,314,22,9.7,2,0,133.69
8827,701,34,1.3,3,1,265.06
8828,172,40,6.0,4,1,191.79
8829,194,30,12.3,1,0,116.25
8830,881,20,11.6,2,1,249.09
8831,230,19,7.1,3,0,127.91
8832,957,28,7.3,2,0,268.5
8833,626,17,11.3,4,1,206.81
8834,191,9,14.3,2,1,79.14
8835,503,43,10.4,5,0,252.6
8836,995,16,3.1,5,0,287.26
8837,836,11,13.0,2,0,195.12
8838,171,8,7.9,1,0,66.5
8839,988,42,1.7,1,1,310.86
8840,509,16,8.7,4,0,181.83
8841,913,33,8.8,3,0,283.54
8842,221,21,7.7,4,0,148.88
8843,504,37,2.0,2,1,221.2
8844,216,17,4.2,3,0,126.53
8845,903,29,5.8,4,0,283.0
8846,890,19,9.3,2,1,247.44
8847,774,27,9.8,5,0,261.93
8848,294,36,8.1,5,0,202.93
8849,174,40,3.5,3,1,185.24
8850,462,17,6.0,4,0,181.79
8851,566,12,6.2,3,0,171.84
8852,226,20,8.6,3,0,130.66
8853,298,34,14.6,2,1,155.31
8854,686,34,3.0,4,0,269.05
8855,82,22,3.3,4,0,124.86
8856,662,25,10.4,5,1,240.06
8857,191,33,7.9,2,0,139.6
8858,71,8,1.1,1,1,69.67
8859,144,40,12.1,3,0,152.84
8860,75,32,3.6,4,0,144.56
8861,390,5,12.3,3,1,123.75
8862,333,25,7.8,5,0,183.49
8863,189,43,9.7,2,1,172.7
8864,469,6,7.4,2,1,141.55
8865,806,18,10.0,2,0,207.6
8866,213,33,11.4,3,0,143.06
8867,844,25,5.8,3,1,266.49
8868,442,19,5.1,2,0,152.11
8869,961,13,12.5,4,0,240.58
8870,587,40,3.7,2,1,256.81
8871,448,39,5.6,2,1,217.0
8872,252,26,5.9,4,1,172.12
8873,649,40,13.9,4,0,261.84
8874,630,33,3.5,2,0,223.06
8875,567,6,5.1,1,0,135.91
8876,95,34,2.3,3,1,142.31
8877,578,21,3.5,2,1,205.95
8878,720,20,12.8,4,0,216.0
8879,485,41,12.9,2,1,219.42
8880,785,9,4.6,2,0,190.55
8881,251,14,13.1,4,0,122.44
8882,296,20,11.3,1,0,119.25
8883,788,41,8.2,2,0,261.49
8884,904,16,2.5,3,0,244.37
8885,416,27,4.6,5,0,212.53
8886,597,42,14.6,1,1,223.18
8887,117,18,6.9,5,0,129.12
8888,665,31,11.7,2,0,213.8
8889,336,38,6.1,3,0,194.48
8890,776,6,12.2,2,1,191.28
8891,230,40,14.7,1,1,147.9
8892,856,34,9.8,4,1,282.31
8893,609,42,9.7,2,0,239.2
8894,59,29,13.1,2,1,110.23
8895,628,25,6.4,2,0,206.54
8896,122,33,8.3,4,1,150.84
8897,604,41,0.6,4,0,272.16
8898,384,15,13.6,4,1,156.1
8899,535,20,5.2,2,0,169.61
8900,883,20,5.4,1,0,220.45
8901,605,38,14.9,4,1,245.51
8902,990,35,4.6,3,0,318.82
8903,195,29,13.9,5,1,165.7
8904,988,41,6.5,2,1,313.38
8905,676,21,2.4,4,0,230.29
8906,839,8,10.1,3,1,207.45
8907,327,41,12.8,2,0,181.9
8908,867,38,8.4,5,0,301.76
8909,846,16,14.3,2,1,209.74
8910,376,10,3.4,5,0,167.35
8911,97,39,12.0,5,0,170.36
8912,710,44,9.5,1,0,238.26
8913,414,20,3.8,2,0,162.26
8914,882,38,3.4,4,1,313.42
8915,518,38,2.4,5,1,261.55
8916,231,44,7.0,4,0,191.86
8917,982,9,2.3,4,0,259.06
8918,901,23,12.4,1,1,236.41
8919,584,23,0.6,1,0,184.01
8920,519,15,5.6,2,0,165.55
8921,498,7,1.1,4,0,161.63
8922,758,18,10.2,2,1,202.9
8923,399,24,2.2,4,1,203.44
8924,642,15,12.9,1,0,160.96
8925,164,16,11.6,3,1,113.0
8926,543,32,0.9,2,0,209.41
8927,761,44,9.0,2,0,266.04
8928,689,31,3.9,2,0,236.42
8929,187,14,9.7,5,0,127.9
8930,475,31,1.9,2,0,193.87
8931,414,32,6.6,2,1,183.52
8932,67,38,11.2,3,0,145.93
8933,868,21,2.7,2,0,240.04
8934,978,40,12.9,2,0,295.13
8935,70,29,15.0,2,0,95.55
8936,118,11,1.4,2,0,85.28
8937,180,35,3.3,2,1,157.5
8938,818,37,5.0,2,1,273.81
8939,581,35,3.7,2,1,236.37
8940,485,27,10.8,3,0,188.81
8941,343,20,12.9,3,0,141.18
8942,333,16,5.0,5,0,167.51
8943,494,6,5.8,2,0,138.92
8944,91,31,11.8,5,0,157.27
8945,126,10,13.9,3,0,76.97
8946,598,17,1.8,3,1,203.05
8947,270,15,9.1,1,1,94.25
8948,800,26,2.3,2,1,251.69
8949,449,5,7.9,3,1,143.11
8950,672,30,11.1,2,0,209.9
8951,991,8,11.6,1,0,201.97
8952,554,9,14.8,2,0,135.56
8953,168,34,8.7,2,0,137.7
8954,244,27,4.4,4,0,168.65
8955,410,41,2.2,3,0,216.88
8956,150,43,4.4,3,0,177.87
8957,338,41,4.7,2,0,186.0
8958,728,15,6.6,1,1,202.64
8959,234,39,2.5,4,1,207.34
8960,386,32,7.5,2,0,170.45
8961,50,24,2.8,2,0,102.28
8962,633,27,12.1,2,0,211.63
8963,570,34,1.8,4,0,235.9
8964,343,6,9.9,2,0,95.66
8965,834,10,10.2,5,0,236.23
8966,149,17,4.0,4,0,128.55
8967,595,9,11.7,3,1,171.93
8968,125,27,2.1,1,0,107.14
8969,208,8,10.8,3,1,84.45
8970,377,9,4.5,3,1,143.39
8971,718,25,1.2,2,0,228.0
8972,457,20,10.0,3,1,169.95
8973,418,37,8.1,3,0,203.63
8974,664,35,5.3,5,0,266.8
8975,372,40,4.7,4,0,215.33
8976,87,22,14.5,3,0,95.44
8977,766,44,5.4,2,0,275.48
8978,921,14,5.8,3,0,236.44
8979,883,31,1.6,5,0,301.17
8980,829,26,8.3,3,1,255.13
8981,809,33,14.2,3,1,251.38
8982,799,36,4.6,3,1,279.61
8983,934,9,3.5,3,1,245.55
8984,754,14,13.6,4,0,212.38
8985,163,27,13.2,3,1,127.31
8986,891,34,11.8,2,0,266.38
8987,516,8,13.3,2,1,140.64
8988,334,8,5.7,4,1,137.95
8989,475,13,8.1,1,0,138.1
8990,882,14,8.9,2,0,216.75
8991,828,14,7.4,1,1,209.7
8992,101,40,11.8,3,0,149.66
8993,987,28,1.8,4,1,307.72
8994,896,20,9.2,4,0,246.92
8995,700,32,7.2,2,1,230.16
8996,816,23,4.8,4,0,261.79
8997,519,26,11.7,3,0,186.13
8998,293,23,13.3,3,1,140.5
8999,491,14,10.8,2,0,141.3
9000,735,40,11.6,3,0,257.44
9001,80,34,13.9,3,0,125.02
9002,620,15,1.1,3,0,203.1
9003,567,37,12.8,3,1,232.0
9004,83,34,12.8,5,0,155.26
9005,633,31,3.3,2,0,220.45
9006,803,37,5.2,4,0,283.15
9007,499,38,13.7,3,0,206.81
9008,91,32,3.7,5,1,168.68
9009,589,25,13.8,3,0,199.33
9010,66,14,1.3,3,0,99.27
9011,733,41,1.7,4,0,288.12
9012,377,26,6.4,1,1,151.45
9013,97,42,3.4,1,0,140.73
9014,693,44,4.2,3,1,285.76
9015,106,10,14.4,1,0,44.96
9016,786,12,5.5,1,1,203.97
9017,933,43,4.8,5,0,341.58
9018,739,43,14.1,3,0,269.73
9019,517,27,4.3,1,0,178.61
9020,90,41,1.9,1,0,138.77
9021,939,38,1.2,2,0,303.27
9022,233,27,3.1,1,1,146.85
9023,669,27,4.4,3,0,232.88
9024,881,21,2.2,2,0,244.97
9025,250,14,1.9,3,1,134.81
9026,119,16,5.0,4,0,109.69
9027,154,9,5.3,2,1,91.58
9028,215,36,4.7,2,0,158.9
9029,441,11,1.6,2,0,128.72
9030,565,23,6.2,3,0,203.33
9031,709,35,4.3,1,1,240.59
9032,236,24,8.3,5,1,168.49
9033,123,40,11.8,4,1,173.28
9034,165,6,10.9,2,0,64.63
9035,361,9,7.7,3,0,123.86
9036,706,9,5.9,1,0,165.29
9037,582,17,6.8,2,0,178.97
9038,387,18,10.1,4,1,165.95
9039,790,34,1.9,5,1,304.56
9040,238,27,14.2,5,0,159.91
9041,518,30,6.9,3,1,213.6
9042,355,16,1.2,2,0,150.64
9043,331,36,6.2,3,1,201.99
9044,667,40,10.0,1,0,219.73
9045,568,44,12.4,3,0,246.98
9046,106,23,9.6,3,0,111.82
9047,946,44,0.6,2,1,329.48
9048,770,25,14.6,3,1,234.87
9049,177,27,7.0,4,0,147.16
9050,856,25,0.7,4,0,279.99
9051,738,8,11.1,2,0,178.51
9052,709,34,5.0,2,0,239.49
9053,940,40,14.9,3,0,293.29
9054,904,31,3.4,3,0,279.47
9055,998,13,9.7,3,0,245.23
9056,835,38,12.7,2,0,259.29
9057,991,12,13.2,2,0,225.98
9058,119,18,5.7,4,0,119.13
9059,819,15,10.3,3,1,231.85
9060,675,7,1.0,2,0,175.74
9061,639,9,6.8,1,1,168.84
9062,843,10,5.4,3,0,227.38
9063,477,12,0.9,2,0,143.77
9064,60,40,11.5,2,1,139.61
9065,829,22,5.9,3,0,247.72
9066,235,30,14.7,3,0,145.46
9067,737,18,8.0,2,0,204.43
9068,971,18,7.4,5,0,284.81
9069,385,44,12.4,3,0,216.82
9070,101,22,11.5,5,0,125.6
9071,75,30,6.2,3,0,130.54
9072,258,7,9.8,2,0,94.79
9073,669,19,13.7,3,1,205.41
9074,337,7,0.6,3,0,136.32
9075,521,33,12.7,3,0,192.72
9076,807,11,11.0,4,0,221.11
9077,801,44,12.9,2,1,280.15
9078,856,28,5.2,3,1,265.02
9079,344,27,7.0,4,0,179.38
9080,678,28,0.9,4,0,257.52
9081,465,30,2.8,5,1,238.44
9082,876,32,10.0,2,0,257.69
9083,838,17,1.2,5,0,264.52
9084,409,29,5.6,3,0,181.86
9085,570,15,14.7,2,0,154.25
9086,743,29,9.4,2,0,221.83
9087,637,7,5.4,3,0,173.34
9088,834,16,3.8,2,1,237.33
9089,636,33,6.8,3,1,238.38
9090,132,41,4.9,3,0,171.17
9091,809,29,9.5,1,0,224.18
9092,496,5,5.8,4,0,164.77
9093,297,17,3.1,4,0,151.3
9094,933,41,7.3,3,1,307.91
9095,613,22,11.3,3,0,193.83
9096,705,15,3.6,5,0,235.41
9097,760,17,3.0,2,0,202.09
9098,756,9,0.9,4,1,220.88
9099,177,28,8.8,4,1,158.08
9100,548,42,8.8,3,0,240.38
9101,209,25,7.6,5,0,160.68
9102,633,33,3.5,2,0,238.7
9103,686,41,5.9,2,0,253.15
9104,557,17,9.8,1,0,155.96
9105,245,17,3.5,4,0,136.76
9106,721,44,2.0,3,0,283.36
9107,839,21,6.5,4,0,261.41
9108,943,26,7.4,2,0,264.25
9109,828,6,4.0,4,1,228.39
9110,403,22,2.6,4,1,190.41
9111,673,18,9.7,2,0,185.13
9112,747,14,13.4,2,0,190.63
9113,260,8,7.9,3,0,108.75
9114,328,34,6.6,3,0,185.12
9115,575,12,11.7,3,0,169.68
9116,777,25,7.7,4,0,248.15
9117,915,29,4.5,3,0,283.84
9118,331,24,1.7,2,0,162.25
9119,271,31,11.4,1,1,151.65
9120,381,32,7.6,4,0,199.52
9121,444,36,11.9,3,1,205.18
9122,865,20,7.9,5,0,265.45
9123,389,42,3.7,3,1,226.7
9124,808,39,9.1,2,0,262.32
9125,208,7,4.3,5,0,125.26
9126,663,9,8.4,2,0,154.62
9127,339,33,0.5,2,1,192.29
9128,899,8,7.5,2,0,210.97
9129,553,11,12.9,3,0,160.56
9130,298,33,2.1,5,0,206.5
9131,137,28,3.2,3,0,143.27
9132,621,16,5.5,3,0,186.96
9133,653,37,12.8,2,1,236.94
9134,67,16,9.5,1,0,64.98
9135,894,30,3.7,2,1,281.49
9136,647,13,9.1,2,0,163.04
9137,624,7,12.2,4,1,182.71
9138,764,8,4.8,4,0,206.96
9139,626,20,8.5,2,1,200.2
9140,682,14,13.4,4,0,190.32
9141,238,19,11.3,4,0,141.37
9142,643,31,7.5,3,1,245.74
9143,737,21,1.8,1,1,208.59
9144,894,32,2.1,4,0,301.56
9145,105,7,10.6,4,0,83.24
9146,980,5,13.5,2,0,203.24
9147,567,32,6.4,4,1,244.34
9148,551,20,8.4,4,1,205.61
9149,954,21,0.7,2,0,269.92
9150,717,29,7.0,4,1,259.81
9151,613,18,0.6,4,1,221.55
9152,158,34,1.2,3,0,161.51
9153,909,6,10.5,5,0,236.86
9154,798,43,14.7,3,0,268.07
9155,237,34,12.1,2,0,150.55
9156,673,7,8.4,4,0,188.33
9157,984,20,10.6,5,0,288.25
9158,278,36,6.0,2,0,166.57
9159,560,26,7.5,3,1,209.15
9160,954,24,9.4,2,1,264.16
9161,310,12,11.9,5,1,144.48
9162,730,22,14.8,2,1,207.57
9163,338,38,13.2,1,1,172.81
9164,191,13,2.3,2,0,97.19
9165,663,8,5.4,3,0,184.81
9166,421,18,5.8,4,0,174.74
9167,472,21,7.7,3,1,182.71
9168,530,33,9.1,4,0,218.3
9169,295,30,0.7,3,0,174.5
9170,628,39,9.2,2,1,235.09
9171,195,27,4.5,3,1,148.9
9172,599,41,13.0,2,0,225.91
9173,920,42,1.1,1,0,291.83
9174,593,23,1.4,2,0,206.45
9175,212,43,10.9,3,0,178.42
9176,215,27,6.4,2,1,139.24
9177,303,24,8.1,4,1,170.32
9178,77,18,11.0,3,0,87.74
9179,595,13,10.3,4,1,196.07
9180,903,42,12.9,2,0,283.56
9181,111,15,1.5,4,0,111.37
9182,208,16,7.5,2,0,102.13
9183,913,35,4.1,2,0,290.36
9184,842,22,11.4,3,0,241.61
9185,174,33,9.0,4,1,177.49
9186,700,21,10.4,2,0,199.51
9187,540,10,2.4,2,0,161.32
9188,484,11,13.3,4,1,171.55
9189,740,13,2.6,2,0,200.65
9190,865,37,5.5,3,1,294.66
9191,959,26,13.9,2,0,258.63
9192,612,15,3.0,2,0,171.94
9193,622,22,4.0,2,1,198.39
9194,103,12,1.9,2,1,94.72
9195,335,22,8.1,3,0,155.32
9196,653,44,4.5,4,0,279.78
9197,581,20,0.7,2,0,196.22
9198,431,22,4.5,2,1,171.68
9199,633,34,5.0,2,0,220.91
9200,379,22,8.2,4,1,186.61
9201,578,32,3.5,5,0,248.57
9202,479,26,12.1,2,1,185.63
9203,143,18,13.0,4,0,111.58
9204,482,34,5.4,3,0,215.66
9205,675,5,8.1,4,1,181.06
9206,702,9,9.1,3,0,187.67
9207,172,20,1.1,1,1,110.03
9208,651,26,8.4,3,0,212.83
9209,178,16,14.8,3,1,106.89
9210,871,15,12.3,4,0,234.33
9211,548,41,9.1,1,1,219.6
9212,754,44,12.2,3,1,276.41
9213,989,36,6.0,4,0,314.46
9214,871,6,10.2,2,1,194.85
9215,502,18,11.6,5,0,193.97
9216,763,31,14.9,3,0,243.29
9217,760,11,13.5,4,1,217.0
9218,166,33,9.8,5,1,178.04
9219,563,37,14.5,2,0,207.54
9220,603,32,14.0,2,0,202.68
9221,217,44,2.7,3,0,187.96
9222,890,13,9.0,2,0,217.94
9223,237,31,2.7,4,0,188.29
9224,221,15,13.0,2,1,98.88
9225,708,7,5.7,2,0,176.15
9226,335,14,9.5,4,1,149.66
9227,642,9,11.7,5,0,199.0
9228,961,40,5.3,4,0,318.75
9229,423,20,6.4,5,1,205.72
9230,968,11,0.6,4,1,269.15
9231,154,40,12.9,3,1,168.67
9232,191,35,13.5,2,1,147.82
9233,350,39,1.4,3,1,211.46
9234,796,13,13.2,1,0,169.94
9235,728,35,12.6,2,1,237.62
9236,118,26,14.4,2,0,93.58
9237,761,29,7.0,4,0,258.41
9238,213,12,12.7,5,1,141.03
9239,998,6,5.1,4,1,261.82
9240,682,43,5.1,1,0,241.31
9241,640,16,0.9,2,0,191.18
9242,381,15,7.9,4,0,160.4
9243,316,25,4.4,4,0,171.95
9244,814,36,11.0,3,0,266.03
9245,360,7,7.4,2,1,117.11
9246,353,17,4.6,5,0,168.88
9247,737,37,5.7,3,1,257.3
9248,856,39,13.0,5,0,308.7
9249,718,18,2.9,3,0,223.22
9250,666,5,13.4,5,1,191.72
9251,97,42,5.8,1,1,142.23
9252,988,35,6.9,1,0,271.38
9253,695,30,4.3,2,0,233.04
9254,766,21,3.5,3,0,236.5
9255,681,33,9.3,5,1,268.92
9256,110,18,7.0,4,1,120.39
9257,727,9,14.3,1,0,160.8
9258,798,28,11.1,5,0,265.13
9259,438,38,11.1,3,0,201.07
9260,357,22,13.3,5,0,175.47
9261,279,7,5.0,3,1,112.22
9262,63,26,5.1,3,0,117.05
9263,325,32,7.5,2,0,163.85
9264,529,25,4.4,2,0,184.73
9265,377,6,7.5,3,1,137.72
9266,583,14,6.3,2,0,162.33
9267,389,13,3.3,3,0,149.57
9268,69,12,4.9,3,1,97.79
9269,440,29,12.8,5,0,203.25
9270,265,7,9.5,4,0,113.14
9271,222,37,4.3,4,0,184.73
9272,213,5,12.4,3,0,73.79
9273,665,41,10.6,2,0,238.37
9274,193,18,12.6,3,0,100.57
9275,729,5,7.5,4,0,198.0
9276,330,15,7.8,2,1,135.64
9277,143,7,7.2,4,0,91.05
9278,698,32,8.5,4,1,261.34
9279,645,9,14.9,4,0,186.35
9280,455,17,7.8,2,0,159.77
9281,470,22,0.9,2,0,177.18
9282,670,24,2.4,2,0,211.48
9283,621,23,13.3,2,0,185.11
9284,497,23,15.0,2,1,171.26
9285,261,25,5.5,3,1,156.02
9286,329,39,12.6,2,1,178.1
9287,339,35,2.7,2,1,190.63
9288,724,34,8.7,4,0,253.33
9289,814,17,8.4,3,1,234.53
9290,70,8,10.3,4,0,84.4
9291,55,21,7.6,2,1,90.73
9292,999,31,15.0,2,0,271.98
9293,215,27,14.8,3,0,118.9
9294,686,32,1.5,5,0,278.02
9295,551,26,3.0,2,1,203.9
9296,851,27,5.0,1,0,231.83
9297,847,9,5.9,2,0,210.4
9298,538,25,0.9,2,0,198.97
9299,720,10,10.6,3,0,185.2
9300,130,27,1.0,4,0,150.69
9301,327,17,8.1,2,1,137.98
9302,565,8,5.6,5,1,207.13
9303,609,19,13.7,2,0,182.09
9304,145,36,1.4,3,0,169.01
9305,808,19,0.6,3,0,239.79
9306,365,6,5.5,3,0,119.75
9307,572,27,7.1,3,0,207.79
9308,179,43,12.1,3,1,176.81
9309,593,6,11.2,4,0,160.03
9310,325,36,2.6,2,0,179.23
9311,463,6,4.5,2,0,119.92
9312,578,36,5.7,4,0,247.15
9313,233,12,12.2,2,0,95.25
9314,71,29,10.0,4,0,127.75
9315,203,20,6.3,2,0,123.89
9316,94,36,5.3,2,0,131.12
9317,114,41,3.3,4,1,189.05
9318,374,38,9.4,4,0,213.5
9319,452,42,7.7,3,0,219.23
9320,647,23,4.6,2,0,212.73
9321,510,10,0.7,2,0,156.11
9322,383,21,3.4,5,1,201.55
9323,858,37,7.6,4,0,294.63
9324,874,6,4.0,2,1,208.87
9325,68,11,10.2,3,0,72.1
9326,703,40,1.2,3,0,281.13
9327,984,29,13.5,2,1,270.97
9328,239,9,10.7,2,0,92.35
9329,859,44,1.8,2,0,288.17
9330,473,12,3.4,4,0,174.4
9331,549,41,4.0,3,1,247.78
9332,138,43,10.5,4,1,180.33
9333,110,43,3.4,3,0,176.46
9334,655,10,13.9,5,1,204.44
9335,407,24,5.8,2,1,174.33
9336,784,35,8.7,5,0,283.31
9337,719,41,1.2,1,0,256.75
9338,601,22,1.6,3,1,220.1
9339,445,13,2.5,2,0,156.74
9340,183,44,3.8,2,0,168.62
9341,288,18,14.5,2,0,110.49
9342,445,11,4.6,3,0,147.24
9343,103,7,9.5,4,0,86.01
9344,371,19,3.5,3,0,150.18
9345,596,23,6.9,1,1,188.13
9346,599,42,8.6,2,0,232.81
9347,788,14,9.9,4,0,219.52
9348,898,34,13.9,3,0,273.56
9349,943,42,4.2,1,0,292.62
9350,409,11,6.6,3,1,147.83
9351,194,20,3.4,3,0,128.3
9352,628,22,12.8,3,0,192.52
9353,820,6,14.9,1,0,166.7
9354,892,31,3.8,3,1,288.09
9355,290,40,10.4,1,1,172.08
9356,446,33,8.3,2,0,183.16
9357,53,33,5.4,2,0,110.03
9358,105,20,4.1,2,0,110.3
9359,486,40,11.0,3,0,217.33
9360,104,42,2.5,2,0,154.35
9361,947,43,2.3,3,0,320.97
9362,946,11,7.4,1,1,220.86
9363,148,32,4.3,2,0,136.74
9364,226,14,13.3,3,1,114.86
9365,667,22,8.7,2,0,199.13
9366,903,32,9.4,2,0,268.56
9367,382,9,8.6,4,0,136.39
9368,588,28,7.6,2,0,182.68
9369,998,23,8.9,2,0,250.29
9370,528,35,10.3,5,0,241.92
9371,814,7,8.7,3,1,203.6
9372,840,42,9.8,4,1,299.12
9373,58,16,6.9,2,0,72.81
9374,325,34,13.8,4,0,184.74
9375,483,35,11.5,4,1,229.78
9376,570,13,13.2,2,0,160.1
9377,746,8,4.1,2,0,185.36
9378,962,26,12.4,3,1,268.29
9379,952,31,8.0,4,0,291.03
9380,737,30,10.8,5,1,276.66
9381,141,20,1.6,4,0,133.32
9382,429,5,11.7,2,1,120.03
9383,522,41,7.3,4,1,249.01
9384,659,42,3.8,2,1,263.28
9385,855,31,0.9,2,0,268.05
9386,814,34,9.2,4,0,281.49
9387,82,22,10.2,2,0,79.52
9388,881,30,10.3,3,0,266.96
9389,392,11,14.2,1,0,106.36
9390,102,36,11.8,2,0,117.71
9391,248,15,5.6,4,0,133.37
9392,596,41,5.8,4,0,261.0
9393,412,24,0.6,3,0,186.14
9394,360,36,8.2,5,0,219.22
9395,627,34,3.3,3,0,239.47
9396,285,28,7.8,2,0,139.86
9397,915,10,0.7,3,0,242.32
9398,52,24,5.1,2,0,95.81
9399,920,36,0.8,1,0,279.38
9400,179,15,12.8,1,0,70.0
9401,369,33,14.1,3,0,176.42
9402,222,33,7.8,3,0,159.12
9403,769,21,11.8,3,0,224.34
9404,151,32,14.9,3,0,128.07
9405,662,34,3.5,2,1,228.2
9406,941,18,3.0,1,0,247.2
9407,800,31,3.8,3,0,259.52
9408,434,39,0.6,2,0,207.5
9409,649,24,5.0,4,0,237.14
9410,911,13,0.8,1,0,207.69
9411,885,28,4.5,2,0,258.72
9412,904,10,7.2,4,0,243.2
9413,983,20,6.4,3,0,264.77
9414,90,12,3.7,3,0,93.29
9415,714,16,9.2,4,0,211.08
9416,156,23,11.0,3,1,136.92
9417,861,6,8.2,2,0,195.94
9418,398,5,3.8,5,1,156.38
9419,770,31,13.6,5,1,278.24
9420,89,23,3.8,2,1,109.86
9421,877,17,1.7,1,0,226.07
9422,228,33,6.6,2,1,161.89
9423,640,26,11.1,2,0,204.98
9424,145,31,4.3,2,1,135.31
9425,714,43,12.9,2,1,259.31
9426,132,38,1.6,4,0,180.09
9427,195,23,13.1,4,0,126.66
9428,316,40,1.6,1,0,173.25
9429,106,29,7.1,2,0,118.29
9430,78,40,0.8,4,1,178.39
9431,473,16,2.9,4,0,179.65
9432,780,16,13.2,2,1,202.56
9433,908,13,4.9,4,1,268.34
9434,594,25,3.8,3,0,210.34
9435,370,18,10.7,2,0,131.16
9436,418,22,4.7,4,0,183.86
9437,357,44,14.5,4,0,210.66
9438,502,15,3.6,4,1,186.79
9439,736,43,10.2,1,1,256.79
9440,67,36,9.8,4,0,147.21
9441,436,8,11.1,4,1,153.23
9442,654,30,4.5,2,0,224.28
9443,844,24,0.8,2,1,254.87
9444,577,41,14.1,1,0,204.66
9445,299,9,2.6,2,0,116.25
9446,150,13,10.0,4,0,104.32
9447,960,24,11.7,3,0,265.51
9448,428,26,10.5,5,1,211.53
9449,317,42,2.2,3,1,207.58
9450,744,35,10.2,3,0,258.91
9451,50,15,8.5,3,0,90.01
9452,524,34,13.3,5,0,245.62
9453,113,13,4.0,2,0,79.38
9454,819,20,8.5,1,0,217.82
9455,754,38,6.0,5,0,293.02
9456,80,30,12.1,1,0,97.42
9457,961,13,14.3,3,0,237.17
9458,356,14,7.0,3,0,126.32
9459,136,33,4.3,5,0,163.84
9460,293,38,5.9,2,0,171.88
9461,164,15,10.7,3,0,104.57
9462,504,41,6.8,2,0,216.09
9463,307,32,5.4,2,0,173.11
9464,235,24,4.7,3,0,143.79
9465,95,18,6.4,3,0,98.37
9466,156,6,2.7,2,0,79.83
9467,767,29,11.7,3,1,255.66
9468,842,17,11.2,2,0,214.24
9469,295,38,9.6,2,0,171.38
9470,912,37,11.0,2,0,271.08
9471,923,35,5.7,2,1,287.55
9472,365,22,12.3,4,0,157.29
9473,51,42,2.9,3,1,162.69
9474,480,31,3.8,1,0,179.9
9475,978,38,6.0,2,0,296.05
9476,736,31,6.4,4,0,261.75
9477,311,7,7.2,3,0,117.33
9478,518,23,5.0,4,1,205.41
9479,209,38,11.2,2,1,164.47
9480,532,11,1.4,5,1,200.71
9481,137,8,10.5,5,0,109.51
9482,612,6,10.2,4,1,178.62
9483,146,32,12.0,2,0,116.76
9484,640,36,3.2,2,0,234.37
9485,641,12,1.5,2,0,187.35
9486,829,38,9.3,3,0,280.79
9487,408,15,2.5,2,0,150.03
9488,94,44,4.9,5,0,191.33
9489,959,43,1.7,1,1,312.65
9490,802,6,11.9,3,0,188.8
9491,745,17,9.4,5,1,246.42
9492,66,29,3.9,3,1,137.48
9493,130,29,13.1,1,0,102.09
9494,708,23,8.9,5,0,245.67
9495,721,37,10.2,2,1,253.06
9496,638,19,4.9,3,1,211.81
9497,302,19,2.0,4,1,161.7
9498,496,8,13.1,4,0,148.71
9499,511,18,9.8,3,0,167.6
9500,192,36,2.1,1,0,150.56
9501,207,14,14.9,3,1,106.06
9502,892,16,1.9,5,0,265.64
9503,757,35,13.5,4,1,276.23
9504,981,17,1.5,4,0,276.05
9505,211,6,14.2,3,1,82.05
9506,179,17,8.9,5,0,134.34
9507,691,37,0.8,3,1,267.98
9508,718,32,9.3,3,0,254.78
9509,553,25,1.1,5,1,242.36
9510,415,8,3.3,2,1,131.06
9511,99,30,11.5,3,1,134.99
9512,992,18,6.0,3,0,263.6
9513,639,40,5.3,3,0,252.67
9514,873,43,5.0,2,0,296.27
9515,919,27,12.0,3,0,266.8
9516,477,10,1.9,3,0,150.94
9517,331,42,6.2,3,1,207.26
9518,309,40,5.1,4,0,209.96
9519,279,35,7.1,3,0,175.18
9520,385,34,6.3,1,0,163.64
9521,881,31,14.1,3,0,260.21
9522,423,24,3.8,1,1,154.26
9523,225,20,2.8,3,0,144.78
9524,147,6,7.2,3,1,90.42
9525,762,19,14.9,2,0,188.71
9526,327,31,5.2,3,1,190.23
9527,458,11,9.0,3,0,143.11
9528,355,26,9.4,4,0,174.68
9529,971,10,9.9,2,1,225.79
9530,413,33,11.4,2,0,171.94
9531,853,34,9.5,5,1,302.37
9532,860,37,1.6,5,0,309.83
9533,285,24,13.2,3,0,137.9
9534,816,40,1.5,4,1,313.59
9535,822,18,1.0,3,1,249.79
9536,607,14,4.3,1,1,164.54
9537,919,11,9.4,2,0,214.96
9538,271,39,0.9,1,0,162.98
9539,410,10,11.8,4,0,145.31
9540,83,8,10.1,3,0,70.04
9541,336,9,14.6,2,0,97.15
9542,422,35,2.3,5,1,234.22
9543,961,11,7.1,3,1,244.38
9544,76,39,2.1,4,0,174.73
9545,974,39,13.5,4,0,314.78
9546,239,24,7.5,1,1,137.17
9547,823,10,10.4,3,1,213.47
9548,854,35,3.1,5,0,307.23
9549,110,37,5.3,2,0,140.63
9550,916,36,14.3,3,0,283.24
9551,890,44,1.9,4,1,328.41
9552,859,23,9.8,2,0,237.99
9553,582,30,12.3,3,0,207.31
9554,710,39,9.0,2,0,254.5
9555,333,12,9.5,2,0,110.03
9556,166,15,8.0,2,0,100.17
9557,805,29,6.2,5,0,286.89
9558,604,14,7.2,2,0,178.67
9559,551,23,1.5,3,1,204.83
9560,968,37,7.8,3,0,302.28
9561,711,8,8.7,3,0,191.88
9562,784,38,7.5,2,1,267.69
9563,430,19,7.2,3,0,157.4
9564,797,20,3.0,4,0,245.14
9565,132,9,6.2,2,0,72.58
9566,700,18,4.9,4,0,224.47
9567,757,6,6.9,3,0,192.24
9568,416,6,11.5,2,0,108.87
9569,326,34,9.3,4,0,192.28
9570,695,44,3.9,3,0,277.56
9571,683,24,5.2,5,0,249.77
9572,608,22,11.3,5,0,216.39
9573,661,40,14.6,3,0,248.3
9574,63,30,2.9,3,0,132.68
9575,842,37,7.2,2,0,265.4
9576,601,14,6.3,1,0,160.26
9577,53,32,8.9,2,1,119.22
9578,903,21,3.7,2,1,254.21
9579,683,13,1.7,1,0,178.61
9580,368,15,13.3,4,0,149.59
9581,736,42,14.0,3,0,268.73
9582,334,27,9.3,2,0,152.12
9583,79,29,3.0,4,1,150.47
9584,816,17,11.8,2,1,212.23
9585,504,39,13.0,1,0,188.31
9586,567,18,7.9,3,1,198.94
9587,806,26,6.7,5,0,277.92
9588,530,20,13.4,4,0,189.02
9589,876,30,9.2,1,0,244.34
9590,364,20,5.4,3,0,151.51
9591,188,39,8.5,4,0,179.53
9592,275,38,11.1,3,0,175.7
9593,893,27,3.4,5,0,297.89
9594,76,43,13.7,3,0,147.05
9595,190,38,4.1,2,0,158.61
9596,71,38,9.2,4,1,175.08
9597,67,28,6.8,2,0,103.73
9598,122,30,4.6,3,0,136.76
9599,933,39,9.2,4,1,306.17
9600,452,31,14.3,2,1,178.91
9601,784,23,8.0,3,0,237.87
9602,586,42,11.8,3,0,242.0
9603,558,14,14.1,4,0,179.41
9604,989,19,4.0,4,0,281.58
9605,406,32,7.2,4,0,205.13
9606,826,36,7.3,2,0,265.02
9607,61,13,12.0,2,1,62.62
9608,777,32,13.5,3,0,254.04
9609,511,25,9.3,2,0,174.42
9610,603,12,6.7,2,0,161.96
9611,462,39,5.7,5,0,249.38
9612,848,9,1.4,5,1,252.96
9613,946,18,10.8,4,1,264.97
9614,275,15,14.3,2,0,100.54
9615,714,29,10.7,3,1,242.85
9616,103,41,10.4,5,0,174.13
9617,336,13,3.2,4,0,144.58
9618,569,16,8.8,3,0,183.43
9619,504,17,9.9,4,1,193.42
9620,911,29,0.7,2,0,278.2
9621,494,43,13.6,4,0,236.72
9622,335,17,4.6,2,0,135.1
9623,106,43,6.2,2,0,149.39
9624,75,11,8.1,5,1,119.37
9625,542,32,12.7,5,0,226.87
9626,61,29,11.3,3,1,120.61
9627,276,14,1.9,5,0,154.01
9628,95,29,5.5,3,1,132.66
9629,190,37,2.6,4,0,182.05
9630,167,17,6.1,4,0,126.04
9631,241,9,11.6,3,0,95.11
9632,57,39,7.3,3,1,156.32
9633,133,23,13.3,3,1,107.58
9634,202,13,9.3,3,0,105.63
9635,78,25,8.9,4,0,126.55
9636,972,16,9.2,2,1,245.47
9637,984,5,8.9,1,0,204.39
9638,625,35,2.4,5,1,273.46
9639,404,25,10.1,3,0,170.3
9640,854,40,13.0,2,1,288.7
9641,362,43,6.0,1,0,189.93
9642,230,16,4.6,5,1,155.0
9643,870,13,7.3,3,0,223.32
9644,227,19,2.8,2,1,135.66
9645,538,10,13.8,3,1,154.92
9646,546,36,10.9,4,1,238.01
9647,193,17,10.1,2,0,91.71
9648,955,8,13.0,5,0,243.62
9649,346,34,3.0,2,0,175.3
9650,328,42,5.4,2,0,178.96
9651,201,25,7.3,2,0,131.97
9652,95,26,2.9,3,0,123.04
9653,715,37,4.4,3,0,259.21
9654,270,29,6.4,3,0,157.72
9655,881,33,3.0,3,0,278.35
9656,674,26,8.5,2,0,211.33
9657,899,20,2.1,2,1,244.44
9658,586,15,3.5,1,0,167.01
9659,118,34,2.6,5,0,175.7
9660,477,15,5.1,3,0,162.69
9661,550,42,5.8,4,0,245.82
9662,242,33,8.6,3,0,161.65
9663,714,41,4.5,3,0,281.69
9664,415,21,6.2,5,0,189.15
9665,661,30,3.7,3,0,230.74
9666,216,43,10.0,2,0,164.51
9667,419,18,8.9,1,0,139.54
9668,707,39,2.1,3,0,268.74
9669,579,40,7.2,3,1,238.09
9670,193,15,12.0,3,1,120.2
9671,772,39,11.5,3,0,268.07
9672,324,18,13.2,2,0,120.54
9673,701,38,5.1,3,1,266.68
9674,719,44,7.9,5,1,297.77
9675,61,44,7.3,2,1,148.38
9676,121,37,5.0,4,0,167.11
9677,559,26,8.4,4,0,219.48
9678,381,12,11.9,2,1,127.72
9679,854,11,1.2,2,1,226.42
9680,331,18,13.6,3,0,131.37
9681,222,17,3.5,1,0,99.26
9682,111,15,13.2,3,1,89.67
9683,590,13,7.1,2,0,165.75
9684,725,5,5.5,3,1,195.62
9685,208,16,11.8,3,0,107.87
9686,491,24,10.1,3,0,180.03
9687,955,33,10.9,1,0,268.79
9688,280,41,8.4,1,0,162.6
9689,140,41,7.4,3,0,168.46
9690,187,28,12.0,2,1,127.15
9691,711,38,6.9,2,0,246.55
9692,82,11,7.3,3,0,72.23
9693,193,27,10.3,4,0,144.51
9694,561,25,12.8,5,0,214.75
9695,756,43,9.4,3,0,275.57
9696,970,23,9.7,2,0,249.44
9697,755,19,1.1,2,0,220.63
9698,72,15,12.1,3,0,79.06
9699,804,25,10.0,2,0,228.62
9700,513,26,10.0,3,0,184.66
9701,419,12,6.7,3,1,155.26
9702,516,40,1.7,2,0,221.54
9703,602,37,2.3,3,1,250.32
9704,659,10,7.5,3,0,181.51
9705,657,6,3.5,3,0,176.23
9706,361,18,13.2,2,1,130.31
9707,682,22,7.8,2,0,205.66
9708,411,33,12.4,1,0,166.28
9709,415,10,9.6,4,0,148.03
9710,633,40,5.5,3,0,253.21
9711,929,11,2.2,3,0,239.4
9712,499,33,0.7,2,0,212.64
9713,80,40,9.7,2,0,143.84
9714,724,13,5.8,3,0,203.96
9715,802,39,4.0,4,1,302.65
9716,213,26,1.1,5,0,178.01
9717,856,20,9.2,3,0,236.4
9718,505,35,5.0,5,1,242.79
9719,826,37,0.7,2,0,268.21
9720,688,43,9.9,3,1,265.68
9721,701,27,8.5,4,0,235.59
9722,617,43,1.5,3,0,268.96
9723,865,38,2.4,2,0,286.15
9724,284,43,12.6,2,1,194.46
9725,702,12,2.8,4,1,218.39
9726,698,10,5.6,5,0,221.58
9727,101,33,7.1,2,0,128.36
9728,816,18,3.1,2,0,233.8
9729,371,14,4.1,2,0,135.9
9730,213,7,12.9,2,1,73.54
9731,95,5,12.9,2,0,43.92
9732,712,6,4.2,1,1,162.61
9733,612,24,14.0,2,0,179.3
9734,966,7,0.7,2,0,231.37
9735,317,21,6.4,4,0,156.06
9736,583,11,11.8,2,0,147.43
9737,797,14,5.1,3,0,215.51
9738,324,32,4.5,3,1,179.51
9739,586,9,9.6,4,1,187.82
9740,528,32,4.6,4,0,224.36
9741,745,21,3.3,3,0,218.8
9742,670,18,4.2,3,0,212.05
9743,373,28,5.8,3,1,183.84
9744,215,13,6.6,5,0,134.29
9745,911,39,13.7,3,1,295.69
9746,912,35,0.8,3,1,296.87
9747,249,13,3.8,5,0,151.57
9748,653,25,10.6,5,0,237.44
9749,669,18,4.6,4,0,210.44
9750,417,16,5.4,2,1,153.0
9751,756,13,12.0,5,0,223.4
9752,385,36,8.1,1,0,168.96
9753,760,24,15.0,4,0,235.92
9754,625,12,9.1,4,0,190.27
9755,453,10,4.5,3,0,149.64
9756,180,19,5.5,1,1,108.49
9757,290,24,11.8,1,0,112.46
9758,306,15,1.3,4,1,157.38
9759,162,16,2.5,4,0,127.81
9760,942,34,2.5,5,0,315.93
9761,405,39,14.6,3,0,195.99
9762,307,40,7.8,2,0,173.48
9763,99,18,7.0,4,0,106.28
9764,848,16,13.3,5,0,247.93
9765,884,43,10.9,4,1,317.56
9766,70,31,0.9,3,0,139.14
9767,745,21,1.1,2,0,218.88
9768,542,34,1.4,1,0,201.32
9769,375,43,2.0,3,1,224.43
9770,805,36,13.9,3,1,268.31
9771,651,37,8.0,2,0,227.29
9772,631,36,7.7,3,0,233.69
9773,442,36,0.8,3,1,227.0
9774,484,26,3.3,3,0,199.41
9775,899,12,2.8,2,0,218.26
9776,740,38,6.4,3,0,260.28
9777,365,37,10.6,3,1,195.31
9778,874,10,13.6,3,0,207.79
9779,161,22,0.6,3,0,132.7
9780,637,40,4.2,2,0,245.05
9781,229,42,4.0,2,0,171.87
9782,197,36,9.5,2,0,156.34
9783,360,10,8.6,2,1,115.99
9784,951,10,5.4,4,0,249.71
9785,713,29,5.3,2,0,231.77
9786,74,33,6.6,3,1,146.76
9787,877,33,9.8,4,1,290.43
9788,718,28,5.4,3,1,248.63
9789,199,24,13.8,3,0,124.92
9790,474,17,2.9,2,1,171.71
9791,537,34,11.0,3,0,206.56
9792,881,33,5.4,4,0,297.68
9793,207,16,1.7,1,0,103.1
9794,133,36,8.2,4,0,150.03
9795,813,31,9.8,3,0,266.18
9796,475,43,10.0,2,1,228.91
9797,941,9,11.5,4,1,243.49
9798,312,31,12.3,2,0,153.0
9799,734,27,7.9,2,1,241.96
9800,873,42,14.6,4,1,306.13
9801,928,16,10.1,4,1,270.28
9802,984,11,4.7,5,0,270.23
9803,863,8,14.3,2,0,186.44
9804,678,8,9.3,2,0,171.91
9805,542,6,0.5,4,0,178.55
9806,798,13,10.9,3,0,211.92
9807,379,28,13.8,4,0,180.85
9808,796,31,14.7,5,0,272.18
9809,777,22,7.8,1,0,211.56
9810,341,42,4.9,1,1,192.65
9811,307,43,9.4,2,1,196.12
9812,602,21,7.5,3,0,200.82
9813,301,16,12.1,3,0,125.54
9814,173,14,8.3,2,0,89.98
9815,734,25,12.8,3,0,215.77
9816,786,20,11.5,4,1,239.92
9817,523,7,14.2,5,0,157.45
9818,569,37,8.6,4,1,256.52
9819,347,39,9.8,1,1,179.66
9820,169,5,12.7,4,0,89.08
9821,574,19,5.9,3,0,197.0
9822,295,39,10.5,5,1,211.65
9823,513,24,7.0,4,0,205.44
9824,961,30,2.2,2,0,291.64
9825,108,5,0.7,5,0,102.37
9826,684,5,0.7,1,0,165.8
9827,555,25,2.1,4,1,224.3
9828,252,17,10.8,4,0,136.11
9829,382,13,13.1,3,0,133.02
9830,267,41,6.2,3,0,189.1
9831,966,44,7.3,2,0,311.33
9832,673,30,2.9,2,0,219.81
9833,126,40,1.0,1,0,140.56
9834,530,28,14.5,1,0,171.07
9835,908,5,4.8,1,1,192.69
9836,111,25,8.2,3,0,121.42
9837,629,34,4.7,4,0,248.48
9838,520,32,11.5,3,0,211.61
9839,336,35,5.6,4,0,198.93
9840,240,43,13.8,2,0,172.4
9841,704,13,5.5,3,0,200.89
9842,309,42,12.0,4,0,205.36
9843,587,40,12.6,4,0,241.64
9844,767,30,1.9,4,1,278.08
9845,836,30,6.7,2,1,255.54
9846,804,44,2.9,4,0,309.53
9847,207,16,4.8,1,0,95.28
9848,661,36,6.7,2,0,237.5
9849,603,11,10.3,1,0,152.84
9850,234,32,7.1,1,0,135.6
9851,823,42,3.0,1,1,277.17
9852,763,42,6.9,4,0,293.3
9853,88,42,13.3,2,0,136.23
9854,738,25,6.9,2,1,230.18
9855,920,8,13.6,2,0,201.9
9856,848,16,9.2,5,0,258.87
9857,180,20,14.7,3,0,114.58
9858,694,44,6.0,4,1,293.12
9859,393,21,14.0,2,0,149.47
9860,701,26,12.7,4,0,229.58
9861,766,13,10.3,3,0,206.63
9862,289,41,8.0,3,1,204.11
9863,820,10,1.7,2,0,200.68
9864,699,33,6.2,5,0,273.56
9865,831,34,10.3,5,0,295.51
9866,470,20,1.5,3,0,176.47
9867,766,6,9.2,3,0,184.5
9868,439,18,7.3,2,0,165.02
9869,106,36,6.1,4,1,163.84
9870,257,9,1.1,4,1,140.18
9871,66,41,12.9,3,1,139.83
9872,598,41,9.6,2,0,237.85
9873,520,9,7.0,4,0,176.8
9874,544,13,11.7,2,0,155.12
9875,573,35,8.0,3,1,228.72
9876,605,16,14.7,1,0,153.33
9877,272,27,9.1,4,1,176.14
9878,863,25,13.8,3,0,246.84
9879,51,7,11.4,4,1,85.51
9880,340,42,7.9,4,1,219.81
9881,451,12,13.1,1,0,112.75
9882,278,7,11.6,2,0,87.51
9883,437,24,11.0,3,1,180.54
9884,583,22,10.2,3,0,191.05
9885,857,42,9.4,4,1,311.57
9886,558,12,4.9,2,0,155.73
9887,938,16,5.6,3,0,245.4
9888,559,38,14.6,4,1,235.72
9889,114,9,6.1,3,0,81.56
9890,582,36,13.4,3,0,217.65
9891,315,39,5.6,4,0,202.54
9892,63,16,8.6,3,0,91.29
9893,407,33,4.6,2,0,185.58
9894,120,37,3.2,2,0,150.1
9895,645,19,10.3,2,0,189.8
9896,983,37,1.7,4,0,329.86
9897,830,41,8.6,1,1,275.37
9898,863,17,3.3,3,0,245.48
9899,224,30,13.6,2,1,142.96
9900,444,24,9.8,1,0,148.78
9901,372,32,11.8,2,1,170.92
9902,616,37,6.4,3,0,243.54
9903,882,34,7.3,2,0,263.03
9904,692,40,14.3,2,0,242.93
9905,908,34,6.1,4,1,311.61
9906,383,27,3.7,2,0,157.48
9907,74,37,9.4,1,0,108.68
9908,659,10,8.4,4,0,198.23
9909,691,32,3.7,5,0,269.95
9910,302,9,12.4,2,0,98.02
9911,613,11,7.5,2,0,175.97
9912,460,42,7.0,2,0,215.58
9913,572,6,7.1,3,1,166.56
9914,853,32,10.2,5,0,293.47
9915,651,44,5.0,3,1,277.75
9916,523,27,1.8,3,0,207.02
9917,355,27,10.5,1,0,138.72
9918,930,43,6.0,3,0,308.4
9919,295,5,14.6,2,1,88.36
9920,942,40,4.8,5,0,329.43
9921,391,26,8.7,3,0,176.06
9922,845,19,7.9,3,0,232.11
9923,203,21,4.3,3,0,130.09
9924,80,25,0.8,4,0,138.39
9925,870,16,13.4,4,0,237.76
9926,467,24,10.8,4,0,188.0
9927,161,7,4.8,2,1,87.52
9928,515,40,13.8,3,0,223.62
9929,73,24,10.3,5,1,144.47
9930,460,7,11.9,3,0,127.84
9931,222,10,5.7,5,0,134.68
9932,398,9,2.0,4,0,159.44
9933,407,7,6.8,3,1,134.63
9934,471,30,3.0,2,0,187.53
9935,345,21,6.9,4,0,171.42
9936,595,8,2.7,2,1,168.53
9937,683,10,11.5,5,0,206.76
9938,954,6,1.6,2,0,230.24
9939,868,20,9.4,3,1,253.18
9940,441,7,7.9,2,0,123.17
9941,641,12,7.8,2,0,176.31
9942,803,16,9.0,2,0,209.78
9943,133,37,7.7,4,1,174.54
9944,445,42,14.0,4,1,236.05
9945,331,20,12.8,4,0,143.46
9946,808,27,10.2,3,1,250.47
9947,923,35,1.5,4,0,305.28
9948,108,26,2.5,2,0,124.61
9949,472,14,12.1,3,1,160.38
9950,756,30,4.4,2,0,244.26
9951,170,15,6.9,5,0,131.11
9952,868,5,9.5,5,1,240.56
9953,720,42,9.8,5,1,303.03
9954,54,18,10.0,3,0,88.93
9955,708,25,12.0,2,0,210.67
9956,413,13,4.3,3,1,162.65
9957,166,44,6.9,2,0,158.98
9958,984,12,10.8,3,0,238.87
9959,517,7,13.8,2,0,125.9
9960,503,22,8.4,2,1,188.25
9961,290,38,2.7,3,0,198.59
9962,520,33,2.8,2,1,205.86
9963,375,20,2.4,4,0,173.08
9964,740,6,12.5,4,0,189.88
9965,658,15,0.9,2,1,204.04
9966,546,8,3.3,1,0,144.8
9967,995,26,9.9,2,0,264.69
9968,913,10,11.8,2,0,213.21
9969,230,29,5.0,3,0,160.45
9970,645,13,2.4,2,0,178.45
9971,881,13,10.5,2,0,219.01
9972,257,24,9.9,2,0,135.27
9973,376,10,13.7,2,0,117.93
9974,165,11,5.8,3,1,109.39
9975,779,29,9.2,2,0,225.82
9976,960,39,8.3,3,1,305.82
9977,108,33,12.1,2,1,130.17
9978,728,22,7.1,2,0,217.65
9979,864,41,8.3,2,0,288.9
9980,361,24,6.5,2,0,154.81
9981,903,44,0.9,5,1,350.21
9982,926,44,5.3,3,0,323.47
9983,887,24,6.4,2,0,246.04
9984,597,17,10.5,2,0,173.89
9985,771,7,14.2,4,0,189.16
9986,579,26,8.6,5,0,228.32
9987,650,7,8.7,2,0,165.75
9988,704,34,2.1,3,0,260.26
9989,857,5,10.0,5,1,230.24
9990,517,24,2.2,5,0,219.22
9991,256,44,1.3,3,0,201.71
9992,630,36,8.3,3,0,233.85
9993,239,34,4.1,3,1,177.22
9994,82,17,1.1,2,0,101.01
9995,785,18,6.2,4,1,261.12
9996,665,15,3.0,3,0,197.34
9997,84,24,1.0,2,1,114.68
9998,340,30,7.1,3,0,172.76
9999,322,29,3.9,3,1,177.78
10000,623,14,11.7,2,0,166.71
