ID_Proceso,Presion_Hidraulica_Bar,Vibracion_Husillo_mm_s,Temperatura_Refrigerante_C,Piezas_Procesadas_Herramienta,Velocidad_Corte_RPM,Desgaste_Herramienta_Micras
1,137.4,1.02,34.7,1266,1747,87.28
2,164.4,1.66,35.9,1477,2187,110.98
3,170.1,4.18,47.0,63,3491,71.73
4,153.3,2.79,31.8,549,1254,66.0
5,133.9,2.62,34.9,168,2597,58.99
6,180.1,3.78,62.0,1447,3063,136.73
7,142.5,0.62,37.8,308,1722,46.39
8,133.2,3.31,46.5,1138,2436,114.72
9,160.2,2.99,56.9,1290,2289,113.99
10,125.5,2.71,35.5,429,1399,63.14
11,136.1,0.57,37.6,496,1324,47.95
12,156.1,3.12,28.1,852,2728,92.84
13,151.8,5.27,43.9,59,2035,75.18
14,136.4,4.28,45.1,1718,1446,141.08
15,133.2,3.8,48.4,1546,3122,140.84
16,160.2,2.68,33.8,1458,2404,117.77
17,153.9,4.48,54.8,252,2115,80.42
18,174.9,5.0,53.2,1227,2255,133.43
19,152.2,1.11,43.4,887,2401,80.71
20,146.5,3.55,32.4,661,3413,99.2
21,150.6,5.3,42.1,1607,2713,154.73
22,142.7,4.98,50.9,517,3299,99.94
23,155.1,1.0,45.5,98,2773,43.98
24,111.5,2.69,37.7,599,3241,83.99
25,166.3,4.31,57.4,1832,1506,147.44
26,131.5,4.89,51.6,1566,2218,149.77
27,127.6,4.66,39.0,1664,3228,142.95
28,150.5,5.08,40.8,260,2116,86.59
29,147.9,5.37,63.5,1832,2185,161.56
30,138.8,1.41,25.0,378,2345,58.92
31,132.3,3.68,47.8,98,2509,72.93
32,141.5,1.8,52.6,386,3249,77.46
33,166.4,5.13,69.4,1745,2944,169.97
34,134.7,2.31,50.3,1214,2853,109.17
35,164.4,1.71,43.6,1169,3324,101.53
36,158.2,3.51,46.8,1511,1305,115.24
37,161.8,5.81,52.2,874,1215,111.53
38,141.6,3.67,42.0,1661,1632,124.5
39,142.8,5.73,45.2,64,1271,74.79
40,153.7,3.83,44.8,1165,2943,115.9
41,135.8,4.22,40.7,1492,1260,128.17
42,159.6,5.44,42.4,1320,1249,132.39
43,141.4,3.9,41.6,1727,3296,156.05
44,159.8,3.05,47.5,962,1806,101.22
45,129.9,3.82,61.4,1008,2277,111.86
46,164.5,2.94,56.1,158,1414,60.94
47,157.3,5.85,33.4,1253,1306,115.26
48,142.6,2.89,56.4,540,1728,84.52
49,145.2,0.9,46.2,82,3296,54.07
50,151.9,2.65,50.9,1122,1784,105.62
51,153.6,1.1,51.0,1642,2678,120.44
52,161.8,1.68,40.1,989,3369,95.08
53,150.4,4.19,39.4,86,1445,59.33
54,170.8,4.93,60.4,341,2510,84.11
55,141.9,4.01,45.4,1447,2886,134.57
56,181.6,0.87,60.8,1606,2975,114.31
57,143.4,2.61,36.7,1766,1467,120.3
58,129.0,1.23,58.1,336,2450,60.96
59,164.7,3.45,52.7,270,1547,66.29
60,164.5,1.19,39.2,627,3092,68.6
61,163.5,5.86,33.3,1802,2573,155.72
62,167.0,2.97,52.8,1871,1513,135.74
63,139.0,2.61,43.7,249,3293,75.24
64,143.5,4.93,48.8,80,1220,76.74
65,156.6,3.94,60.1,1992,1513,149.61
66,154.7,3.81,46.5,1264,2760,122.81
67,149.4,3.31,45.3,133,1341,63.13
68,167.4,5.13,49.1,675,3059,113.51
69,150.1,5.77,39.3,329,3095,98.66
70,143.7,3.54,66.3,1657,1784,147.42
71,144.5,3.85,62.7,1195,1451,115.3
72,147.6,3.84,51.8,486,3246,91.78
73,165.3,2.23,49.1,216,3206,69.72
74,138.2,5.4,53.9,320,3070,101.19
75,179.2,4.05,43.7,731,1251,83.39
76,149.6,4.34,41.1,1703,1793,141.86
77,149.7,2.11,34.9,1877,1469,122.65
78,193.6,4.88,49.2,847,3447,124.52
79,138.2,1.61,50.2,746,1224,72.49
80,148.5,1.99,47.6,1993,2869,141.69
81,151.6,5.12,40.3,57,3230,84.69
82,151.5,5.35,45.5,113,2696,77.65
83,128.1,0.62,41.9,1088,1988,84.12
84,153.1,5.61,53.7,320,1596,83.78
85,134.0,1.98,41.1,773,2959,88.0
86,126.2,4.06,45.2,101,3160,80.59
87,119.4,3.58,50.9,1120,2528,123.76
88,170.2,1.35,49.2,128,2385,53.22
89,156.2,4.43,38.4,1795,2787,151.34
90,150.0,4.71,31.7,1271,1555,117.32
91,150.8,3.77,34.1,659,1338,76.94
92,151.2,1.5,49.4,1239,2277,104.9
93,152.9,4.33,49.2,1206,1280,114.47
94,166.9,4.02,60.9,1242,1632,122.27
95,152.6,2.91,43.3,1829,1508,135.1
96,151.8,3.87,44.2,1277,1467,108.38
97,146.6,2.2,44.1,1793,1927,127.05
98,167.3,0.59,40.5,415,3492,63.97
99,135.3,3.34,38.9,1918,3372,152.17
100,166.0,5.25,28.7,613,2183,101.73
101,165.7,3.31,47.2,1233,2855,119.72
102,160.7,4.31,46.3,632,3244,98.95
103,133.3,3.05,48.4,1962,1902,142.27
104,159.9,2.44,52.4,1862,3082,144.01
105,150.0,3.8,34.8,1216,2934,119.49
106,150.2,1.7,39.6,724,1366,71.89
107,130.0,1.06,25.0,1992,1227,110.23
108,145.6,0.66,35.5,141,1668,32.37
109,150.6,1.74,46.2,379,3273,67.7
110,154.1,4.29,44.6,1068,2274,110.74
111,148.6,0.53,48.2,1844,1741,115.53
112,152.4,1.99,49.9,1335,3103,112.96
113,148.6,1.68,54.3,824,3273,95.92
114,146.3,2.16,32.3,1794,2319,127.02
115,155.2,5.15,39.6,727,2443,105.38
116,160.8,2.14,48.7,126,1515,48.45
117,144.4,0.71,30.5,291,2623,51.09
118,128.2,2.27,56.0,415,1396,72.02
119,140.9,5.13,49.4,345,3430,108.4
120,158.1,3.48,54.7,585,2067,94.21
121,165.7,5.43,42.6,254,3342,90.97
122,128.9,1.97,44.6,1061,3251,103.95
123,162.6,1.96,56.9,331,2035,66.77
124,152.6,5.98,41.5,1137,1747,128.39
125,147.6,2.06,43.2,811,3269,93.26
126,143.6,5.4,32.2,350,1567,88.51
127,161.7,3.86,39.0,1543,3439,138.52
128,136.4,5.42,50.6,1840,3014,168.85
129,151.8,5.14,58.0,1260,2300,131.97
130,147.2,4.52,51.0,596,1217,88.46
131,157.8,4.05,39.8,894,1431,94.15
132,148.8,1.65,53.4,135,2361,49.36
133,137.8,5.83,47.6,1140,2034,128.48
134,163.4,3.29,57.9,904,1228,89.28
135,165.0,0.86,49.1,1549,2461,104.36
136,149.9,4.01,42.3,110,1391,54.86
137,146.0,3.69,51.1,1751,3034,144.64
138,148.4,5.29,53.0,342,2003,96.64
139,159.9,2.36,54.8,269,1207,56.43
140,172.8,3.41,49.9,866,2658,99.89
141,148.6,1.75,45.7,1458,1461,108.51
142,147.5,1.94,49.1,1125,2226,99.41
143,145.8,5.8,49.0,1674,3224,163.4
144,141.8,4.33,66.0,1850,2333,148.55
145,146.5,2.53,38.8,424,2650,69.05
146,149.9,2.55,36.1,954,2079,92.09
147,121.6,5.26,51.8,795,2618,115.92
148,171.1,3.98,42.9,361,1279,64.48
149,133.9,5.29,39.6,1947,1358,153.43
150,152.9,3.38,52.6,1249,2860,132.09
151,144.8,0.59,54.0,763,2835,80.13
152,129.7,2.76,27.8,1998,1420,140.41
153,164.8,5.55,47.4,333,3451,99.65
154,130.1,4.41,45.4,1875,2922,158.92
155,150.4,2.15,46.4,1018,2366,94.18
156,146.1,5.14,50.6,96,3107,87.93
157,133.1,1.19,39.9,1217,2872,98.86
158,129.1,4.8,46.5,871,2266,106.23
159,154.7,2.1,39.7,1268,1307,90.2
160,151.9,4.49,32.7,659,2957,98.9
161,164.3,3.96,41.9,1117,2391,116.99
162,130.8,4.0,49.1,1685,1637,133.16
163,144.0,0.56,46.3,1494,1552,101.31
164,126.3,4.77,58.9,1121,2061,126.11
165,141.3,5.37,56.5,818,2548,120.56
166,132.6,2.36,40.2,606,2627,81.33
167,168.0,3.43,54.5,748,2077,95.21
168,157.7,1.47,33.1,1179,2447,92.13
169,159.2,5.96,34.4,1587,2159,145.37
170,150.1,4.58,39.2,1821,2305,149.58
171,162.5,4.81,56.5,661,1609,100.65
172,149.3,0.6,31.9,1257,3251,98.44
173,129.1,2.75,43.6,1664,1390,119.27
174,148.0,2.37,40.6,520,2391,75.54
175,172.6,3.03,50.4,587,2180,72.95
176,171.5,4.12,54.6,1297,2499,131.65
177,122.7,1.01,34.5,1908,3277,129.51
178,155.6,2.21,52.1,757,3201,94.7
179,170.8,0.81,34.6,170,2977,48.94
180,137.9,1.89,35.4,399,3374,80.01
181,127.9,5.18,44.2,804,3239,118.88
182,150.4,1.6,50.9,1271,1982,102.92
183,155.7,4.97,45.0,1406,3030,145.07
184,129.2,5.23,49.1,1327,3250,145.98
185,127.3,3.73,42.2,138,1398,63.29
186,136.6,3.23,40.1,444,3035,86.39
187,136.7,1.89,49.5,1236,2098,100.2
188,150.5,1.58,66.8,735,2811,94.08
189,171.9,4.67,59.1,237,1820,80.42
190,140.1,1.75,49.3,1960,1373,132.61
191,148.5,1.06,49.2,665,3498,81.92
192,169.9,4.14,47.5,808,1657,95.5
193,150.9,4.13,46.8,1391,1949,112.84
194,128.3,1.97,41.0,206,2892,70.27
195,119.4,2.56,46.8,1898,1771,137.32
196,150.1,0.81,45.2,1678,1990,110.8
197,144.3,3.31,34.6,140,3426,66.62
198,142.9,1.28,40.3,1347,3280,116.3
199,153.4,1.49,53.9,290,2290,62.4
200,115.9,5.43,25.0,461,2523,94.06
201,136.9,5.04,43.6,1640,2780,153.83
202,150.2,1.01,35.3,391,2450,58.52
203,140.3,2.22,42.6,301,2094,59.47
204,135.6,1.78,38.6,745,3273,80.65
205,129.4,2.13,68.4,1322,3390,124.26
206,138.1,3.32,56.4,474,1867,83.35
207,143.1,0.79,32.8,1908,2791,127.65
208,160.3,4.69,35.4,466,3303,97.64
209,141.3,0.56,27.5,1165,1232,72.3
210,126.3,4.02,47.8,102,2163,69.3
211,195.5,1.83,40.4,624,2855,70.61
212,150.9,1.89,45.0,1608,2182,119.92
213,125.5,4.85,47.1,778,3252,123.98
214,145.4,4.98,52.1,1657,2569,155.25
215,137.1,3.7,59.2,1108,1710,112.73
216,159.8,2.01,44.6,89,1992,53.24
217,153.2,1.93,44.5,1099,1546,86.68
218,139.4,3.81,62.9,94,1848,67.95
219,135.3,1.59,43.2,1618,3143,130.81
220,143.0,2.9,38.5,1946,1506,138.11
221,148.0,4.37,43.6,1095,2592,117.58
222,150.2,5.24,38.7,1031,2049,111.4
223,149.5,3.66,35.3,1359,3490,131.07
224,172.4,4.54,40.3,611,3200,104.36
225,141.9,3.01,25.0,674,3192,79.29
226,132.5,3.29,55.6,326,3120,88.88
227,143.6,1.55,48.1,793,3017,81.93
228,105.7,0.88,39.6,522,1343,54.52
229,158.9,2.04,48.7,1792,2222,127.14
230,146.5,4.75,39.5,1111,1929,113.76
231,173.1,0.56,55.0,1716,1917,111.46
232,156.0,5.19,47.8,958,1887,117.7
233,156.1,4.98,32.2,1335,1335,118.33
234,149.1,5.83,43.5,943,1363,117.85
235,173.4,5.06,28.2,257,2601,80.58
236,168.3,5.82,51.5,1322,1308,125.53
237,143.5,0.8,52.0,1583,3224,122.57
238,156.1,3.15,46.1,246,1775,65.65
239,159.3,1.04,43.9,457,2202,58.29
240,141.1,5.88,52.2,1109,1924,128.3
241,156.8,2.11,50.3,720,2613,80.86
242,149.2,3.78,46.4,1049,3499,122.25
243,157.6,5.75,66.0,1849,1581,171.74
244,150.0,3.95,39.0,662,2152,89.29
245,133.5,1.6,40.0,408,1461,56.63
246,137.7,5.04,51.1,788,1442,101.91
247,133.7,1.17,69.0,1473,1908,117.46
248,163.8,2.63,57.0,96,2474,62.29
249,138.6,5.69,31.7,1544,2309,137.69
250,167.6,4.83,51.1,819,2685,113.16
251,148.0,3.87,48.8,743,2956,99.72
252,160.4,4.57,37.7,1476,3283,139.97
253,144.0,4.29,45.0,1763,3466,160.26
254,154.3,0.59,55.2,1538,1404,98.12
255,163.3,5.93,58.1,1216,3429,152.64
256,170.9,2.79,48.1,349,1530,65.71
257,133.7,3.22,46.6,1701,2387,127.23
258,124.7,3.69,41.3,744,1446,91.55
259,164.1,2.68,51.9,582,1716,69.53
260,145.8,5.84,40.3,779,2765,119.48
261,141.1,0.97,38.2,1118,2915,84.39
262,153.5,5.25,45.3,1983,2953,170.77
263,163.5,0.98,42.7,785,2003,59.14
264,132.1,3.93,56.5,965,1790,110.83
265,165.9,1.81,52.1,1888,3437,140.55
266,138.2,3.2,40.9,346,1986,64.64
267,158.6,2.59,45.1,1844,1941,133.56
268,160.5,0.64,38.3,629,1678,50.2
269,170.9,5.24,40.6,54,2478,81.22
270,149.5,2.83,49.3,601,2916,79.76
271,165.9,3.97,31.0,1598,1302,124.05
272,152.2,2.96,54.1,1669,2334,132.54
273,130.0,0.69,43.8,1110,2699,92.16
274,155.6,3.66,46.2,1332,3298,125.81
275,146.8,4.5,34.9,1674,1231,133.86
276,131.6,3.14,55.6,269,1850,68.33
277,153.5,1.55,47.5,1545,1967,116.53
278,131.0,5.23,31.2,515,2965,97.2
279,147.2,2.85,43.0,1996,1412,140.38
280,172.7,5.99,41.7,860,2921,124.03
281,151.4,3.34,45.7,709,3413,102.16
282,128.6,4.06,53.9,1964,2609,159.17
283,162.7,4.4,44.9,267,2432,75.42
284,136.4,5.6,44.3,630,1493,103.12
285,129.8,4.09,51.9,1962,2989,166.53
286,162.4,4.65,31.6,564,2400,91.94
287,157.6,0.81,39.1,290,3091,51.02
288,147.0,5.85,39.6,876,2613,115.2
289,108.2,2.84,48.0,1257,2233,111.88
290,112.8,5.81,49.2,1747,1809,164.65
291,169.9,2.9,49.8,292,3349,85.32
292,119.3,2.31,37.8,259,3147,69.4
293,146.1,0.6,60.2,1460,2482,102.68
294,142.0,3.07,38.3,1885,3335,150.25
295,169.2,1.99,48.8,1630,1504,114.3
296,128.4,5.04,63.7,1461,1850,146.75
297,174.9,1.37,51.9,1962,1912,129.96
298,153.4,0.82,42.4,666,1687,65.78
299,154.6,4.44,37.0,1033,2105,107.84
300,142.3,1.67,52.1,1033,2225,95.03
301,145.2,5.34,33.4,1066,2464,121.95
302,177.0,0.73,53.9,1806,3214,126.01
303,158.6,5.6,45.7,1727,1496,146.21
304,133.9,4.37,46.9,552,1603,87.01
305,168.4,4.76,48.4,1462,1983,132.36
306,161.5,0.52,40.5,290,2435,44.73
307,153.7,3.32,60.4,1226,2884,126.55
308,145.3,4.14,41.7,1308,1534,113.81
309,149.2,5.31,47.0,1760,1511,143.55
310,134.8,1.06,36.7,1972,2172,128.15
311,178.9,2.62,36.8,382,2299,65.28
312,175.2,1.34,31.5,1775,2780,120.41
313,145.2,1.25,55.8,1798,1544,122.27
314,173.6,1.2,55.7,982,3071,89.45
315,127.9,0.93,48.7,256,2213,53.04
316,148.8,0.74,42.9,632,2196,63.48
317,128.8,0.66,42.8,612,1605,59.29
318,151.9,5.64,44.0,625,1511,93.59
319,152.4,5.8,50.2,1321,2143,134.82
320,165.0,3.32,47.6,934,3318,121.93
321,155.8,5.15,53.7,1558,2131,153.79
322,171.0,4.82,41.7,1477,2192,128.45
323,134.9,1.1,40.4,1151,3195,103.75
324,160.2,0.63,51.2,1303,2933,108.33
325,121.8,1.19,39.2,1386,2954,103.13
326,173.9,2.56,43.3,1025,2764,101.79
327,154.2,3.05,48.2,1240,2072,112.1
328,146.5,5.16,37.3,1239,2941,132.56
329,164.2,0.76,46.3,1822,1513,117.15
330,135.2,4.29,40.9,1628,2489,140.77
331,164.7,5.25,52.8,1465,2636,144.18
332,139.5,4.08,44.5,578,1668,82.97
333,161.5,3.8,53.9,1610,3072,145.23
334,140.9,0.71,46.6,1709,2430,111.49
335,123.6,5.16,25.2,1966,2782,158.63
336,156.4,5.35,41.4,488,3075,100.37
337,140.6,3.13,49.4,1965,1987,141.86
338,136.2,0.61,50.0,1829,2552,120.39
339,153.7,2.52,46.2,1514,1747,115.99
340,158.3,3.84,39.7,622,2863,98.31
341,146.8,2.62,45.2,1900,3046,145.46
342,151.2,4.01,44.6,968,2820,120.84
343,159.6,2.18,47.6,1533,3255,119.28
344,156.3,5.01,38.5,1562,2463,147.21
345,159.9,0.52,55.4,1652,1557,107.7
346,183.6,5.14,38.1,851,3141,116.65
347,154.4,0.63,38.1,253,1290,45.7
348,141.3,5.03,47.7,1123,1572,115.69
349,169.3,2.07,63.1,1890,1833,136.72
350,158.1,2.87,62.1,1267,2471,124.16
351,149.5,4.75,28.3,647,2873,100.09
352,148.4,5.95,53.9,1471,2018,149.91
353,160.2,5.22,26.9,1302,3142,132.32
354,150.0,3.46,54.9,1230,1261,110.37
355,152.0,1.69,39.5,1881,3082,134.14
356,140.8,4.57,43.3,1407,2315,124.55
357,152.2,1.39,46.2,462,1359,56.19
358,160.9,1.82,43.8,1517,3291,116.36
359,160.2,5.07,46.8,209,1441,73.86
360,155.3,5.81,44.6,1946,1833,160.33
361,126.8,1.97,54.3,784,2337,86.62
362,149.2,3.28,49.2,800,3410,109.0
363,143.9,1.05,41.4,1739,1694,118.13
364,166.3,1.76,42.1,469,2343,66.65
365,141.0,3.89,31.2,835,1548,89.62
366,160.1,1.42,48.7,1179,2305,97.66
367,133.0,2.75,47.2,701,2288,86.92
368,153.2,2.63,57.4,846,1267,85.24
369,160.8,1.76,53.6,699,2826,83.29
370,157.2,2.52,62.8,1797,1504,139.9
371,166.7,3.92,29.8,1681,1612,126.25
372,138.6,4.58,34.4,635,2890,102.1
373,138.7,3.08,51.4,1335,3453,118.0
374,145.0,4.85,53.8,651,1215,99.33
375,148.6,4.61,35.1,1041,1746,106.32
376,154.5,4.52,51.1,95,1912,74.74
377,151.9,1.18,46.5,1971,2497,131.25
378,155.0,5.77,47.4,520,2319,99.44
379,170.7,3.91,52.8,1957,3155,158.15
380,136.9,5.81,46.1,574,1796,98.42
381,163.2,1.02,35.5,1879,3160,126.8
382,144.1,3.2,54.6,1163,2869,119.36
383,165.8,0.73,38.4,241,2516,42.58
384,151.9,3.14,46.3,1114,1336,100.39
385,159.0,3.4,40.1,844,1420,83.41
386,148.7,1.81,37.5,119,3484,55.56
387,137.3,1.53,45.7,1216,2985,102.71
388,135.5,5.64,35.9,1072,2536,116.3
389,147.6,1.38,36.6,1577,3084,116.18
390,144.1,5.1,44.7,1947,1479,149.23
391,169.2,2.6,53.3,1313,1926,107.1
392,162.1,2.63,53.1,1387,2112,117.72
393,127.8,5.49,38.2,491,3488,102.81
394,146.7,5.96,39.4,383,2504,95.58
395,153.0,4.06,36.8,1370,1901,122.66
396,153.3,2.37,34.1,1381,2964,116.59
397,125.4,0.93,55.4,62,2791,48.99
398,128.2,2.2,63.5,471,2294,80.01
399,160.0,3.76,55.5,492,2956,96.7
400,150.9,2.93,52.9,263,3063,74.57
401,164.6,5.94,60.3,274,1645,93.07
402,152.3,1.82,38.2,691,3321,79.43
403,146.3,1.95,30.9,1751,1611,117.89
404,145.8,4.81,40.4,399,2033,77.65
405,138.3,3.11,42.6,428,2155,73.71
406,167.3,1.46,39.4,603,1442,65.49
407,172.2,2.85,51.6,653,2303,79.08
408,142.2,3.35,47.9,1166,3021,119.09
409,115.5,4.41,41.0,890,2808,109.72
410,135.8,1.03,65.0,602,3384,88.66
411,184.5,2.22,44.9,946,1208,84.75
412,162.7,3.85,41.2,1285,1717,116.86
413,150.7,5.56,37.1,1732,2910,153.9
414,137.2,1.46,49.8,1923,2940,142.31
415,179.1,5.53,43.2,1767,1201,151.28
416,140.4,5.51,48.6,551,3389,105.64
417,143.5,4.26,37.7,1145,1444,103.17
418,130.2,3.12,42.2,393,3326,88.21
419,166.2,4.52,47.2,1236,3443,131.05
420,177.1,1.92,43.1,550,2458,70.23
421,143.0,2.8,27.4,318,2499,67.23
422,166.5,1.55,40.6,571,1330,57.53
423,159.2,1.13,46.9,137,3330,54.8
424,150.5,3.18,39.2,1977,2260,146.24
425,149.4,0.79,34.4,524,1476,50.54
426,183.4,3.6,47.9,1186,2518,122.79
427,153.4,3.89,44.4,910,2459,97.13
428,171.0,1.22,56.5,1768,2819,122.67
429,141.3,3.26,42.3,551,2674,88.95
430,140.3,3.11,50.4,1385,2620,125.65
431,150.5,0.59,44.3,1057,3135,82.75
432,152.5,2.75,28.0,708,2674,83.3
433,139.9,5.68,28.1,1549,1427,142.06
434,150.8,3.49,46.6,1841,2497,144.83
435,157.7,2.74,48.3,1067,2960,115.37
436,155.6,4.21,56.3,295,2624,95.74
437,156.7,3.49,55.5,706,2766,106.21
438,140.5,4.62,64.1,993,3041,126.45
439,199.2,4.77,39.5,720,3254,103.8
440,141.3,2.78,43.7,1005,2531,101.5
441,158.1,3.3,34.1,1944,1387,136.06
442,156.0,2.72,31.8,568,2059,67.16
443,135.4,4.89,47.3,1956,2941,166.25
444,150.8,4.39,28.5,1669,1779,127.79
445,113.2,5.86,46.8,1745,2565,159.8
446,149.6,5.71,40.9,256,1883,86.01
447,156.3,1.61,42.5,1946,1280,123.03
448,167.5,2.82,52.3,1364,2315,116.53
449,165.9,4.97,44.3,1556,1418,137.4
450,157.7,2.3,44.0,1583,3128,129.38
451,129.5,5.64,54.4,288,2371,94.12
452,146.4,1.94,51.5,1268,1355,97.01
453,132.6,3.44,39.9,1348,2324,124.42
454,167.6,3.94,31.9,1411,3279,133.59
455,154.8,1.04,43.0,1840,3376,122.72
456,135.5,5.98,47.8,1972,2590,167.65
457,172.8,1.07,50.9,1840,3392,138.77
458,146.5,3.7,34.3,348,3367,83.79
459,127.1,2.0,41.3,1020,2241,93.85
460,172.8,1.88,55.4,248,1815,53.82
461,154.4,5.75,54.3,581,2406,110.71
462,173.7,1.83,25.0,672,3213,76.57
463,116.5,2.04,38.1,1678,2898,125.61
464,126.4,3.85,46.3,953,1519,106.78
465,126.7,0.68,52.1,1966,1496,121.07
466,143.1,5.33,42.9,432,1910,88.4
467,156.5,4.47,53.1,524,3015,98.56
468,128.3,1.63,37.4,433,3455,78.18
469,157.1,5.73,49.9,981,1729,127.32
470,153.3,1.35,46.5,795,1759,71.33
471,157.1,4.59,27.5,868,2899,105.26
472,144.0,5.15,37.3,1492,2956,141.04
473,160.8,5.88,46.0,102,3014,88.21
474,137.6,4.27,43.2,369,1409,78.32
475,174.7,2.74,30.9,1695,3186,133.12
476,167.7,5.69,54.0,226,2555,95.18
477,134.9,4.57,42.9,765,2549,113.99
478,134.4,3.87,32.8,398,1843,73.91
479,151.8,2.02,54.1,751,2323,90.52
480,146.6,2.18,52.3,1271,3314,114.09
481,173.0,4.94,50.9,1068,3304,123.6
482,130.4,4.23,45.1,1429,3048,134.15
483,146.7,4.34,50.5,969,1265,112.61
484,168.1,4.74,49.5,741,2954,108.19
485,152.4,3.68,32.0,1657,3356,141.15
486,138.5,5.99,35.1,724,1570,103.58
487,138.2,4.19,41.8,1508,3315,146.68
488,155.1,1.44,32.6,1377,2224,95.99
489,151.3,2.05,49.2,1746,3232,133.93
490,146.7,3.0,43.5,1828,3336,140.99
491,157.6,4.5,56.9,267,1397,74.7
492,166.7,2.63,41.0,486,2964,82.68
493,130.6,2.81,39.4,362,2249,69.89
494,166.8,5.85,39.5,787,3095,124.28
495,148.3,3.04,54.2,1730,1558,133.36
496,132.9,4.98,38.2,999,2273,112.12
497,166.6,4.15,35.8,1030,1732,101.88
498,134.8,2.33,45.3,1416,2592,119.74
499,140.1,4.36,57.2,550,3075,103.07
500,171.0,1.68,28.7,906,2123,80.34
501,144.0,1.41,49.5,701,2382,82.1
502,169.7,3.63,44.4,186,1684,63.46
503,154.6,3.47,25.0,1382,1440,108.84
504,157.8,1.69,49.6,1056,2026,90.0
505,162.6,1.68,36.5,692,3382,76.74
506,136.7,5.39,39.6,185,2497,82.27
507,165.8,2.41,50.4,1581,3104,134.27
508,159.5,2.68,35.5,1618,1296,115.52
509,155.8,0.75,48.1,1862,2930,128.4
510,181.0,0.89,61.5,234,3139,63.64
511,177.5,4.49,43.1,1843,1571,150.31
512,184.8,3.17,43.9,1825,3480,142.59
513,134.6,1.01,41.6,1317,3080,107.2
514,126.4,2.04,60.7,574,2979,86.65
515,140.6,5.37,25.5,1220,2027,126.1
516,171.1,2.29,58.1,952,3227,104.42
517,145.1,5.71,56.8,750,3128,124.92
518,147.8,0.58,33.0,529,3449,67.74
519,147.6,3.37,45.7,1896,2096,142.52
520,143.4,4.98,49.6,960,1918,116.82
521,162.3,4.36,45.4,1940,1545,145.49
522,143.6,5.72,55.4,378,2843,101.23
523,167.7,2.62,39.1,1534,3126,124.99
524,162.2,0.54,38.7,1862,2828,117.32
525,153.8,0.85,42.6,1734,1420,108.05
526,135.8,1.95,53.4,1515,1234,109.68
527,141.0,3.72,54.5,1335,3350,126.12
528,152.7,1.54,33.8,661,2139,68.45
529,186.4,1.85,42.4,1778,1211,115.61
530,141.1,2.65,45.8,1122,1971,105.92
531,136.4,5.45,41.4,446,1577,89.24
532,154.0,1.01,48.2,1925,1886,122.31
533,147.1,5.92,42.7,125,3292,93.69
534,160.4,1.0,39.1,482,3263,71.17
535,171.5,3.53,46.8,949,3406,112.11
536,134.8,5.41,30.1,759,1675,111.12
537,158.5,5.9,30.7,1132,2480,127.12
538,162.2,2.86,46.4,298,2363,76.26
539,163.4,2.1,29.9,1366,1858,104.98
540,155.5,5.45,59.3,980,1268,119.12
541,143.1,3.67,42.1,1223,1650,109.2
542,161.5,0.7,37.6,1592,2051,97.85
543,151.3,3.26,36.7,96,2191,55.99
544,164.3,2.88,46.9,1784,1844,132.73
545,135.1,3.17,40.0,1767,3317,139.91
546,150.9,3.99,45.6,902,1972,101.98
547,130.4,1.77,35.2,555,2201,69.39
548,138.4,0.62,38.2,1660,2703,105.93
549,184.0,3.56,42.4,1053,3087,112.48
550,179.5,1.25,30.9,1086,3250,96.15
551,157.5,5.32,37.4,657,1955,106.35
552,136.3,5.6,33.4,1611,2432,145.14
553,144.4,3.98,58.9,1828,2602,155.32
554,179.7,5.73,44.6,722,2475,104.64
555,176.9,3.47,65.6,535,1307,83.68
556,148.6,5.94,35.7,948,2750,121.33
557,167.4,5.11,49.9,1858,2456,155.76
558,154.4,1.29,46.0,1725,2945,132.11
559,142.4,5.64,38.2,622,1985,103.2
560,158.1,4.34,45.6,780,2194,98.76
561,172.3,2.0,43.5,1587,3483,121.54
562,163.5,5.2,54.2,1922,1218,152.19
563,172.3,1.07,49.2,622,1799,73.14
564,162.8,1.5,36.5,1999,2236,127.06
565,156.8,1.62,49.6,127,3119,58.67
566,175.3,1.92,34.1,1655,2383,112.61
567,179.5,1.56,41.8,242,1476,45.66
568,152.5,5.04,46.1,988,1976,116.18
569,150.4,5.41,49.4,1648,2017,141.08
570,137.3,1.97,29.6,552,1569,66.48
571,140.1,2.94,45.1,531,2200,84.34
572,144.7,2.06,45.1,388,3405,76.31
573,154.2,1.37,48.6,1218,2820,102.69
574,178.7,2.47,53.9,1135,2921,107.92
575,158.2,1.58,26.7,93,2916,46.91
576,149.0,5.37,34.9,1971,2914,163.75
577,152.4,1.69,49.6,1316,3440,113.72
578,117.1,3.61,48.4,1771,2281,147.85
579,158.5,5.17,30.4,628,1488,91.32
580,134.6,1.41,37.0,1410,3444,114.64
581,122.7,2.29,36.3,502,2069,66.07
582,148.3,5.41,48.8,1884,3070,171.66
583,170.3,5.4,48.9,1605,2843,150.11
584,151.5,4.39,35.9,357,2684,86.32
585,157.6,2.96,49.4,1326,1938,114.52
586,163.4,1.61,45.0,796,1588,73.52
587,147.0,3.06,37.8,107,1733,49.13
588,171.2,3.59,39.0,356,1433,62.71
589,141.1,2.54,54.5,677,2101,89.79
590,171.8,5.29,37.9,710,2316,110.49
591,136.1,0.55,35.5,1456,2932,96.02
592,156.7,0.76,45.6,1353,1764,90.7
593,154.5,5.0,38.9,1574,3419,149.17
594,151.3,2.69,51.6,1620,1501,125.93
595,160.8,3.67,47.4,1183,2104,112.25
596,142.7,1.06,46.2,342,2591,58.51
597,177.0,0.92,54.7,1986,1826,126.04
598,133.5,0.92,37.1,1828,1258,117.15
599,190.3,5.55,43.7,1891,2416,154.15
600,139.9,1.06,41.3,499,3094,63.63
601,154.3,3.97,37.2,1551,2937,135.47
602,130.7,2.61,46.3,1452,3355,134.36
603,154.1,2.01,32.9,1800,1588,122.28
604,147.5,5.96,45.6,738,2403,115.59
605,161.6,2.7,31.9,103,2763,58.59
606,147.7,3.41,43.7,1949,3275,155.46
607,154.7,0.54,50.0,1940,2288,127.54
608,147.0,2.47,41.2,1148,2612,104.6
609,152.5,0.9,30.3,1927,2019,116.42
610,157.7,5.42,36.7,620,3232,99.57
611,165.4,1.96,37.3,1719,2823,119.9
612,152.5,0.97,50.3,648,1958,71.06
613,155.6,3.96,47.1,1176,1325,110.51
614,145.9,1.04,43.5,1256,1864,94.33
615,152.4,1.12,45.3,1270,1535,85.1
616,126.6,0.93,43.0,493,3217,68.79
617,146.9,5.58,37.7,1733,2613,154.28
618,147.9,3.63,43.2,937,2132,106.23
619,133.1,1.71,53.3,157,2751,59.25
620,144.5,5.3,48.4,460,2480,103.7
621,155.7,1.7,49.5,1128,1805,91.72
622,144.5,3.31,40.5,1012,1223,91.65
623,151.6,4.25,68.4,1831,3279,170.39
624,141.0,1.9,46.2,793,3400,89.31
625,139.6,5.18,47.1,684,1859,104.8
626,155.6,2.03,41.0,1815,2057,123.73
627,163.9,4.86,47.3,459,2455,95.25
628,129.9,5.37,48.7,836,2642,111.19
629,173.7,4.66,49.7,1387,1709,131.58
630,155.7,5.52,34.4,1939,2312,162.84
631,156.3,3.18,47.6,856,1969,95.09
632,137.1,5.3,45.3,1208,3205,139.79
633,143.7,1.08,56.1,1937,3218,143.77
634,145.0,4.46,31.1,1080,2281,117.39
635,129.0,3.4,40.5,1358,3045,128.74
636,139.5,4.41,35.7,520,2500,84.83
637,159.6,1.7,48.8,1728,1354,114.84
638,155.3,4.19,46.7,57,2270,66.54
639,164.8,2.31,47.1,296,2238,61.95
640,146.6,2.18,45.7,1529,2415,120.18
641,111.4,5.39,38.7,692,1272,99.47
642,154.5,4.98,38.5,1039,1962,112.6
643,133.8,1.68,43.8,516,2166,76.65
644,153.8,4.37,37.9,1550,3022,136.51
645,135.0,1.11,48.7,1338,3175,108.78
646,145.1,1.88,44.4,1408,2605,115.65
647,186.8,3.88,50.6,1460,1840,119.5
648,148.0,1.26,49.5,238,2570,56.48
649,151.2,2.95,43.8,622,2180,88.93
650,160.6,5.13,51.9,1381,1441,138.7
651,159.0,0.58,42.0,798,3231,76.1
652,128.9,4.83,52.3,840,2975,122.35
653,181.3,2.57,43.9,555,2667,79.75
654,163.9,1.32,46.6,1304,1656,97.79
655,147.7,1.91,50.5,531,1220,66.96
656,148.6,2.33,44.5,358,1706,64.43
657,180.9,2.24,52.3,275,2973,70.96
658,131.9,3.02,29.7,367,1939,72.9
659,100.0,0.98,36.1,834,1883,78.63
660,134.8,1.12,46.9,886,3481,89.25
661,153.6,4.48,35.1,518,1521,72.88
662,131.1,1.52,55.2,1495,2643,119.1
663,187.5,4.82,48.3,810,3416,121.45
664,162.1,0.69,52.1,1430,2421,102.86
665,139.2,3.86,47.7,832,2787,115.33
666,150.9,1.37,52.3,194,1604,44.92
667,155.3,1.07,37.7,861,3456,82.0
668,167.9,1.77,53.5,1372,1636,105.94
669,142.2,4.69,47.4,1710,1909,149.44
670,163.8,0.76,62.3,1052,2330,88.13
671,153.2,5.6,44.4,944,3477,130.18
672,144.9,5.41,40.4,305,1666,79.44
673,145.5,5.42,55.1,728,2577,120.12
674,133.9,1.87,42.9,822,1286,66.87
675,160.1,0.61,39.2,676,2042,58.48
676,122.2,5.72,45.2,64,2892,86.04
677,156.8,2.1,29.5,1565,1402,104.45
678,152.3,4.73,40.4,1873,3032,160.49
679,162.8,1.62,42.6,1519,1993,107.44
680,141.3,3.75,44.2,1221,1357,110.41
681,160.2,4.63,33.7,293,3497,89.95
682,161.5,2.25,38.1,1968,1578,126.14
683,142.5,5.54,45.1,1805,3322,166.39
684,150.3,4.03,37.6,253,1290,70.76
685,136.5,1.72,35.1,861,3149,88.25
686,161.0,5.06,46.2,1180,2009,120.42
687,160.4,4.68,51.2,1889,3030,162.06
688,160.8,3.26,54.5,550,3352,90.2
689,145.2,1.39,39.6,1660,2770,121.91
690,150.0,4.8,48.5,1246,1244,124.75
691,160.1,3.04,61.2,638,1742,76.87
692,164.1,2.24,57.6,1686,3201,137.62
693,150.9,1.34,59.1,585,1931,65.04
694,128.7,2.49,33.2,1935,3249,145.93
695,130.6,5.37,46.3,1571,2832,150.69
696,137.6,5.5,47.8,1635,2387,148.1
697,149.1,3.81,52.2,1229,2578,123.8
698,125.4,4.89,48.9,114,2601,84.44
699,172.9,5.16,51.6,952,2804,127.07
700,126.1,3.31,39.5,1053,2181,108.97
701,139.3,5.16,44.1,1522,1449,139.24
702,169.4,1.2,44.6,1764,2258,117.36
703,130.4,2.53,51.8,1752,3104,143.44
704,182.1,2.06,28.2,152,3108,46.42
705,121.6,5.8,43.1,1817,3230,167.43
706,129.7,3.59,42.8,1323,2888,123.87
707,172.0,4.64,56.2,1800,3063,161.09
708,164.8,3.95,47.2,1283,1956,116.21
709,167.8,1.74,44.5,1561,2383,119.07
710,163.5,5.2,47.0,1211,2987,138.89
711,142.1,0.79,38.1,344,2482,48.97
712,163.4,2.37,56.0,756,1986,82.61
713,147.1,2.94,36.2,1021,3480,106.85
714,157.1,5.92,40.0,747,2393,117.49
715,150.1,4.01,51.9,362,2592,89.94
716,179.1,1.06,30.7,1505,2347,103.11
717,149.9,2.5,38.1,1947,1326,128.01
718,163.8,4.99,57.4,719,1869,106.8
719,146.1,3.91,48.4,572,2992,97.33
720,148.8,4.62,48.9,1861,2809,147.36
721,154.7,0.52,40.0,1740,2490,107.4
722,141.0,2.25,34.4,1310,3169,114.22
723,173.1,3.35,53.8,75,2240,64.83
724,147.5,0.95,37.1,575,2864,64.96
725,148.0,5.83,41.0,1593,3080,150.51
726,156.8,2.28,46.9,1121,3069,107.38
727,166.7,4.36,45.5,263,2157,79.79
728,147.5,2.69,38.1,728,3157,97.02
729,141.9,2.1,50.0,785,3064,93.17
730,169.7,1.17,56.3,661,3497,83.31
731,142.4,4.25,38.5,693,3306,106.19
732,141.5,0.74,47.9,1825,2589,127.35
733,149.2,2.75,44.6,783,2891,95.92
734,125.5,3.18,49.9,1513,3451,144.85
735,167.0,4.04,43.7,1162,1740,111.16
736,162.2,1.1,41.5,1430,1494,93.84
737,144.5,4.22,43.2,704,1446,95.37
738,132.8,3.48,43.8,418,1208,77.24
739,162.1,4.49,53.1,1567,2085,139.85
740,134.3,1.53,61.7,923,1779,89.12
741,148.0,3.88,32.7,1071,2091,100.81
742,121.9,2.85,48.8,118,2653,59.78
743,132.8,0.64,55.6,1413,2679,102.38
744,151.5,3.48,48.3,1511,2213,130.62
745,144.1,3.5,34.5,1951,3273,154.61
746,160.9,0.86,31.4,428,3313,65.38
747,143.1,2.7,49.5,1692,2945,129.81
748,139.3,1.79,42.1,500,2937,66.46
749,153.5,3.85,49.1,1159,3385,128.16
750,147.5,1.16,45.2,553,1211,61.2
751,136.1,2.89,45.5,1208,1696,107.84
752,161.8,3.84,48.8,443,2087,84.39
753,166.6,5.41,59.9,774,2673,120.48
754,136.1,5.66,40.8,608,1443,102.75
755,165.6,5.22,42.2,1904,1939,154.61
756,143.4,1.03,41.8,1138,2555,89.06
757,137.8,2.96,44.4,1637,3480,135.5
758,154.7,0.66,49.8,355,2409,58.01
759,151.7,1.99,50.0,821,1772,78.54
760,146.2,3.53,37.5,935,1973,96.91
761,148.3,4.22,49.3,1480,3343,141.98
762,135.5,1.38,42.5,1972,1478,122.47
763,169.7,5.09,46.8,1251,3466,144.18
764,157.3,4.88,42.7,1779,1471,147.08
765,141.5,2.56,48.7,1861,2304,139.1
766,119.3,3.55,55.2,1562,3471,138.77
767,145.1,3.54,51.7,1322,2861,132.15
768,142.2,2.35,42.7,717,2844,89.26
769,135.8,1.21,58.6,1750,1991,124.73
770,159.7,0.66,40.9,585,1342,51.92
771,138.0,5.01,42.2,154,1429,71.88
772,146.9,1.52,29.9,1558,1391,100.49
773,166.6,4.17,52.6,200,2814,78.15
774,137.3,1.39,52.3,759,1558,76.07
775,168.8,5.13,54.9,1125,3056,127.72
776,119.7,5.83,64.1,1773,1885,168.15
777,154.9,4.68,28.8,1559,2763,131.5
778,160.7,5.41,35.3,818,1351,94.52
779,159.7,0.58,57.2,1657,3239,112.71
780,132.9,1.11,57.4,1864,2865,134.56
781,144.1,5.08,57.9,804,2222,115.88
782,152.6,1.14,54.7,493,2678,73.93
783,154.5,2.45,52.2,566,2934,83.04
784,145.9,3.73,42.2,1404,2039,120.6
785,127.8,4.08,37.1,169,2702,78.75
786,168.3,1.87,52.4,948,1797,90.14
787,156.1,1.33,48.8,1051,2201,86.39
788,144.9,1.89,55.6,1776,2375,132.75
789,120.3,1.68,33.6,1531,1894,106.4
790,147.4,5.91,45.2,1806,2685,149.59
791,173.4,2.34,44.7,570,1360,67.8
792,157.1,1.99,53.9,1713,1932,127.91
793,101.6,0.92,27.5,948,1789,77.58
794,189.8,2.82,54.2,581,1690,72.52
795,152.3,5.28,41.9,839,1813,109.49
796,164.3,5.69,47.2,57,3298,87.83
797,151.7,3.44,37.9,1927,3153,142.12
798,134.1,2.5,45.1,1854,2857,139.52
799,151.5,3.04,42.8,565,3116,91.32
800,123.7,4.84,34.4,1099,2987,128.91
801,155.3,4.18,30.9,1560,1283,118.77
802,153.4,1.25,42.3,667,3035,78.17
803,138.6,5.14,50.1,1621,2785,149.99
804,199.4,2.45,51.0,1309,1969,109.89
805,155.0,1.95,43.4,1968,2948,140.48
806,139.3,1.66,37.6,1165,1721,84.78
807,174.9,3.61,59.3,1185,3392,127.53
808,176.2,2.5,29.1,1332,3033,108.56
809,130.4,1.93,43.5,1196,2171,95.2
810,157.2,3.62,32.6,1143,1279,100.97
811,140.7,3.08,38.3,1652,1315,123.32
812,137.2,4.99,32.2,1192,3382,129.68
813,140.3,4.13,42.9,1641,1744,129.28
814,166.6,4.67,41.1,122,2696,73.15
815,157.1,0.7,60.4,242,2164,46.64
816,159.6,1.15,47.8,155,2257,45.25
817,154.1,5.02,44.3,1209,2248,124.7
818,154.1,1.94,48.4,749,1576,72.6
819,152.6,2.09,37.0,513,2609,70.39
820,147.5,1.93,50.7,1534,2286,118.59
821,131.1,2.63,43.8,1532,2016,123.19
822,162.1,1.01,40.4,1823,1241,103.68
823,149.2,4.62,55.6,1908,3468,166.53
824,164.6,1.26,42.1,430,1426,49.22
825,141.3,1.8,38.6,283,3360,65.69
826,147.1,5.14,50.0,1122,2673,126.26
827,136.4,1.73,52.4,292,1641,58.04
828,177.0,3.6,51.2,1327,1592,112.42
829,164.9,2.6,25.0,1595,1358,109.04
830,160.1,4.21,57.3,1503,3478,152.57
831,155.4,2.28,33.7,908,2669,91.78
832,143.6,5.6,44.2,1125,2295,117.01
833,152.2,5.05,60.1,1279,1235,125.47
834,133.6,2.5,33.9,1462,3296,124.78
835,150.0,0.53,41.3,854,2032,75.75
836,129.5,3.29,54.1,1909,1855,146.44
837,145.7,5.5,42.4,1058,2734,121.82
838,153.9,1.67,55.0,685,3106,88.5
839,149.2,2.26,43.8,864,2966,88.41
840,148.0,5.64,45.4,1232,2528,132.13
841,107.7,4.59,31.5,570,2869,101.28
842,159.2,1.38,44.4,617,1573,65.06
843,105.1,4.07,57.1,562,3190,107.21
844,122.8,4.58,32.9,62,1854,62.29
845,169.4,5.37,33.1,632,2912,99.01
846,169.8,3.84,34.7,932,1334,87.57
847,187.3,3.26,38.6,1148,3388,112.14
848,162.9,0.58,41.5,219,1667,39.13
849,148.1,1.57,44.5,644,2775,76.4
850,159.8,2.98,26.8,335,2173,56.62
851,137.2,5.01,38.4,847,1430,106.43
852,131.3,1.12,44.7,1723,2758,122.55
853,129.3,2.26,34.8,638,3117,84.71
854,157.8,3.55,40.9,1553,2255,127.55
855,134.8,2.11,45.1,1451,1902,114.8
856,132.5,2.88,37.4,726,1302,75.2
857,179.0,3.82,29.6,1510,3031,127.3
858,132.1,4.46,34.5,1717,1393,135.03
859,154.3,4.67,48.1,543,2804,106.71
860,106.9,2.03,41.1,355,2107,61.7
861,147.1,4.91,45.8,1048,2284,117.16
862,143.7,4.54,36.4,933,2857,114.46
863,127.9,1.34,40.8,920,2221,82.59
864,178.0,4.2,37.7,1405,1454,117.0
865,151.2,2.2,57.4,996,3280,105.64
866,152.0,4.48,51.9,693,3385,119.16
867,170.7,4.21,41.1,1625,3341,148.88
868,148.2,4.16,47.0,415,3033,101.3
869,121.7,2.33,37.9,226,2003,45.23
870,131.1,1.37,52.5,1610,2378,119.16
871,151.4,3.28,50.5,1063,1618,106.09
872,157.8,4.19,38.8,195,1513,67.22
873,151.7,1.17,31.6,1773,2847,118.59
874,152.2,5.49,39.6,718,1812,98.91
875,150.9,3.51,34.3,395,1824,73.25
876,144.4,2.67,42.3,1071,1231,94.51
877,158.7,3.42,33.4,1970,1268,136.47
878,171.8,0.79,50.4,222,2099,43.7
879,138.5,2.29,53.0,246,2959,67.28
880,112.0,4.0,33.7,1185,2805,123.05
881,174.5,4.13,43.6,749,2577,96.92
882,136.8,5.18,25.5,1591,2157,146.99
883,160.9,4.73,54.3,1884,2212,158.16
884,169.0,3.38,26.6,1807,2629,140.37
885,144.0,4.5,52.7,604,1605,93.7
886,144.9,3.36,44.5,813,2031,92.07
887,130.2,3.81,64.4,400,3400,100.09
888,118.5,1.39,53.3,590,2643,79.92
889,150.8,3.0,37.2,1509,2786,126.52
890,152.8,2.01,34.1,399,2543,68.26
891,135.4,3.66,38.1,1568,3089,140.63
892,154.5,1.27,50.3,223,1292,41.45
893,175.0,4.43,59.0,1203,1493,117.73
894,149.0,2.39,47.7,641,1950,76.92
895,136.8,0.62,26.7,1430,2369,102.05
896,166.2,3.12,40.9,653,2185,85.9
897,141.0,4.02,38.6,1352,2379,131.17
898,145.7,4.43,49.5,636,2749,96.99
899,137.7,5.78,43.5,707,2988,119.97
900,162.5,1.84,41.1,1231,2977,101.43
901,167.8,4.59,34.6,1160,2407,119.1
902,174.3,2.28,39.5,179,3001,58.78
903,156.6,1.71,37.3,913,2822,85.41
904,134.4,0.94,47.3,422,2711,61.4
905,185.9,2.04,47.5,720,1374,68.86
906,143.0,1.45,39.9,137,3496,55.55
907,185.6,3.15,44.1,1069,2885,110.59
908,141.4,4.68,37.3,570,3085,104.96
909,156.6,5.98,39.8,1639,1578,147.32
910,135.0,0.72,41.9,1180,1326,88.81
911,158.9,2.97,43.8,1213,1715,101.74
912,143.6,0.52,48.8,1373,3210,101.92
913,179.2,2.64,45.0,1201,3029,103.22
914,147.4,3.32,46.1,1777,1901,142.59
915,153.0,2.58,46.8,1693,2585,131.2
916,148.1,0.74,37.5,1498,2531,103.98
917,156.7,4.03,56.2,1458,2937,138.38
918,168.5,2.31,49.8,1929,2694,140.58
919,165.7,0.64,52.4,1304,1372,89.3
920,158.2,2.31,53.0,532,2506,84.48
921,157.4,0.83,53.6,1117,1495,88.33
922,147.8,3.9,47.5,174,1879,68.97
923,130.0,5.72,36.1,959,2681,122.77
924,163.2,1.35,55.9,920,1571,84.01
925,166.1,3.97,52.8,1918,2145,149.25
926,171.7,5.64,44.5,1644,1560,144.56
927,140.0,3.45,59.8,817,1407,94.73
928,182.4,4.42,50.2,649,2742,95.16
929,140.7,1.08,42.4,1180,2162,96.5
930,131.3,3.14,47.8,353,1844,76.75
931,153.6,1.07,50.8,1550,2048,106.44
932,148.7,2.38,45.2,1309,2957,112.29
933,164.2,5.81,46.6,1775,2494,164.25
934,152.9,5.57,45.9,550,2291,99.37
935,148.6,2.23,33.7,218,2363,57.25
936,172.4,4.88,56.8,1086,3165,127.22
937,150.3,3.52,54.7,422,2226,87.2
938,149.8,4.87,50.5,830,2719,114.94
939,170.0,4.52,60.7,1050,3390,130.77
940,155.6,1.04,42.0,138,2369,42.2
941,152.0,2.01,39.7,615,3291,79.64
942,158.8,5.29,44.1,951,2872,125.86
943,160.2,2.93,41.6,1691,1264,119.72
944,163.3,1.31,30.9,420,1931,60.5
945,141.6,5.97,58.6,1045,1926,134.21
946,161.7,1.43,39.5,547,1897,64.3
947,137.7,2.38,32.2,350,1768,57.23
948,167.9,5.34,58.9,245,2552,91.2
949,173.9,0.51,52.1,1827,2664,120.89
950,138.7,5.22,45.8,215,2409,77.13
951,142.4,5.76,54.2,302,3253,104.76
952,155.3,0.51,49.4,203,1488,33.83
953,149.0,4.47,40.9,555,2357,91.71
954,152.2,4.46,50.2,1984,2106,154.68
955,164.3,5.83,42.6,1383,2758,146.27
956,168.2,1.18,44.1,147,2303,48.77
957,127.9,0.95,48.3,1825,2139,112.3
958,149.9,1.67,40.7,1018,1796,84.13
959,117.5,5.8,58.4,1838,1238,160.1
960,139.7,5.81,29.1,125,2884,84.14
961,168.9,1.58,51.5,686,2880,89.77
962,131.3,5.7,49.3,612,2353,109.36
963,156.8,0.84,37.4,1857,1853,116.83
964,150.3,3.67,35.8,1519,1871,120.54
965,148.1,3.88,35.0,1538,1206,119.65
966,147.9,4.98,54.0,967,1991,114.74
967,154.4,5.23,53.5,1135,1938,130.2
968,149.3,5.81,42.4,181,1647,75.77
969,150.6,3.12,51.4,404,2526,82.98
970,130.8,2.35,39.5,1047,2486,103.9
971,162.0,0.66,71.3,530,1962,61.9
972,142.0,3.25,37.4,956,3050,107.03
973,128.4,3.18,45.7,1370,1975,121.47
974,132.6,1.1,40.6,1504,2641,108.4
975,141.1,5.23,39.4,457,3324,106.17
976,166.6,4.1,38.1,979,2187,106.25
977,166.8,5.88,38.9,225,1634,80.11
978,161.3,0.8,31.6,291,2827,47.83
979,128.3,5.05,34.9,1699,2567,154.36
980,151.1,4.52,45.8,472,2138,90.27
981,162.6,5.66,44.4,1910,2250,159.53
982,161.3,0.79,46.3,1848,1470,115.7
983,137.0,2.03,47.6,1305,2343,105.4
984,141.1,2.7,42.7,1567,2907,123.51
985,164.9,2.69,38.1,1957,2306,135.54
986,120.6,2.3,43.1,357,3340,80.67
987,170.8,4.82,43.5,989,2728,113.46
988,147.1,2.0,52.1,911,3112,96.62
989,140.7,3.48,49.4,1684,3388,140.83
990,149.3,1.64,51.8,297,1812,58.87
991,145.2,3.24,39.4,548,2786,84.96
992,135.3,4.72,45.1,1765,1486,140.77
993,151.2,2.95,37.5,1541,2615,124.27
994,154.7,2.29,42.1,970,2472,95.84
995,130.9,2.61,43.4,1620,2622,133.48
996,146.3,3.28,30.2,512,2454,72.31
997,148.7,3.67,29.5,1245,2623,117.16
998,165.5,5.87,36.7,1433,1771,138.1
999,134.0,5.85,36.0,1410,2444,144.38
1000,138.5,1.19,34.7,550,1635,63.17
1001,143.4,1.71,37.8,1765,2555,127.41
1002,173.4,5.22,51.8,200,1835,83.68
1003,133.3,0.76,48.9,1709,2070,117.88
1004,169.7,3.32,35.5,1857,3011,145.82
1005,130.3,3.85,50.8,1720,3089,146.46
1006,161.1,1.14,40.7,801,3350,89.03
1007,152.1,3.17,55.6,900,3147,99.27
1008,143.9,5.19,53.1,1331,3101,140.65
1009,143.0,5.96,62.8,1850,2267,167.31
1010,146.2,4.76,41.2,669,2869,99.74
1011,145.9,5.24,44.3,512,1813,95.8
1012,152.5,3.06,35.2,1731,1481,124.95
1013,146.3,5.84,40.4,840,2079,116.83
1014,160.0,1.33,50.7,1180,2492,105.83
1015,176.9,0.55,43.6,1015,3011,86.28
1016,153.2,4.65,48.9,844,2668,118.21
1017,152.3,5.36,52.7,236,1279,85.54
1018,142.3,1.29,36.3,873,2666,77.81
1019,154.2,0.92,52.5,1091,3452,104.72
1020,162.6,1.82,50.3,235,2471,61.48
1021,141.5,1.95,45.7,1760,2445,138.18
1022,137.8,2.89,43.2,648,1379,77.4
1023,182.0,1.46,44.7,234,1877,53.69
1024,152.2,2.05,46.8,1073,2976,104.85
1025,123.6,2.38,34.5,1345,3457,117.72
1026,130.9,1.64,53.5,1179,1978,94.29
1027,157.3,4.55,57.6,1359,1450,127.88
1028,165.4,4.55,40.1,1830,2398,149.06
1029,134.8,5.93,47.4,1314,1411,129.0
1030,148.8,3.11,42.1,843,3253,95.87
1031,127.0,3.18,35.5,1055,3487,109.86
1032,154.1,1.32,50.9,1044,1308,86.8
1033,149.7,2.12,40.6,1642,2822,127.33
1034,128.4,4.74,28.9,1361,1637,121.97
1035,152.2,2.66,34.3,1848,2494,135.35
1036,153.9,1.13,41.2,364,1795,56.61
1037,147.9,5.33,48.1,1160,1527,122.5
1038,128.1,1.39,50.7,287,2615,56.85
1039,122.4,0.51,44.4,381,2003,54.91
1040,146.8,5.51,36.6,1453,1834,139.99
1041,140.0,5.46,47.8,1828,1406,154.6
1042,148.3,4.68,43.5,497,1875,92.26
1043,149.2,1.65,28.7,903,3307,82.62
1044,147.6,4.68,43.9,1597,1831,140.78
1045,171.7,3.16,44.9,776,2387,93.71
1046,164.0,4.66,37.1,1092,1434,107.49
1047,155.6,2.99,45.0,1425,3064,126.19
1048,163.8,3.01,49.9,949,3476,111.49
1049,137.7,4.28,54.2,1423,2794,139.66
1050,164.6,5.87,43.4,318,3176,97.2
1051,150.2,3.38,42.9,1532,1742,123.52
1052,147.4,2.92,42.9,1992,3146,157.81
1053,155.6,2.47,50.3,649,1325,74.95
1054,162.0,3.64,45.6,697,2041,87.21
1055,132.7,3.8,57.4,1848,1829,146.16
1056,179.0,2.61,43.9,1759,2846,135.23
1057,159.6,4.4,49.8,1640,1856,137.74
1058,128.1,2.95,49.0,363,1455,67.55
1059,147.2,5.99,50.5,1262,2983,143.87
1060,147.5,3.21,49.2,1029,2817,115.78
1061,141.1,2.2,39.1,306,2213,70.64
1062,127.5,0.66,57.2,1505,2179,109.85
1063,158.0,2.32,41.3,1520,2150,118.46
1064,144.7,1.85,46.5,1554,1461,109.89
1065,145.0,1.6,46.6,1072,1286,82.33
1066,110.5,5.37,63.1,544,2252,112.07
1067,139.0,2.43,49.6,552,2594,84.15
1068,113.1,0.68,42.6,1831,1514,112.22
1069,199.1,5.16,40.5,213,1712,72.67
1070,138.1,0.69,37.9,1865,2455,117.53
1071,142.2,2.14,33.8,1055,2487,96.02
1072,129.9,2.64,42.0,108,1203,52.11
1073,145.4,3.62,45.0,618,3148,87.14
1074,164.5,5.61,49.5,1361,1710,136.25
1075,156.6,0.84,48.6,1590,2203,108.19
1076,155.6,0.99,40.7,1881,1888,112.55
1077,136.8,5.93,45.1,524,2806,106.38
1078,161.8,4.78,36.5,679,2566,101.37
1079,181.8,3.69,47.9,1188,1931,112.22
1080,180.4,4.78,44.7,1244,1946,125.88
1081,134.2,0.53,56.6,1844,2497,126.11
1082,158.6,4.97,52.2,1688,2653,151.31
1083,159.0,4.11,52.6,1945,1504,146.96
1084,173.5,3.3,36.5,138,2556,57.66
1085,149.0,4.17,51.2,1824,2327,151.15
1086,169.9,0.66,52.3,1007,3381,87.37
1087,139.6,3.38,44.9,1563,3173,136.36
1088,167.2,0.8,60.5,663,2167,71.55
1089,162.9,0.92,40.1,865,2797,79.18
1090,148.1,3.04,39.5,891,3057,95.11
1091,159.5,1.33,58.9,1651,2664,122.8
1092,150.4,5.93,57.1,173,2669,96.66
1093,150.8,2.98,41.1,1985,2431,151.23
1094,152.4,5.52,30.2,1237,1561,123.21
1095,160.3,0.61,43.8,1927,3022,131.8
1096,146.2,4.64,53.3,893,3169,119.34
1097,158.0,3.28,36.8,134,2502,64.26
1098,152.4,2.78,35.5,181,2218,56.76
1099,139.5,1.94,36.0,734,2571,80.5
1100,166.1,5.26,49.4,1829,3165,166.08
1101,144.9,2.09,52.3,169,2196,60.85
1102,164.4,0.74,45.1,534,1588,58.21
1103,153.5,3.78,39.3,1023,1494,98.82
1104,156.2,2.47,51.0,953,1667,92.26
1105,161.1,4.43,55.8,1897,2031,150.54
1106,151.0,2.76,50.3,516,2614,78.94
1107,168.2,2.32,42.5,1288,2107,105.07
1108,141.2,1.36,49.9,600,2700,71.55
1109,135.2,1.6,39.2,115,2478,47.7
1110,144.8,4.77,59.3,1976,3169,178.05
1111,153.2,4.21,33.6,1923,2007,147.39
1112,161.6,1.57,30.7,531,2180,61.26
1113,162.0,1.0,54.8,938,1969,84.5
1114,165.0,4.33,41.2,70,2406,67.58
1115,146.4,5.58,50.2,101,1585,81.22
1116,177.3,2.07,41.8,997,1887,83.11
1117,147.8,5.21,57.9,95,2063,73.11
1118,164.1,5.31,39.3,407,1831,82.65
1119,150.6,3.46,44.0,134,2700,70.27
1120,100.0,1.01,40.1,572,3398,69.83
1121,129.9,3.95,39.6,125,2803,70.53
1122,171.2,3.3,34.1,1386,3002,121.35
1123,154.3,5.39,50.1,546,3046,111.2
1124,154.6,1.59,34.8,344,2393,59.16
1125,169.0,2.97,39.3,240,2407,62.98
1126,147.5,5.94,59.6,1776,1900,161.09
1127,153.3,2.28,41.8,1588,1452,113.93
1128,159.7,3.53,53.4,606,2330,96.36
1129,151.7,4.71,56.1,1816,3156,165.64
1130,157.9,4.61,51.1,127,3461,86.09
1131,139.7,4.04,55.3,971,1499,100.86
1132,189.4,5.72,41.6,1372,3231,150.31
1133,126.7,2.01,45.5,713,3498,87.05
1134,150.6,5.2,62.4,745,1482,108.85
1135,142.0,4.27,50.6,753,1743,99.68
1136,129.4,1.97,37.3,980,1786,86.37
1137,175.1,0.69,41.3,582,2816,60.65
1138,158.1,3.83,45.5,1286,2840,127.18
1139,132.9,5.27,52.0,1966,3414,174.7
1140,151.2,0.62,36.0,436,1279,36.84
1141,135.3,4.53,49.9,58,2542,80.83
1142,149.5,3.26,44.2,639,2682,82.23
1143,142.5,1.73,43.0,426,2959,69.19
1144,184.3,1.34,40.0,759,2193,75.42
1145,141.1,3.05,54.0,139,2655,66.74
1146,146.7,5.56,49.3,188,3140,99.43
1147,168.1,0.9,46.0,1651,2543,116.97
1148,159.2,5.0,41.5,1037,1904,112.07
1149,129.2,3.11,43.1,211,2899,74.57
1150,157.8,3.13,47.6,613,1817,83.05
1151,144.0,2.6,39.5,1243,3156,110.47
1152,139.6,4.46,51.3,1998,2045,157.27
1153,129.8,3.09,42.0,1845,2980,148.65
1154,155.9,5.78,52.9,179,3089,91.34
1155,117.7,4.33,35.9,463,3101,95.4
1156,158.8,0.97,43.8,871,2403,77.82
1157,172.1,5.73,64.2,1197,2780,142.16
1158,135.6,5.47,54.2,648,2702,116.13
1159,139.1,4.25,39.7,332,3114,84.92
1160,180.3,1.93,44.0,1787,2512,138.07
1161,149.6,5.69,34.0,262,3316,97.71
1162,157.6,1.51,46.3,910,2358,87.73
1163,169.8,2.26,47.0,1547,1294,110.31
1164,170.8,1.36,34.9,1053,1546,78.74
1165,146.9,1.35,36.3,384,2199,55.97
1166,146.7,1.33,45.0,1548,2107,111.27
1167,145.9,2.44,34.2,1953,2671,138.36
1168,146.2,4.83,39.3,1635,3328,152.12
1169,145.4,5.14,47.3,1790,2640,159.08
1170,159.0,3.4,33.5,1834,2224,137.08
1171,139.9,1.91,51.6,1169,2954,105.35
1172,138.5,3.44,58.5,1568,1945,132.75
1173,142.1,5.2,45.0,1251,2636,135.84
1174,141.4,3.42,42.6,133,1926,60.43
1175,188.7,4.88,44.4,351,2274,80.09
1176,125.8,4.39,49.6,1107,2893,128.94
1177,164.4,1.77,53.3,974,1829,84.01
1178,129.9,0.75,33.8,1755,2290,108.13
1179,152.2,0.87,39.5,1746,1382,111.73
1180,128.3,3.76,30.7,328,3291,77.8
1181,139.4,0.66,37.6,1861,1923,111.96
1182,144.5,2.5,54.5,1127,2803,108.24
1183,152.6,2.63,46.2,1020,2744,105.1
1184,146.2,3.64,38.2,438,1298,70.62
1185,153.5,1.22,37.2,184,1732,37.41
1186,165.2,1.73,49.1,957,2260,89.8
1187,147.0,5.24,28.2,1516,2503,137.36
1188,158.8,3.91,43.5,1973,1974,143.08
1189,128.5,5.84,47.9,1116,2953,140.21
1190,165.7,5.15,40.7,772,3329,111.06
1191,159.6,2.64,64.4,629,2500,92.83
1192,175.8,1.73,35.1,1330,2824,103.69
1193,163.6,1.52,37.4,896,2805,87.54
1194,143.9,0.67,32.0,1290,1766,88.37
1195,162.0,3.66,54.5,860,1807,98.57
1196,132.9,0.63,29.2,808,1666,58.26
1197,125.4,5.12,51.1,1220,2100,132.88
1198,152.0,1.29,36.3,1451,1584,97.38
1199,163.8,3.06,38.8,1410,1253,113.22
1200,164.7,3.36,34.1,1596,1868,116.96
1201,144.4,3.49,38.0,132,1431,48.83
1202,165.7,2.27,52.2,642,2826,79.34
1203,154.4,4.08,52.7,894,1443,98.78
1204,148.9,5.3,48.2,1128,1768,120.3
1205,136.3,0.93,36.3,648,3318,77.26
1206,176.8,4.52,41.3,1467,1287,126.43
1207,134.1,4.55,49.2,1429,3183,144.26
1208,133.7,3.51,47.0,1097,2532,119.62
1209,143.9,4.75,37.3,1923,1727,150.33
1210,154.1,4.62,43.4,1237,1283,113.41
1211,134.8,1.08,41.4,514,3426,66.88
1212,149.9,5.44,61.2,1167,1831,127.11
1213,149.6,2.47,45.3,1051,2938,104.51
1214,129.1,1.64,57.3,1134,1636,101.36
1215,163.8,5.17,51.4,1575,2236,153.67
1216,127.0,5.38,43.8,499,2943,105.28
1217,158.0,3.55,41.1,1969,2078,146.29
1218,134.1,0.89,25.0,1382,2376,98.79
1219,180.9,3.2,47.7,920,2714,100.37
1220,158.1,5.56,48.2,1488,2498,144.42
1221,178.4,5.48,43.4,604,1407,84.14
1222,169.5,3.19,52.6,346,2202,71.78
1223,120.9,5.38,31.8,1696,1771,140.74
1224,129.8,2.18,46.1,808,1444,75.18
1225,148.2,2.61,43.7,1376,1708,113.17
1226,138.9,3.13,44.4,1967,2251,143.49
1227,177.8,1.08,50.6,405,2025,58.51
1228,146.4,4.28,54.6,588,3082,93.93
1229,159.2,4.43,41.5,365,1949,85.11
1230,141.6,4.33,53.6,1671,2051,141.12
1231,163.5,4.89,41.0,83,1424,67.85
1232,142.6,3.94,65.3,1224,2674,126.78
1233,162.2,0.72,34.0,1004,2532,73.22
1234,138.9,2.43,45.5,305,2381,68.81
1235,187.9,2.53,48.3,459,2294,73.86
1236,164.7,3.88,46.4,827,3403,111.4
1237,160.8,1.81,50.9,1223,2156,106.2
1238,160.6,5.41,55.9,640,1725,101.64
1239,148.4,2.53,45.4,52,2940,58.15
1240,137.1,2.78,27.9,176,2170,52.08
1241,134.0,5.18,49.5,1000,1295,110.42
1242,152.5,5.99,49.9,1797,3289,179.23
1243,133.3,0.93,44.1,1457,3155,108.37
1244,171.1,4.29,43.3,863,2818,105.35
1245,154.4,1.9,51.7,1872,1305,132.91
1246,175.7,0.67,60.9,1348,1401,94.04
1247,147.3,5.7,47.2,818,1361,110.72
1248,152.2,1.52,45.9,1191,2395,104.92
1249,150.3,1.26,47.4,845,2630,79.46
1250,163.8,5.88,41.8,202,1239,77.56
1251,149.5,4.72,56.2,1708,2570,150.98
1252,133.2,1.99,51.8,1439,3054,123.83
1253,167.3,5.58,50.6,1707,2549,150.94
1254,138.8,4.91,50.1,1630,2045,149.81
1255,137.1,4.57,40.1,1083,1224,109.27
1256,134.2,1.37,47.2,1569,1519,108.3
1257,164.6,1.03,39.6,1006,1341,70.3
1258,130.0,4.2,36.0,991,3372,116.95
1259,161.9,3.94,41.4,1640,2371,134.47
1260,178.7,3.55,42.7,1567,1638,120.72
1261,151.3,1.46,36.0,314,2622,51.8
1262,140.0,5.09,47.1,1392,2373,139.33
1263,165.9,1.83,35.2,557,1430,56.07
1264,152.7,5.14,36.4,1699,2423,151.4
1265,134.3,3.55,53.4,1706,2287,142.33
1266,150.7,1.82,36.0,128,2597,49.33
1267,145.5,0.51,38.5,1352,3465,99.78
1268,124.0,0.93,53.2,261,1518,50.65
1269,142.0,3.21,25.7,1449,1997,111.56
1270,174.6,2.35,43.0,561,2417,81.87
1271,168.2,3.79,38.2,1634,2130,128.31
1272,157.0,3.06,42.1,527,1834,74.45
1273,160.7,5.73,47.1,1395,2821,144.58
1274,154.8,1.84,58.6,1224,1650,101.87
1275,153.0,1.74,47.5,220,2063,59.12
1276,129.4,3.29,49.7,887,1747,93.99
1277,151.2,3.53,47.1,588,2136,84.38
1278,133.3,1.94,51.3,1445,1497,103.25
1279,156.8,5.26,49.5,1919,1538,156.42
1280,132.1,4.74,38.7,510,1581,85.86
1281,164.5,5.5,31.8,1527,1932,141.63
1282,127.9,2.77,37.7,1412,3209,118.8
1283,146.8,2.73,26.4,1947,2176,130.1
1284,153.7,5.25,36.8,357,3188,98.33
1285,125.4,3.92,44.4,423,2843,87.53
1286,140.1,1.78,34.2,1625,1752,114.75
1287,155.0,5.65,42.6,1527,2490,145.8
1288,154.9,0.89,47.6,1963,1715,126.87
1289,142.0,2.69,40.2,1251,2126,104.33
1290,135.2,1.93,49.7,1264,1748,105.57
1291,131.7,3.33,42.2,402,2310,80.53
1292,153.4,3.47,35.8,604,2961,89.72
1293,142.7,2.08,48.5,1541,1803,119.23
1294,186.5,5.34,46.2,213,2719,85.83
1295,185.2,5.66,51.0,1716,1807,156.34
1296,146.4,2.93,59.4,144,1759,53.32
1297,143.5,3.12,57.9,879,1958,95.95
1298,155.4,5.14,30.9,1354,3070,130.38
1299,161.8,2.57,47.0,1494,2370,126.57
1300,172.2,4.69,39.3,1514,3142,139.21
1301,120.7,1.28,40.8,1102,2403,93.8
1302,168.2,4.21,40.0,450,2772,85.51
1303,149.4,1.53,37.4,604,1722,59.99
1304,141.1,1.63,48.0,96,3124,59.73
1305,138.8,5.21,33.6,454,1924,88.18
1306,129.5,4.97,47.6,1931,1594,154.48
1307,166.0,5.59,47.1,728,2690,117.39
1308,130.8,3.26,44.8,1980,2838,148.61
1309,151.2,1.69,54.3,988,2801,98.44
1310,165.9,4.97,32.7,429,2125,86.42
1311,144.9,4.83,45.3,736,2345,105.48
1312,144.1,5.3,49.5,1695,2629,154.7
1313,146.0,3.44,39.3,1223,2270,109.75
1314,176.4,4.62,38.2,791,2945,108.54
1315,134.5,1.22,50.5,1030,2232,84.24
1316,153.0,5.59,50.4,1990,3336,174.61
1317,172.0,4.26,53.7,604,2767,103.49
1318,156.1,1.02,41.9,1295,2347,90.32
1319,115.0,5.08,46.2,1882,2158,159.17
1320,146.3,2.61,45.0,738,2745,83.36
1321,148.0,3.44,44.7,1944,1649,144.56
1322,182.5,0.83,41.9,188,2676,39.13
1323,151.1,0.92,50.7,1956,1609,116.64
1324,138.2,2.65,60.6,1910,2573,150.82
1325,146.4,3.59,36.8,455,1463,75.54
1326,158.6,4.97,54.8,1582,2469,145.18
1327,144.3,5.71,31.6,1157,2851,127.88
1328,157.7,1.37,49.7,203,1897,43.21
1329,130.3,1.64,37.6,1028,3298,96.85
1330,147.3,6.0,44.1,1625,1937,154.72
1331,140.7,0.59,49.7,1653,1399,104.5
1332,144.9,5.34,49.4,440,1279,90.33
1333,162.7,1.09,51.5,1934,2366,123.84
1334,144.3,5.74,50.8,583,2826,111.99
1335,140.8,0.78,51.9,1337,2826,106.24
1336,174.0,1.24,34.7,1982,3290,131.69
1337,156.3,0.75,34.4,575,1432,48.22
1338,154.4,1.63,54.8,560,2618,77.86
1339,129.5,3.09,51.3,1519,3257,135.45
1340,148.7,5.98,58.8,199,2814,100.16
1341,144.5,3.9,56.8,1978,1647,158.4
1342,151.6,3.58,45.8,311,1382,70.06
1343,148.4,5.46,55.4,1886,2288,157.0
1344,142.6,5.12,48.3,1449,3061,141.92
1345,128.0,5.44,61.5,1292,3066,146.98
1346,144.0,2.24,52.5,1274,3393,115.42
1347,126.9,5.28,39.9,1572,1446,128.06
1348,168.7,5.83,42.8,1427,1220,134.73
1349,139.9,2.31,44.4,1052,3252,106.35
1350,159.9,3.37,32.7,1924,1410,129.94
1351,140.3,2.16,51.4,744,1448,77.9
1352,149.5,2.29,34.4,561,1697,72.6
1353,112.6,3.96,39.0,1490,1365,121.07
1354,129.4,3.17,45.8,1157,1757,107.5
1355,145.8,2.5,38.0,1175,2816,106.2
1356,153.8,3.64,49.9,1863,1521,143.79
1357,156.6,3.15,43.8,56,3189,61.51
1358,173.8,3.45,44.1,988,2469,103.05
1359,158.8,5.28,42.3,955,2417,118.32
1360,122.9,5.56,42.9,522,2256,103.9
1361,132.0,1.33,41.0,836,2315,76.63
1362,164.1,0.97,39.9,1275,1646,95.48
1363,145.5,0.73,54.0,1218,2089,93.0
1364,169.1,3.77,51.2,643,1903,90.17
1365,142.6,4.07,57.0,627,3474,112.73
1366,137.9,4.95,41.1,54,2554,74.12
1367,143.2,3.41,30.3,170,3218,79.28
1368,135.3,3.96,38.8,1666,3317,144.08
1369,147.5,4.52,43.3,109,3455,79.91
1370,179.0,4.85,54.2,964,3081,122.3
1371,123.5,1.36,45.7,298,1996,54.08
1372,169.9,2.37,41.0,1680,3195,134.57
1373,138.3,0.58,47.2,79,3345,48.23
1374,135.7,4.44,35.2,224,3084,79.71
1375,134.9,3.91,52.6,365,1491,77.07
1376,140.3,4.76,34.6,62,3019,75.53
1377,153.7,2.86,48.6,221,2647,65.76
1378,139.0,1.11,37.0,1447,2662,109.38
1379,154.3,0.85,50.5,1944,3416,139.3
1380,135.2,3.84,41.9,1208,2948,122.57
1381,166.1,1.88,44.7,147,1819,38.36
1382,155.7,0.96,54.6,300,2808,55.28
1383,135.2,3.65,56.5,1087,2007,114.7
1384,129.5,3.11,37.3,1619,2812,139.14
1385,157.5,4.79,52.5,1567,1735,142.96
1386,181.3,4.41,44.9,164,2333,74.06
1387,113.7,5.83,43.0,975,2160,127.37
1388,160.5,1.36,37.7,734,3001,76.66
1389,140.8,4.31,47.4,475,3184,95.37
1390,152.1,1.7,37.6,1142,1248,84.43
1391,144.2,5.49,50.1,179,2184,81.44
1392,123.9,5.7,52.8,312,3403,97.77
1393,153.7,3.53,55.2,352,2280,79.54
1394,167.9,4.57,42.2,822,2422,102.71
1395,150.1,3.31,38.5,358,2147,59.09
1396,160.0,1.71,33.1,1328,1921,101.56
1397,142.1,0.85,38.8,1010,1332,69.3
1398,122.7,4.92,60.0,1561,2574,157.92
1399,136.1,5.04,33.3,978,1361,108.49
1400,161.1,5.21,38.8,229,3257,83.45
1401,163.6,0.82,46.5,469,3119,65.78
1402,181.0,5.32,45.2,1302,2794,134.87
1403,136.2,2.47,36.8,611,3240,86.53
1404,142.1,5.72,29.9,1740,1895,150.48
1405,137.5,5.58,47.2,1100,2771,137.85
1406,163.5,0.7,45.1,1177,1967,85.0
1407,122.3,1.84,41.4,1491,1313,103.84
1408,148.5,5.6,39.5,1585,3199,151.82
1409,162.4,5.56,38.9,90,3147,81.55
1410,146.2,5.95,41.0,197,1578,77.25
1411,161.6,4.01,43.5,1650,2385,138.18
1412,163.7,4.92,57.1,1883,2346,156.15
1413,169.5,1.6,34.0,265,2260,53.47
1414,156.5,4.25,41.2,1289,3099,132.06
1415,152.8,2.9,44.4,1555,1969,120.84
1416,145.7,4.81,36.2,152,1402,66.67
1417,143.4,2.68,41.6,832,2929,94.69
1418,147.2,1.86,42.3,998,3432,101.22
1419,138.4,3.46,52.0,1137,3116,114.09
1420,144.6,5.5,59.4,1055,2530,131.86
1421,137.5,3.64,44.4,890,1681,95.02
1422,155.8,4.18,38.0,1070,1344,107.28
1423,146.2,0.64,40.1,884,3492,89.6
1424,167.9,1.04,59.9,406,2955,68.13
1425,158.7,3.03,39.9,1903,3143,138.59
1426,154.6,2.57,44.5,50,1555,48.48
1427,165.7,5.24,47.6,793,1649,104.7
1428,136.3,2.02,39.7,1984,1398,119.17
1429,120.7,4.37,47.8,1651,1837,147.6
1430,158.3,4.69,54.7,1496,3375,148.1
1431,145.8,0.75,39.1,1494,3039,109.66
1432,151.2,4.2,42.2,1837,2442,146.24
1433,167.0,2.16,53.7,150,2311,56.83
1434,146.4,5.97,42.8,505,3474,109.06
1435,154.0,1.49,51.7,1567,2387,112.84
1436,143.9,0.91,29.9,56,1975,26.84
1437,152.3,1.74,65.7,1800,2527,127.17
1438,124.8,2.9,36.3,1406,2923,120.9
1439,135.9,1.74,46.7,598,1525,65.25
1440,139.1,3.72,52.7,246,1633,66.88
1441,141.4,2.07,50.0,178,1257,50.46
1442,190.3,3.77,37.6,1295,3103,128.29
1443,155.7,2.44,39.2,1720,1286,116.02
1444,186.3,1.54,44.8,1830,2983,133.96
1445,153.3,1.92,50.1,173,2396,52.02
1446,123.5,4.55,31.0,1666,2278,137.36
1447,153.6,0.92,34.7,1334,1678,89.2
1448,142.0,2.62,53.7,292,2687,71.27
1449,188.9,4.13,34.9,701,3446,100.09
1450,139.7,5.61,50.1,570,2992,111.18
1451,150.6,5.34,31.1,330,3257,93.7
1452,165.4,4.18,31.5,692,1780,85.55
1453,161.2,5.4,58.8,853,2877,124.11
1454,117.5,0.7,45.1,800,1265,66.72
1455,156.5,3.34,59.2,669,2691,101.26
1456,156.2,5.33,54.4,188,2402,86.5
1457,144.5,3.16,40.8,1153,1613,96.17
1458,128.0,5.45,46.0,1869,1764,156.22
1459,166.9,3.62,42.6,758,2039,91.85
1460,129.5,1.8,50.7,1103,2135,99.74
1461,157.6,4.96,46.8,1559,3448,151.31
1462,165.7,3.12,50.6,1821,1650,140.03
1463,141.9,2.12,36.6,1354,2530,110.66
1464,130.5,0.86,38.0,356,2217,50.59
1465,132.4,1.4,52.8,623,3209,80.63
1466,138.9,1.58,43.4,164,1297,38.93
1467,125.2,1.6,43.5,464,2496,74.11
1468,147.9,1.66,54.6,1137,2997,116.75
1469,163.1,5.52,47.9,1186,1825,133.18
1470,138.5,2.95,38.2,154,2605,53.11
1471,156.3,1.06,40.8,1408,1487,102.31
1472,137.3,1.49,53.3,696,2438,80.79
1473,145.1,2.61,36.8,1923,1838,134.89
1474,144.9,4.08,50.6,1410,3336,144.03
1475,180.0,1.76,53.4,1762,2902,127.51
1476,176.7,5.25,45.1,809,3352,120.03
1477,159.0,0.75,57.6,1680,1555,109.01
1478,112.6,5.04,40.6,342,3367,93.87
1479,140.3,1.31,44.2,797,2165,79.1
1480,147.8,0.82,47.2,1559,1740,109.77
1481,160.0,5.98,39.1,1574,2291,141.29
1482,110.9,1.3,38.2,98,1463,40.07
1483,147.7,0.98,41.3,175,3075,50.08
1484,125.0,0.68,47.4,1232,1355,83.38
1485,158.5,3.36,45.2,408,2281,77.02
1486,157.2,1.73,44.1,716,2338,82.38
1487,156.6,1.09,54.3,602,2651,77.58
1488,165.7,4.24,32.3,1366,2286,125.65
1489,145.9,3.46,46.5,1479,2859,133.24
1490,139.4,4.79,37.4,1236,3048,134.8
1491,136.8,1.86,43.1,145,1665,45.33
1492,161.8,1.12,47.1,1290,3449,116.65
1493,133.8,5.97,49.2,385,1632,92.63
1494,162.2,4.89,36.4,802,2198,100.81
1495,134.0,0.95,45.4,1189,2811,101.53
1496,159.8,1.42,37.8,1792,3152,124.36
1497,130.6,5.07,50.1,124,2491,76.39
1498,157.3,1.55,50.0,272,1968,55.08
1499,163.4,5.99,44.8,573,3342,110.93
1500,138.8,5.81,31.1,451,2325,90.22
1501,144.8,5.6,48.1,1650,1349,144.43
1502,143.8,2.38,38.6,1861,1423,130.81
1503,134.3,5.22,36.5,170,1459,70.29
1504,140.1,0.57,49.2,1377,1890,97.49
1505,154.3,1.19,41.0,1609,3152,120.58
1506,158.8,1.24,53.0,1847,2152,130.34
1507,122.5,5.1,50.3,486,1776,93.16
1508,179.4,2.92,46.9,481,2822,79.65
1509,144.4,0.54,47.4,1983,2291,130.49
1510,137.6,5.27,34.2,562,2102,95.03
1511,160.8,3.77,48.0,1230,2483,122.34
1512,169.0,1.96,46.0,568,2634,72.68
1513,121.7,3.16,46.1,1275,2246,118.9
1514,136.9,4.45,47.3,145,2355,73.59
1515,160.9,2.18,48.2,408,1300,61.38
1516,178.5,1.52,33.0,1004,1895,81.31
1517,158.8,0.61,42.4,1266,2498,90.98
1518,159.3,5.89,38.8,1950,1662,156.66
1519,175.8,5.9,25.9,185,3152,79.6
1520,166.7,1.3,49.3,1224,2674,97.63
1521,141.2,5.98,57.0,379,2055,102.07
1522,153.9,4.43,55.9,1854,3105,157.41
1523,162.6,2.35,29.2,1340,1720,98.14
1524,175.3,0.94,33.8,1956,1715,120.01
1525,140.9,5.67,50.6,1318,1991,135.92
1526,151.6,5.32,54.0,868,1695,116.86
1527,162.2,4.79,40.8,1115,3284,134.83
1528,121.6,3.23,42.6,650,1850,82.23
1529,118.6,4.42,42.3,179,2573,77.69
1530,164.2,0.89,34.1,910,3453,78.45
1531,132.2,1.42,34.3,1013,2191,79.29
1532,133.3,4.57,46.0,538,1564,87.02
1533,138.3,3.18,41.0,1411,1733,118.89
1534,169.1,5.94,44.6,807,2501,113.19
1535,142.1,4.55,48.0,801,2322,105.65
1536,146.8,4.68,50.6,185,1581,80.67
1537,165.7,3.67,52.3,1461,3122,132.64
1538,160.2,1.58,41.5,1630,3289,124.5
1539,164.4,3.53,45.1,1270,2414,117.76
1540,167.7,4.42,37.6,140,2213,72.13
1541,163.8,1.65,36.4,1813,3491,131.73
1542,161.4,4.95,46.7,695,1493,95.18
1543,196.4,2.55,35.6,989,3164,97.46
1544,147.5,3.47,26.7,1023,1976,94.52
1545,119.9,2.93,47.8,174,2113,63.14
1546,153.1,2.86,35.1,961,2652,102.88
1547,178.5,2.18,42.1,1250,2850,100.56
1548,155.7,2.01,34.7,1585,1803,102.07
1549,178.1,2.3,58.0,1843,3333,150.35
1550,167.5,1.86,52.7,728,3259,85.01
1551,113.0,0.91,48.5,879,1329,72.67
1552,135.6,4.32,41.6,751,3038,104.42
1553,142.5,5.65,31.1,1047,3373,129.5
1554,137.8,3.19,49.5,573,3260,91.7
1555,138.4,3.01,37.3,259,2421,71.76
1556,159.1,0.69,40.2,1240,1752,81.68
1557,157.3,5.62,43.6,942,3396,127.09
1558,151.4,3.62,48.4,315,2476,76.51
1559,159.7,2.02,45.6,606,3241,83.0
1560,164.9,5.19,44.7,973,1666,112.09
1561,146.6,4.3,41.9,1350,3316,131.74
1562,143.3,4.81,38.9,1204,2491,131.13
1563,178.8,3.63,37.4,312,2433,77.43
1564,154.8,5.61,54.4,464,1762,92.64
1565,167.4,0.68,63.8,1738,3209,125.52
1566,155.7,5.08,58.3,179,3352,87.86
1567,152.5,1.65,53.0,1980,3336,150.3
1568,172.3,1.17,47.9,569,1957,67.93
1569,168.2,2.23,48.7,599,3418,92.17
1570,156.1,4.57,46.1,697,1848,103.35
1571,158.9,1.19,53.9,1628,1327,113.34
1572,147.0,5.47,50.1,302,1788,79.73
1573,147.3,2.78,45.1,142,2919,65.72
1574,120.3,0.67,49.0,1679,2672,111.72
1575,140.7,2.77,44.1,441,1570,71.12
1576,164.3,0.52,45.6,809,2862,77.37
1577,146.4,2.09,39.6,1088,3271,109.6
1578,142.2,5.46,57.0,1354,1468,126.4
1579,148.4,4.68,46.7,142,1804,67.01
1580,128.2,4.23,39.2,99,1603,69.07
1581,135.6,4.72,41.5,722,1432,105.34
1582,151.0,0.9,41.9,54,1738,38.05
1583,177.3,3.18,32.5,1129,3025,109.4
1584,155.7,2.61,41.9,659,3449,89.28
1585,146.3,4.85,51.5,1781,1865,148.48
1586,140.5,4.75,44.9,1876,2379,152.9
1587,116.7,4.48,55.1,1650,3119,157.8
1588,127.0,2.03,39.0,1418,1794,106.73
1589,145.2,5.04,50.4,169,2490,89.42
1590,152.5,5.29,38.5,909,1675,112.66
1591,142.2,3.85,31.4,887,2540,100.42
1592,147.4,4.73,55.8,885,1927,106.46
1593,127.8,2.25,46.4,1721,2103,132.68
1594,178.7,3.15,58.2,881,2024,106.51
1595,141.2,4.74,59.3,668,1972,103.75
1596,142.5,2.2,34.2,67,3172,55.24
1597,148.4,5.16,57.2,434,3413,111.1
1598,127.8,3.94,50.3,251,2458,86.67
1599,150.9,0.52,36.1,402,3433,59.32
1600,170.3,2.59,33.9,1450,1294,105.39
1601,179.7,4.6,49.0,1625,2843,149.59
1602,147.0,1.76,37.6,791,2212,84.06
1603,168.8,1.81,36.8,1192,1485,84.42
1604,131.5,5.91,44.2,1851,2490,166.67
1605,167.3,3.66,34.1,1426,3477,130.21
1606,154.5,5.61,41.7,73,1887,70.92
1607,157.9,5.96,34.3,1186,2154,125.69
1608,158.7,3.2,47.2,1085,1455,104.21
1609,136.3,2.11,42.4,1297,2591,109.65
1610,136.8,3.05,45.6,1844,2120,140.83
1611,133.7,2.73,42.3,1269,1745,101.68
1612,138.4,5.28,37.8,545,1692,96.86
1613,153.7,2.45,44.5,1007,3218,105.83
1614,155.9,5.77,51.3,84,1881,78.59
1615,125.7,1.28,46.3,180,2142,50.1
1616,177.7,4.31,39.2,1451,2055,127.32
1617,148.7,5.33,32.0,415,2787,90.49
1618,133.4,5.57,58.4,910,1499,114.62
1619,135.3,3.16,40.6,1689,1463,120.77
1620,118.0,3.29,34.9,957,2914,107.89
1621,152.7,4.4,56.0,375,2029,91.44
1622,158.1,1.64,33.6,809,2875,83.21
1623,156.0,4.72,40.0,929,1762,100.45
1624,143.0,1.9,55.9,78,2400,49.96
1625,170.6,2.3,50.6,1088,2010,91.62
1626,158.9,4.68,44.4,614,3332,112.63
1627,159.1,3.68,39.2,894,1614,91.05
1628,118.8,1.43,50.8,361,2862,69.84
1629,155.0,4.4,41.9,1306,3350,129.3
1630,133.3,5.08,51.6,1841,3124,166.96
1631,141.4,4.2,26.3,69,1369,56.08
1632,133.4,5.97,27.6,88,1330,67.68
1633,156.0,2.02,48.8,1360,1978,109.51
1634,126.3,3.71,39.3,1633,2558,139.98
1635,119.9,4.47,38.4,1482,3250,146.11
1636,160.5,2.88,40.0,1005,2845,101.89
1637,144.9,4.59,41.8,863,1996,101.46
1638,135.0,2.5,37.0,315,1736,61.09
1639,181.4,1.55,42.4,1413,1592,97.64
1640,153.9,5.66,53.6,121,2493,94.24
1641,150.1,5.07,54.8,1114,1748,121.92
1642,177.2,1.69,38.9,709,2749,75.32
1643,174.6,2.9,44.1,1830,2322,127.96
1644,171.6,2.47,39.9,1470,1607,104.46
1645,144.4,2.27,55.3,1858,2426,141.52
1646,162.9,3.56,53.4,771,1231,92.84
1647,150.2,3.16,38.2,565,2250,85.0
1648,152.4,0.58,39.2,1180,2092,88.73
1649,153.1,3.9,43.5,602,1258,81.21
1650,151.7,5.88,53.5,1426,1610,139.84
1651,149.6,5.22,53.0,1377,3001,146.22
1652,157.5,4.66,45.4,695,1279,88.95
1653,150.5,3.05,45.5,358,3012,75.6
1654,167.0,5.45,51.0,1637,2983,158.04
1655,141.4,2.25,34.0,835,3054,91.77
1656,158.4,5.27,50.0,901,2423,114.44
1657,155.1,5.49,29.1,1639,1799,142.63
1658,178.3,5.12,44.9,1693,1854,140.77
1659,160.7,2.66,43.6,406,1601,60.89
1660,155.6,3.71,48.8,639,3467,95.97
1661,142.0,1.12,51.8,310,2058,49.76
1662,144.1,2.44,56.1,1098,1722,104.22
1663,134.6,5.1,43.3,1900,3431,159.84
1664,155.5,3.98,40.7,482,2586,89.08
1665,142.3,5.21,41.1,1180,2129,122.81
1666,134.2,4.87,52.2,197,2598,84.31
1667,163.0,0.6,51.9,1878,1719,116.02
1668,169.6,1.1,38.0,1721,2877,113.52
1669,159.5,5.78,49.7,448,2292,98.82
1670,139.9,4.13,35.7,743,2017,88.92
1671,167.2,5.42,53.0,1227,2174,128.98
1672,146.3,2.56,50.3,571,1826,75.81
1673,145.3,2.8,44.9,904,2868,102.58
1674,153.1,0.89,54.5,1555,2781,118.84
1675,138.6,1.0,35.3,1352,3154,105.01
1676,151.0,1.3,38.2,1734,2314,120.46
1677,133.6,2.43,36.3,1586,1250,109.7
1678,142.9,5.17,43.4,1080,1669,117.04
1679,147.0,3.66,50.7,1677,2799,134.49
1680,131.5,4.07,45.6,1871,2498,147.99
1681,128.4,0.66,31.8,558,1486,63.95
1682,139.4,5.7,45.2,563,2434,106.45
1683,159.1,3.28,32.3,1240,2987,109.35
1684,149.4,0.67,35.7,606,1456,51.89
1685,153.0,3.95,51.2,1076,2039,107.55
1686,144.4,0.6,39.2,307,2697,49.01
1687,145.2,5.24,40.6,1578,1227,138.73
1688,140.9,5.38,45.7,1974,2863,179.07
1689,115.7,2.36,51.0,1374,3059,120.21
1690,135.8,1.07,61.3,917,3224,89.64
1691,140.2,5.68,44.1,1105,3213,140.39
1692,150.6,4.52,50.4,1648,2567,143.84
1693,156.7,5.95,44.9,1571,2436,148.79
1694,159.7,0.64,35.9,1298,2569,93.09
1695,162.9,1.71,28.4,1103,1347,80.68
1696,169.1,1.41,51.3,366,2784,67.33
1697,136.5,5.35,34.4,1008,2630,119.23
1698,143.4,0.67,41.6,398,1219,49.01
1699,152.7,1.14,45.2,146,2951,55.16
1700,128.3,1.12,49.9,1625,2155,124.94
1701,145.8,3.32,41.3,1571,2805,130.9
1702,143.8,1.67,32.5,1582,1660,108.57
1703,148.2,2.47,56.8,1004,3426,115.6
1704,143.9,4.1,56.6,1865,1636,145.39
1705,150.8,3.63,37.0,560,3236,94.97
1706,135.0,3.84,52.3,61,2009,68.45
1707,143.5,4.93,45.1,1002,3456,128.49
1708,167.7,4.02,55.2,852,3033,120.29
1709,152.2,4.26,40.9,552,1443,84.51
1710,119.3,5.92,38.3,1059,2876,133.96
1711,139.8,1.07,54.3,1410,2822,108.09
1712,145.1,4.49,35.8,1720,1963,145.92
1713,152.2,4.27,56.7,974,1980,109.85
1714,148.8,4.26,43.6,179,1733,65.95
1715,167.2,3.43,46.9,1842,1774,140.26
1716,178.8,3.85,45.6,1718,2608,143.5
1717,139.0,2.29,45.3,1334,1672,109.33
1718,114.7,5.9,47.2,665,3060,113.06
1719,147.3,5.85,31.2,1046,1353,112.72
1720,151.6,3.4,32.3,1943,2761,142.49
1721,138.6,1.31,35.5,1021,1836,81.1
1722,133.9,0.72,45.0,229,3387,57.62
1723,155.6,3.35,58.0,1387,2359,124.17
1724,152.4,4.82,41.6,477,2197,93.12
1725,136.5,4.99,34.1,757,1459,93.55
1726,151.7,4.98,50.4,1732,2707,161.0
1727,120.2,1.13,36.5,1732,3096,128.55
1728,151.9,5.08,49.0,763,2972,111.39
1729,149.8,2.32,48.1,392,1907,66.4
1730,178.3,5.37,55.4,671,2286,108.13
1731,128.5,4.45,49.3,361,2141,84.78
1732,137.1,3.27,45.1,1933,2263,144.38
1733,132.7,1.78,56.7,1719,2416,127.03
1734,172.9,2.34,48.8,1914,1514,135.19
1735,146.9,2.73,43.5,682,1551,81.78
1736,138.7,1.23,47.5,1905,2377,128.02
1737,160.5,1.41,43.8,634,1566,66.57
1738,114.5,3.17,43.0,1744,1239,127.55
1739,149.3,2.39,39.9,1893,1603,131.88
1740,117.7,4.77,48.8,307,3046,98.35
1741,157.6,4.78,42.3,455,2186,91.62
1742,177.5,5.6,45.3,419,2745,99.38
1743,166.5,3.86,53.9,56,1516,64.02
1744,133.8,4.66,38.4,1561,2721,145.27
1745,146.4,5.72,38.9,325,2735,86.55
1746,153.7,5.73,39.6,422,2250,93.14
1747,152.4,1.34,37.2,1866,2646,127.51
1748,164.2,0.77,50.9,1784,1860,120.18
1749,155.3,0.5,39.1,154,2670,42.33
1750,164.3,4.77,44.6,138,2211,80.64
1751,145.2,0.55,40.9,1632,3059,113.27
1752,142.7,1.74,57.6,321,1505,53.65
1753,150.5,4.27,41.3,597,3126,99.62
1754,162.3,3.24,51.0,74,2593,67.36
1755,131.1,5.28,50.7,1012,1898,123.54
1756,165.5,2.48,38.5,1039,2687,101.62
1757,118.7,4.09,57.6,557,1981,100.54
1758,152.3,4.29,52.4,1325,3465,139.21
1759,154.8,2.26,47.3,724,3238,93.97
1760,154.5,3.22,40.8,716,1830,80.13
1761,157.4,1.0,30.0,1513,3229,104.82
1762,142.8,1.19,49.5,121,2940,54.47
1763,163.2,2.62,47.2,1778,3343,140.25
1764,151.8,4.34,45.6,1981,2190,154.7
1765,140.5,5.35,68.7,139,1362,84.52
1766,145.9,2.27,46.8,937,2752,88.78
1767,151.4,2.85,61.7,987,2149,102.03
1768,161.6,4.53,44.1,1216,2586,125.75
1769,161.1,3.04,43.8,1772,2845,134.49
1770,155.5,0.83,52.8,1361,1683,91.52
1771,155.4,1.84,49.3,599,3268,83.25
1772,147.2,0.6,43.9,1066,1680,74.66
1773,162.4,3.15,51.3,1192,1631,102.77
1774,141.0,3.6,42.8,1434,3489,127.74
1775,132.0,3.08,35.9,524,1747,76.48
1776,161.9,5.85,34.3,556,1263,88.49
1777,171.0,5.29,57.3,935,1936,116.17
1778,161.7,1.96,47.4,229,3489,71.9
1779,170.7,0.93,40.9,862,3285,80.56
1780,149.5,1.53,45.8,1723,2801,121.97
1781,133.0,2.25,52.1,546,2133,70.68
1782,146.9,2.87,35.5,530,1252,66.59
1783,169.6,3.88,49.3,560,2476,93.94
1784,147.3,2.46,42.0,870,2845,90.1
1785,147.4,4.97,47.1,1257,3271,136.0
1786,135.0,3.54,41.2,932,2135,99.76
1787,131.2,3.08,49.5,1701,1486,133.4
1788,155.1,5.85,42.9,168,2480,91.11
1789,172.2,1.55,30.1,1730,2960,117.72
1790,151.4,3.41,40.3,234,2500,72.24
1791,130.7,3.38,44.7,818,2121,91.8
1792,154.0,1.5,32.1,1777,3176,133.2
1793,139.5,4.89,31.5,1594,2899,144.48
1794,151.7,3.19,45.5,1476,1654,116.29
1795,170.0,2.04,57.6,853,3442,100.45
1796,144.1,3.52,27.7,339,1216,62.61
1797,146.4,1.11,54.5,1736,1839,119.07
1798,153.2,3.85,46.7,1345,2297,126.22
1799,131.8,4.93,51.6,1950,1966,163.65
1800,137.0,5.43,44.6,243,2941,91.66
1801,162.8,0.79,31.7,1105,1271,71.38
1802,169.3,3.91,49.1,1192,1641,111.56
1803,145.7,5.85,35.4,1837,3454,178.9
1804,130.3,3.08,54.2,692,1587,91.58
1805,145.5,4.7,37.3,1011,2905,122.57
1806,157.4,3.2,41.0,634,2706,92.66
1807,138.0,5.49,44.4,1355,1695,132.95
1808,175.9,0.87,50.6,645,2533,79.97
1809,137.5,4.03,40.3,1121,3024,119.45
1810,162.1,1.6,62.0,1715,2445,131.15
1811,138.0,1.05,49.1,230,2270,51.03
1812,182.1,0.99,38.1,1968,2257,124.81
1813,127.9,4.29,36.5,346,3053,78.37
1814,136.3,3.01,49.4,519,3276,90.06
1815,157.2,4.66,43.8,650,2435,99.5
1816,149.6,2.41,47.1,1699,3417,131.16
1817,120.1,5.48,51.1,1021,2794,132.36
1818,123.0,3.5,25.0,1769,1964,136.88
1819,154.7,2.57,42.6,504,3308,89.6
1820,148.3,2.62,42.0,1304,2298,111.56
1821,146.1,5.6,58.3,180,1873,80.91
1822,128.9,0.69,46.1,1681,1775,114.72
1823,148.1,3.16,36.9,1042,2899,108.57
1824,127.6,5.71,53.0,1174,3049,139.41
1825,126.7,2.03,47.3,1478,2046,113.92
1826,136.5,2.97,49.4,1729,2885,141.82
1827,151.1,2.65,50.1,1094,1609,102.19
1828,172.0,3.72,57.0,939,2176,103.23
1829,124.9,3.18,44.2,317,1290,64.14
1830,151.6,3.85,41.5,976,2684,112.11
1831,140.8,3.18,32.2,1180,2486,101.96
1832,132.2,4.99,36.9,1959,3327,168.01
1833,148.2,5.46,55.2,1952,3337,181.74
1834,147.8,5.45,39.0,810,3433,119.76
1835,168.0,5.53,50.3,1440,1838,141.95
1836,160.5,3.25,37.2,1082,2892,108.83
1837,148.5,1.46,42.7,246,1915,52.52
1838,136.4,0.86,55.0,448,1712,61.97
1839,161.4,1.6,34.2,316,2049,50.74
1840,161.2,3.56,40.8,1568,2160,124.39
1841,147.4,0.85,37.3,1093,2701,90.0
1842,117.1,4.26,38.4,383,2864,93.65
1843,168.5,3.82,46.3,886,1748,99.47
1844,139.6,3.87,30.3,95,2059,59.73
1845,152.4,1.22,33.8,1269,1392,88.88
1846,157.3,4.27,44.4,738,2268,106.67
1847,152.0,5.82,43.2,1783,1938,152.72
1848,155.6,2.57,39.4,1838,2111,133.1
1849,146.7,3.81,58.7,1606,1510,127.23
1850,155.9,5.7,46.5,357,2218,98.32
1851,136.0,2.02,47.5,337,2082,55.07
1852,172.4,4.69,56.2,463,1401,87.24
1853,159.8,1.15,47.5,1797,1734,115.6
1854,154.1,1.91,37.1,1950,2107,122.56
1855,122.5,3.67,49.1,288,2953,82.03
1856,139.2,3.15,42.9,745,3276,94.92
1857,141.7,3.43,46.4,1631,3130,146.43
1858,153.9,1.65,25.8,1447,1547,96.74
1859,167.2,1.38,30.5,548,2930,71.54
1860,161.2,0.65,44.2,1775,1262,109.1
1861,138.2,4.52,41.2,1367,2194,127.96
1862,147.8,3.7,50.1,1768,2780,147.73
1863,123.7,1.73,49.3,1514,3079,122.72
1864,159.5,5.48,59.9,302,2530,94.18
1865,170.0,3.79,37.1,570,2762,81.9
1866,154.4,0.56,41.4,1092,2134,85.67
1867,165.7,5.05,63.4,1913,2476,171.79
1868,159.2,1.44,46.8,1064,2397,90.15
1869,128.8,1.92,50.8,1966,1683,131.38
1870,128.3,3.3,37.6,1232,3234,123.14
1871,160.3,2.11,45.2,1701,2258,125.52
1872,159.8,0.56,41.5,191,2605,47.77
1873,187.7,3.13,56.0,644,1492,80.92
1874,139.5,0.69,44.8,1753,1403,107.21
1875,158.7,1.54,33.8,666,2687,76.08
1876,151.1,0.82,44.9,1846,1852,113.7
1877,169.4,5.1,56.5,302,3363,97.28
1878,149.7,3.92,46.1,1549,1857,124.18
1879,137.8,2.53,35.1,319,3400,69.86
1880,160.6,1.0,47.2,1047,2317,89.18
1881,168.9,1.98,43.3,1525,3061,117.26
1882,161.7,0.78,31.8,1722,3016,117.75
1883,148.4,3.45,47.1,1328,1678,126.46
1884,146.3,5.51,44.6,378,2084,88.83
1885,148.4,1.62,31.5,1567,2291,107.76
1886,142.8,2.19,39.8,1393,3046,117.06
1887,141.0,4.28,36.7,915,2012,106.89
1888,156.5,5.28,46.6,1405,1768,137.25
1889,174.6,4.92,51.1,242,2866,86.15
1890,163.5,5.23,48.6,504,2119,97.05
1891,152.1,2.28,41.0,1126,1853,95.38
1892,158.8,1.63,50.0,1831,3051,136.67
1893,145.3,4.85,50.4,635,2331,102.15
1894,170.7,2.37,61.8,662,1881,81.95
1895,157.3,1.08,51.0,851,3413,87.13
1896,122.7,0.55,51.9,1445,1961,104.11
1897,134.7,2.42,47.6,1698,2893,140.68
1898,149.9,2.97,25.0,1146,2703,106.6
1899,136.6,1.21,44.7,1573,2851,118.56
1900,152.4,0.68,48.2,684,1844,62.38
1901,135.7,2.47,54.9,1288,1432,108.87
1902,134.7,2.05,32.1,1473,1488,105.79
1903,151.3,1.2,38.5,917,1963,80.99
1904,171.2,5.2,53.6,1308,2923,136.34
1905,157.1,5.75,42.1,82,2856,89.13
1906,151.7,2.73,54.1,430,1628,64.73
1907,157.0,5.01,55.8,881,3243,125.6
1908,156.3,3.5,43.5,228,2768,74.59
1909,138.1,3.92,46.9,550,1452,88.14
1910,172.5,2.05,37.6,1435,3430,117.01
1911,137.6,2.07,53.1,443,1824,69.19
1912,126.2,2.9,43.8,923,2690,98.5
1913,159.6,0.63,48.5,1829,2362,118.72
1914,154.4,4.27,40.6,1283,2250,123.42
1915,177.3,0.89,57.5,991,3136,92.61
1916,130.1,4.47,40.0,673,1900,93.16
1917,116.1,2.66,49.0,97,1351,53.71
1918,137.6,2.36,43.6,1289,1786,101.12
1919,136.5,5.91,65.8,1351,2870,152.81
1920,138.5,2.89,48.1,157,1967,63.83
1921,158.2,3.27,50.7,1826,3281,151.5
1922,144.6,3.76,42.2,114,1638,64.16
1923,170.5,2.16,38.6,654,3355,78.86
1924,153.6,0.97,34.5,1452,3476,106.84
1925,156.5,4.94,27.7,1624,3321,137.68
1926,148.3,5.56,25.0,1711,1524,136.88
1927,160.8,1.65,51.1,1903,2728,137.31
1928,115.6,1.49,45.3,1244,2640,112.41
1929,148.9,5.42,48.3,1837,3449,168.81
1930,144.7,2.45,36.2,1574,3154,131.33
1931,150.3,1.0,37.3,1681,1675,106.59
1932,161.7,2.59,40.6,268,2070,58.76
1933,171.6,3.61,33.4,1229,2639,112.06
1934,144.2,3.14,43.0,1298,2597,115.93
1935,141.2,2.93,52.6,638,3288,94.62
1936,153.8,1.05,63.1,1702,1416,111.76
1937,172.6,0.77,52.6,556,1454,57.83
1938,156.6,3.0,44.6,1165,2896,111.86
1939,146.9,4.07,49.4,1584,1440,125.83
1940,166.0,1.13,34.4,1506,2656,104.47
1941,139.7,0.86,38.3,1920,2543,121.14
1942,143.8,5.62,40.6,1111,1727,125.81
1943,163.6,1.67,43.2,1972,1701,129.92
1944,128.4,3.6,49.9,1611,1520,127.72
1945,108.4,0.8,43.7,1424,2002,106.89
1946,144.4,1.51,44.5,556,3234,80.84
1947,135.1,2.64,39.6,55,3118,57.32
1948,150.0,0.82,56.8,536,1747,66.37
1949,171.1,0.98,48.0,1815,1234,115.7
1950,140.2,2.75,33.5,1082,1482,92.41
1951,140.9,0.66,42.3,1269,2700,101.67
1952,137.9,5.33,45.3,1568,2397,146.2
1953,163.7,0.97,37.4,1514,2653,104.45
1954,124.9,3.18,52.0,966,2102,113.67
1955,160.2,5.85,50.0,877,2861,127.78
1956,144.1,2.13,42.3,407,3309,72.63
1957,170.9,2.3,50.2,183,2674,58.18
1958,133.0,0.92,44.5,640,1355,59.66
1959,147.6,2.47,55.0,62,2860,61.43
1960,159.1,0.66,49.6,299,3388,56.67
1961,155.5,1.66,46.8,560,1651,66.8
1962,139.7,1.35,43.9,95,2086,43.63
1963,149.7,6.0,44.5,1504,2557,150.73
1964,132.2,4.25,35.9,1802,2978,158.91
1965,176.9,5.96,59.4,1359,1528,148.0
1966,159.3,1.91,48.3,1736,3417,140.1
1967,156.5,1.23,38.4,275,2672,53.39
1968,149.8,5.76,55.4,1050,1642,123.77
1969,102.9,5.09,37.8,85,1866,66.73
1970,161.4,2.68,34.0,1268,1819,104.41
1971,153.4,2.68,51.4,1647,2242,118.24
1972,172.7,5.32,50.4,1909,2948,164.18
1973,153.7,2.16,50.7,550,2130,78.63
1974,152.2,3.29,35.3,428,2698,82.62
1975,156.8,2.55,55.8,81,2529,58.54
1976,140.4,2.74,25.0,1332,2899,109.29
1977,182.1,2.88,38.6,552,3288,84.18
1978,139.1,1.09,47.5,320,1481,51.7
1979,149.7,3.32,41.2,1196,2220,110.47
1980,184.9,4.45,32.8,1977,2232,150.6
1981,153.1,5.23,46.1,823,2087,120.83
1982,133.3,3.48,42.3,334,2479,73.63
1983,131.6,1.64,45.2,946,2063,86.31
1984,141.8,3.11,50.0,1159,1240,101.82
1985,144.6,4.73,55.7,440,1893,87.8
1986,135.1,1.63,34.7,1369,1900,105.96
1987,143.2,3.86,29.3,286,2078,69.8
1988,150.1,1.6,45.3,206,2173,54.21
1989,155.8,4.26,39.0,1746,2264,145.04
1990,145.5,0.94,54.1,232,1297,46.41
1991,167.4,4.35,44.1,1516,1201,124.97
1992,153.4,2.32,38.3,1736,3260,134.04
1993,138.1,0.66,46.1,1832,1475,113.31
1994,164.5,2.58,41.5,378,3038,72.63
1995,158.7,3.0,42.7,201,3101,70.07
1996,152.0,1.5,52.6,852,3254,93.62
1997,140.8,0.86,46.0,205,1235,43.12
1998,151.7,4.43,46.3,1432,3132,135.63
1999,161.9,2.73,46.8,144,3301,72.81
2000,129.6,5.38,52.0,891,1862,111.68
2001,125.3,3.54,37.6,802,3325,101.56
2002,127.7,0.98,37.9,678,1269,62.05
2003,135.4,2.97,41.4,1651,3491,133.19
2004,134.1,2.01,40.0,964,1326,76.87
2005,160.1,5.94,56.6,733,1841,119.52
2006,164.9,1.96,40.2,277,2049,60.22
2007,145.6,4.88,29.2,1153,1395,113.72
2008,153.9,2.77,41.3,1060,3033,102.2
2009,134.0,4.38,47.5,1001,3193,122.02
2010,134.7,4.11,42.8,198,3143,86.78
2011,153.2,1.29,43.0,99,2324,44.02
2012,133.3,0.84,48.5,1046,1352,79.5
2013,138.7,5.91,47.6,1004,1691,115.35
2014,151.1,0.76,36.4,1777,3329,120.68
2015,133.7,3.59,50.6,168,1760,63.13
2016,145.7,1.1,40.1,317,2391,51.97
2017,138.8,3.95,56.3,383,2716,94.15
2018,167.9,3.61,45.2,1492,3012,139.34
2019,118.2,3.38,51.6,729,2870,98.57
2020,146.3,2.28,59.3,419,1508,68.62
2021,141.6,5.15,49.2,819,2127,113.81
2022,175.7,3.83,45.1,895,1466,99.37
2023,147.6,2.73,46.0,695,3070,93.67
2024,152.0,0.96,35.5,1865,1706,118.55
2025,164.4,1.31,35.8,258,3008,54.12
2026,147.7,3.22,47.4,1246,2604,116.33
2027,148.4,3.41,47.6,465,2826,86.48
2028,151.7,5.07,42.3,910,2718,112.87
2029,154.6,3.17,36.6,491,1883,78.4
2030,123.2,4.42,33.6,608,1263,84.3
2031,162.7,5.91,54.1,1532,2982,159.34
2032,158.0,1.76,42.8,1933,2898,136.67
2033,148.8,2.13,47.5,1913,2196,141.97
2034,136.8,5.55,50.5,319,2515,99.21
2035,144.1,5.7,48.6,1956,2110,170.55
2036,147.4,1.08,39.0,1278,1986,93.61
2037,156.3,0.66,46.6,749,2071,67.31
2038,147.5,4.37,29.9,363,3147,91.6
2039,135.1,5.18,54.8,815,3352,122.21
2040,139.3,5.46,49.0,1740,2324,157.76
2041,148.4,3.12,51.0,273,1203,61.77
2042,141.8,0.58,45.9,274,3441,59.16
2043,169.4,4.82,44.5,1972,2599,155.83
2044,161.7,5.92,54.4,505,2684,106.44
2045,143.3,0.74,29.1,1386,2737,100.37
2046,153.8,4.27,43.0,629,2852,98.62
2047,139.8,5.57,57.6,564,1716,99.58
2048,127.5,1.42,46.7,1706,3224,129.85
2049,151.0,5.87,70.3,943,1308,124.68
2050,129.3,0.58,41.0,1598,1360,97.37
2051,142.0,1.76,39.8,1909,2012,134.32
2052,139.8,0.62,52.8,270,3130,62.08
2053,161.0,2.11,43.3,834,1475,83.38
2054,136.3,1.29,50.2,553,1733,61.68
2055,175.7,3.88,44.2,1333,3146,129.61
2056,159.2,2.44,48.1,1239,1606,98.07
2057,163.2,0.99,43.0,710,1214,67.13
2058,152.7,2.3,35.5,1979,2840,140.05
2059,149.9,3.51,43.2,257,1200,64.55
2060,167.1,3.8,47.3,1888,2748,150.35
2061,156.9,3.88,46.5,1663,2871,132.85
2062,162.4,2.12,49.4,1812,3284,137.32
2063,141.9,5.95,46.4,843,2507,125.7
2064,168.9,3.73,61.4,1920,2019,149.67
2065,172.4,2.25,37.9,1328,1495,104.98
2066,172.1,1.28,47.9,574,1652,66.16
2067,157.1,4.68,42.8,1996,2815,158.01
2068,137.8,4.66,55.8,708,1931,105.47
2069,163.1,1.36,43.2,822,1319,71.18
2070,150.9,1.12,35.2,115,2004,39.69
2071,154.7,3.55,44.8,1586,3175,128.96
2072,149.4,0.89,51.2,1843,2104,122.74
2073,150.1,3.69,42.4,1909,2714,153.14
2074,147.1,0.89,46.2,929,3122,94.94
2075,139.2,5.25,34.1,1825,2404,152.81
2076,149.3,0.51,45.4,1729,1985,108.46
2077,171.9,1.71,41.9,1005,2728,93.71
2078,156.4,4.27,46.8,244,2154,69.73
2079,169.0,1.64,61.1,1217,1573,95.6
2080,143.6,1.13,55.0,1086,1869,88.76
2081,159.8,4.62,41.0,1416,1770,125.68
2082,140.7,5.81,48.4,515,2803,108.36
2083,158.1,1.39,38.2,127,1651,36.12
2084,137.2,5.31,43.3,647,1441,90.14
2085,153.8,5.13,40.5,1990,3261,172.37
2086,104.4,1.34,53.7,1801,3291,130.88
2087,146.3,5.53,40.3,1406,3293,150.06
2088,142.3,4.18,40.4,1154,2828,116.7
2089,150.1,1.38,43.2,1915,2039,121.77
2090,141.4,2.17,44.3,1599,1257,112.42
2091,162.4,3.7,35.8,1723,2205,127.7
2092,115.9,0.53,36.7,1008,1811,78.92
2093,157.0,5.44,42.5,315,2443,95.75
2094,143.8,0.93,49.3,189,1560,49.12
2095,135.5,1.3,50.3,752,3383,86.93
2096,132.7,4.48,42.8,1988,1320,147.29
2097,124.9,1.16,49.2,1942,3197,136.55
2098,109.4,3.21,42.2,439,3431,84.63
2099,157.5,1.52,45.4,1461,2509,110.89
2100,147.8,0.62,43.1,374,1837,48.8
2101,160.4,0.69,55.6,1162,2371,91.58
2102,162.0,1.43,55.6,357,1394,58.17
2103,138.9,4.07,57.0,608,3219,103.6
2104,142.6,2.92,39.9,1864,2204,135.32
2105,144.2,4.73,40.3,498,3487,103.01
2106,118.1,1.57,31.6,1670,2360,119.31
2107,155.5,5.51,45.9,1100,2802,122.15
2108,113.1,5.83,40.6,1902,3183,170.62
2109,123.1,4.05,51.1,1941,1800,156.21
2110,130.1,4.96,31.3,631,1291,87.4
2111,144.4,2.43,46.3,257,2303,66.24
2112,125.7,1.63,48.9,823,2089,82.76
2113,149.3,1.67,53.3,283,2331,59.18
2114,162.0,4.38,34.9,431,2443,84.44
2115,135.7,1.65,28.4,208,2045,49.62
2116,146.1,5.8,53.5,808,1512,118.15
2117,135.4,3.9,50.0,469,2491,92.09
2118,155.6,4.53,44.5,164,1455,62.55
2119,158.6,0.66,57.8,1068,1898,81.46
2120,171.1,2.85,45.9,577,1677,81.12
2121,148.1,5.97,56.6,347,2025,98.45
2122,119.5,4.03,33.6,1918,1217,137.92
2123,135.6,5.88,43.5,213,1361,86.11
2124,129.8,3.08,58.2,89,1657,60.97
2125,151.2,1.1,43.3,661,1798,68.68
2126,148.9,1.54,41.3,701,2643,76.74
2127,174.1,4.99,47.9,847,2300,110.42
2128,154.3,1.48,36.9,224,2525,55.2
2129,133.1,5.32,68.6,819,2756,127.64
2130,161.5,1.52,34.3,880,2920,83.99
2131,144.3,4.9,50.8,411,1699,87.87
2132,132.8,2.41,41.1,1705,2792,128.52
2133,151.7,1.99,45.2,634,1829,73.09
2134,125.3,3.24,49.0,1514,3369,133.42
2135,164.7,5.55,48.9,1390,2264,137.97
2136,107.1,4.57,51.2,699,3352,119.5
2137,161.9,5.2,46.6,1656,2027,139.73
2138,144.3,2.41,46.2,1135,3339,114.49
2139,148.3,3.78,45.4,955,1629,100.22
2140,155.7,1.36,63.8,1570,1943,120.89
2141,139.8,2.93,44.6,1397,2942,125.57
2142,149.5,5.86,45.4,976,2857,128.83
2143,143.7,1.63,39.1,285,3346,65.4
2144,130.7,1.61,55.1,1289,1292,96.47
2145,145.0,3.9,35.4,1601,1406,126.41
2146,153.3,5.65,27.3,115,1464,69.38
2147,154.9,3.54,40.9,1006,1812,102.22
2148,161.7,2.65,31.0,130,2335,51.32
2149,145.5,4.12,45.4,1238,3080,134.54
2150,156.2,5.0,47.4,1215,1407,115.08
2151,144.0,3.6,30.4,1757,1264,126.76
2152,161.4,0.86,34.4,937,1941,75.84
2153,158.4,3.12,35.9,1392,2768,119.8
2154,137.9,0.66,51.8,759,1252,67.75
2155,136.2,3.16,36.2,340,2295,67.45
2156,157.4,2.01,47.1,948,2638,101.22
2157,156.7,5.71,43.2,161,2941,89.8
2158,149.3,2.46,36.7,1416,2995,120.37
2159,160.2,0.95,48.1,224,2375,46.16
2160,140.5,2.84,75.0,1768,1465,135.85
2161,136.8,3.13,55.8,1707,1864,134.55
2162,141.6,0.86,48.3,1419,2186,103.77
2163,162.5,0.59,33.5,274,2196,41.25
2164,130.3,5.61,49.1,255,1743,85.41
2165,133.2,5.12,58.6,697,3205,116.31
2166,123.8,1.05,49.9,154,2483,62.23
2167,113.9,4.26,43.1,541,3291,100.19
2168,157.5,3.94,51.1,1508,1368,137.1
2169,161.3,3.56,50.7,829,1860,101.82
2170,136.2,3.94,47.3,1505,2351,123.99
2171,154.9,4.5,47.3,1043,1930,111.14
2172,152.0,4.17,50.9,692,2807,99.58
2173,132.2,4.05,49.6,1645,1804,143.06
2174,112.4,5.57,45.7,511,3312,114.67
2175,125.7,4.48,29.5,432,3461,99.92
2176,148.0,0.82,36.9,948,1493,68.76
2177,159.8,3.72,43.5,1849,2275,139.24
2178,161.8,4.24,37.1,1012,2388,108.71
2179,165.0,3.0,40.4,1694,3154,137.78
2180,154.7,3.3,25.0,1774,1443,117.59
2181,156.9,2.73,38.6,860,1576,87.47
2182,152.0,2.26,27.3,469,1757,58.68
2183,142.1,3.17,52.9,1104,2773,118.07
2184,148.1,2.81,54.3,1253,2319,112.97
2185,144.0,0.83,48.1,1616,2845,116.57
2186,167.6,0.83,31.6,370,3228,55.59
2187,163.9,3.81,49.9,730,2492,96.71
2188,163.3,3.02,49.6,1221,2852,115.46
2189,139.5,3.8,28.9,446,1820,67.81
2190,146.8,2.34,42.4,446,3186,72.55
2191,154.1,1.52,32.1,755,2759,75.53
2192,160.6,0.73,32.2,202,2002,44.69
2193,146.0,1.46,44.1,1217,3061,105.16
2194,137.4,5.21,41.7,284,2532,86.19
2195,120.4,1.14,44.9,1474,2009,105.68
2196,160.5,3.31,50.0,787,1211,88.31
2197,177.1,5.11,52.1,797,2666,113.19
2198,136.0,4.24,45.8,1334,3281,134.69
2199,159.1,5.29,55.1,907,2868,119.35
2200,171.0,4.39,52.5,1815,1565,143.82
2201,163.8,3.89,43.2,1333,2639,123.68
2202,161.9,1.15,43.6,1048,1405,74.93
2203,139.3,1.8,54.2,1545,2630,121.3
2204,159.2,3.75,42.9,646,1739,90.6
2205,179.7,2.03,64.0,331,3202,74.43
2206,113.3,5.18,63.0,1656,1592,144.25
2207,132.0,0.83,65.9,1343,3264,117.36
2208,171.0,2.65,55.3,1257,1749,111.71
2209,155.6,2.55,45.7,365,3278,81.16
2210,177.8,3.9,34.7,1608,3253,138.07
2211,154.7,5.74,40.8,1309,2556,143.57
2212,124.3,3.6,45.9,1328,2369,112.13
2213,153.9,1.28,39.9,195,2447,46.49
2214,125.3,4.03,53.8,462,2405,89.85
2215,141.1,2.7,32.2,1119,2469,109.02
2216,161.2,1.46,46.1,408,1457,57.31
2217,148.9,4.61,45.0,903,2188,104.7
2218,134.7,2.29,63.0,741,3274,100.05
2219,154.4,5.84,50.1,360,1393,97.65
2220,127.1,1.66,35.3,193,3258,52.71
2221,151.5,4.17,43.0,98,1793,60.75
2222,155.6,3.92,45.7,1566,2078,134.03
2223,164.7,2.04,41.0,503,1922,66.49
2224,157.0,1.65,41.9,1217,1543,88.65
2225,158.7,4.33,60.7,534,3375,104.44
2226,141.1,1.99,47.2,1993,1533,131.96
2227,158.2,3.08,45.5,1599,3049,132.7
2228,159.7,1.87,30.3,381,1288,46.11
2229,166.8,3.48,40.4,1039,1458,96.82
2230,139.9,1.36,60.7,87,1868,46.09
2231,135.7,1.11,35.7,1808,3009,130.74
2232,149.1,1.62,47.5,697,3414,86.02
2233,152.3,4.37,32.5,1967,2995,161.22
2234,142.1,5.85,37.8,1600,1318,146.06
2235,138.9,2.95,37.4,1031,3114,102.38
2236,160.1,4.55,34.5,400,1702,77.29
2237,138.7,4.0,29.9,1640,1475,118.73
2238,156.7,3.48,40.0,1731,3205,142.79
2239,138.5,3.46,44.0,51,2447,66.98
2240,151.5,5.98,35.6,482,1818,98.3
2241,185.0,4.07,47.6,297,2585,80.42
2242,149.8,4.39,35.1,769,2557,98.78
2243,149.1,5.47,50.7,691,1922,107.38
2244,131.1,2.25,50.3,1701,2924,132.56
2245,159.9,1.21,32.7,272,2821,49.47
2246,136.1,3.68,44.3,1136,1278,108.64
2247,163.6,1.59,43.1,610,1912,64.05
2248,149.0,1.4,42.9,1041,1546,87.3
2249,156.2,5.39,40.1,234,2033,79.52
2250,146.6,4.92,37.4,718,1447,102.78
2251,140.7,1.68,56.3,1656,2086,124.8
2252,124.2,3.03,48.3,1714,1470,136.23
2253,155.2,5.39,47.5,1058,2285,119.82
2254,136.7,1.92,47.6,1537,2289,114.71
2255,160.7,4.66,44.3,372,2035,82.35
2256,149.0,2.1,48.5,1778,1506,128.36
2257,148.9,3.87,30.5,535,1808,82.69
2258,153.5,5.08,25.0,844,1568,101.56
2259,182.7,2.58,43.9,101,1318,48.48
2260,142.7,4.22,53.0,968,2739,119.45
2261,129.9,2.02,40.5,726,2456,84.53
2262,154.6,3.87,39.7,874,1911,98.08
2263,152.3,2.06,39.7,182,2858,66.46
2264,114.3,4.35,39.6,1817,2485,152.8
2265,177.5,5.95,26.3,1862,3490,167.54
2266,129.1,5.92,48.7,150,1982,92.97
2267,137.1,4.46,45.9,115,2894,80.2
2268,163.7,4.84,57.3,1278,2122,132.57
2269,161.0,0.95,45.4,944,1706,82.18
2270,152.3,5.86,43.3,1094,1632,119.39
2271,146.9,3.45,44.8,607,1712,77.71
2272,129.4,5.42,50.9,1675,1984,150.79
2273,141.0,4.57,45.5,291,2088,84.34
2274,125.0,5.18,51.6,1104,1499,119.97
2275,147.2,4.17,43.2,1322,1926,113.48
2276,145.0,4.01,56.0,449,2042,82.24
2277,157.4,2.7,53.6,972,2106,101.68
2278,163.4,4.91,44.3,265,1346,79.3
2279,154.7,4.99,35.2,1382,3481,136.27
2280,151.9,0.57,53.0,1312,2827,100.37
2281,174.6,2.97,38.4,319,1641,59.11
2282,156.2,1.64,62.5,1830,1298,124.35
2283,150.5,2.47,38.6,1460,1279,108.95
2284,160.0,2.7,45.7,1568,2093,125.22
2285,137.8,5.92,25.0,611,3428,109.95
2286,154.3,2.48,52.7,1453,1319,113.82
2287,128.9,4.02,51.1,1311,2575,131.29
2288,154.3,5.55,37.2,534,2657,99.18
2289,164.4,0.98,31.5,310,3130,53.37
2290,150.6,5.24,48.6,879,1333,115.25
2291,138.4,5.54,52.2,191,1750,83.2
2292,123.6,4.53,42.0,1558,1580,127.34
2293,172.9,4.33,43.6,1659,2157,135.01
2294,122.1,4.0,52.5,726,2961,108.4
2295,156.9,1.37,41.1,277,3347,52.36
2296,159.5,1.96,25.0,1328,1256,89.58
2297,157.0,2.97,35.6,272,3229,73.1
2298,153.9,2.23,52.1,704,1489,82.84
2299,131.0,3.52,32.7,525,2210,82.63
2300,163.1,3.1,49.5,1756,3104,144.85
2301,170.0,5.85,53.1,1554,1515,154.02
2302,148.5,1.48,50.8,993,1387,89.27
2303,148.7,5.44,39.5,1744,1738,146.21
2304,150.2,5.38,53.1,293,2326,87.69
2305,172.1,2.83,47.4,641,2195,85.22
2306,133.8,3.92,37.1,730,3328,99.96
2307,147.6,4.84,46.9,302,3329,94.18
2308,134.1,0.56,33.2,802,2050,67.48
2309,166.5,2.48,53.2,378,3135,79.54
2310,168.5,3.43,45.5,1264,3102,119.47
2311,147.6,2.1,52.6,665,2835,82.27
2312,128.8,4.94,45.4,1538,1370,133.18
2313,135.8,1.13,35.5,844,3385,83.66
2314,126.1,4.91,55.3,1240,2354,131.27
2315,157.9,5.18,58.5,1164,2826,129.6
2316,130.6,1.78,41.1,890,1721,82.2
2317,129.5,5.16,26.5,1243,3337,133.02
2318,140.7,1.65,45.2,1158,2479,91.96
2319,161.4,3.87,58.4,1293,2121,119.92
2320,146.3,3.46,36.9,1254,1949,115.87
2321,120.9,3.91,39.5,205,3188,80.13
2322,165.5,2.28,55.2,1189,1870,101.64
2323,117.6,2.91,46.8,196,2408,73.32
2324,148.6,4.13,40.9,106,3292,77.04
2325,155.7,5.1,46.7,384,1234,77.79
2326,155.0,1.77,60.3,1222,3036,106.65
2327,134.7,4.97,38.4,1553,1557,136.8
2328,134.0,3.25,56.4,412,2069,84.33
2329,156.5,3.73,45.7,1888,1525,144.4
2330,131.9,3.55,47.3,767,1881,94.85
2331,166.6,2.91,44.8,668,1206,74.93
2332,144.6,2.28,39.6,1059,3007,98.48
2333,123.6,2.14,49.1,166,3272,74.96
2334,163.4,5.67,49.2,571,1808,97.96
2335,152.5,1.72,33.2,169,2838,51.73
2336,140.8,4.74,52.7,1044,1262,106.75
2337,151.3,1.86,50.6,503,1649,69.74
2338,142.4,4.37,39.8,725,1889,96.25
2339,150.9,2.86,38.1,958,2092,87.3
2340,174.6,5.07,44.5,250,3089,88.67
2341,122.5,2.83,45.9,409,1796,74.77
2342,152.2,2.54,49.3,1676,2009,121.93
2343,178.5,2.61,42.4,511,3295,77.63
2344,148.4,0.65,37.5,1221,1396,76.64
2345,153.1,2.44,45.2,1090,2481,102.65
2346,171.6,1.3,44.8,1002,2529,89.58
2347,163.7,4.83,47.4,226,1693,74.95
2348,157.1,3.31,48.9,1679,2572,133.66
2349,153.4,1.44,42.1,1139,1549,87.86
2350,148.6,4.52,36.1,719,1297,93.37
2351,164.6,2.53,41.3,921,3139,96.53
2352,155.0,1.81,46.7,895,1816,82.31
2353,157.5,5.46,33.9,410,1210,77.57
2354,149.1,1.26,34.2,975,3477,88.74
2355,139.5,1.41,42.3,1240,2039,95.89
2356,152.9,1.27,48.9,1974,2497,132.33
2357,160.6,0.5,33.3,289,2181,41.95
2358,157.7,0.8,51.5,1808,2872,127.49
2359,128.0,5.46,33.5,1260,2661,139.8
2360,158.8,1.3,45.8,1917,2429,130.69
2361,137.8,0.69,49.2,1705,1649,111.87
2362,176.5,4.47,51.7,344,1286,75.69
2363,135.1,5.1,44.7,1431,3375,157.01
2364,159.0,3.43,49.1,1652,2275,128.95
2365,139.0,3.16,60.9,1422,3337,132.82
2366,151.2,5.46,63.9,1501,1679,142.13
2367,155.6,2.91,45.1,1125,3486,118.25
2368,148.5,2.54,45.7,1132,2740,111.05
2369,151.4,0.58,34.7,1294,3063,99.15
2370,145.6,2.59,50.6,1203,2626,113.69
2371,178.8,4.3,39.5,657,3380,104.66
2372,177.0,2.57,48.8,1044,1276,90.64
2373,139.4,3.15,39.4,1412,3246,125.34
2374,146.2,1.71,49.9,1502,2211,114.52
2375,142.6,3.74,30.3,338,2656,74.97
2376,140.7,2.38,41.0,132,1490,50.52
2377,168.6,3.7,46.3,984,2211,113.22
2378,151.1,2.22,48.9,944,2409,101.59
2379,148.8,4.81,51.7,941,2482,120.0
2380,147.7,3.55,43.7,495,1962,85.98
2381,164.0,3.01,60.7,1452,1320,127.98
2382,141.5,2.72,39.3,853,1648,85.92
2383,136.3,5.92,48.4,326,2097,98.73
2384,130.8,1.02,46.9,1525,2823,113.47
2385,133.4,3.22,61.6,1813,3174,154.48
2386,150.6,4.42,40.4,877,1394,102.07
2387,141.7,2.0,53.1,490,3126,79.89
2388,155.2,0.81,39.4,899,2981,81.71
2389,137.2,3.42,58.8,822,3212,109.61
2390,146.1,4.19,54.8,630,1908,92.46
2391,160.5,5.05,42.8,1501,3358,146.03
2392,130.0,1.99,37.3,779,1992,84.15
2393,153.0,2.07,40.3,1243,2101,102.23
2394,140.4,0.67,39.0,1841,2221,115.83
2395,166.2,4.85,61.6,599,2209,100.94
2396,154.5,3.63,38.0,1630,3431,142.08
2397,114.4,4.56,44.6,1604,2565,138.51
2398,157.4,3.56,39.4,660,1794,86.8
2399,151.9,5.58,49.7,1515,3419,160.76
2400,172.1,5.63,43.0,728,2135,108.99
2401,152.5,5.2,45.2,97,3463,84.96
2402,148.0,4.01,45.1,777,1383,91.65
2403,168.7,4.81,25.0,1648,2931,137.8
2404,142.1,4.24,59.8,513,2178,93.93
2405,152.0,1.56,46.3,166,1949,51.66
2406,148.2,4.51,52.3,244,1948,72.9
2407,145.2,1.85,53.9,795,1507,80.23
2408,153.2,1.94,44.1,1292,2621,105.91
2409,149.4,1.94,46.5,1501,2187,116.38
2410,152.1,2.81,54.9,920,2430,103.93
2411,158.5,4.28,43.1,1970,3404,163.61
2412,177.2,1.25,43.8,1429,1583,100.33
2413,143.5,5.27,41.3,1065,3454,132.11
2414,143.2,5.0,51.8,996,2389,125.49
2415,128.7,0.73,59.1,862,2608,86.44
2416,166.9,0.78,46.3,775,1421,58.54
2417,157.9,5.36,42.9,796,2575,118.77
2418,139.4,1.71,46.3,1619,2631,116.56
2419,167.1,2.97,50.1,449,3131,86.06
2420,121.8,2.25,58.7,133,1618,59.44
2421,138.4,4.11,58.0,955,2901,121.24
2422,144.5,2.88,39.3,960,3138,103.65
2423,171.3,5.97,47.4,1342,1316,138.21
2424,165.3,2.58,53.6,586,2345,81.66
2425,142.3,0.87,39.5,1453,1821,100.75
2426,149.8,0.87,38.7,413,2813,60.82
2427,143.5,4.79,58.2,51,3310,81.31
2428,161.1,5.6,32.1,805,3435,115.72
2429,147.7,3.26,42.0,898,1999,102.04
2430,148.5,1.89,53.0,1015,3426,98.53
2431,127.8,4.25,40.2,168,3211,84.48
2432,153.4,3.72,41.7,962,2483,100.52
2433,151.8,2.85,49.6,557,3202,87.51
2434,130.3,5.13,58.9,1365,2774,143.07
2435,133.5,5.66,41.7,70,1590,79.74
2436,151.5,4.81,44.2,704,1258,100.1
2437,157.0,4.72,52.9,919,1276,106.89
2438,158.8,4.32,42.9,400,1909,83.01
2439,168.2,3.64,45.0,946,1662,90.77
2440,143.2,4.92,49.2,683,1233,99.24
2441,130.9,3.77,41.5,1923,2351,149.33
2442,139.3,4.87,30.9,1221,2232,120.57
2443,161.4,2.72,44.0,1393,1635,113.26
2444,143.4,2.66,42.0,1457,2987,123.03
2445,179.6,1.46,44.3,229,2316,47.51
2446,133.8,3.66,48.8,836,2475,106.44
2447,153.9,2.15,52.0,1298,3236,122.69
2448,144.5,3.92,51.9,1957,2878,156.12
2449,169.8,2.49,39.1,1221,3313,111.39
2450,123.4,5.85,44.0,827,1652,119.69
2451,160.0,4.9,46.0,91,2743,83.47
2452,162.9,1.05,53.2,1077,1200,84.18
2453,141.1,4.21,40.4,398,2643,87.62
2454,161.2,3.35,44.6,501,1779,73.82
2455,151.5,1.59,38.3,1946,3026,132.27
2456,153.6,4.93,33.4,1678,2847,146.9
2457,146.9,3.98,42.6,836,3006,109.14
2458,148.4,2.87,57.5,707,2030,89.7
2459,158.3,4.03,48.0,291,2568,76.16
2460,160.3,3.27,28.3,856,1443,83.54
2461,157.3,2.04,49.8,1770,3315,133.45
2462,162.5,2.0,60.7,840,3339,100.6
2463,140.7,1.96,46.4,90,2718,49.34
2464,143.9,5.97,46.4,229,1338,88.45
2465,168.4,2.91,43.7,1354,2605,112.83
2466,159.3,3.79,64.5,1380,3238,134.61
2467,114.2,0.67,45.5,375,2048,59.34
2468,132.2,5.86,35.4,868,2778,116.09
2469,129.9,3.25,46.1,737,1830,87.21
2470,160.3,1.14,41.8,1592,1404,105.32
2471,141.9,0.58,65.2,464,3218,75.91
2472,155.2,1.69,29.5,1058,2181,88.98
2473,149.8,0.68,48.5,719,1202,63.45
2474,143.8,5.86,51.9,777,2093,114.41
2475,157.3,1.38,52.4,771,2351,78.55
2476,139.6,4.38,54.4,1017,1462,110.97
2477,163.2,2.81,55.0,1070,1235,93.08
2478,155.1,3.4,44.5,1300,2304,110.74
2479,153.1,5.13,40.1,1044,2170,113.81
2480,167.5,2.29,45.4,271,2220,62.47
2481,132.0,3.45,39.0,887,1989,97.03
2482,153.5,4.99,43.7,303,2338,82.85
2483,116.7,3.3,45.1,1949,2383,147.22
2484,168.2,4.86,40.8,920,3423,120.12
2485,153.3,4.26,28.5,348,1629,75.62
2486,161.3,1.1,49.0,1303,1899,104.14
2487,149.1,1.52,58.1,1662,2586,124.64
2488,164.2,5.29,51.1,1921,2255,163.62
2489,153.6,0.71,51.3,882,1877,77.54
2490,158.3,0.99,56.3,1825,1711,118.42
2491,160.9,5.58,50.0,1055,2654,134.3
2492,145.5,2.5,46.3,1585,1206,116.66
2493,123.9,2.58,49.3,1696,1696,126.07
2494,147.4,1.01,47.3,381,1884,57.94
2495,129.2,4.11,35.3,1484,2089,133.22
2496,148.9,2.56,25.7,834,3133,93.38
2497,180.3,5.16,49.0,1989,1904,158.92
2498,143.7,5.2,48.4,1540,2482,140.88
2499,136.5,2.02,57.1,653,1384,77.58
2500,152.6,3.31,54.8,1968,3496,164.05
2501,165.8,4.29,39.7,993,3068,115.67
2502,159.2,4.35,25.5,1097,3356,129.73
2503,159.8,3.04,48.2,222,3152,73.69
2504,155.1,1.54,54.3,96,1725,48.0
2505,128.8,5.73,39.5,1140,1528,121.0
2506,141.3,4.79,33.3,1473,2413,139.29
2507,169.4,4.3,36.3,1916,2779,157.95
2508,147.4,3.24,45.5,331,3397,80.28
2509,135.6,1.52,32.4,591,1790,64.47
2510,125.3,0.86,40.4,532,3055,68.15
2511,132.9,2.44,34.8,1161,1201,87.88
2512,133.0,5.87,49.5,1676,3266,159.6
2513,146.7,4.67,49.0,1123,3223,129.67
2514,152.4,2.87,48.2,716,3089,88.08
2515,155.3,4.02,38.3,871,1697,90.17
2516,146.5,1.65,51.6,233,2825,61.02
2517,135.8,3.12,50.7,1878,1330,134.26
2518,166.8,2.44,48.4,1174,1632,100.09
2519,168.1,4.77,42.6,967,3335,126.67
2520,150.6,2.86,41.9,1778,3424,145.14
2521,140.1,1.87,44.4,1294,1857,106.08
2522,147.5,4.61,49.1,1442,2927,138.13
2523,150.2,2.95,40.7,234,2906,70.57
2524,164.8,2.46,39.2,1306,1355,105.84
2525,148.8,2.6,50.9,1380,2575,119.67
2526,142.9,1.64,41.0,687,1654,65.79
2527,151.8,2.63,35.8,410,2751,73.92
2528,173.4,1.33,44.4,170,2966,55.09
2529,179.4,0.5,56.5,1283,2169,95.7
2530,162.3,3.22,38.4,1295,1672,110.55
2531,139.3,4.78,43.0,1907,2177,147.72
2532,154.7,2.81,37.9,717,1262,76.4
2533,120.6,1.34,41.6,910,1818,83.17
2534,150.6,3.14,37.3,1366,3396,121.28
2535,149.0,5.62,33.2,1668,3203,152.9
2536,132.2,3.86,53.9,1291,2793,136.16
2537,147.3,4.71,46.8,536,2383,92.11
2538,160.4,1.41,27.3,327,1537,40.85
2539,119.5,1.7,31.5,687,1393,62.63
2540,129.6,5.57,39.0,1260,2626,137.89
2541,135.1,2.55,30.5,733,2598,78.78
2542,145.2,3.22,41.7,687,3168,103.23
2543,117.5,1.69,35.8,1421,2334,101.84
2544,179.2,4.26,47.3,1961,1427,144.53
2545,152.6,2.04,55.9,723,2188,85.4
2546,133.2,5.63,42.5,1181,2997,139.97
2547,153.2,5.96,55.3,1057,1929,132.0
2548,146.6,0.94,43.9,1200,3280,101.93
2549,149.7,0.66,38.8,986,1805,79.18
2550,158.7,3.71,49.0,1789,3404,155.81
2551,146.7,3.49,41.3,679,1929,89.24
2552,153.6,5.85,49.7,1276,2054,138.37
2553,137.8,0.69,31.2,1130,1747,81.02
2554,174.9,4.17,48.9,1300,3209,128.99
2555,169.1,3.66,43.4,533,2909,86.31
2556,136.9,4.02,52.3,1211,2675,123.55
2557,158.4,4.58,51.2,166,1927,71.27
2558,144.2,4.5,43.5,854,3425,107.45
2559,139.6,2.9,47.9,1262,1775,119.03
2560,159.8,3.01,46.4,1435,2009,121.76
2561,171.9,4.54,43.0,1961,2399,152.98
2562,149.2,5.23,47.3,196,2016,81.52
2563,150.2,5.62,31.2,1433,2034,137.48
2564,161.4,0.54,50.4,1400,1803,96.2
2565,147.1,4.58,49.0,682,1949,99.99
2566,127.2,2.2,32.4,528,2022,66.06
2567,116.7,4.17,45.1,1531,3183,143.78
2568,159.5,4.36,41.1,1749,1737,145.71
2569,154.3,4.7,54.9,127,2572,84.65
2570,153.6,4.7,40.6,1852,2361,151.64
2571,166.7,2.39,47.0,202,1719,55.22
2572,150.6,3.29,38.9,674,2110,82.74
2573,137.6,5.24,32.9,1254,3087,137.96
2574,134.0,0.78,44.0,999,2103,82.09
2575,174.2,5.65,50.9,1757,2738,164.11
2576,162.9,5.94,39.6,1371,1270,134.7
2577,151.1,3.46,53.3,698,1455,82.11
2578,152.0,6.0,60.2,164,2296,90.82
2579,152.5,2.92,31.5,1510,1297,107.42
2580,170.2,1.99,40.0,1202,1208,92.17
2581,130.1,0.69,34.1,1322,2051,97.13
2582,133.5,0.67,45.2,58,2221,43.74
2583,150.7,2.68,48.6,410,1781,74.39
2584,152.4,5.27,43.9,410,1592,90.14
2585,142.0,4.97,52.8,873,1545,113.11
2586,144.2,2.69,34.9,368,3128,68.31
2587,158.3,4.0,52.5,1704,1558,133.63
2588,147.9,0.8,39.1,1123,2059,87.43
2589,144.0,5.55,49.8,177,1635,81.23
2590,145.9,2.3,41.2,1954,2982,141.03
2591,136.1,5.19,40.1,503,3280,105.15
2592,161.7,2.28,59.9,1328,2069,110.52
2593,164.3,5.38,36.1,761,3460,109.84
2594,154.6,3.37,55.3,1083,1363,115.09
2595,152.2,2.92,49.8,1336,3269,123.45
2596,165.8,4.26,39.8,773,2089,95.1
2597,158.6,5.92,43.4,284,1807,87.47
2598,156.9,4.01,51.5,913,3266,116.67
2599,134.1,4.06,49.5,770,1811,97.73
2600,172.4,3.92,42.3,185,2417,75.19
2601,144.8,2.93,43.9,1111,2721,109.49
2602,140.8,4.58,51.9,1914,1486,151.29
2603,172.6,3.16,41.2,1611,3345,144.1
2604,141.3,1.97,37.4,1595,2303,113.48
2605,127.9,3.08,53.3,173,3112,78.48
2606,151.9,4.27,46.5,358,2275,81.99
2607,156.0,3.43,59.1,1962,2369,152.57
2608,150.6,4.45,36.4,1067,3220,127.76
2609,178.8,3.79,58.6,993,2088,102.99
2610,126.8,2.97,62.7,1299,1476,113.99
2611,177.1,3.25,37.5,1390,3481,123.36
2612,147.5,3.51,49.5,742,2422,101.09
2613,147.0,3.55,39.4,847,2615,97.84
2614,159.0,3.85,32.2,1999,3271,154.09
2615,140.4,1.05,36.0,1065,3478,96.21
2616,156.6,4.54,44.7,1184,2496,113.14
2617,158.8,1.9,48.0,1675,1695,119.34
2618,157.7,2.8,47.7,323,1213,60.56
2619,151.1,0.67,53.1,1921,2311,121.56
2620,175.7,0.54,39.5,1445,3378,109.28
2621,169.7,3.71,39.5,1290,2883,120.95
2622,143.3,0.55,49.8,1373,3260,101.66
2623,162.6,5.44,40.1,1562,3464,162.73
2624,159.8,4.45,60.2,363,3216,97.01
2625,137.4,4.07,46.9,689,3393,105.56
2626,153.5,1.97,44.6,1146,2592,97.63
2627,138.7,3.04,33.1,1768,1913,132.04
2628,134.9,5.91,51.8,1114,2146,132.54
2629,163.3,5.76,57.3,84,2098,82.03
2630,153.7,5.22,46.8,445,2577,94.5
2631,135.2,2.67,55.5,1543,2133,120.22
2632,153.4,4.16,44.0,1913,1369,139.14
2633,149.1,1.1,60.2,1702,1252,113.03
2634,163.3,5.19,25.9,1903,2586,166.6
2635,133.9,1.72,49.6,1514,2090,115.44
2636,152.4,3.44,32.0,614,2407,81.68
2637,131.1,3.61,48.2,1593,2984,143.34
2638,149.7,5.83,44.8,599,2943,110.98
2639,165.9,2.24,31.7,1360,3159,114.56
2640,130.6,3.69,43.5,718,1544,76.45
2641,138.8,5.33,51.5,1302,3257,143.8
2642,138.1,4.23,47.3,1366,1662,122.18
2643,158.8,2.74,41.2,852,2640,92.58
2644,155.5,3.96,44.3,105,3275,74.42
2645,160.2,1.43,39.1,642,2376,72.05
2646,128.9,4.27,48.5,1299,1286,123.62
2647,145.7,2.42,45.4,931,1673,93.75
2648,131.6,2.28,55.8,1836,2268,135.73
2649,157.0,5.65,40.9,1629,1749,140.58
2650,135.8,5.97,41.1,1681,3197,160.83
2651,183.6,3.68,38.6,1782,2665,141.7
2652,132.3,2.15,39.9,794,2644,79.65
2653,181.4,4.74,49.8,1586,1973,142.8
2654,145.1,4.96,55.1,1802,1411,150.42
2655,139.6,5.66,40.8,1115,2724,127.03
2656,153.3,4.13,47.1,288,2225,86.23
2657,163.9,1.5,34.8,1143,2961,91.95
2658,139.1,4.19,45.0,131,1453,61.56
2659,157.0,3.75,56.4,123,1946,69.64
2660,158.0,2.32,49.3,1097,1693,94.15
2661,153.6,1.51,30.2,1891,3462,136.7
2662,149.4,3.93,41.1,1167,2603,115.39
2663,151.2,4.79,48.6,412,2855,97.68
2664,164.8,2.86,42.2,1167,2628,112.34
2665,141.5,3.5,53.2,1136,2001,106.87
2666,163.5,5.79,49.0,330,2625,95.42
2667,148.9,5.27,50.6,1681,1564,149.21
2668,173.5,2.67,51.6,1820,1712,134.99
2669,166.2,1.68,41.9,1584,1500,115.09
2670,175.6,1.19,40.8,1822,3008,127.7
2671,163.6,1.03,39.5,684,1516,67.48
2672,144.1,1.2,56.0,1020,2143,89.8
2673,150.5,4.03,40.6,1315,1523,111.16
2674,159.9,2.75,30.0,1447,3481,118.64
2675,138.6,1.76,47.4,686,2833,79.3
2676,153.5,5.62,41.5,114,1994,81.3
2677,169.6,2.88,36.2,207,1440,50.05
2678,144.1,3.02,35.2,701,2777,88.76
2679,155.9,2.85,41.9,574,3329,88.78
2680,160.3,5.27,36.3,240,2289,87.5
2681,139.0,4.02,42.0,1434,1851,124.2
2682,147.2,2.12,44.7,695,2168,80.74
2683,156.8,4.95,40.6,1790,1991,146.9
2684,177.5,3.09,62.1,1468,2435,132.51
2685,139.7,5.73,44.1,1080,1963,129.26
2686,148.0,4.21,43.8,1573,3126,141.5
2687,149.9,0.58,56.9,821,3313,85.37
2688,138.9,5.44,46.1,235,3089,100.25
2689,151.1,2.61,35.5,1157,3111,109.42
2690,125.2,4.42,45.2,977,1938,101.59
2691,145.6,3.82,46.1,213,2982,74.09
2692,143.2,3.1,39.0,1696,1433,126.23
2693,135.4,3.1,49.5,707,1622,85.6
2694,146.7,1.07,40.8,584,1914,61.82
2695,151.4,2.44,44.1,208,1589,52.31
2696,143.4,2.1,45.5,267,1910,52.18
2697,167.9,2.38,42.4,1388,2442,114.84
2698,156.1,2.21,41.7,1411,2637,116.69
2699,143.7,3.76,41.9,1809,3261,147.96
2700,147.1,3.35,54.8,362,2487,82.03
2701,152.0,2.91,32.9,843,2938,98.86
2702,170.1,4.31,50.9,449,2862,100.77
2703,148.9,3.79,45.6,438,1837,77.98
2704,178.8,1.05,49.2,699,2069,75.85
2705,154.8,2.88,39.4,1801,2638,131.41
2706,151.8,4.31,43.1,370,2033,78.38
2707,172.2,2.22,35.6,698,1719,71.15
2708,169.6,1.61,47.5,893,3018,87.88
2709,127.0,4.27,43.0,668,2712,99.2
2710,151.3,3.57,54.6,924,1989,100.84
2711,157.4,4.59,25.0,1648,2011,128.55
2712,137.8,3.86,38.4,1759,2717,146.16
2713,136.1,2.69,38.7,1976,2007,142.0
2714,171.2,5.19,43.9,191,1646,79.13
2715,163.0,5.69,31.6,1065,1371,107.99
2716,145.9,4.17,52.8,784,1521,95.13
2717,139.1,2.6,44.7,1650,1453,119.3
2718,148.3,1.6,44.5,704,1273,70.44
2719,146.7,1.19,39.1,424,2713,62.42
2720,140.8,2.62,42.7,1443,2631,123.14
2721,129.4,3.62,40.4,1315,1664,116.09
2722,145.1,1.25,42.6,1237,2230,88.71
2723,152.7,5.98,28.4,77,2948,83.84
2724,141.1,1.66,47.2,640,1996,75.24
2725,158.3,4.93,41.2,1327,2510,132.22
2726,160.3,4.49,35.8,447,3124,94.83
2727,141.0,3.92,53.1,1343,3131,136.44
2728,131.4,2.57,56.5,1284,3216,126.41
2729,144.8,2.32,45.4,1932,2533,138.91
2730,154.4,5.78,42.2,823,1404,108.04
2731,130.1,3.89,40.1,98,1430,64.48
2732,130.4,0.75,37.1,1692,1384,105.72
2733,126.6,5.68,48.3,1719,3274,157.99
2734,144.7,5.21,45.1,1239,2815,132.19
2735,180.3,3.09,48.5,1077,3378,113.25
2736,141.7,4.71,44.6,1742,1945,148.86
2737,169.0,3.36,37.2,251,2417,75.54
2738,172.8,2.07,38.3,1370,1978,104.66
2739,134.8,1.27,41.2,1305,2704,97.31
2740,146.5,5.98,50.8,524,2676,104.37
2741,151.1,1.34,47.1,1371,1330,96.56
2742,149.2,0.96,53.1,638,2185,69.28
2743,146.7,0.99,42.3,113,2891,47.94
2744,130.5,2.84,39.2,537,2961,80.39
2745,128.5,4.57,48.5,1143,3087,132.69
2746,173.1,0.82,37.7,1412,1303,90.75
2747,152.7,0.55,44.8,1608,1646,108.3
2748,165.8,3.07,48.2,297,2609,78.04
2749,150.8,4.37,42.5,1389,1944,128.77
2750,183.1,3.66,35.9,1301,1233,108.21
2751,128.8,4.42,35.4,1331,1956,120.05
2752,145.5,3.81,42.8,91,2779,72.48
2753,156.9,3.98,50.7,916,2552,113.48
2754,150.3,3.45,38.4,635,1872,83.41
2755,147.3,4.97,40.7,1871,2674,158.17
2756,160.1,1.66,40.2,936,1555,80.25
2757,154.9,5.06,36.6,1143,2447,122.38
2758,120.1,4.75,47.2,794,2403,110.34
2759,150.6,5.84,64.0,732,1793,116.34
2760,144.6,3.03,43.7,851,3303,100.78
2761,155.4,1.48,50.2,1018,2076,90.4
2762,106.3,2.71,55.0,267,3207,78.07
2763,159.0,4.71,39.7,435,2098,86.88
2764,151.6,4.98,47.9,1931,2371,161.55
2765,155.8,4.07,49.6,499,3417,98.16
2766,139.2,5.5,63.7,1031,2256,132.8
2767,171.7,3.58,34.4,325,3420,73.93
2768,137.4,1.47,51.3,1007,2464,93.71
2769,143.6,5.03,51.4,1385,2847,137.11
2770,132.3,3.9,47.6,361,1983,75.58
2771,134.7,0.96,41.1,357,1260,41.66
2772,158.4,2.24,39.3,1143,3235,104.21
2773,121.3,5.92,54.4,1908,2020,171.25
2774,154.9,5.62,39.4,1245,2193,125.81
2775,160.8,2.68,34.7,1723,1702,116.44
2776,148.7,3.95,33.0,1665,2412,137.9
2777,155.1,5.19,32.8,1710,2738,142.82
2778,159.7,3.76,60.3,1670,1913,136.18
2779,152.1,4.54,47.9,639,1297,91.48
2780,124.1,1.43,51.3,1133,3364,100.0
2781,156.2,5.77,44.3,235,2590,84.97
2782,169.3,3.41,43.6,264,1664,67.92
2783,160.4,2.69,43.9,1234,2297,107.65
2784,163.2,4.25,63.0,1854,1873,151.37
2785,153.5,1.73,53.2,698,2644,81.94
2786,168.2,1.54,60.9,1149,3099,109.03
2787,124.7,2.2,55.6,610,1943,77.78
2788,136.4,4.79,55.1,689,2130,104.28
2789,178.2,3.76,42.3,1247,2788,120.12
2790,154.2,2.12,48.0,1973,3057,146.1
2791,163.9,2.79,50.8,278,1625,65.6
2792,142.4,4.74,35.2,306,2116,80.39
2793,139.1,2.67,47.4,1698,1580,118.82
2794,150.4,5.19,49.8,610,2287,108.49
2795,156.6,1.95,43.0,110,3001,55.78
2796,153.4,4.06,50.9,208,3146,85.21
2797,151.9,4.16,26.8,765,2163,90.78
2798,147.6,2.16,42.5,1849,2743,142.84
2799,146.2,3.05,49.1,64,2405,63.28
2800,146.4,3.38,42.0,1546,2080,132.01
2801,142.2,2.23,38.0,1564,3212,120.2
2802,142.2,2.36,38.9,1267,3435,120.15
2803,152.9,2.8,50.0,570,3383,83.29
2804,158.4,5.05,52.4,306,1849,87.47
2805,144.2,1.57,57.5,1321,1929,107.71
2806,133.6,1.54,38.4,1209,2854,106.08
2807,162.1,2.91,34.9,642,3186,90.87
2808,146.4,2.16,48.7,1659,2973,131.09
2809,130.7,1.85,45.5,1198,3005,110.5
2810,168.3,2.76,51.4,593,2018,77.38
2811,159.5,1.29,45.2,374,2352,58.31
2812,148.3,3.16,48.0,1382,2178,122.69
2813,147.9,3.22,51.9,931,3334,107.62
2814,142.2,4.67,42.8,1457,3015,136.62
2815,144.1,5.97,50.8,113,2003,86.39
2816,135.5,5.89,61.5,1255,3179,154.25
2817,141.2,5.36,40.6,386,3331,101.52
2818,164.0,0.93,43.0,1593,1666,101.01
2819,159.3,4.46,55.9,1603,2206,143.48
2820,123.6,1.39,31.4,1301,2450,102.09
2821,150.5,2.65,44.5,348,3035,74.13
2822,154.1,5.66,48.2,674,2347,108.81
2823,152.5,1.0,40.1,1980,1773,121.25
2824,156.9,1.69,39.7,1297,2020,100.67
2825,142.1,5.19,47.0,1431,2074,134.15
2826,163.5,4.26,49.4,1257,3496,134.46
2827,130.5,2.4,56.3,1979,3300,159.6
2828,159.6,2.37,45.4,531,1832,65.33
2829,139.3,3.56,66.8,103,1232,66.31
2830,151.3,5.73,32.4,1844,2321,160.32
2831,169.0,4.54,60.9,1462,2874,147.53
2832,146.2,1.44,46.7,56,2020,49.13
2833,167.2,0.84,42.2,143,2071,42.1
2834,144.6,5.71,47.9,648,2012,105.21
2835,155.0,4.65,46.1,1131,2991,128.75
2836,173.1,4.86,63.3,1864,3412,163.51
2837,147.7,1.43,41.0,914,2638,85.21
2838,149.8,1.36,62.5,409,1597,61.93
2839,165.2,1.89,36.4,1939,1970,135.35
2840,148.2,2.18,36.4,746,3225,89.9
2841,141.1,2.47,43.4,544,2302,75.26
2842,165.3,4.1,36.9,1527,1237,116.17
2843,158.3,1.76,48.3,594,3182,76.16
2844,163.4,3.8,45.8,60,3346,71.21
2845,137.6,0.5,44.4,1331,2701,92.84
2846,157.2,5.06,36.0,518,1472,84.76
2847,141.5,4.07,45.1,1360,2187,121.54
2848,169.1,2.7,45.8,1729,1591,119.88
2849,156.5,5.17,47.0,1943,2938,160.61
2850,171.9,5.81,48.1,1146,1216,120.51
2851,155.9,4.34,53.0,446,1322,80.24
2852,144.2,2.14,37.6,1565,1545,109.15
2853,136.7,2.54,31.1,709,1962,79.48
2854,143.9,0.56,41.2,1896,2279,119.47
2855,162.8,3.92,46.1,1667,3020,140.24
2856,134.1,5.64,41.2,1790,1665,154.71
2857,162.5,1.85,35.0,1438,2096,98.71
2858,177.3,1.45,44.9,858,1406,75.3
2859,173.0,1.39,54.3,1190,2749,106.87
2860,144.0,3.06,51.4,788,3426,106.09
2861,147.1,2.26,54.6,1187,1259,101.65
2862,119.0,2.63,35.5,1029,2470,102.65
2863,145.7,3.47,52.3,752,2871,100.85
2864,156.0,1.07,40.1,1591,2817,117.16
2865,154.9,3.17,37.4,1174,2282,106.43
2866,142.7,5.1,46.4,1904,1415,158.47
2867,148.3,5.11,46.5,592,1362,90.25
2868,166.9,0.82,39.3,233,1362,30.37
2869,125.7,0.81,48.5,1689,2914,124.5
2870,112.3,4.22,39.6,609,3333,104.75
2871,132.2,5.28,55.9,1672,2410,159.58
2872,126.8,4.33,49.4,718,1587,95.75
2873,130.6,2.07,38.0,1789,2805,126.3
2874,145.5,3.62,46.0,515,3421,90.14
2875,149.3,4.83,46.2,397,2242,97.69
2876,135.8,1.09,50.3,1820,1892,121.09
2877,127.8,4.81,45.6,940,3443,123.47
2878,145.6,3.35,43.9,259,3037,76.96
2879,145.4,0.78,40.8,1281,1908,88.24
2880,141.0,3.57,37.5,1135,1312,99.71
2881,174.7,5.99,41.6,1467,2074,147.16
2882,171.1,1.25,48.1,552,3479,78.59
2883,138.4,4.07,40.5,1111,2387,111.0
2884,181.5,5.57,53.6,1282,3136,143.67
2885,169.4,5.21,46.4,1790,1380,145.48
2886,143.1,2.9,33.4,1958,2504,142.92
2887,142.9,5.09,38.5,791,1983,109.35
2888,140.7,3.62,46.0,1098,3162,117.01
2889,165.1,2.98,61.1,631,2126,85.62
2890,162.8,5.88,57.8,799,3215,119.99
2891,144.1,2.8,50.1,1913,1319,135.49
2892,150.8,1.48,47.3,1459,2484,116.47
2893,136.5,2.35,41.1,1718,1798,125.31
2894,142.5,3.56,38.2,185,2166,62.87
2895,132.8,1.41,46.2,703,1972,78.75
2896,156.0,4.71,38.9,1927,3071,160.07
2897,129.5,1.37,45.9,366,3385,65.67
2898,154.2,3.28,45.1,802,2813,106.0
2899,179.7,5.67,30.0,1748,2900,154.64
2900,142.8,2.83,50.6,944,3474,104.89
2901,151.9,4.08,47.4,834,3020,106.07
2902,155.2,2.56,52.7,1077,2344,102.28
2903,141.0,2.71,35.3,224,2325,70.1
2904,162.6,4.92,42.0,1630,2468,143.59
2905,140.8,1.44,49.4,1243,2041,105.69
2906,146.2,1.35,48.8,51,3360,56.28
2907,195.3,4.45,55.0,172,2507,81.91
2908,152.9,2.35,47.4,661,2023,75.15
2909,130.5,2.04,40.6,1324,1560,101.31
2910,134.6,1.72,49.4,1585,2230,123.7
2911,188.3,2.43,50.4,339,2172,63.34
2912,151.3,4.48,41.7,637,1843,81.42
2913,142.3,3.65,35.5,489,2402,81.98
2914,141.6,4.79,47.7,759,2492,112.61
2915,168.0,3.66,42.7,1355,1333,110.54
2916,150.0,1.38,48.1,1779,2575,128.76
2917,164.8,2.21,44.2,1452,2814,116.33
2918,121.1,4.47,59.2,895,2155,115.13
2919,178.2,1.38,56.2,214,2396,52.06
2920,137.8,4.48,49.7,1648,1730,135.21
2921,158.3,3.96,30.0,1563,3309,136.37
2922,146.9,5.86,29.5,652,1402,96.83
2923,187.3,1.3,45.5,695,3357,82.58
2924,153.2,4.45,34.0,789,1511,89.19
2925,159.8,1.81,50.0,216,1702,52.7
2926,131.6,1.21,47.4,1829,2519,128.89
2927,138.5,1.05,51.8,1486,3128,111.41
2928,144.1,2.25,51.8,61,1807,49.87
2929,157.6,1.51,51.4,1670,2735,122.7
2930,161.5,2.48,56.4,416,2243,71.64
2931,155.5,4.48,44.8,1432,1400,125.24
2932,151.3,1.5,40.3,872,2348,85.05
2933,145.8,2.05,36.4,1369,1735,98.96
2934,132.3,1.81,42.3,951,3098,99.35
2935,164.9,2.29,41.9,1289,2782,122.99
2936,169.1,2.08,34.8,1803,1921,124.75
2937,155.5,3.3,36.9,1455,2734,116.57
2938,145.5,3.7,45.2,441,2581,83.25
2939,149.1,4.14,61.0,1984,2916,168.59
2940,156.8,4.44,52.5,332,2407,86.92
2941,169.1,0.54,48.9,263,3125,44.52
2942,137.5,3.12,44.8,1649,2623,130.85
2943,155.0,2.15,42.4,430,2575,66.69
2944,155.6,3.91,50.9,1547,2091,132.32
2945,136.8,4.83,63.4,763,1467,104.49
2946,122.7,4.76,38.3,930,3098,114.74
2947,166.7,5.88,50.9,607,2190,107.18
2948,134.6,4.53,43.3,1184,3096,134.81
2949,154.5,4.6,41.2,288,1891,79.09
2950,181.6,1.34,39.8,999,2586,86.29
2951,159.2,4.08,46.9,1464,2863,134.38
2952,123.9,3.57,47.0,405,2852,90.0
2953,177.2,3.36,43.2,1022,1801,101.61
2954,157.9,5.07,31.3,990,2257,112.92
2955,157.2,3.52,33.9,1607,2512,132.0
2956,146.5,2.34,42.5,1330,3081,113.8
2957,132.4,1.32,45.5,1078,3350,90.86
2958,138.4,2.52,65.4,59,2470,61.61
2959,130.8,1.84,39.5,312,1426,58.96
2960,161.3,4.69,53.5,1588,2266,137.73
2961,160.7,0.83,43.6,1335,3371,110.99
2962,127.8,5.47,39.7,1585,3078,151.54
2963,160.6,2.92,33.2,1094,3235,114.35
2964,136.1,2.4,40.3,173,2776,59.28
2965,151.5,3.09,35.6,350,1846,66.09
2966,161.1,3.77,35.5,1686,1956,130.66
2967,176.2,1.59,53.8,896,1451,82.45
2968,188.3,2.31,45.3,129,1960,54.11
2969,129.5,2.63,69.1,1504,2375,124.06
2970,141.3,5.45,41.7,1776,1708,152.27
2971,158.4,5.48,43.1,710,3499,119.04
2972,125.0,5.65,39.2,1828,2550,163.79
2973,130.1,5.12,44.6,68,3177,93.05
2974,167.0,1.48,39.4,925,2977,85.59
2975,153.4,4.2,28.9,703,2077,90.87
2976,133.3,1.7,48.4,1035,3169,95.43
2977,145.4,2.9,59.8,507,1723,73.12
2978,163.0,5.24,42.7,619,2142,92.09
2979,137.1,5.7,42.2,1999,1933,167.76
2980,165.7,1.45,42.2,773,1651,76.94
2981,148.3,3.63,41.5,1474,1847,128.66
2982,161.0,0.73,47.8,1846,2150,123.6
2983,159.7,5.88,25.0,831,3284,116.4
2984,142.5,2.04,41.7,1977,3435,143.93
2985,160.0,3.04,44.1,624,2414,80.79
2986,164.6,3.77,42.3,1328,1585,114.43
2987,156.8,1.42,43.8,1826,3173,138.46
2988,128.7,3.19,44.2,574,1317,71.18
2989,145.6,5.69,43.1,415,2885,94.4
2990,148.4,2.01,41.7,369,2008,61.51
2991,158.2,4.17,52.5,1420,3390,136.6
2992,162.4,4.77,45.6,58,2334,78.32
2993,155.3,0.8,39.7,1378,1918,92.1
2994,129.1,4.83,51.6,751,2106,102.92
2995,172.7,1.89,35.0,1764,1644,125.3
2996,163.2,1.23,61.4,774,2077,78.15
2997,177.4,3.51,43.2,1315,1706,108.91
2998,165.0,3.62,45.8,1441,1578,118.33
2999,175.4,5.43,40.3,1223,2684,136.48
3000,144.0,5.11,52.9,828,2445,114.53
3001,160.2,5.58,55.3,174,2472,81.49
3002,136.5,5.08,37.7,329,2780,88.75
3003,149.3,2.59,43.2,1372,2977,117.8
3004,155.6,3.57,47.2,415,1225,72.21
3005,143.4,5.71,37.9,1434,3132,147.77
3006,124.7,2.5,39.7,1345,3436,122.11
3007,147.8,3.33,56.5,1792,2778,143.05
3008,145.8,0.62,66.2,414,1478,57.72
3009,145.6,1.97,39.6,1610,2582,121.6
3010,152.4,2.37,55.0,626,3418,96.76
3011,152.1,4.98,27.6,459,2231,81.9
3012,143.8,1.47,25.0,1129,2824,89.11
3013,140.8,0.98,51.5,1808,2954,129.87
3014,144.9,2.91,39.9,374,2402,67.46
3015,123.8,3.59,41.5,791,2617,95.5
3016,166.8,0.82,50.7,1721,1708,111.5
3017,133.2,1.67,38.7,122,2905,52.39
3018,133.2,2.75,45.7,1090,1799,101.02
3019,165.7,5.49,43.4,267,1731,86.65
3020,157.2,5.65,44.8,1346,2200,140.52
3021,157.8,2.42,40.1,166,2464,59.48
3022,163.2,1.0,34.6,1122,1701,85.84
3023,154.8,5.61,41.5,1864,1439,158.83
3024,156.8,5.35,31.4,1686,2018,142.92
3025,152.9,5.64,49.0,87,1294,76.23
3026,172.3,0.53,36.6,328,2258,51.58
3027,158.5,4.66,48.6,1165,3212,128.67
3028,159.9,2.43,44.4,1056,3162,104.75
3029,135.5,4.49,43.6,1420,2691,140.06
3030,147.1,4.15,40.5,635,2885,95.48
3031,118.6,1.28,48.5,596,2242,67.18
3032,173.9,1.94,38.9,1729,3040,122.4
3033,142.2,5.11,53.4,867,2362,116.24
3034,144.9,3.27,43.2,1284,1744,111.15
3035,159.5,5.46,58.7,385,2599,90.04
3036,143.6,3.51,50.9,662,3025,106.62
3037,134.0,5.17,47.0,1425,1731,136.67
3038,144.5,1.5,60.3,497,3230,80.03
3039,172.4,4.13,46.8,601,2341,95.03
3040,147.3,3.78,51.7,981,3187,114.01
3041,147.6,4.12,44.8,640,2667,96.8
3042,167.0,5.59,33.0,1365,3070,138.09
3043,137.7,1.38,50.5,1641,3026,127.23
3044,129.7,1.51,48.6,1784,2149,120.65
3045,116.5,3.66,41.5,647,1703,87.4
3046,130.2,4.05,48.2,1127,1920,112.42
3047,144.7,3.88,36.9,1825,2498,141.11
3048,157.1,2.93,61.4,503,1969,79.53
3049,137.3,2.43,67.9,177,1377,63.28
3050,134.5,2.2,36.8,704,1259,70.98
3051,146.9,4.73,56.3,1531,3129,144.6
3052,135.0,0.51,38.1,1831,1669,108.97
3053,120.1,3.84,60.9,444,1923,88.98
3054,161.3,2.85,46.7,218,2146,63.5
3055,149.6,3.74,48.2,1235,3023,126.21
3056,145.6,5.94,38.9,444,2167,94.86
3057,147.2,5.7,49.1,1939,1975,162.41
3058,167.5,2.62,46.3,631,3192,90.73
3059,133.8,1.85,48.2,1363,1997,109.23
3060,161.3,5.21,39.6,1568,2586,147.31
3061,127.6,1.72,45.1,925,2025,85.34
3062,153.3,1.61,32.6,1648,1360,111.07
3063,162.5,1.79,40.6,990,1453,86.0
3064,126.6,1.87,45.8,1336,1683,105.84
3065,158.5,2.59,44.8,1363,2399,113.97
3066,158.2,2.76,48.0,1290,1357,101.46
3067,151.9,1.07,46.4,794,2245,77.06
3068,172.3,3.52,47.7,1586,2406,131.09
3069,156.2,3.81,52.8,1123,3263,120.54
3070,138.8,1.44,46.8,1109,2549,92.28
3071,135.1,1.79,47.8,744,3325,88.42
3072,133.7,3.15,45.2,451,2051,77.98
3073,163.4,2.99,54.5,1112,2818,114.14
3074,160.9,2.91,50.3,1427,2259,119.91
3075,152.8,2.5,46.3,979,1847,85.45
3076,153.1,4.79,44.8,1013,1255,109.86
3077,139.0,1.47,45.8,939,3432,95.34
3078,177.6,5.75,42.8,707,1911,104.67
3079,155.9,0.52,53.6,349,2727,62.0
3080,128.4,3.83,48.5,1826,1470,141.02
3081,144.3,5.33,60.0,534,2608,118.25
3082,142.7,2.75,48.3,1701,2221,131.37
3083,152.9,5.45,32.5,124,1624,66.64
3084,159.6,4.6,49.9,930,2231,119.27
3085,171.2,0.61,51.3,227,2112,46.81
3086,171.2,4.31,46.5,1935,3074,158.56
3087,163.1,4.62,41.6,902,2589,117.74
3088,171.3,3.5,40.8,1441,1317,117.47
3089,140.0,0.59,36.7,347,2124,44.88
3090,147.9,4.83,33.6,608,1447,92.11
3091,192.9,2.0,46.5,1574,2300,116.85
3092,122.9,4.57,49.9,134,3001,87.28
3093,139.4,4.81,31.3,275,1302,66.3
3094,145.7,1.77,34.2,1692,2441,121.86
3095,142.8,1.92,33.1,1328,1903,96.28
3096,126.9,2.39,48.1,1210,1539,97.36
3097,130.5,2.05,47.2,1335,3381,121.25
3098,171.1,4.9,61.6,315,1373,79.5
3099,166.1,1.83,51.0,1889,1720,126.11
3100,139.7,1.76,51.8,462,1294,58.06
3101,140.3,1.95,46.7,710,3172,88.33
3102,122.2,5.56,47.0,1431,2582,153.42
3103,144.9,4.67,40.1,1440,2000,130.05
3104,144.2,3.48,37.9,869,1392,90.54
3105,143.2,1.86,49.3,401,1417,63.79
3106,129.8,0.81,47.4,436,1615,51.4
3107,138.8,2.33,43.6,1332,1907,113.01
3108,183.6,2.92,44.5,593,1648,77.53
3109,157.3,4.38,55.0,1070,1338,108.45
3110,156.5,5.62,48.2,845,2202,119.06
3111,173.7,3.7,44.5,203,3495,76.8
3112,159.0,2.63,43.9,1244,3215,114.95
3113,131.6,4.32,44.0,1298,3443,135.18
3114,163.7,3.25,48.4,1142,1896,105.13
3115,147.7,2.85,51.0,1493,3000,132.39
3116,169.6,1.49,49.4,237,1678,54.71
3117,145.4,3.78,54.6,753,1611,89.07
3118,129.4,2.27,48.2,934,2180,91.76
3119,144.8,1.6,58.8,1631,3445,134.77
3120,144.0,1.18,35.0,189,3366,55.89
3121,148.7,0.6,43.3,1062,1348,74.48
3122,156.7,4.52,37.0,1745,2669,141.55
3123,137.5,1.05,42.5,1639,2521,112.85
3124,145.7,1.81,54.9,1083,1882,93.29
3125,154.5,3.18,50.5,634,1442,73.56
3126,185.7,5.57,41.5,1349,1214,123.32
3127,157.2,3.59,40.9,490,1218,73.13
3128,124.3,1.97,44.1,1003,2332,95.63
3129,149.4,1.26,34.2,1695,3176,122.74
3130,138.0,1.76,53.5,1818,2894,137.4
3131,104.9,5.82,41.9,1067,1480,130.37
3132,135.6,2.52,42.3,1492,1728,111.96
3133,157.9,2.62,51.7,1232,2450,108.04
3134,171.3,2.24,43.6,240,1329,50.78
3135,128.3,0.71,53.0,1162,2054,89.1
3136,153.1,4.27,42.6,315,2162,83.66
3137,174.3,2.99,50.5,426,1520,68.06
3138,135.2,2.15,40.4,910,2669,89.86
3139,147.7,3.73,42.8,194,3382,75.28
3140,112.2,2.88,51.4,92,1524,58.16
3141,143.4,1.33,43.7,621,2738,78.92
3142,152.6,4.53,39.3,559,1573,83.49
3143,150.5,4.65,54.2,258,1291,79.42
3144,148.8,1.27,28.4,1695,1572,100.35
3145,137.5,1.13,28.8,118,2264,41.05
3146,142.4,0.89,40.3,1353,2588,109.25
3147,162.4,4.02,47.3,1558,1649,132.55
3148,160.7,3.66,39.9,1882,2759,150.29
3149,136.0,5.1,53.6,113,2367,81.4
3150,125.4,2.58,42.2,1594,3187,126.91
3151,138.8,3.23,52.5,1546,1294,132.79
3152,149.2,5.56,47.5,1957,1531,160.89
3153,169.5,0.88,41.6,1747,2620,124.03
3154,151.9,5.79,59.6,542,1767,107.33
3155,170.5,5.48,38.8,1150,2381,127.45
3156,155.9,5.74,49.7,1188,2310,133.04
3157,137.4,3.52,29.5,1604,2197,118.68
3158,153.7,4.02,46.8,985,2399,113.35
3159,140.0,1.18,41.7,1507,1306,99.82
3160,160.4,3.54,46.5,588,1395,75.4
3161,152.8,3.66,49.7,1179,2162,119.02
3162,127.6,3.74,48.6,1028,2258,101.83
3163,169.8,0.74,51.0,379,2064,59.52
3164,153.7,2.16,37.1,1351,3018,116.09
3165,133.4,5.01,42.0,94,1532,72.51
3166,165.0,5.28,37.1,1441,1831,143.56
3167,141.5,1.66,35.6,626,2610,77.41
3168,162.1,2.65,43.6,1153,1442,97.59
3169,166.5,3.81,43.8,922,2277,98.89
3170,170.2,3.99,59.5,726,2895,105.82
3171,139.3,0.7,62.3,739,3482,88.58
3172,143.5,1.02,47.0,691,1415,68.62
3173,139.1,1.46,47.0,252,3415,57.87
3174,172.5,1.1,48.1,671,1297,61.53
3175,157.1,5.49,55.3,664,1507,102.89
3176,148.8,4.01,50.7,1769,1278,141.43
3177,156.6,2.23,50.0,305,3315,77.32
3178,115.2,2.64,42.7,1778,2852,143.9
3179,158.3,3.39,39.1,703,2482,95.19
3180,137.3,1.91,56.5,1949,2274,147.59
3181,150.5,4.31,49.6,1516,2238,131.49
3182,145.2,3.42,35.6,501,1949,76.13
3183,114.9,5.53,48.2,1473,2884,151.76
3184,153.2,0.9,53.5,1215,1339,92.19
3185,127.5,5.12,42.8,691,3011,113.78
3186,163.5,1.08,49.0,669,2368,72.16
3187,166.7,5.34,38.7,1230,3091,129.22
3188,159.7,0.53,44.6,1984,2862,127.62
3189,143.6,2.28,34.9,1489,1999,112.07
3190,151.9,2.14,34.9,1941,2537,133.68
3191,161.9,2.93,54.8,1911,1516,137.52
3192,134.2,5.97,51.2,1049,2292,131.54
3193,146.9,1.83,41.0,174,2591,58.49
3194,130.6,0.75,35.0,842,2887,87.47
3195,142.3,2.75,51.7,721,2159,96.13
3196,142.4,0.58,42.3,389,2522,56.79
3197,149.0,0.52,50.8,1854,1619,119.32
3198,158.4,2.0,27.9,502,1311,58.29
3199,159.0,5.84,54.9,1262,2459,135.93
3200,143.6,5.82,35.3,586,2834,110.89
3201,147.0,3.96,40.8,793,1958,90.84
3202,170.0,0.63,41.6,89,1928,32.72
3203,135.9,3.96,49.2,1224,2860,123.17
3204,136.0,1.69,41.1,159,2572,49.29
3205,159.4,0.58,50.0,335,3106,60.74
3206,129.2,1.5,45.3,1754,3405,131.62
3207,156.2,5.89,46.6,1572,1784,147.52
3208,163.0,4.43,43.1,1556,3465,145.13
3209,159.2,1.57,49.4,1532,3094,121.4
3210,127.4,0.88,56.8,209,1972,54.63
3211,136.3,1.11,49.3,1968,1246,120.09
3212,177.0,3.98,46.9,1200,1475,108.73
3213,126.1,4.51,34.9,409,2352,88.86
3214,161.7,2.06,50.3,1538,1392,101.5
3215,144.9,4.24,36.2,1210,1344,102.56
3216,136.9,1.02,43.9,479,3160,65.01
3217,164.3,4.09,46.1,1352,1540,113.67
3218,131.8,2.26,56.8,1640,1683,123.52
3219,164.9,4.66,45.7,180,2004,80.23
3220,169.9,5.28,39.7,606,2996,102.22
3221,138.0,4.42,44.0,1086,1908,114.42
3222,139.5,3.19,58.1,636,3119,103.5
3223,140.9,3.57,47.1,1196,1340,105.55
3224,151.0,1.25,61.5,1327,1380,95.32
3225,152.3,0.57,52.0,954,2893,91.65
3226,169.0,5.9,45.0,241,2254,93.86
3227,120.5,0.5,37.7,1133,1412,79.86
3228,127.9,4.92,55.9,737,3010,118.33
3229,166.7,0.75,44.1,1980,2241,127.52
3230,143.7,1.36,42.4,828,3162,80.67
3231,139.7,3.65,46.4,390,2331,77.24
3232,141.7,2.08,48.4,1200,2240,96.43
3233,135.1,4.88,53.6,70,1303,71.86
3234,155.6,0.73,55.6,265,1472,54.49
3235,133.7,2.0,58.6,284,2320,68.35
3236,163.1,3.54,32.2,290,1225,53.25
3237,146.8,2.43,48.2,1505,1627,111.56
3238,160.4,2.3,37.9,433,3431,75.27
3239,130.3,5.18,36.5,866,2059,113.47
3240,141.3,3.35,59.4,196,3078,78.41
3241,148.3,0.63,33.4,373,2004,46.58
3242,156.0,5.13,51.6,808,2490,105.09
3243,169.5,3.68,36.7,722,1282,78.92
3244,150.6,1.25,34.4,1905,1697,116.92
3245,141.2,3.06,41.0,266,2011,66.52
3246,146.7,1.65,41.3,1421,3074,117.08
3247,152.2,5.85,46.0,1799,2470,166.05
3248,107.1,5.58,47.3,551,2382,105.1
3249,171.6,1.12,38.2,1313,2256,96.24
3250,149.5,2.22,25.1,1811,2379,122.12
3251,124.2,3.58,55.4,1670,2556,142.71
3252,164.9,3.81,49.8,337,2068,81.17
3253,153.5,2.97,38.3,803,2503,99.62
3254,164.6,5.93,51.0,644,2698,116.24
3255,143.3,1.23,37.9,1225,2133,83.88
3256,144.8,2.3,45.5,1267,1358,107.56
3257,151.8,4.15,60.5,1977,2945,163.24
3258,165.7,4.01,57.0,959,2225,113.03
3259,169.3,1.98,59.9,704,2772,85.66
3260,124.3,2.21,27.7,1204,2557,99.07
3261,150.7,3.05,43.6,1502,1740,119.32
3262,176.6,2.11,47.7,1280,3468,119.03
3263,158.9,2.61,25.6,795,2685,76.22
3264,140.2,5.97,56.8,93,1333,82.03
3265,121.4,1.53,50.6,192,1218,51.71
3266,150.5,4.95,62.2,555,2495,95.56
3267,142.0,1.07,39.6,1615,3048,111.45
3268,158.8,0.51,52.4,809,2605,80.05
3269,156.0,5.89,53.1,1548,2852,166.11
3270,146.6,1.8,44.7,678,3355,82.2
3271,168.6,5.55,42.6,128,2316,73.55
3272,157.9,1.26,42.0,1792,2223,117.45
3273,166.6,1.49,41.8,904,3390,91.42
3274,140.1,4.5,51.3,1479,2932,137.47
3275,163.2,4.96,45.6,1020,3079,122.61
3276,138.5,2.31,35.5,1186,2027,102.27
3277,162.4,2.35,46.3,1890,2678,135.77
3278,154.2,2.73,44.9,716,2568,92.78
3279,150.5,2.11,49.5,600,1380,70.82
3280,141.5,5.67,38.5,1413,1252,127.98
3281,142.4,5.6,44.1,1560,1477,133.12
3282,152.7,4.45,46.5,1189,2304,121.37
3283,134.6,0.53,48.4,1611,2225,113.98
3284,161.1,1.28,44.0,1718,1471,116.45
3285,133.8,1.76,55.0,1832,2603,134.62
3286,178.9,1.95,50.2,1160,3270,104.06
3287,166.7,1.52,30.6,1859,1963,123.7
3288,157.5,1.14,45.7,1168,3138,97.96
3289,144.5,0.57,46.9,1024,3421,87.27
3290,154.0,1.99,53.4,402,2215,69.78
3291,150.5,4.63,44.7,593,2313,93.96
3292,157.0,0.58,42.7,1031,3238,87.97
3293,153.1,3.08,48.5,636,2536,88.16
3294,145.0,4.92,40.3,1041,1523,111.87
3295,162.4,2.11,40.7,103,2436,50.12
3296,142.7,3.89,54.2,1444,3294,137.4
3297,169.2,3.07,49.8,309,3135,81.75
3298,145.0,2.32,41.6,1589,2535,126.05
3299,162.0,3.93,36.9,1582,1304,122.46
3300,147.9,2.3,43.1,1640,2684,124.53
3301,169.1,3.24,39.1,1127,3297,112.96
3302,146.4,1.4,57.2,1611,2582,121.52
3303,145.3,5.27,44.9,1223,1790,124.62
3304,148.6,5.05,54.9,1768,3190,161.74
3305,151.2,1.41,58.0,617,2405,85.39
3306,133.0,1.61,42.2,651,1941,73.03
3307,145.8,1.66,45.5,529,3369,76.64
3308,153.4,5.16,50.8,1292,1700,128.35
3309,159.1,3.52,50.6,237,3155,80.94
3310,146.6,3.13,53.1,1654,2168,125.12
3311,140.4,3.76,49.1,726,2403,91.65
3312,163.0,4.99,34.3,767,1963,96.0
3313,151.1,1.77,49.4,724,1454,77.8
3314,144.9,5.18,49.9,1003,1354,115.5
3315,121.2,3.46,32.5,1380,2749,121.95
3316,125.4,0.99,53.7,1624,1661,111.89
3317,151.9,2.89,41.1,239,2524,63.44
3318,153.5,3.73,48.4,950,1766,103.74
3319,141.6,3.54,36.7,599,2390,81.12
3320,148.8,3.67,46.4,572,3450,99.24
3321,141.0,4.59,40.8,1755,2671,150.0
3322,154.4,5.18,30.3,403,1786,83.72
3323,119.4,5.23,45.4,1733,1413,146.08
3324,140.8,2.62,39.4,476,3297,78.35
3325,135.7,3.55,47.5,1412,3303,132.07
3326,159.5,2.58,60.7,647,2399,86.28
3327,155.0,2.18,38.2,445,1288,64.83
3328,171.8,4.53,32.7,1581,1768,130.69
3329,143.9,4.05,46.8,1793,1733,144.66
3330,156.9,3.45,40.1,148,2357,58.38
3331,158.1,2.49,51.7,1221,2074,109.38
3332,170.2,1.48,44.0,1403,3027,111.68
3333,138.9,2.91,47.9,1831,3453,151.08
3334,141.5,4.13,37.6,1676,1526,138.76
3335,153.2,4.37,37.3,1791,3026,147.49
3336,130.1,2.47,37.1,72,2004,54.75
3337,157.4,5.4,58.3,1143,2180,131.27
3338,148.8,2.18,41.2,708,1622,81.4
3339,156.5,4.0,44.8,1322,1559,113.51
3340,144.3,5.27,42.6,1729,1560,147.49
3341,166.2,2.43,53.9,1084,2252,104.21
3342,143.5,2.98,50.2,427,2586,78.27
3343,158.5,2.5,40.8,1958,2018,132.79
3344,123.4,2.19,43.4,1931,1474,126.91
3345,171.5,5.89,50.0,679,2288,104.49
3346,153.6,5.84,43.2,1819,1310,152.61
3347,139.9,4.85,55.1,1163,2146,123.3
3348,133.9,5.35,52.4,418,1376,90.35
3349,129.4,3.08,40.6,223,2310,65.99
3350,144.6,3.76,40.4,879,1388,93.8
3351,139.6,5.17,45.8,148,2835,88.1
3352,137.4,1.33,48.1,1798,1337,122.22
3353,157.1,4.07,36.7,95,1532,57.94
3354,140.3,4.95,57.6,1128,1813,123.67
3355,155.0,1.8,36.8,1343,2145,98.87
3356,139.9,5.18,58.5,894,2087,106.21
3357,169.8,3.97,50.9,1034,3290,127.21
3358,161.3,4.94,60.2,1566,2956,153.14
3359,155.9,5.23,54.7,231,2770,89.66
3360,155.9,2.65,47.5,1381,1856,110.23
3361,169.4,1.06,58.9,1231,3323,107.05
3362,149.3,1.63,46.5,1969,2835,136.41
3363,156.5,3.09,39.4,456,3022,91.2
3364,149.3,5.51,47.8,1861,2798,178.64
3365,150.6,2.73,46.7,1850,1271,123.04
3366,160.4,5.24,40.7,1347,2530,130.46
3367,181.1,3.59,49.4,1602,2342,134.39
3368,159.0,2.67,51.6,1247,1858,105.36
3369,164.7,3.53,38.2,105,1616,59.6
3370,144.2,0.99,53.2,1514,2626,118.33
3371,175.3,1.18,39.6,1972,1557,123.51
3372,121.3,1.18,57.1,1180,1723,90.77
3373,128.9,1.49,36.9,446,1842,63.55
3374,144.6,4.8,33.9,745,3396,103.43
3375,134.0,4.9,44.6,1502,1942,143.83
3376,141.2,3.51,42.9,1120,1469,101.76
3377,142.4,4.82,41.7,1098,2497,126.81
3378,113.8,2.9,51.9,1755,2074,136.48
3379,133.5,0.54,43.3,128,2435,40.65
3380,141.2,0.95,50.0,1210,2884,102.15
3381,141.7,3.43,44.9,1227,2980,116.73
3382,163.6,2.81,56.7,1706,3408,140.09
3383,139.1,2.22,70.1,682,2102,84.34
3384,127.0,5.18,29.0,679,3222,108.52
3385,174.3,3.74,39.1,81,3423,62.19
3386,139.9,5.69,33.1,1714,3023,149.67
3387,129.9,2.37,34.9,1239,2684,107.44
3388,151.0,5.52,37.9,411,2221,92.79
3389,130.6,3.22,54.3,316,3435,80.33
3390,135.3,4.98,53.4,736,2556,115.1
3391,174.9,5.67,42.0,874,3486,126.3
3392,152.3,5.39,63.2,1467,1900,144.07
3393,147.0,1.96,50.0,1724,2770,130.41
3394,153.0,1.7,39.8,80,2652,47.9
3395,189.5,5.76,45.7,1729,1842,148.98
3396,145.1,2.13,50.2,253,1212,53.88
3397,156.8,3.23,31.2,478,3184,78.12
3398,141.0,2.01,33.1,1661,2548,128.33
3399,173.5,4.37,39.0,1609,2459,142.35
3400,140.1,0.96,36.5,1970,3157,127.5
3401,174.3,5.51,46.9,1967,2645,169.82
3402,148.7,1.99,41.3,388,1730,58.98
3403,148.2,2.52,32.8,1793,2768,132.12
3404,122.8,4.47,51.1,952,1695,113.05
3405,126.3,2.74,41.6,732,2535,89.88
3406,126.7,1.12,56.3,200,1827,51.27
3407,133.8,4.31,37.0,1351,2074,125.44
3408,144.2,1.11,52.6,1116,3035,97.86
3409,149.9,3.06,39.4,558,2174,78.54
3410,135.0,2.39,51.8,145,3063,68.12
3411,159.0,0.72,39.2,736,1663,59.85
3412,142.3,2.02,44.3,1888,2839,136.24
3413,151.0,4.36,29.8,873,2396,106.81
3414,143.7,3.27,57.2,1190,2133,120.17
3415,152.3,3.77,36.9,959,2411,106.92
3416,125.5,3.85,38.9,1744,3434,147.88
3417,123.1,1.22,51.7,1409,3257,111.51
3418,148.6,5.02,54.5,571,2731,108.75
3419,167.8,5.22,48.4,1993,1403,155.15
3420,154.7,3.27,47.5,1979,2979,157.73
3421,155.2,3.57,53.7,1961,1594,143.62
3422,140.3,4.04,40.5,1204,1286,110.35
3423,139.0,3.67,41.2,244,2312,67.77
3424,134.5,1.16,31.9,1469,1707,91.87
3425,172.8,5.3,36.0,973,1764,108.88
3426,175.6,2.72,33.1,1232,3388,113.03
3427,172.4,3.86,62.9,126,2861,82.09
3428,125.6,4.33,53.3,1458,2229,145.75
3429,169.1,5.01,31.9,379,3144,80.2
3430,172.3,1.52,53.9,1955,2051,129.2
3431,138.5,2.01,39.2,446,1889,61.04
3432,151.2,5.91,38.6,69,2179,77.02
3433,160.9,3.14,43.7,1429,2534,128.32
3434,149.7,2.21,33.3,574,1384,70.86
3435,134.8,4.43,34.1,1226,3223,128.95
3436,147.9,5.05,33.7,679,2348,97.99
3437,131.4,2.59,39.2,338,2969,73.05
3438,121.0,4.84,50.7,1316,2564,133.07
3439,151.3,4.7,46.7,769,1842,100.3
3440,141.4,1.67,49.1,252,1221,45.0
3441,152.4,4.72,52.7,1949,2497,155.73
3442,140.4,5.32,44.7,1124,3119,126.11
3443,149.2,5.1,35.5,573,1623,94.18
3444,166.6,2.81,39.3,1390,2636,113.23
3445,162.0,2.85,38.6,1740,2771,132.58
3446,132.5,2.27,38.3,612,1796,64.99
3447,134.2,1.67,48.1,887,3051,95.18
3448,166.8,0.66,41.5,1618,1256,105.16
3449,166.2,3.16,52.1,1021,3096,108.65
3450,176.3,2.42,34.5,1414,2315,108.74
3451,154.0,3.36,44.0,824,1472,79.58
3452,158.3,3.14,38.8,422,1586,67.45
3453,138.1,2.98,38.4,782,1314,84.52
3454,157.8,5.28,54.5,1023,2079,119.58
3455,155.5,4.1,44.2,774,1480,89.67
3456,179.4,1.3,51.1,1730,3127,130.84
3457,125.5,5.53,50.7,981,1679,116.43
3458,172.3,2.21,46.3,1661,1561,116.89
3459,146.9,2.12,41.1,348,3158,71.15
3460,196.0,5.58,42.7,1135,1440,123.19
3461,154.0,0.59,31.1,879,3103,87.65
3462,125.4,3.61,44.5,844,2768,113.51
3463,137.3,0.58,50.0,1092,2347,88.7
3464,127.5,2.62,50.1,601,2697,88.57
3465,169.7,1.45,37.4,1502,1521,104.26
3466,159.5,5.15,43.8,1422,2905,138.41
3467,133.5,4.04,41.9,907,1348,99.86
3468,151.3,3.87,37.5,1748,1353,133.32
3469,149.5,3.16,42.1,1137,2384,108.84
3470,180.9,2.39,45.4,695,1939,79.89
3471,152.9,2.39,48.0,814,2991,96.52
3472,147.8,1.46,58.3,1256,1287,89.4
3473,148.1,5.94,44.3,1290,1717,129.62
3474,128.9,1.89,48.4,1251,1921,100.29
3475,176.4,3.93,42.6,1692,2055,142.85
3476,128.1,5.09,41.6,1464,3081,141.6
3477,170.1,4.32,43.8,1038,2340,107.46
3478,134.0,1.55,44.1,1175,3251,105.09
3479,152.1,2.7,34.0,90,3067,56.17
3480,128.8,4.73,50.4,644,2018,98.41
3481,129.3,4.23,49.7,1669,2967,152.16
3482,151.7,2.33,50.5,70,2945,63.42
3483,183.1,3.5,34.5,330,3412,69.45
3484,152.2,0.68,56.6,968,1742,82.45
3485,132.0,2.46,44.8,413,1640,68.55
3486,160.8,4.87,50.9,1690,1794,146.28
3487,135.7,1.04,37.5,1722,2692,118.16
3488,150.0,3.01,28.9,693,2321,87.17
3489,151.2,2.8,57.8,1018,2593,107.8
3490,146.9,4.93,42.1,722,2876,105.15
3491,162.8,3.49,40.7,1554,2398,130.94
3492,136.6,2.48,41.8,1637,2768,131.35
3493,128.2,4.61,53.6,1951,1851,161.0
3494,163.3,3.66,41.3,436,2881,80.25
3495,155.4,2.35,37.8,1404,2503,111.1
3496,147.5,0.72,36.7,361,1729,42.14
3497,140.5,2.86,42.1,265,1319,57.62
3498,161.2,0.63,55.6,572,2474,71.33
3499,146.6,6.0,45.4,194,3216,88.65
3500,143.9,5.29,34.1,136,2245,85.16
3501,139.9,3.97,51.7,989,3289,124.19
3502,136.5,3.13,57.1,82,2005,65.03
3503,153.7,0.75,51.6,1039,2963,92.01
3504,157.1,0.64,38.3,1581,1981,108.7
3505,136.9,5.61,36.9,452,1933,92.19
3506,148.3,4.89,34.5,1002,3169,119.33
3507,173.0,1.22,43.8,426,3027,72.04
3508,153.8,4.87,54.9,1011,3339,130.17
3509,153.3,1.11,53.7,477,2448,64.95
3510,131.3,1.97,54.8,135,2142,50.33
3511,151.4,1.52,52.2,428,2879,71.84
3512,175.0,4.12,32.4,204,3312,77.61
3513,104.4,4.19,42.8,456,1400,83.92
3514,153.3,5.79,49.3,528,1636,94.49
3515,156.4,2.57,44.2,806,2579,100.02
3516,152.8,0.71,47.1,1125,3297,95.44
3517,130.0,3.97,37.2,1347,1792,113.41
3518,167.4,5.97,44.3,1290,2418,135.49
3519,169.4,2.78,44.3,719,1808,75.41
3520,145.4,5.06,25.0,1692,3170,155.12
3521,140.6,5.76,55.9,602,2517,112.57
3522,144.4,3.0,37.2,1637,1790,124.37
3523,161.3,2.01,40.2,1872,3040,136.35
3524,159.4,0.54,48.0,1933,2815,130.33
3525,154.5,1.85,39.2,850,1812,80.63
3526,159.3,3.96,50.2,873,1368,98.13
3527,166.7,1.14,41.2,1201,1342,83.39
3528,184.6,5.11,38.3,1351,1910,127.81
3529,147.1,0.63,41.0,354,1604,46.97
3530,150.9,4.0,40.8,857,1782,92.87
3531,148.1,4.37,44.4,1971,3277,163.12
3532,123.6,5.63,41.2,1251,2469,139.8
3533,142.2,4.04,37.8,1807,2850,148.63
3534,149.1,4.8,49.5,1897,2087,155.08
3535,120.5,3.74,58.3,1349,2549,132.05
3536,183.8,1.33,50.1,599,3354,81.0
3537,160.9,0.74,43.6,1475,2116,98.9
3538,152.5,4.32,42.1,761,3116,109.89
3539,129.5,4.59,47.8,511,1761,89.76
3540,168.5,2.92,47.8,288,1312,61.72
3541,157.2,1.55,31.8,1543,2871,113.25
3542,130.7,3.72,49.1,533,1569,82.38
3543,125.6,4.29,37.0,291,1398,77.73
3544,174.2,2.73,38.9,883,2139,87.61
3545,191.3,4.28,47.5,305,2045,78.82
3546,130.0,5.93,49.6,1148,2523,138.74
3547,150.4,1.52,41.1,674,2251,70.94
3548,154.1,1.19,26.9,605,2105,61.49
3549,146.4,3.49,55.8,1213,1708,115.69
3550,141.2,2.2,40.5,1616,2157,119.77
3551,148.2,4.18,62.4,208,2730,77.33
3552,151.9,3.17,38.7,1256,2466,116.79
3553,126.9,3.27,44.9,192,2134,78.54
3554,151.6,5.71,38.1,615,2936,105.74
3555,154.2,2.52,56.1,270,3499,76.55
3556,158.4,1.52,43.1,1479,2992,121.68
3557,145.9,3.1,45.9,342,1358,66.82
3558,150.8,5.31,52.9,695,3363,114.63
3559,179.2,3.57,60.1,519,1863,88.03
3560,151.6,4.19,45.4,796,2818,103.25
3561,124.8,3.03,27.5,490,1248,64.43
3562,184.1,2.46,46.8,619,3201,91.98
3563,151.7,3.42,51.1,1059,1430,98.17
3564,141.7,3.6,48.8,284,2753,77.61
3565,142.3,4.65,25.0,1571,1430,125.87
3566,124.2,3.76,42.4,501,2140,81.75
3567,142.0,5.87,42.0,1713,3081,156.85
3568,156.3,4.59,39.5,72,2131,66.47
3569,154.6,5.08,40.4,160,2763,80.33
3570,153.9,1.23,39.6,1577,3207,119.89
3571,152.1,2.14,49.5,1317,1753,103.42
3572,179.7,2.86,32.2,1921,2659,135.3
3573,139.8,3.33,37.1,955,1439,88.83
3574,134.6,0.73,40.3,225,3307,53.71
3575,146.9,3.47,49.9,1845,2923,145.73
3576,156.9,5.69,51.2,744,1672,103.44
3577,142.5,3.05,33.4,1112,2052,114.41
3578,150.6,2.79,48.5,1625,3061,127.57
3579,131.3,3.74,55.3,766,2813,108.18
3580,163.7,2.44,36.0,1537,2654,121.2
3581,151.5,5.26,58.7,1936,1650,166.0
3582,131.9,0.99,42.3,1502,1301,94.92
3583,146.6,4.03,44.0,1525,1277,128.0
3584,151.8,1.32,46.8,1032,2850,96.15
3585,129.6,4.62,43.6,331,1812,85.86
3586,160.1,5.31,50.9,1079,3096,129.58
3587,172.4,4.38,46.5,441,1786,76.82
3588,178.6,0.98,51.5,770,2510,79.42
3589,139.7,2.17,49.8,1225,1528,104.5
3590,150.5,1.73,45.0,264,3303,76.73
3591,177.5,4.29,57.0,733,1270,98.12
3592,153.2,2.19,55.1,712,2566,84.78
3593,135.5,4.87,40.6,1268,2360,137.92
3594,140.8,2.54,40.6,63,1253,44.99
3595,132.4,2.84,39.4,791,2189,81.54
3596,165.6,5.17,45.6,67,1409,69.06
3597,142.4,5.94,43.8,1401,3443,155.62
3598,135.9,2.54,25.0,993,3300,100.14
3599,143.0,4.99,43.0,411,2459,88.5
3600,154.0,0.9,51.3,471,1989,57.62
3601,167.5,2.39,54.8,1875,2859,142.11
3602,130.3,1.93,44.1,532,2426,74.4
3603,164.7,5.81,45.8,971,1764,125.36
3604,186.2,4.71,51.3,694,2326,104.93
3605,135.3,4.22,46.6,1829,3406,149.58
3606,153.4,4.02,32.5,850,3210,101.0
3607,154.5,3.97,47.3,695,1495,92.61
3608,133.0,0.54,33.3,1573,1329,91.4
3609,149.4,2.75,46.7,543,3040,86.93
3610,139.3,1.01,28.8,1887,1951,110.97
3611,159.6,4.79,48.9,857,2579,117.47
3612,142.3,3.65,50.6,658,1726,98.25
3613,155.7,3.62,54.6,1182,3455,129.05
3614,145.9,1.34,40.4,1783,1564,116.36
3615,130.6,4.58,51.8,250,1411,75.96
3616,141.8,2.48,57.4,1268,3149,122.06
3617,142.0,5.28,36.9,764,2962,113.47
3618,148.7,2.29,44.0,1049,1542,91.02
3619,100.0,4.3,52.3,398,3272,94.55
3620,183.6,5.54,45.1,1663,3366,163.4
3621,140.2,3.8,50.0,1630,2136,137.11
3622,150.4,1.3,56.1,1927,1841,124.27
3623,160.2,2.68,44.9,70,1911,48.08
3624,177.9,3.99,50.6,1808,2787,148.54
3625,152.4,4.7,47.3,116,3373,84.29
3626,142.9,5.84,70.5,409,3275,118.11
3627,144.0,5.36,35.3,175,1377,74.98
3628,158.4,4.64,46.8,1055,3448,125.88
3629,145.9,3.27,46.6,158,3346,81.22
3630,157.0,2.29,56.4,513,2677,80.22
3631,163.0,0.93,37.0,1322,2421,102.46
3632,152.0,2.57,48.5,161,2945,67.51
3633,149.0,1.22,52.6,462,2219,66.1
3634,138.3,4.92,55.7,1216,3411,138.21
3635,157.2,2.65,25.0,1563,2165,115.82
3636,139.5,3.11,42.0,100,2534,68.43
3637,156.3,3.63,42.4,337,1564,59.26
3638,116.0,2.34,44.2,968,2628,98.73
3639,152.0,5.76,44.9,1109,3279,135.64
3640,161.7,3.77,41.6,359,2455,72.68
3641,146.9,1.65,49.7,1397,1579,101.72
3642,122.6,3.62,50.2,114,1904,65.88
3643,141.7,0.82,48.9,1362,1537,101.88
3644,149.5,5.67,41.9,1228,3484,138.88
3645,142.8,1.46,38.1,1530,3077,112.47
3646,144.2,2.61,53.1,761,3021,96.72
3647,161.5,4.55,43.0,1032,2259,118.28
3648,140.9,4.98,37.3,1521,2256,140.88
3649,157.9,1.43,45.1,1813,2589,119.95
3650,164.6,2.92,58.5,1481,3403,138.16
3651,136.9,1.12,38.5,1358,1664,99.91
3652,168.0,1.2,50.3,1018,2698,86.95
3653,136.2,2.68,42.3,1618,1889,124.44
3654,176.6,4.74,44.6,1169,2175,123.77
3655,153.6,1.11,48.0,1996,2546,138.25
3656,153.9,1.77,48.2,1433,2478,106.75
3657,131.8,2.81,49.4,1009,3081,119.69
3658,154.9,4.7,49.9,1877,3338,164.83
3659,135.8,3.35,33.1,1022,1590,87.36
3660,157.0,1.11,50.2,1800,1607,116.61
3661,139.9,3.84,50.6,1067,2788,118.32
3662,146.8,2.01,33.8,1167,2465,90.72
3663,184.5,3.28,48.8,850,1888,94.24
3664,147.4,3.23,53.8,380,2020,77.04
3665,154.5,3.13,49.9,1317,2969,126.73
3666,153.8,5.78,57.7,1704,2206,158.69
3667,163.4,0.68,45.9,310,2993,55.96
3668,160.9,3.38,46.5,847,2066,97.84
3669,151.9,2.88,28.7,1659,1228,111.94
3670,169.0,2.71,50.1,600,1474,76.8
3671,138.7,5.2,30.5,62,1856,72.11
3672,147.5,2.2,42.5,469,1489,64.51
3673,136.7,3.11,45.7,1231,2250,118.15
3674,178.0,1.69,52.5,1291,2420,104.28
3675,148.5,5.21,39.5,1218,2189,128.98
3676,160.0,3.25,32.4,1571,2386,129.81
3677,157.9,3.79,51.1,1187,1742,115.04
3678,146.2,5.95,40.3,410,1293,87.0
3679,145.2,4.82,43.9,1885,1688,150.72
3680,123.2,1.07,45.6,1477,2075,105.11
3681,160.1,5.6,38.7,1962,1866,157.72
3682,126.7,3.58,44.5,484,1722,82.59
3683,130.7,5.4,42.5,259,2888,95.75
3684,139.0,3.93,48.4,779,2843,106.96
3685,140.7,4.64,61.6,1555,1809,138.51
3686,176.7,0.62,50.7,1912,1304,113.3
3687,138.9,4.82,49.1,1433,3217,137.63
3688,157.5,2.17,48.1,725,2896,81.49
3689,141.5,2.35,42.0,681,1709,66.99
3690,160.4,0.99,41.2,1044,1939,78.96
3691,174.1,2.63,45.9,870,2103,95.75
3692,131.1,4.06,42.4,1558,1451,130.17
3693,150.5,1.8,51.6,1927,1601,126.59
3694,149.3,5.05,39.2,1922,2486,157.98
3695,147.7,4.45,36.9,1530,1973,132.54
3696,167.6,2.86,33.6,1798,1937,133.17
3697,151.4,1.35,42.4,529,2591,71.35
3698,157.9,1.13,45.2,1926,3302,140.68
3699,144.4,1.47,46.4,1065,2150,92.19
3700,173.3,2.8,35.4,956,2548,99.71
3701,140.2,2.94,35.9,1342,2097,113.7
3702,162.9,1.11,41.8,1714,3231,125.47
3703,166.2,2.91,42.1,1560,1332,117.93
3704,141.4,5.84,42.0,865,1711,112.89
3705,128.8,0.86,40.7,1160,1754,87.87
3706,125.3,1.1,45.5,1316,2558,102.89
3707,149.3,3.23,50.2,1708,1570,129.34
3708,148.1,3.56,43.9,1766,3420,151.43
3709,178.5,4.37,52.5,1464,1911,136.91
3710,149.4,4.86,33.2,496,1880,81.53
3711,187.4,2.23,40.2,883,1221,77.36
3712,136.8,1.95,49.7,998,2254,102.53
3713,133.9,5.01,45.1,475,3109,102.53
3714,145.0,2.34,35.1,286,1573,48.83
3715,132.0,1.33,39.6,154,1397,46.16
3716,165.2,0.69,32.3,695,1353,46.9
3717,132.2,4.87,50.6,839,1814,106.65
3718,137.1,1.14,45.2,1522,2761,104.6
3719,142.1,5.84,52.6,1233,2249,138.36
3720,111.6,3.08,37.1,56,1832,51.88
3721,159.6,3.92,46.0,402,2691,89.0
3722,166.9,5.64,39.6,185,3247,89.84
3723,157.9,0.97,36.3,1042,3148,87.71
3724,126.4,5.58,49.1,1419,1384,140.84
3725,136.6,2.96,53.5,1408,1428,115.28
3726,154.0,0.81,25.0,901,1938,60.25
3727,154.5,1.1,46.5,711,2115,69.9
3728,148.9,1.42,39.9,999,3273,93.57
3729,157.9,2.6,58.7,394,1387,68.37
3730,121.5,2.02,42.2,979,1569,79.26
3731,159.0,0.65,35.5,1293,1214,81.33
3732,150.9,4.29,50.4,1297,3488,135.12
3733,163.8,2.65,55.8,1381,1585,112.66
3734,151.4,4.44,44.7,68,2813,71.51
3735,150.9,0.68,34.6,1444,2458,102.8
3736,161.4,2.46,46.5,1620,1610,119.97
3737,150.7,4.03,55.9,589,2701,101.38
3738,156.1,1.02,30.2,1123,1852,77.03
3739,157.7,1.34,41.1,1118,3015,96.6
3740,147.0,3.52,47.0,169,1504,60.27
3741,146.2,2.16,39.5,379,2432,59.78
3742,173.2,1.02,58.1,1378,1781,97.26
3743,134.1,0.59,49.2,798,1613,67.98
3744,165.2,5.38,43.9,610,3200,109.13
3745,154.9,1.59,46.6,1283,2679,117.94
3746,126.4,5.11,37.2,200,1303,71.86
3747,136.7,2.17,37.4,1078,1679,90.03
3748,147.4,0.55,25.0,1967,2745,120.97
3749,174.9,2.09,33.2,1712,1658,112.64
3750,147.0,4.53,43.7,1757,3138,156.29
3751,146.9,2.39,49.4,1734,1557,124.4
3752,175.0,1.55,45.8,696,2678,71.34
3753,150.1,1.43,52.3,1828,2732,133.35
3754,161.0,2.33,40.8,1971,2492,135.51
3755,121.6,2.8,41.0,668,2841,86.26
3756,156.3,3.61,39.6,850,3027,98.38
3757,153.4,0.79,36.0,1165,1623,77.2
3758,157.0,5.08,27.4,1996,2149,162.9
3759,143.6,3.67,31.1,686,1732,82.79
3760,157.1,5.74,45.1,1794,2140,157.41
3761,137.9,3.11,43.9,1447,2686,124.69
3762,157.4,5.35,42.6,1193,3491,136.69
3763,122.0,4.57,37.1,1506,1484,131.48
3764,181.4,5.23,40.8,738,3467,115.58
3765,168.1,4.69,42.2,732,1540,92.79
3766,164.4,0.67,55.6,1679,2095,116.45
3767,169.8,4.9,48.4,1631,2058,142.57
3768,150.6,4.21,30.3,807,3410,107.78
3769,139.3,2.48,62.0,519,1772,69.99
3770,156.6,2.63,48.3,1337,1380,107.44
3771,165.5,4.62,45.4,1787,2081,147.59
3772,141.6,2.16,55.3,1778,2639,144.16
3773,135.0,2.81,40.7,304,2484,67.81
3774,165.9,5.8,41.7,1176,1353,127.96
3775,183.3,4.11,49.8,1612,1743,144.31
3776,162.6,4.0,41.9,790,2482,103.52
3777,145.4,4.93,50.6,466,1287,85.99
3778,175.5,1.04,39.0,1921,2305,136.81
3779,148.5,4.04,55.8,132,2011,66.85
3780,116.7,5.24,40.1,501,3110,107.09
3781,149.7,5.51,61.1,144,2533,85.36
3782,197.9,3.42,47.6,573,2696,84.18
3783,137.7,1.34,38.8,270,2008,55.56
3784,178.6,2.97,38.7,1007,2742,103.63
3785,174.5,3.08,44.3,1660,2411,122.36
3786,145.1,4.02,49.2,244,3148,84.73
3787,138.4,5.82,39.8,972,3205,125.51
3788,141.9,0.71,34.3,1385,1635,95.64
3789,157.3,5.85,41.3,159,1616,85.37
3790,160.4,2.91,55.2,709,2020,83.82
3791,127.7,5.07,55.4,1760,2516,159.95
3792,161.3,3.5,31.9,909,2856,101.49
3793,149.5,3.69,63.6,1043,2453,118.12
3794,139.0,3.74,43.0,326,1278,68.86
3795,133.5,2.64,30.6,966,2850,98.59
3796,129.2,1.99,48.3,684,2132,87.06
3797,178.9,2.09,54.7,1825,2297,134.02
3798,146.8,0.85,54.2,1908,1435,123.79
3799,131.2,5.31,59.0,1257,2418,136.8
3800,142.6,3.39,28.0,1428,3425,133.27
3801,131.2,1.53,36.9,1618,1789,109.28
3802,150.7,2.41,42.0,1242,3241,119.56
3803,153.4,0.64,47.0,805,2909,75.49
3804,161.8,3.99,41.4,590,2007,86.65
3805,154.8,0.54,41.7,475,1326,50.9
3806,135.8,2.95,49.2,1217,2601,113.17
3807,148.7,4.84,44.8,1390,1287,131.48
3808,136.3,0.68,36.8,1724,2704,111.02
3809,153.9,4.89,40.5,805,2114,108.47
3810,160.7,1.41,46.6,227,1366,48.25
3811,176.0,2.03,44.9,304,3411,66.54
3812,152.1,4.39,39.5,1869,2223,151.8
3813,160.8,1.06,43.8,1365,1591,91.64
3814,155.5,5.52,28.5,965,1872,102.61
3815,141.4,1.47,53.7,245,2817,64.95
3816,178.8,4.21,59.3,140,1227,66.93
3817,147.6,3.14,32.1,719,2387,86.18
3818,139.1,5.98,52.0,286,3363,98.88
3819,136.1,3.95,38.8,1300,2605,120.73
3820,118.9,5.28,36.6,1991,2274,165.16
3821,152.4,0.8,59.3,1146,2780,99.05
3822,164.6,3.96,53.2,181,2399,80.72
3823,156.8,4.4,53.1,180,3380,83.19
3824,126.4,3.34,49.4,780,1243,88.37
3825,175.1,4.02,46.3,1070,2532,118.46
3826,158.0,4.61,46.5,999,3085,121.46
3827,142.7,1.42,44.3,1192,1243,88.27
3828,173.0,2.31,50.6,1585,2131,124.29
3829,126.6,0.62,27.5,1598,2715,101.04
3830,168.8,4.16,43.4,1423,3398,136.39
3831,141.2,0.67,29.8,1156,2117,77.47
3832,126.2,4.17,33.0,1444,1348,119.34
3833,150.8,3.83,43.8,757,1457,87.79
3834,169.1,2.43,46.2,455,3173,71.71
3835,160.6,3.08,44.5,1920,2662,143.8
3836,144.6,3.46,47.0,1657,1853,130.27
3837,131.2,3.86,41.5,70,2965,73.22
3838,157.4,5.71,37.6,979,2894,126.87
3839,161.4,4.92,51.2,751,2806,115.96
3840,172.5,4.03,37.8,235,3411,77.66
3841,165.8,2.16,31.6,1278,2351,104.2
3842,158.6,0.56,35.1,265,1951,38.31
3843,169.1,3.84,52.0,1389,3448,135.38
3844,138.1,2.76,45.8,1638,1975,124.35
3845,146.7,2.11,54.5,1886,2214,135.62
3846,140.0,0.75,36.1,1323,1831,89.81
3847,152.7,3.42,48.7,1584,1863,123.25
3848,160.4,1.21,43.3,854,2007,79.97
3849,164.4,5.05,49.2,294,2934,90.41
3850,155.6,1.21,49.0,171,2320,40.94
3851,141.6,3.84,27.2,1641,2542,130.71
3852,130.1,5.01,39.4,981,2202,113.94
3853,130.1,5.94,46.2,1433,2949,153.46
3854,151.6,3.63,48.1,395,3362,81.4
3855,140.6,4.12,47.1,1660,2748,140.5
3856,157.0,5.35,38.4,441,2507,97.05
3857,147.2,0.84,42.7,1282,2168,88.42
3858,134.3,2.8,45.7,1867,1995,137.42
3859,148.7,1.83,49.2,1163,3432,106.48
3860,145.9,4.85,47.0,911,1565,99.0
3861,148.0,5.88,34.7,1390,2667,135.58
3862,169.3,5.92,53.5,1606,2249,156.67
3863,156.2,0.64,52.8,119,2486,47.22
3864,126.4,5.25,40.0,1664,1813,140.23
3865,134.5,5.96,46.9,692,2896,117.95
3866,137.7,2.49,41.2,1463,1918,112.86
3867,182.1,3.57,34.1,1567,1862,123.13
3868,148.9,4.21,38.2,1367,1844,121.0
3869,138.0,5.01,34.5,591,2174,92.79
3870,124.3,3.67,36.8,777,1249,85.16
3871,106.4,3.48,29.2,1865,1935,136.43
3872,172.4,3.18,38.3,1584,1375,115.78
3873,161.9,3.83,64.4,1621,2726,144.14
3874,150.0,5.47,35.6,1232,2095,127.23
3875,156.5,4.1,51.7,129,1828,64.3
3876,139.5,3.23,45.7,1432,1502,114.79
3877,156.1,0.67,42.8,1257,2492,90.3
3878,130.7,2.32,35.3,1959,1947,131.81
3879,140.0,2.51,54.5,1388,1520,113.54
3880,175.5,4.81,40.0,882,3105,114.42
3881,126.1,2.68,41.1,887,1726,89.04
3882,157.5,4.59,42.3,1036,2253,114.55
3883,144.4,4.09,40.3,1904,1760,146.46
3884,119.3,5.13,60.8,515,1720,100.24
3885,168.0,0.71,43.2,277,2795,55.35
3886,146.9,4.36,46.6,253,2237,77.24
3887,142.9,4.82,51.0,375,2291,95.24
3888,136.5,5.43,46.4,1624,3209,152.33
3889,135.3,1.26,35.2,711,2034,71.4
3890,138.6,3.84,47.0,1354,2259,134.57
3891,160.1,4.23,42.3,102,3356,75.81
3892,132.3,0.53,43.5,215,2475,43.79
3893,131.5,0.55,41.6,1569,2884,113.7
3894,140.5,4.93,36.3,302,2119,77.74
3895,164.7,1.37,53.9,1955,2562,131.83
3896,140.3,3.51,40.9,736,1553,84.49
3897,140.4,5.35,40.8,733,3192,119.71
3898,185.4,3.42,43.2,518,2474,81.1
3899,141.5,4.42,63.3,233,2796,88.77
3900,140.7,3.23,30.8,1127,1758,103.31
3901,142.0,1.74,51.0,1481,1764,118.01
3902,156.9,4.37,47.7,1106,2168,120.47
3903,145.2,2.88,43.8,795,2893,95.38
3904,142.7,0.55,45.0,1507,1660,93.74
3905,141.9,4.42,42.1,967,1346,105.07
3906,163.8,4.71,48.8,902,3295,117.14
3907,167.1,2.64,42.8,1997,2693,138.62
3908,140.8,5.38,38.7,643,2905,107.13
3909,158.2,3.67,52.1,1996,3460,162.21
3910,150.5,0.83,51.5,1609,3135,115.68
3911,164.1,4.51,37.8,1288,3022,128.79
3912,143.9,2.52,45.6,433,2155,74.55
3913,147.3,1.91,42.7,1143,2284,100.13
3914,165.4,4.36,46.9,677,2509,97.65
3915,161.6,3.77,40.0,79,1222,56.07
3916,141.0,3.16,54.0,166,2005,64.35
3917,139.6,4.11,46.2,1163,2252,114.18
3918,149.1,4.72,42.0,1836,3062,161.8
3919,160.2,2.17,42.5,925,1819,88.04
3920,141.8,4.62,41.5,1164,3321,133.74
3921,148.1,4.02,46.8,1409,2332,125.36
3922,143.5,1.26,25.3,1933,2503,119.25
3923,137.8,5.66,41.6,239,2597,90.85
3924,132.7,3.16,55.3,469,1301,77.03
3925,158.8,1.63,43.9,66,2896,44.6
3926,136.9,2.54,34.6,753,2530,90.67
3927,157.9,4.9,43.0,409,1743,87.5
3928,121.4,2.83,44.7,1080,1699,98.1
3929,152.5,3.46,59.5,1820,1930,147.19
3930,130.2,3.17,46.0,633,2329,90.9
3931,153.0,4.56,41.0,489,1294,82.51
3932,167.9,2.73,34.7,530,2477,78.6
3933,157.8,3.39,48.8,1901,2264,140.13
3934,149.3,3.36,50.3,327,3141,87.73
3935,138.3,3.8,27.6,1967,2694,150.8
3936,140.8,3.8,41.7,780,2245,92.52
3937,154.5,5.97,43.4,162,2178,92.77
3938,180.6,3.6,57.3,1890,2669,156.22
3939,146.4,2.13,31.7,413,3103,68.34
3940,143.0,5.65,51.6,916,2501,129.51
3941,159.6,3.47,58.8,423,2579,82.89
3942,149.3,0.89,30.2,1765,2359,112.51
3943,152.8,1.17,48.2,1100,2716,90.37
3944,130.2,4.82,36.1,827,3255,114.85
3945,142.0,0.78,48.9,547,3458,78.86
3946,144.7,5.82,40.4,686,1942,107.97
3947,147.8,0.65,46.9,935,2501,85.99
3948,176.0,4.87,45.9,794,1253,95.05
3949,145.7,5.3,57.9,534,1996,98.59
3950,133.7,0.66,50.9,1248,2684,95.38
3951,200.0,3.03,55.7,851,1587,92.4
3952,147.8,4.76,43.6,1771,2684,152.51
3953,147.7,4.01,46.4,1154,1505,109.81
3954,150.1,1.51,44.5,241,1654,49.81
3955,130.1,5.91,50.3,1647,1522,146.26
3956,154.9,1.91,41.1,1398,1740,112.26
3957,186.6,3.98,40.8,675,2148,84.11
3958,146.2,4.94,62.4,173,1418,80.1
3959,123.7,3.2,48.4,994,2394,103.79
3960,156.9,4.07,45.9,548,2817,89.71
3961,141.0,0.54,44.7,1103,3393,94.1
3962,185.9,5.36,45.4,945,1657,116.37
3963,154.8,3.02,46.0,1440,2977,132.46
3964,149.9,3.55,38.7,1263,3199,120.65
3965,141.5,5.29,52.3,1887,3281,171.45
3966,134.2,4.95,53.5,1998,3477,181.0
3967,153.7,2.4,41.2,1750,2933,136.53
3968,140.7,2.25,64.8,361,3048,77.09
3969,144.0,5.53,48.9,203,1634,86.13
3970,194.2,3.64,58.8,118,1314,62.85
3971,137.5,3.65,47.6,1336,2412,118.4
3972,143.8,2.31,37.7,157,2383,50.53
3973,158.8,2.61,49.9,1727,1450,122.5
3974,168.2,3.78,34.2,1518,3357,130.79
3975,148.5,4.98,48.2,198,1425,79.45
3976,159.0,0.75,46.1,1432,3326,112.96
3977,163.0,3.12,28.8,1440,2457,117.39
3978,151.7,2.21,51.1,581,2000,77.5
3979,136.5,5.08,59.5,853,1533,113.0
3980,143.0,3.62,58.1,790,2620,96.8
3981,171.8,5.42,35.9,1505,3146,153.58
3982,131.1,2.63,46.6,223,1821,58.88
3983,133.4,1.15,56.7,1469,2955,113.84
3984,140.9,5.94,36.8,1787,1436,152.42
3985,146.2,5.72,46.0,1121,2565,131.02
3986,158.1,4.05,45.4,1404,2255,129.91
3987,150.4,0.51,52.0,1720,3240,122.12
3988,143.5,0.98,51.9,331,2828,62.13
3989,158.0,3.9,44.0,1534,1850,123.29
3990,181.4,0.7,40.7,1652,3064,119.56
3991,160.2,0.73,31.1,1126,1471,68.55
3992,153.0,1.66,51.1,1318,2334,114.64
3993,134.3,5.32,49.3,551,1943,98.18
3994,150.4,1.82,45.7,896,3039,96.48
3995,137.8,3.02,52.8,271,3259,81.41
3996,156.0,4.89,32.9,1218,2569,132.77
3997,157.3,4.8,40.8,1273,3253,132.36
3998,138.4,2.48,42.5,1762,1604,125.86
3999,167.9,1.61,35.2,1777,1778,115.51
4000,152.7,2.24,53.6,1771,3348,145.34
4001,148.5,2.27,47.9,364,1417,53.88
4002,156.4,4.66,50.5,1734,2662,155.66
4003,116.6,3.91,44.2,980,3217,118.72
4004,149.2,2.53,47.6,1992,1833,138.29
4005,169.8,2.24,35.7,788,1942,84.87
4006,157.3,0.88,44.8,670,3141,78.72
4007,160.1,1.24,55.0,418,2536,58.28
4008,157.0,5.62,47.8,548,2574,118.2
4009,153.5,5.95,48.1,746,1975,104.52
4010,170.7,3.1,30.3,148,1725,49.0
4011,136.2,1.31,50.5,1498,2119,106.1
4012,115.1,5.3,57.0,290,2762,94.52
4013,174.1,2.29,39.7,1074,2515,98.88
4014,147.6,1.33,38.2,547,2929,72.05
4015,131.3,4.75,29.1,1041,1524,99.96
4016,154.0,0.7,40.6,162,1941,39.95
4017,110.2,3.22,40.9,1361,2205,119.92
4018,155.0,4.2,35.4,1418,3041,131.65
4019,139.8,3.1,45.5,449,2398,77.61
4020,144.7,3.48,51.8,989,1816,104.32
4021,139.9,4.59,51.4,1758,3245,154.24
4022,129.9,3.17,38.2,133,1633,62.75
4023,146.6,0.65,60.2,1160,2026,99.29
4024,149.2,0.64,45.7,186,2903,47.06
4025,154.3,0.79,60.1,1614,1723,115.03
4026,144.1,4.28,28.4,590,2022,90.36
4027,148.6,2.03,39.5,1944,2544,132.74
4028,150.5,3.89,47.8,1288,1705,121.79
4029,146.3,2.59,36.7,1450,2725,122.6
4030,141.9,3.61,47.3,1259,3407,127.04
4031,146.6,1.85,52.6,256,1748,58.55
4032,164.0,3.66,54.6,1357,3400,127.59
4033,154.1,5.88,55.0,1689,1641,151.09
4034,135.0,1.83,45.2,1223,3035,108.58
4035,164.8,4.83,46.9,1124,1623,109.47
4036,145.3,2.25,32.5,73,1930,45.03
4037,161.4,1.2,27.5,588,1909,56.63
4038,155.4,5.14,35.2,1223,1714,122.0
4039,155.7,2.67,45.5,1750,2894,133.68
4040,154.6,2.17,45.7,598,3414,80.69
4041,168.1,0.6,43.4,989,1671,73.99
4042,149.1,2.24,39.6,642,2048,67.41
4043,146.7,2.18,44.3,741,1487,74.99
4044,117.1,1.88,50.4,1280,3414,122.04
4045,156.6,0.84,40.4,1462,2043,96.05
4046,142.2,3.7,58.1,1145,1324,104.39
4047,143.6,2.31,52.6,1658,1994,124.45
4048,146.7,3.07,44.2,1726,1205,130.58
4049,164.5,1.76,39.5,599,2290,77.27
4050,155.2,1.79,40.9,1621,3357,122.93
4051,137.6,1.84,41.7,616,1476,66.89
4052,129.8,0.99,48.4,1094,3408,105.55
4053,142.6,3.2,47.7,1196,1459,97.37
4054,155.8,2.96,54.3,1875,3068,149.83
4055,157.6,5.32,41.8,1293,3113,139.78
4056,153.8,3.89,41.6,344,2283,68.19
4057,148.3,5.4,53.7,772,1369,102.0
4058,173.2,3.99,42.2,1525,2216,131.03
4059,141.4,2.39,41.0,1059,2218,96.64
4060,139.9,1.48,50.8,1329,3139,111.85
4061,134.1,3.33,56.7,82,3096,69.39
4062,166.4,2.45,25.8,1215,2038,95.02
4063,152.0,1.69,48.5,1234,3298,108.48
4064,148.6,4.69,35.6,752,2145,99.89
4065,141.2,1.18,30.3,169,2681,50.24
4066,118.1,2.18,54.6,1899,2584,140.94
4067,173.6,1.61,46.6,580,2010,71.58
4068,131.6,0.58,49.6,1436,3357,118.71
4069,157.4,4.08,60.0,505,1584,71.32
4070,162.1,2.8,32.8,52,2213,49.83
4071,152.0,3.06,49.4,1678,2714,137.88
4072,151.4,0.84,54.4,577,3174,77.5
4073,138.8,5.71,54.6,1284,2965,148.36
4074,141.8,5.65,47.1,892,1740,109.08
4075,140.0,3.19,33.7,373,2985,77.97
4076,144.5,3.93,39.6,1119,3336,118.27
4077,141.4,1.01,47.9,1827,3326,132.25
4078,133.2,2.08,50.1,877,1564,80.74
4079,164.5,1.6,40.9,903,2000,83.11
4080,135.1,0.75,48.6,289,3432,60.19
4081,140.7,4.94,40.3,1962,1608,159.95
4082,134.2,3.68,33.4,1066,2574,110.71
4083,155.8,0.62,45.1,1795,1648,114.95
4084,125.8,5.14,40.5,516,1475,94.07
4085,131.9,4.81,47.0,1298,3416,144.81
4086,168.3,0.77,45.6,1425,1947,98.58
4087,131.6,0.73,54.7,523,2736,66.9
4088,143.2,1.41,41.3,1759,1483,116.53
4089,164.8,4.63,45.3,121,2651,86.59
4090,128.5,5.97,43.1,479,2943,113.3
4091,156.8,2.15,51.6,194,1682,49.66
4092,166.7,1.52,42.9,561,2216,65.02
4093,155.8,3.75,56.0,758,3411,113.49
4094,161.9,4.02,34.3,395,1307,70.18
4095,147.4,1.96,44.0,820,1654,79.5
4096,136.0,1.95,36.7,1882,1749,119.85
4097,153.6,1.88,49.2,1297,2795,114.11
4098,144.7,2.38,54.5,1773,2713,142.81
4099,149.5,1.96,51.5,1924,3421,147.28
4100,142.0,3.12,52.0,1022,2981,110.82
4101,149.2,1.33,41.0,178,2215,53.31
4102,154.0,4.07,43.7,774,2814,98.5
4103,150.7,5.61,49.5,474,2327,103.95
4104,150.7,1.87,52.9,144,2530,49.6
4105,148.0,3.61,52.7,1281,1889,127.04
4106,133.8,1.25,44.7,454,2141,64.32
4107,170.9,4.2,56.8,632,3143,101.91
4108,130.6,3.54,44.1,1052,1275,92.23
4109,154.8,3.45,47.1,1163,2760,119.86
4110,150.9,5.42,50.8,1596,1541,146.63
4111,135.3,4.55,52.6,53,1611,72.61
4112,173.7,4.73,55.0,864,3133,124.16
4113,155.8,5.97,44.6,1302,2369,138.55
4114,151.9,4.02,47.1,315,1306,69.54
4115,130.2,5.56,30.8,179,1431,68.64
4116,153.2,2.54,29.7,1550,2994,125.97
4117,164.9,2.45,47.5,1335,1383,109.15
4118,150.8,5.89,56.7,661,1827,102.59
4119,145.2,3.41,43.4,1902,1202,140.87
4120,141.9,1.06,51.6,678,2536,77.67
4121,160.2,4.61,41.4,821,2993,108.56
4122,147.0,2.1,52.3,1291,2132,105.02
4123,153.1,3.98,44.7,1456,1634,122.52
4124,136.7,5.79,43.0,1692,2382,157.67
4125,117.9,3.32,37.4,1185,3284,120.45
4126,134.6,2.14,61.0,76,1792,53.04
4127,170.7,3.79,41.6,200,3213,79.28
4128,160.4,1.27,42.6,632,2542,77.04
4129,150.5,5.11,47.7,1317,2948,137.51
4130,164.3,3.54,35.7,1050,1392,92.36
4131,148.1,1.05,49.8,1566,2753,111.87
4132,163.6,5.76,60.2,1860,2881,171.15
4133,115.6,2.93,52.5,64,3136,68.6
4134,132.0,2.8,50.1,1545,2666,141.2
4135,147.5,5.15,35.3,1055,3042,130.15
4136,130.5,4.0,42.7,682,2875,93.67
4137,148.3,1.9,53.8,1821,2449,129.85
4138,154.8,1.85,52.0,358,3360,72.39
4139,157.7,5.1,48.8,1982,1200,157.75
4140,151.3,1.77,42.2,1721,3203,133.76
4141,157.2,4.3,42.8,1778,2632,147.8
4142,179.3,5.08,50.5,82,3098,85.69
4143,137.8,2.31,49.2,283,2903,70.65
4144,152.9,3.98,34.8,82,1601,53.67
4145,159.2,2.92,42.3,1642,2952,137.52
4146,147.9,3.91,40.8,1319,2893,129.26
4147,172.9,2.46,43.1,975,1971,93.42
4148,132.6,4.47,32.6,1487,2487,127.16
4149,144.3,2.06,43.1,424,1789,65.83
4150,146.9,1.95,38.8,1907,2780,134.11
4151,162.1,1.19,58.3,1370,2621,118.62
4152,169.0,5.16,48.4,637,2083,101.09
4153,165.7,1.54,36.4,333,2312,57.11
4154,144.6,0.65,45.6,221,1745,46.77
4155,185.6,1.94,47.9,697,2876,79.21
4156,157.2,1.03,47.1,1270,3349,104.65
4157,137.7,1.12,50.9,1151,2420,101.64
4158,135.4,5.48,46.7,1810,1511,148.51
4159,142.0,4.63,57.5,55,2470,78.99
4160,168.0,1.15,51.4,1399,1763,97.16
4161,142.8,2.79,53.5,1561,2759,129.2
4162,156.0,3.8,34.4,1119,3194,113.46
4163,140.7,1.22,42.8,822,3367,87.41
4164,149.4,2.61,37.8,1192,2732,109.81
4165,146.1,3.93,47.2,995,1927,108.6
4166,169.5,2.0,38.3,492,2544,70.86
4167,131.7,0.51,49.1,95,2332,38.29
4168,140.8,0.85,35.7,462,2862,60.35
4169,153.2,0.75,41.0,441,2594,52.5
4170,152.1,1.0,38.9,799,2640,78.31
4171,143.4,1.91,41.3,1911,1883,131.68
4172,172.4,1.23,53.1,1008,3266,102.52
4173,145.4,5.18,53.0,582,1486,88.57
4174,114.7,1.31,52.1,347,2045,65.05
4175,145.5,5.43,48.0,899,1924,117.44
4176,124.9,4.37,48.1,1309,3433,136.47
4177,155.2,1.92,53.5,1895,2806,141.98
4178,143.1,3.63,55.8,1744,2987,147.84
4179,176.7,4.89,39.8,922,2463,105.51
4180,138.2,4.96,45.8,1205,2942,124.7
4181,149.2,3.91,37.1,655,3045,104.55
4182,136.6,1.69,45.1,1421,2856,118.12
4183,169.5,5.03,44.1,1041,2694,123.99
4184,133.2,3.51,41.6,1136,1729,104.88
4185,135.4,3.7,59.0,835,2050,109.84
4186,171.3,4.94,46.8,1868,1867,150.78
4187,143.8,2.72,54.0,256,1514,61.41
4188,174.2,3.07,50.2,757,2372,89.23
4189,157.3,5.77,49.0,306,1390,80.84
4190,160.6,2.7,44.7,59,1624,49.12
4191,126.7,3.11,38.0,319,3247,79.88
4192,161.1,0.78,30.1,1126,1686,81.43
4193,150.9,0.97,34.4,1009,1876,86.94
4194,157.4,4.55,39.9,1211,2082,118.57
4195,127.3,5.73,42.9,74,2464,92.34
4196,134.5,3.87,51.1,1124,2108,114.14
4197,126.4,1.65,38.3,821,1230,73.85
4198,166.6,2.85,44.7,1141,2903,109.13
4199,151.5,2.43,46.8,1773,3480,134.93
4200,145.1,5.69,43.3,751,1877,107.71
4201,140.3,4.0,35.2,1600,2894,142.7
4202,141.5,5.1,33.2,1372,2253,123.91
4203,111.3,4.44,37.0,181,3379,82.12
4204,131.7,2.2,54.0,211,3483,75.66
4205,153.0,0.77,44.8,1193,3407,94.74
4206,133.8,3.15,45.1,175,1355,63.85
4207,164.7,0.67,44.4,1920,1773,123.46
4208,131.6,3.9,49.6,725,1251,85.76
4209,117.9,2.29,50.2,1019,3182,102.94
4210,151.0,4.11,33.9,1252,2261,117.17
4211,154.1,2.7,35.1,574,2325,74.15
4212,156.2,0.73,50.9,471,1376,54.11
4213,130.5,4.17,45.3,146,2927,83.91
4214,134.5,3.23,42.8,1178,1336,99.46
4215,147.1,4.14,32.0,1506,1377,126.34
4216,136.7,2.54,48.1,1091,2833,113.49
4217,187.8,1.14,50.5,1515,1683,99.89
4218,151.3,4.64,51.5,838,2767,108.75
4219,161.1,3.14,39.9,1863,1808,143.45
4220,146.6,4.46,53.1,1609,2633,150.96
4221,161.9,1.16,46.1,1736,2958,125.81
4222,164.8,2.06,54.4,846,1375,83.64
4223,140.1,5.34,40.4,1066,1345,106.36
4224,135.4,4.12,40.4,141,1730,59.11
4225,136.9,1.83,45.1,1710,1423,116.55
4226,174.0,4.28,49.0,1189,1539,113.53
4227,154.9,1.79,58.1,443,1345,60.88
4228,134.4,5.4,35.8,949,3330,129.09
4229,131.7,3.84,34.5,378,1562,69.86
4230,146.2,5.53,54.8,1034,2650,126.85
4231,164.4,5.23,44.9,343,3132,99.27
4232,169.0,4.26,61.1,80,2516,75.18
4233,141.6,0.52,39.8,286,1731,46.32
4234,173.4,0.83,43.8,729,3332,76.03
4235,151.0,5.09,38.9,1093,1860,119.32
4236,165.9,2.97,44.8,188,2885,67.07
4237,144.1,3.01,46.0,642,2632,92.97
4238,156.6,3.83,57.9,186,1348,67.06
4239,167.5,1.95,37.4,350,2248,53.38
4240,159.3,3.5,50.1,1570,3421,140.9
4241,148.5,5.66,43.6,480,2775,100.15
4242,144.8,2.95,67.7,104,3014,80.68
4243,168.2,1.99,44.3,660,1233,71.18
4244,171.0,1.64,42.6,1587,2078,112.6
4245,170.6,4.14,50.3,319,1453,76.7
4246,133.0,2.04,34.7,839,3091,95.9
4247,149.0,1.58,43.7,610,1270,58.97
4248,132.8,3.69,56.5,392,2164,83.34
4249,131.5,4.33,57.2,695,1419,94.43
4250,140.2,2.16,38.1,570,2423,75.68
4251,153.1,3.59,43.2,1556,3027,138.94
4252,106.5,0.85,55.6,1392,1216,92.63
4253,143.8,5.58,44.7,307,1705,93.14
4254,153.4,2.5,43.8,1752,1236,120.82
4255,166.6,1.1,49.3,1193,2261,94.81
4256,171.7,5.06,41.8,410,2537,89.98
4257,131.5,0.62,39.2,230,2832,49.5
4258,156.2,4.11,50.1,710,2540,103.58
4259,179.0,1.86,51.0,742,2500,88.8
4260,143.2,2.25,61.1,515,2477,79.11
4261,134.4,1.08,45.0,213,1261,49.07
4262,161.0,3.87,53.3,1586,2073,128.3
4263,144.0,0.94,25.0,1229,3080,96.8
4264,145.7,2.15,45.6,974,2810,100.25
4265,174.1,3.56,39.3,1889,2263,138.62
4266,143.5,1.13,51.7,623,1879,63.14
4267,164.3,4.76,39.0,234,2753,80.75
4268,163.6,1.36,55.9,475,1295,57.38
4269,147.2,0.99,43.9,1474,1374,98.46
4270,149.9,4.78,39.4,452,1959,87.56
4271,148.4,0.78,51.0,175,3309,58.31
4272,144.2,1.55,44.8,299,3474,70.04
4273,167.9,5.68,52.1,1117,1202,123.24
4274,149.4,5.55,51.4,1395,1606,139.22
4275,164.1,6.0,45.7,1834,3357,173.61
4276,151.1,5.28,49.0,601,1625,100.01
4277,130.9,4.69,39.6,822,2708,108.19
4278,133.4,1.6,34.9,1616,2513,119.51
4279,158.3,4.38,54.6,1718,3371,157.49
4280,141.1,4.31,48.2,1519,2192,136.55
4281,165.9,5.48,51.3,790,2800,117.26
4282,153.5,2.33,47.6,231,3216,68.11
4283,155.6,3.37,49.6,1865,3291,158.44
4284,142.0,0.68,48.1,915,1860,75.14
4285,138.6,3.95,31.3,1778,3280,141.72
4286,158.6,4.19,34.8,1305,2050,125.56
4287,136.9,1.81,46.5,1674,2500,122.15
4288,164.3,5.69,43.1,1873,1626,162.24
4289,139.1,5.55,33.4,1992,1213,155.56
4290,139.9,2.15,47.1,1124,1978,100.21
4291,147.9,3.53,46.0,671,2732,100.54
4292,150.4,4.36,43.8,125,1252,64.88
4293,140.4,0.99,35.6,1224,3119,103.2
4294,174.7,4.38,38.5,401,2033,84.98
4295,142.9,4.77,48.6,1185,2922,127.96
4296,154.5,2.98,48.2,1673,1850,129.7
4297,141.4,3.49,54.4,694,2800,102.64
4298,132.3,0.93,49.5,1033,3185,92.71
4299,132.8,2.25,37.7,248,2386,57.66
4300,151.4,5.06,46.6,396,3077,97.09
4301,162.1,1.66,49.0,483,3234,68.95
4302,181.0,5.87,29.7,1419,2420,134.5
4303,127.1,5.84,48.1,1709,2114,152.62
4304,150.3,2.7,50.8,1462,2299,123.02
4305,160.4,1.97,42.7,1841,1535,124.0
4306,138.0,2.68,50.5,889,1382,88.5
4307,158.5,5.94,54.1,1529,3266,155.16
4308,138.8,1.13,59.8,544,1891,72.81
4309,143.5,1.38,46.2,100,2001,42.99
4310,149.4,4.75,35.7,623,2910,93.13
4311,163.3,2.93,41.7,308,1228,54.99
4312,148.9,4.94,55.9,329,2663,87.19
4313,167.5,0.56,44.2,896,1777,77.06
4314,130.3,2.97,48.0,172,1770,61.94
4315,149.0,3.05,47.4,1675,3175,137.1
4316,182.1,2.54,38.2,554,3019,81.75
4317,152.0,2.46,66.5,1427,2243,122.7
4318,162.1,2.25,32.1,1202,1952,99.11
4319,150.2,0.68,52.5,1107,1873,85.21
4320,173.0,3.71,49.6,1548,1969,129.12
4321,135.1,3.37,40.2,1409,1423,118.98
4322,162.5,0.69,25.1,1883,1609,110.2
4323,145.6,3.39,42.3,1750,1214,130.69
4324,147.7,3.47,35.1,877,1792,96.73
4325,143.0,0.69,46.7,605,3334,78.37
4326,138.3,5.93,56.8,1908,3490,179.4
4327,149.9,0.93,50.9,754,2662,76.91
4328,149.8,3.78,33.8,764,1602,84.63
4329,170.0,4.54,58.7,1660,1621,138.61
4330,154.3,1.14,45.7,421,1223,50.1
4331,176.3,3.05,55.5,1332,3308,119.52
4332,161.8,5.31,49.7,1886,3013,166.85
4333,143.5,3.44,44.2,981,2138,103.35
4334,134.7,3.47,42.9,1492,1805,117.88
4335,162.7,4.97,48.6,1539,3430,152.73
4336,151.9,5.59,38.6,947,2490,119.14
4337,115.7,5.75,46.6,74,1879,85.18
4338,146.8,3.29,53.9,1522,2911,137.13
4339,151.8,1.73,43.6,865,2854,85.36
4340,167.1,2.43,41.0,692,1236,67.11
4341,157.8,0.98,39.9,557,1231,57.26
4342,158.2,1.6,50.7,710,2007,75.35
4343,176.6,0.52,37.5,1839,3081,117.04
4344,137.5,2.72,53.1,156,3376,70.79
4345,149.2,2.2,45.4,514,2480,76.12
4346,131.3,2.27,47.0,766,2163,89.02
4347,126.8,3.02,53.6,1018,1519,102.6
4348,154.4,2.37,35.7,1619,3005,126.37
4349,144.5,5.9,49.4,1473,2994,150.13
4350,159.7,2.25,38.6,1579,2809,119.28
4351,158.9,2.37,35.5,1737,1708,123.31
4352,150.9,0.69,37.9,1556,2547,112.73
4353,139.9,5.09,49.2,643,2175,98.95
4354,193.4,0.72,42.2,920,2883,81.11
4355,153.7,3.65,50.2,1969,2951,162.69
4356,150.6,0.84,55.5,1838,2113,122.43
4357,110.1,4.11,49.8,874,3317,117.58
4358,141.4,3.76,54.6,1849,2626,147.35
4359,143.3,5.75,36.2,148,1963,81.36
4360,152.0,5.58,31.5,81,3106,74.13
4361,128.8,1.47,46.9,159,1448,48.62
4362,170.2,1.87,39.9,1427,1950,102.39
4363,134.5,5.97,52.6,1775,2919,170.91
4364,144.3,0.87,41.0,1885,1675,118.39
4365,155.1,3.76,44.4,1363,2140,122.09
4366,156.8,1.7,47.1,492,2809,74.89
4367,178.7,2.02,56.5,1644,1639,123.8
4368,158.3,3.76,52.4,1891,2685,155.65
4369,140.2,2.34,64.3,1895,2302,139.22
4370,144.9,5.17,38.6,1523,2331,145.87
4371,141.4,3.68,56.9,1700,1596,145.55
4372,138.6,3.25,50.9,1191,3268,117.95
4373,162.9,4.48,42.4,823,1729,102.2
4374,135.6,1.25,44.4,728,3375,84.59
4375,126.9,3.64,45.4,628,1881,92.74
4376,147.0,2.17,58.4,546,2342,79.85
4377,128.8,4.03,42.9,353,2599,75.36
4378,164.4,4.91,53.2,638,1724,102.66
4379,125.6,5.66,44.2,592,2488,113.32
4380,145.9,4.1,40.0,701,2424,98.79
4381,152.6,4.57,33.7,655,2002,93.85
4382,171.4,2.1,34.2,921,1628,73.95
4383,122.5,2.83,35.2,1891,2458,140.05
4384,145.5,0.81,53.9,1478,2421,110.02
4385,147.4,2.68,43.2,871,2453,94.72
4386,132.5,4.92,35.5,592,3210,103.96
4387,132.9,3.86,51.5,1009,3123,124.28
4388,162.9,3.72,48.5,802,2141,97.05
4389,134.2,2.42,36.2,1467,2877,119.06
4390,153.1,4.71,51.3,85,2969,85.0
4391,147.4,4.31,43.8,972,1316,103.51
4392,164.9,3.82,46.2,1664,1921,136.51
4393,136.0,2.08,58.0,418,2263,75.7
4394,152.1,2.1,56.0,1494,2972,119.45
4395,175.7,4.21,35.4,1648,2962,138.23
4396,153.6,1.87,44.7,883,2339,91.62
4397,137.2,4.44,40.1,1445,1636,127.77
4398,150.7,4.38,47.9,906,3153,117.21
4399,141.6,3.95,34.2,257,2750,76.69
4400,156.2,1.24,46.6,1685,2667,123.35
4401,140.1,3.7,55.6,741,2648,102.06
4402,158.5,1.94,43.7,721,2390,73.2
4403,148.8,1.3,29.9,1610,2783,107.58
4404,139.0,5.22,45.7,1502,1356,131.59
4405,153.1,4.77,46.8,741,1302,94.09
4406,154.3,3.85,40.6,1614,3030,129.42
4407,144.4,1.65,49.8,1898,2468,132.15
4408,159.7,4.14,57.2,1450,3383,142.36
4409,143.4,3.86,45.5,517,2558,95.32
4410,122.6,2.95,59.5,1799,3080,155.28
4411,137.1,2.29,53.8,1151,2944,103.32
4412,125.2,5.88,26.1,188,3293,89.23
4413,138.8,5.36,41.4,1591,1300,138.57
4414,137.9,3.18,46.2,1564,1579,119.12
4415,160.3,4.03,39.5,843,2160,105.68
4416,134.5,5.44,40.5,784,3092,119.85
4417,173.7,4.9,56.1,1075,2231,120.24
4418,138.4,1.59,42.9,544,3405,75.82
4419,125.2,1.99,44.1,157,3091,66.49
4420,142.0,3.09,56.3,685,2827,95.47
4421,156.6,5.06,32.2,470,3274,102.88
4422,147.7,1.31,52.0,873,1554,76.47
4423,154.5,5.44,43.7,852,3057,121.29
4424,166.7,1.91,47.5,305,3217,72.23
4425,140.0,2.49,38.6,1472,3292,123.43
4426,144.8,4.05,52.1,742,2306,97.85
4427,152.5,1.74,57.2,1236,2292,107.38
4428,158.6,3.09,45.8,1432,2382,123.25
4429,148.6,0.6,44.6,305,2140,43.91
4430,170.8,4.97,35.5,686,1281,90.23
4431,159.6,2.12,44.0,310,1759,56.27
4432,149.6,2.0,32.4,1347,1816,102.39
4433,139.0,4.26,49.2,580,2917,103.36
4434,124.4,2.78,59.4,485,1738,76.71
4435,136.1,1.48,61.4,806,2345,85.14
4436,150.2,2.36,47.8,485,2275,70.81
4437,143.8,1.05,53.3,1245,2311,101.03
4438,131.8,5.32,46.7,666,3378,114.62
4439,156.9,2.36,34.4,737,2247,75.61
4440,152.7,3.66,39.9,1871,2408,137.22
4441,126.3,2.04,43.0,135,2774,60.64
4442,145.4,1.88,44.5,933,3284,96.81
4443,129.6,0.51,35.5,1592,2529,109.7
4444,158.2,2.67,41.9,1564,2881,127.42
4445,132.6,2.33,40.3,253,1909,55.73
4446,185.1,5.38,35.1,349,3352,95.3
4447,155.1,1.89,33.7,982,1935,90.35
4448,176.0,1.42,59.0,326,2788,65.56
4449,149.0,4.91,44.9,1680,2878,154.25
4450,147.9,1.91,53.1,1934,2316,133.44
4451,160.0,1.9,45.5,740,2683,79.04
4452,153.4,1.66,41.0,594,1220,58.72
4453,147.9,5.22,42.4,1465,2510,144.48
4454,180.4,2.05,47.7,1294,1917,102.61
4455,132.4,0.63,49.2,1346,2051,97.99
4456,140.1,5.68,59.6,536,3018,112.59
4457,158.2,3.8,56.9,1856,2096,144.54
4458,161.2,0.77,52.2,1457,3336,112.83
4459,153.7,3.39,35.0,740,2409,90.62
4460,172.7,2.22,36.8,317,1925,59.67
4461,150.7,3.6,38.7,395,2595,83.67
4462,144.9,4.61,52.0,1254,3489,140.99
4463,153.7,3.03,46.9,175,1707,51.83
4464,140.7,1.22,43.2,504,3491,71.62
4465,166.5,1.94,52.7,1998,2748,144.59
4466,148.4,2.0,54.2,1972,1946,136.01
4467,147.8,4.41,41.3,462,1875,79.98
4468,164.6,3.33,48.1,1186,2168,113.51
4469,154.9,2.67,52.4,1108,1426,93.66
4470,180.0,1.89,29.3,1294,3002,101.78
4471,146.0,2.22,40.8,1361,2182,105.78
4472,167.7,4.16,43.3,1701,3019,147.26
4473,165.2,1.61,56.2,784,2976,84.51
4474,115.9,2.21,47.1,1267,2941,108.42
4475,147.3,3.87,31.8,1358,2793,130.99
4476,137.7,4.72,36.5,1285,3172,137.74
4477,153.6,2.77,35.8,252,1945,59.28
4478,142.8,2.74,48.0,1377,2996,125.79
4479,156.2,4.22,44.1,1793,1334,138.84
4480,105.4,5.54,41.4,1863,2483,162.0
4481,147.7,5.91,46.4,117,2337,90.98
4482,154.4,5.88,38.1,1540,3362,154.56
4483,140.1,4.32,46.3,88,3192,86.83
4484,136.2,2.55,40.3,475,2197,68.89
4485,160.8,3.15,49.4,1137,1716,103.43
4486,124.9,2.74,46.3,1848,1712,133.16
4487,148.9,2.12,42.1,223,2058,59.63
4488,125.4,2.28,36.2,930,1667,80.29
4489,139.7,5.65,49.7,881,3475,132.39
4490,146.1,3.3,59.7,76,2712,67.48
4491,146.7,3.73,51.1,546,3167,95.6
4492,142.5,5.01,48.9,1613,3218,158.8
4493,158.5,0.77,48.8,578,1779,62.59
4494,162.9,3.71,33.9,1190,3215,120.15
4495,158.5,2.98,34.8,1268,2064,105.52
4496,133.2,4.25,51.5,1676,2081,144.37
4497,137.4,1.61,59.2,175,2238,57.62
4498,145.5,3.42,49.4,950,3031,104.8
4499,163.3,4.6,49.0,1760,1368,140.47
4500,140.3,2.61,38.0,948,2071,93.74
4501,160.3,0.71,41.1,1462,3469,107.59
4502,156.0,3.91,43.1,1640,1313,127.73
4503,151.8,2.6,46.5,249,1285,59.76
4504,153.7,1.21,46.8,228,1362,36.24
4505,149.4,1.04,43.2,1774,3370,125.77
4506,145.4,2.5,35.5,1959,1510,125.1
4507,152.8,1.11,38.3,820,1447,68.86
4508,154.0,4.64,37.1,600,3449,99.05
4509,151.7,2.04,43.5,520,1396,60.16
4510,137.4,4.22,44.7,1441,3286,139.24
4511,159.2,3.24,51.2,132,2436,62.5
4512,149.9,1.04,45.3,671,1719,59.92
4513,157.1,4.65,38.3,429,2843,92.0
4514,158.4,2.48,52.3,1381,2204,116.4
4515,156.7,5.61,53.0,951,2139,118.16
4516,156.8,1.36,51.2,411,1325,47.93
4517,173.5,1.91,42.1,493,1741,63.22
4518,130.1,3.38,42.9,450,2781,79.79
4519,170.6,4.63,51.0,1730,2570,146.38
4520,141.1,3.91,36.2,1767,3295,151.34
4521,142.0,4.08,36.3,270,2795,78.02
4522,136.0,2.32,47.2,1052,2234,97.16
4523,157.4,0.8,44.6,439,2483,60.67
4524,154.5,1.3,55.2,1774,1915,134.43
4525,135.5,1.87,52.1,1366,2164,109.5
4526,128.8,4.16,45.6,1498,2065,134.4
4527,168.9,2.26,51.6,386,3409,80.53
4528,167.1,2.92,37.5,1579,3134,123.19
4529,144.9,5.95,45.4,1061,3173,137.19
4530,152.7,5.0,45.3,705,2073,103.7
4531,159.3,4.47,48.0,163,2147,70.15
4532,175.2,2.19,35.9,1194,2059,98.37
4533,123.5,5.24,41.7,1870,3299,163.45
4534,161.0,1.71,44.3,1963,2197,138.93
4535,148.8,5.73,55.7,1187,2247,141.6
4536,153.9,2.52,49.2,306,2801,68.84
4537,142.7,5.71,40.4,1341,3238,148.41
4538,118.4,3.17,45.8,1492,2360,128.73
4539,192.4,5.15,42.8,1127,2338,119.54
4540,148.7,5.56,40.6,1212,1724,124.41
4541,148.3,5.68,43.2,1989,1338,160.73
4542,148.7,2.25,49.7,764,1728,76.75
4543,161.1,3.0,49.0,1091,1495,96.97
4544,146.2,1.42,44.9,825,2516,85.94
4545,153.7,5.52,58.8,682,1665,109.89
4546,159.7,1.66,50.4,102,1544,45.25
4547,157.6,4.32,35.7,1081,3000,110.77
4548,140.3,4.71,41.0,1902,2252,159.9
4549,157.6,5.57,47.1,874,2985,119.04
4550,137.6,5.24,42.1,1009,1694,112.68
4551,141.2,1.63,41.5,577,1781,58.26
4552,180.0,1.32,47.1,1645,3058,120.86
4553,153.3,4.87,52.2,296,3309,89.43
4554,121.5,2.44,39.4,1442,3276,127.63
4555,157.8,4.92,50.9,1369,2044,132.85
4556,163.3,5.9,38.7,93,2123,80.58
4557,166.8,2.55,55.1,807,3046,99.73
4558,155.6,2.3,47.2,101,2589,59.3
4559,141.0,2.37,41.7,1701,2123,121.77
4560,124.5,3.89,47.9,1325,3388,132.04
4561,143.2,3.39,44.1,903,1719,95.07
4562,148.2,0.84,38.8,807,1250,67.7
4563,136.5,4.29,51.9,1667,2645,152.51
4564,147.8,4.43,48.6,1818,1790,146.56
4565,138.1,2.95,36.1,1176,1687,98.81
4566,148.3,4.11,41.3,1658,1262,121.42
4567,139.9,5.4,52.3,286,1208,74.33
4568,124.6,5.0,34.8,1103,1786,115.21
4569,152.4,5.43,46.0,1708,1230,147.02
4570,163.5,2.91,46.4,124,2731,66.64
4571,149.1,2.78,39.1,1791,3205,145.79
4572,154.2,2.84,50.3,1349,3231,131.66
4573,150.4,1.56,49.0,1479,1981,108.54
4574,150.6,2.41,56.6,1391,1748,115.88
4575,168.2,3.08,52.8,1994,3472,158.89
4576,149.3,4.76,52.0,955,3498,127.1
4577,163.8,1.29,43.0,1274,2128,96.42
4578,132.3,2.94,41.9,1643,2086,126.45
4579,142.2,2.67,43.6,1070,2675,110.81
4580,148.2,0.94,45.5,1135,1211,78.86
4581,116.4,4.58,35.6,1790,1577,139.63
4582,135.6,3.78,47.4,631,1626,90.66
4583,160.4,5.82,41.3,805,2663,112.79
4584,145.6,2.08,45.5,114,1844,49.79
4585,158.9,4.03,35.8,1200,2512,123.92
4586,160.6,0.76,43.8,1594,1937,103.05
4587,141.0,4.89,52.3,1083,2133,122.47
4588,133.0,3.77,55.8,1721,3411,146.81
4589,121.3,1.46,49.0,918,2454,91.13
4590,129.9,2.6,35.4,1533,1668,105.48
4591,150.3,5.56,51.2,878,3467,131.45
4592,180.2,4.33,45.1,1487,1738,121.79
4593,151.9,5.62,44.1,53,3284,85.13
4594,158.1,2.65,34.5,808,1239,77.97
4595,153.8,1.18,47.9,874,3459,90.33
4596,164.4,3.68,36.4,1715,2908,134.7
4597,183.3,1.95,58.4,927,1695,88.41
4598,167.3,4.88,42.1,833,3254,110.22
4599,137.3,4.69,46.4,119,2371,69.56
4600,152.9,4.54,54.3,729,1486,102.35
4601,178.9,4.13,51.6,77,2612,65.13
4602,140.6,3.41,42.8,1940,2642,149.89
4603,171.3,3.55,26.3,1722,3463,135.54
4604,173.1,3.42,41.1,841,2891,101.32
4605,155.9,2.88,48.3,1952,1735,135.2
4606,142.2,5.23,45.5,1011,3074,124.0
4607,158.6,1.71,56.7,1242,1924,97.56
4608,136.2,5.89,46.3,1391,3279,150.42
4609,145.1,5.68,39.8,1858,2040,157.92
4610,142.8,2.05,53.5,1683,1509,124.23
4611,132.8,3.76,60.4,976,3229,120.21
4612,147.6,2.39,44.6,343,3424,72.23
4613,164.9,4.93,43.8,1881,1848,153.46
4614,170.3,3.07,41.3,1200,2519,112.57
4615,137.2,1.15,39.9,1231,2437,97.83
4616,135.8,4.39,50.1,1197,1827,117.9
4617,164.0,3.26,51.8,65,2527,60.84
4618,150.7,5.95,51.0,154,1631,86.0
4619,161.0,1.81,49.7,1610,2527,123.82
4620,158.6,0.55,47.2,1833,2967,130.53
4621,161.4,2.66,34.1,706,1578,73.64
4622,151.6,1.97,37.0,1455,1436,107.78
4623,176.4,0.5,37.2,354,2735,47.82
4624,163.6,5.78,52.7,1565,3174,161.39
4625,154.9,5.45,40.5,1791,2645,155.21
4626,132.6,5.46,44.9,1324,2192,138.56
4627,140.4,1.53,53.0,1556,2632,119.39
4628,164.1,4.63,42.8,287,3080,85.9
4629,142.3,3.65,41.0,1601,2902,131.78
4630,159.6,5.28,43.0,847,3453,129.74
4631,140.3,0.7,50.2,1743,1955,115.81
4632,185.2,3.38,49.1,445,3215,91.21
4633,144.7,1.31,52.3,1264,2490,102.36
4634,150.3,3.83,50.0,822,1412,98.32
4635,164.9,5.42,44.8,430,2686,96.44
4636,175.7,2.4,49.4,81,2651,57.25
4637,168.3,4.62,35.4,1703,2210,143.25
4638,166.6,4.75,50.0,1538,1460,134.62
4639,159.9,0.58,44.8,1934,2952,122.64
4640,161.4,5.72,54.0,1734,1656,156.17
4641,156.5,4.12,58.6,1192,2410,123.66
4642,147.1,3.86,47.9,715,1492,94.71
4643,156.9,3.79,42.7,520,3098,91.77
4644,162.0,3.03,60.1,529,3450,92.79
4645,133.9,5.32,37.2,760,1458,94.81
4646,148.9,2.96,45.3,235,1740,56.51
4647,151.3,5.32,43.0,1215,2817,132.17
4648,149.1,4.08,52.8,1673,1751,140.26
4649,136.7,0.53,43.6,1703,1712,109.01
4650,146.5,4.54,42.4,483,3208,95.85
4651,154.3,0.86,46.3,104,1891,37.89
4652,137.7,5.62,36.2,358,1952,95.51
4653,163.8,3.45,42.3,1689,2928,145.31
4654,122.4,2.15,48.7,1717,3412,140.96
4655,177.4,1.79,37.9,665,2247,76.73
4656,136.6,5.8,54.3,1015,2522,129.33
4657,142.2,4.51,42.9,798,3429,114.8
4658,146.4,4.56,36.4,1538,2013,134.12
4659,150.7,5.49,46.6,1139,2333,132.89
4660,174.6,0.96,44.1,1893,3395,132.76
4661,147.9,1.54,41.1,1135,2927,95.72
4662,127.0,4.74,48.8,355,3108,97.52
4663,128.5,2.63,43.6,50,3286,58.27
4664,158.8,0.81,42.6,1038,2657,90.75
4665,137.2,3.01,65.6,1486,2853,130.61
4666,179.2,3.78,56.1,1070,3472,125.94
4667,128.8,3.74,37.6,1937,2159,148.74
4668,140.9,5.94,37.1,1755,1246,153.52
4669,160.1,5.24,43.0,324,1609,82.81
4670,129.5,5.66,38.7,273,2450,92.48
4671,125.9,1.22,47.7,334,3041,58.7
4672,176.2,3.7,41.0,1190,1270,113.24
4673,162.2,2.54,36.5,835,1853,83.02
4674,158.0,2.52,46.9,1175,2640,109.64
4675,157.7,3.39,50.3,580,3096,96.18
4676,126.1,3.61,40.8,1223,2473,115.96
4677,145.7,0.99,42.0,1164,1757,87.11
4678,133.3,3.6,41.3,1054,2060,104.15
4679,138.0,3.53,62.9,1928,2690,154.95
4680,135.6,3.03,52.8,958,2571,106.01
4681,134.1,0.85,53.5,1407,2005,100.79
4682,161.3,2.06,48.0,1648,1960,118.51
4683,162.6,5.24,36.6,288,3208,98.12
4684,148.8,4.21,41.7,418,3026,90.2
4685,135.9,4.46,45.0,612,1844,86.79
4686,135.8,2.9,54.1,863,3427,100.87
4687,168.7,1.61,35.2,1279,1645,91.83
4688,156.8,1.76,40.7,1729,2677,131.4
4689,161.9,4.81,44.0,1075,3048,130.16
4690,158.2,0.99,46.8,1815,2057,124.47
4691,138.8,0.83,32.8,415,1877,50.89
4692,145.2,2.13,53.4,1298,3267,118.38
4693,166.9,1.92,46.2,1394,3034,114.95
4694,144.4,5.99,44.3,371,1715,98.72
4695,136.1,3.06,48.7,1558,1859,125.42
4696,161.9,4.5,60.4,322,3130,95.44
4697,155.7,2.74,44.6,745,1396,73.3
4698,129.9,4.06,42.1,763,2439,93.98
4699,160.7,4.21,39.2,1274,1870,116.73
4700,132.2,0.88,31.1,1331,1800,93.2
4701,151.9,1.66,40.0,1773,2097,121.28
4702,173.4,0.53,42.0,659,2295,63.46
4703,144.4,0.76,46.3,1854,2169,124.48
4704,129.3,0.97,42.5,871,2361,81.57
4705,176.6,4.16,34.2,1981,2455,154.56
4706,141.2,0.84,45.9,1280,2524,100.69
4707,157.1,5.3,46.7,1925,2230,162.58
4708,147.6,3.96,40.4,332,2663,79.38
4709,164.9,0.99,52.0,110,2781,47.38
4710,153.5,5.5,47.9,1531,3393,156.15
4711,152.2,3.24,50.7,412,1276,71.11
4712,168.4,0.98,47.7,713,1260,61.97
4713,152.0,0.63,43.7,275,1870,44.13
4714,142.0,0.82,46.9,709,3169,82.12
4715,159.3,1.37,39.5,592,3205,73.81
4716,145.7,1.97,29.9,474,2291,73.04
4717,174.8,2.86,43.2,964,1795,89.21
4718,165.5,2.46,34.3,480,2286,66.18
4719,146.2,4.09,44.3,1666,1832,130.46
4720,168.5,3.8,44.1,1814,2314,148.15
4721,158.6,1.99,47.4,1635,2438,128.07
4722,162.4,1.72,41.4,994,2321,84.63
4723,165.9,3.89,38.9,1740,1585,134.96
4724,118.1,5.97,45.3,1526,1703,152.57
4725,146.4,0.89,45.9,1234,1832,90.61
4726,159.9,4.68,31.7,192,2497,74.97
4727,173.0,2.08,46.3,1345,2813,113.58
4728,149.7,4.47,39.5,1608,1416,133.88
4729,134.5,2.67,45.2,1700,3308,140.22
4730,130.1,1.89,43.7,1589,1250,119.43
4731,198.8,3.6,63.7,1087,1871,119.35
4732,146.6,3.08,47.4,1553,1762,122.02
4733,168.0,3.4,34.6,1637,3228,130.81
4734,165.6,1.85,37.6,491,2227,58.7
4735,154.2,4.85,39.1,117,1741,72.98
4736,142.3,1.99,45.8,1976,2294,133.04
4737,132.5,2.17,39.3,861,2507,91.91
4738,125.1,3.27,55.6,1196,2114,119.27
4739,154.7,1.11,48.0,1235,2718,98.48
4740,152.0,3.59,34.4,1618,2904,137.13
4741,152.8,3.51,55.8,191,1412,60.29
4742,135.8,4.99,29.0,1235,1895,121.61
4743,145.2,1.26,42.6,679,2449,73.04
4744,162.0,3.62,38.2,1181,1682,104.65
4745,146.8,5.48,36.2,1634,1828,140.42
4746,138.2,4.43,48.1,975,1518,106.28
4747,146.4,3.06,55.9,677,1261,74.98
4748,178.3,2.18,52.9,530,1283,73.0
4749,145.7,5.5,54.7,831,3437,123.23
4750,159.7,4.04,37.2,873,3132,101.36
4751,153.3,2.51,40.4,902,1601,90.47
4752,151.9,1.01,43.5,1179,2674,93.95
4753,172.3,3.94,46.5,1712,3160,144.92
4754,160.2,5.78,34.6,441,1398,82.34
4755,158.6,5.48,54.7,1007,3178,133.46
4756,180.2,2.41,37.1,852,2160,80.7
4757,152.4,0.94,47.6,667,2220,69.87
4758,147.0,1.39,42.6,1456,3038,112.88
4759,157.9,3.72,50.1,1151,3486,130.44
4760,149.2,1.25,38.2,158,3382,58.25
4761,155.0,3.97,45.6,1154,2631,117.47
4762,135.6,5.99,43.6,1282,2412,126.02
4763,149.1,1.17,37.3,275,1312,45.36
4764,144.0,3.46,49.2,306,2862,73.27
4765,149.8,4.75,37.6,680,1388,89.99
4766,146.2,3.62,50.6,84,3296,78.12
4767,149.4,3.22,51.1,1737,2295,141.19
4768,131.7,5.04,49.8,1329,1494,131.08
4769,141.3,2.66,36.6,1504,3112,120.34
4770,155.8,5.18,36.8,297,1823,75.37
4771,155.2,3.79,54.5,1676,1991,132.64
4772,131.9,0.63,45.4,1651,3473,122.24
4773,134.4,4.67,39.7,331,1458,77.59
4774,144.3,1.5,39.5,70,3141,51.04
4775,133.4,2.45,49.9,1766,3072,138.28
4776,157.8,4.51,48.3,130,1406,66.23
4777,157.6,0.67,46.9,1260,3252,100.89
4778,121.3,2.22,46.2,716,2619,84.27
4779,160.0,4.12,45.6,1435,1361,123.38
4780,172.9,5.9,42.1,433,1301,86.52
4781,129.5,1.92,41.7,397,3230,77.21
4782,132.3,1.68,37.8,1774,3473,133.16
4783,157.9,4.75,44.3,612,2360,98.69
4784,133.1,1.37,51.8,1105,2223,92.19
4785,142.6,2.05,45.3,1600,2752,119.55
4786,153.1,1.17,47.4,1458,3075,112.21
4787,156.8,5.68,45.5,1853,2680,164.84
4788,159.2,4.11,57.5,429,1265,81.9
4789,157.5,0.63,33.3,724,2663,63.31
4790,135.1,3.73,56.3,264,1871,78.34
4791,141.6,5.06,65.3,427,1831,95.11
4792,189.3,0.69,60.1,384,1990,59.84
4793,155.8,2.28,52.9,768,1646,85.52
4794,136.6,4.52,37.1,74,1590,63.06
4795,159.1,4.51,41.1,1546,2619,130.92
4796,163.2,4.02,36.2,349,2763,78.93
4797,140.0,1.48,29.2,1982,2419,129.25
4798,146.4,5.16,25.3,571,2450,91.77
4799,154.9,3.91,37.1,1330,3358,125.69
4800,155.9,5.35,44.7,773,1439,99.42
4801,149.5,3.01,54.5,71,1728,61.79
4802,155.3,2.26,42.2,818,2358,84.06
4803,161.7,3.34,35.2,1811,2365,137.06
4804,126.4,0.95,40.2,364,2216,56.86
4805,167.0,1.62,44.8,1467,2509,107.67
4806,163.2,0.59,47.4,274,1461,46.16
4807,164.1,3.09,34.8,886,1464,84.92
4808,163.0,2.07,35.6,224,1391,47.8
4809,152.6,5.74,52.9,546,1256,96.81
4810,146.7,0.55,32.5,828,2464,68.15
4811,158.7,1.76,48.4,91,2722,53.1
4812,139.7,2.99,27.6,1580,2858,123.66
4813,169.2,2.12,53.9,1538,2861,121.09
4814,172.5,4.36,34.8,940,2503,105.2
4815,132.3,2.41,40.8,1426,2168,113.25
4816,151.3,1.67,48.5,443,2108,57.23
4817,173.1,5.32,56.2,226,2469,98.53
4818,149.4,0.76,45.7,1370,2718,109.11
4819,135.9,5.13,40.9,331,3434,92.78
4820,125.2,2.78,39.7,814,2689,97.38
4821,131.9,3.39,37.8,1924,2441,144.92
4822,142.8,4.89,46.9,1571,1239,136.53
4823,148.0,5.01,41.7,1348,1809,133.63
4824,138.5,4.41,43.2,1420,2527,135.06
4825,146.5,4.94,41.7,1084,2862,122.45
4826,176.2,0.64,49.3,807,1551,68.17
4827,136.3,2.0,45.1,651,2161,81.6
4828,126.5,4.05,52.7,1727,2849,155.73
4829,180.5,5.2,35.2,854,2868,111.58
4830,163.7,4.48,41.9,339,3496,94.23
4831,143.1,1.71,38.1,602,2964,76.6
4832,130.3,1.39,42.3,1741,1377,106.92
4833,128.7,3.11,31.9,1544,3024,122.79
4834,154.4,1.16,49.9,185,1595,44.83
4835,163.8,1.26,47.6,1904,1479,119.05
4836,167.6,5.49,40.0,1615,1732,146.45
4837,175.0,4.93,28.2,1489,2531,137.51
4838,139.3,5.76,48.3,59,1306,77.75
4839,146.3,3.3,61.4,1852,2666,156.6
4840,140.0,5.31,43.2,1555,1443,142.15
4841,142.1,4.98,53.1,560,2298,103.0
4842,159.3,1.23,40.7,1447,2645,112.84
4843,169.3,4.56,41.9,153,1204,69.67
4844,158.3,1.63,41.7,1319,1993,96.67
4845,128.4,5.51,44.1,1754,1903,156.68
4846,133.8,1.64,45.1,876,1350,85.28
4847,147.6,4.77,37.6,655,3156,107.6
4848,134.3,2.97,53.2,1397,1575,117.27
4849,156.8,1.91,52.9,93,2037,44.97
4850,138.1,5.96,42.4,1914,2725,170.04
4851,142.4,3.7,47.4,1664,1522,134.1
4852,167.2,3.74,45.4,1947,2348,156.45
4853,181.3,3.35,41.1,1314,3013,118.5
4854,155.5,5.44,43.3,1817,2303,159.59
4855,162.8,5.97,52.5,1278,2944,147.75
4856,176.3,4.91,53.9,1663,2677,147.57
4857,160.5,2.24,53.5,482,2320,73.49
4858,161.4,2.12,42.8,1260,1964,101.82
4859,138.8,1.78,50.7,1476,2025,102.45
4860,130.7,2.11,31.2,158,3329,64.25
4861,131.9,5.59,51.8,177,2131,85.12
4862,153.8,5.7,42.2,65,2805,85.84
4863,151.8,5.17,52.5,1780,2335,157.93
4864,161.9,1.12,50.2,1489,1718,105.11
4865,150.1,3.41,54.0,1882,2063,146.82
4866,134.6,2.07,35.5,1267,2242,103.56
4867,173.3,2.81,58.1,846,3228,106.72
4868,164.5,5.24,43.2,1644,2197,144.71
4869,132.5,0.56,55.1,1118,3171,95.65
4870,153.1,1.84,38.3,955,3324,90.46
4871,137.4,1.65,41.4,1209,2675,104.31
4872,160.5,3.13,42.6,362,2114,67.63
4873,142.4,1.18,42.6,787,2325,78.23
4874,146.1,1.26,41.0,425,3364,66.04
4875,129.9,3.14,47.9,1366,1763,115.36
4876,171.8,3.57,40.5,342,2706,76.99
4877,150.5,2.1,42.2,1644,1272,114.09
4878,145.8,2.63,41.5,1222,2672,109.08
4879,145.9,0.85,51.2,876,2985,84.77
4880,172.2,1.28,38.4,248,2986,62.8
4881,157.9,1.7,34.4,494,2765,70.63
4882,153.4,5.69,43.2,1249,2039,136.46
4883,136.0,5.25,51.3,1529,2838,154.2
4884,137.3,2.25,47.4,1361,1652,106.87
4885,154.8,4.44,46.6,951,3244,120.25
4886,164.8,3.7,43.4,742,3199,101.41
4887,145.3,1.48,49.8,1385,3395,120.49
4888,134.0,2.33,45.4,1406,3168,117.47
4889,150.1,5.43,50.5,1586,3383,163.31
4890,136.8,3.18,44.2,1280,1744,107.36
4891,161.2,1.96,50.1,344,2469,76.44
4892,162.0,0.6,38.8,988,2069,73.04
4893,147.0,1.11,41.8,383,2055,60.58
4894,148.4,5.95,47.0,1146,2690,138.41
4895,130.1,1.25,48.7,415,2784,71.04
4896,132.4,2.01,55.1,338,1961,68.33
4897,146.4,1.99,29.0,1353,3095,104.05
4898,139.7,4.28,32.2,508,1965,90.13
4899,169.6,2.57,67.3,1870,1379,137.41
4900,142.2,2.02,58.1,1885,2308,142.25
4901,143.4,5.94,45.0,1103,1389,123.93
4902,134.1,2.98,37.8,375,1602,65.01
4903,132.1,4.77,42.2,1875,2738,165.77
4904,172.9,2.6,50.9,1835,2465,140.06
4905,170.2,5.11,48.3,769,2147,105.8
4906,135.3,1.34,30.7,261,1506,42.64
4907,168.0,1.87,47.6,949,1680,81.03
4908,166.5,3.03,53.5,1149,1610,97.98
4909,127.5,4.72,45.1,754,3010,128.71
4910,142.4,2.15,28.0,286,1330,49.74
4911,129.5,3.15,47.3,1442,2438,123.61
4912,149.5,3.78,50.0,759,2816,110.02
4913,142.5,1.19,40.5,852,2988,79.67
4914,167.7,5.95,49.6,1458,1797,146.48
4915,140.2,5.42,51.7,338,2872,99.63
4916,146.6,2.64,49.0,1849,1649,130.42
4917,149.7,2.65,42.7,1057,2948,109.78
4918,159.8,3.17,42.1,1392,1285,114.35
4919,141.0,2.01,39.6,296,1996,56.61
4920,171.5,4.95,49.8,1931,2258,157.58
4921,177.6,3.09,51.9,1519,3499,141.65
4922,119.5,4.6,31.2,612,2507,102.58
4923,157.3,1.93,38.2,1192,1858,95.12
4924,145.4,1.22,40.3,301,2329,50.02
4925,192.7,2.37,35.5,1830,3001,134.83
4926,148.5,0.52,43.7,961,3201,86.95
4927,145.1,2.1,38.7,1543,1262,109.07
4928,144.2,4.78,46.5,1953,3072,170.76
4929,148.4,2.44,59.9,1825,1916,136.34
4930,195.3,3.52,33.4,1002,2323,92.8
4931,142.0,3.5,42.3,295,1982,68.25
4932,155.9,2.39,44.5,1263,2659,110.81
4933,133.0,2.17,35.4,1115,2428,102.99
4934,171.7,1.71,49.5,324,2707,68.15
4935,157.3,5.92,51.0,71,2280,83.87
4936,161.6,2.94,67.8,477,2988,87.26
4937,131.3,3.75,36.2,512,1605,83.49
4938,135.6,3.79,36.4,264,1672,69.37
4939,157.9,1.24,42.1,377,2278,54.6
4940,140.0,4.09,35.2,908,2697,105.49
4941,173.6,5.88,51.2,909,2286,117.78
4942,153.9,5.81,49.4,52,2917,90.25
4943,150.8,2.61,43.8,100,2475,63.54
4944,150.7,0.94,53.3,850,2237,79.34
4945,156.0,4.44,40.9,1405,1835,126.57
4946,164.6,5.48,42.2,1462,2769,146.23
4947,128.7,3.43,34.2,1511,3167,131.75
4948,151.6,4.58,35.3,1608,3281,136.11
4949,156.3,1.94,48.2,479,2484,71.94
4950,131.0,5.72,49.6,330,3396,104.61
4951,153.6,3.24,47.8,1175,2827,112.65
4952,115.3,1.45,46.2,1281,3453,118.96
4953,148.1,3.28,43.0,443,2418,76.1
4954,155.8,2.37,37.3,121,2616,53.04
4955,145.2,3.41,33.0,517,2370,79.5
4956,151.9,4.44,52.9,1197,2704,128.7
4957,166.1,0.98,51.5,1813,2980,127.67
4958,157.5,4.95,47.3,589,2852,110.96
4959,163.3,0.75,61.1,1170,2089,93.0
4960,139.0,5.8,44.0,912,2826,122.41
4961,163.9,1.61,41.0,1339,3473,115.73
4962,157.4,5.43,47.4,620,1843,103.24
4963,123.3,0.71,37.4,315,1850,48.62
4964,178.0,1.33,52.6,783,2480,85.94
4965,162.9,0.95,35.6,1824,2784,123.99
4966,157.6,0.53,31.8,154,1872,36.26
4967,154.4,1.88,46.9,877,1476,86.41
4968,178.0,5.3,57.5,1559,1488,144.38
4969,139.5,4.92,45.4,1401,1476,126.38
4970,149.8,3.78,50.1,1432,1661,128.16
4971,161.1,4.55,31.5,793,2596,109.92
4972,169.8,2.61,45.4,1279,1413,101.16
4973,145.2,3.05,40.3,1380,2365,116.08
4974,153.4,5.93,41.0,1538,1527,135.9
4975,176.6,3.98,39.8,1180,2936,120.2
4976,175.8,5.43,45.8,335,2623,93.07
4977,163.9,4.32,36.8,676,2981,98.95
4978,140.1,3.44,37.3,1297,1247,105.6
4979,160.2,5.2,57.3,1251,3459,144.27
4980,145.0,1.99,34.4,120,3276,56.96
4981,154.6,2.26,25.0,181,3332,51.66
4982,139.6,1.1,42.5,736,2681,81.68
4983,142.3,2.34,26.1,430,3052,73.96
4984,154.5,3.1,55.3,1623,2814,136.57
4985,121.0,3.96,32.8,1347,1929,123.3
4986,147.5,2.37,43.9,1938,1960,130.15
4987,139.8,5.69,49.6,1505,1399,139.87
4988,147.1,5.66,29.8,352,2018,89.1
4989,152.9,3.89,45.8,1735,2970,145.74
4990,144.6,0.61,37.7,1339,2046,88.44
4991,128.3,5.55,47.0,1139,2333,131.99
4992,138.0,1.07,50.8,287,1306,54.58
4993,131.5,2.4,41.7,279,2527,61.74
4994,148.0,3.18,46.0,58,1610,55.58
4995,164.6,1.66,42.2,317,1780,54.33
4996,161.3,2.91,49.5,304,1477,65.08
4997,160.1,2.7,35.9,525,1270,69.52
4998,152.4,1.6,47.3,1761,1514,116.77
4999,151.3,5.13,46.7,82,1547,76.38
5000,152.1,1.54,39.2,944,3362,97.46
5001,156.9,3.54,36.2,633,3487,99.5
5002,143.7,4.39,50.6,1449,2145,133.25
5003,156.4,4.18,56.2,1181,3141,130.76
5004,173.8,5.99,25.0,1782,2218,151.7
5005,150.4,4.16,45.9,1541,2438,137.1
5006,122.9,4.35,27.9,1085,2831,109.68
5007,147.5,1.63,41.7,1692,3350,124.2
5008,152.9,3.06,43.7,1565,2028,122.29
5009,140.6,5.73,46.9,619,1839,104.16
5010,158.4,5.36,53.9,675,1882,109.46
5011,171.4,3.92,30.1,1419,1443,112.47
5012,143.8,5.08,46.6,684,3352,117.56
5013,159.5,5.72,39.2,1312,2066,139.09
5014,153.8,1.76,41.6,1117,1421,90.56
5015,160.5,5.05,40.4,988,2867,117.8
5016,124.0,3.86,32.6,398,1597,69.5
5017,127.0,5.49,44.4,1911,1844,163.62
5018,121.8,4.32,51.8,919,3303,118.81
5019,159.5,1.4,33.2,597,1457,60.99
5020,156.3,3.66,47.5,823,2689,100.58
5021,140.3,3.64,59.5,1984,2885,153.77
5022,161.8,5.28,39.8,1374,2690,140.68
5023,164.0,0.9,40.9,1183,2575,93.24
5024,163.3,5.55,46.2,1929,3491,164.43
5025,135.7,3.47,57.3,1478,2833,132.47
5026,140.2,4.63,40.3,1444,2361,131.39
5027,145.6,2.44,53.1,727,1271,86.63
5028,153.7,5.76,51.4,586,2940,109.5
5029,141.1,1.32,54.2,941,2477,88.82
5030,148.1,5.44,32.4,1464,1699,132.31
5031,158.6,2.55,54.7,1115,1643,106.2
5032,157.4,2.64,36.5,1968,2627,129.53
5033,167.4,2.69,52.7,1086,1687,98.88
5034,164.4,4.26,34.0,369,3026,78.53
5035,141.1,2.52,45.4,1071,2601,99.05
5036,159.8,3.51,38.1,1165,1258,101.38
5037,126.6,1.03,55.1,1166,1702,85.89
5038,150.4,3.2,52.0,1025,2889,110.82
5039,180.5,3.7,52.3,1592,2156,132.04
5040,160.5,5.51,39.1,1584,1563,145.45
5041,162.9,3.87,35.7,496,2690,84.39
5042,142.5,1.93,52.4,1727,2867,129.92
5043,145.0,0.88,44.0,1638,2197,107.37
5044,133.8,1.74,37.1,1822,3023,132.88
5045,181.1,1.05,49.7,362,2890,62.04
5046,147.7,4.17,45.0,1034,2313,114.45
5047,162.8,5.75,37.8,1236,3380,136.05
5048,163.8,1.14,54.6,1572,2407,111.2
5049,156.0,2.02,56.3,1215,2275,100.37
5050,162.1,4.2,42.2,1808,3176,157.55
5051,149.6,2.61,47.8,83,1231,45.66
5052,168.8,5.38,37.4,620,3081,104.51
5053,190.2,4.47,41.1,1036,3462,126.24
5054,160.0,1.21,43.8,1833,2001,125.02
5055,150.5,2.18,36.6,326,2829,67.01
5056,120.5,1.57,51.8,625,1381,63.03
5057,147.2,3.77,57.3,1539,3087,147.7
5058,159.9,3.29,46.6,832,1612,85.52
5059,155.3,1.37,43.6,1185,1547,86.71
5060,178.5,1.08,31.7,676,1310,58.68
5061,130.9,5.04,38.8,1433,1541,137.26
5062,150.5,4.67,36.4,948,2526,114.18
5063,166.3,4.51,50.2,1653,1571,139.58
5064,145.4,0.51,28.6,969,2257,70.76
5065,149.8,5.16,42.4,1330,3125,142.7
5066,160.4,3.83,42.6,963,1775,99.25
5067,161.5,3.82,44.4,51,2827,69.14
5068,161.2,2.79,42.7,1800,1847,133.15
5069,153.2,1.12,43.2,508,2062,62.85
5070,139.8,5.12,45.6,1697,1316,144.36
5071,175.1,2.39,68.9,915,2617,106.81
5072,150.4,1.42,53.2,771,2580,77.99
5073,141.5,5.76,63.6,1505,2170,155.12
5074,140.0,3.77,36.8,1248,2901,123.24
5075,165.7,2.93,48.3,1300,2728,120.46
5076,161.8,3.0,39.0,1556,2220,122.16
5077,143.3,2.71,39.1,1234,3039,114.86
5078,146.6,3.1,47.5,408,2255,76.6
5079,159.5,5.49,48.0,1876,2451,166.83
5080,142.3,3.32,59.1,574,2767,93.25
5081,132.2,2.95,50.1,1995,2191,147.2
5082,147.5,2.74,47.5,431,2658,74.18
5083,143.1,3.09,48.3,1480,3407,132.98
5084,131.9,1.66,57.8,1239,3069,118.58
5085,163.7,2.96,35.7,440,3034,74.66
5086,169.0,1.02,44.6,1006,2831,87.74
5087,149.0,1.54,48.7,1896,1264,126.06
5088,147.8,5.55,45.7,59,1358,71.94
5089,153.7,1.58,31.5,1172,2103,94.98
5090,157.5,1.01,40.4,1170,2720,89.55
5091,152.7,2.49,36.6,416,1261,60.07
5092,167.8,3.51,43.8,82,2314,65.12
5093,146.2,2.41,42.8,1959,2336,137.78
5094,162.0,1.9,31.5,1997,1652,127.97
5095,148.5,3.25,35.9,1219,1267,107.53
5096,132.8,5.57,54.9,139,2125,90.52
5097,151.0,3.63,49.8,1418,2252,130.65
5098,164.1,2.87,37.7,1537,1693,119.74
5099,166.7,2.75,44.5,599,2998,86.62
5100,140.2,0.5,54.4,482,1431,52.38
5101,163.9,2.86,45.9,1335,2318,109.24
5102,143.1,5.79,47.9,1411,2402,144.57
5103,151.7,2.91,52.2,146,1850,53.42
5104,143.3,3.05,37.7,846,1415,80.12
5105,161.7,5.27,44.6,200,2648,84.27
5106,142.6,2.13,46.9,1898,3255,145.7
5107,140.2,1.78,44.7,1008,1322,78.23
5108,144.2,2.84,48.4,1624,1405,121.89
5109,146.7,4.7,50.8,1934,1607,149.21
5110,160.8,0.78,42.8,1214,2136,91.73
5111,156.1,1.33,48.1,600,2978,76.95
5112,154.6,3.97,51.1,323,2721,79.37
5113,165.3,3.41,42.4,1158,1435,109.21
5114,114.9,1.13,45.2,106,2608,49.06
5115,110.6,4.6,48.4,1131,2277,119.55
5116,161.6,1.09,44.9,188,3296,51.32
5117,114.1,5.14,45.1,287,1814,90.19
5118,165.1,4.06,39.8,997,1548,99.32
5119,148.8,1.52,42.6,1457,2119,98.25
5120,162.8,2.12,41.0,832,1443,77.53
5121,145.4,5.42,42.7,1023,2359,127.28
5122,119.5,4.34,50.9,787,1419,96.2
5123,103.4,0.62,42.0,464,3439,71.33
5124,158.8,4.44,57.9,1102,3098,132.77
5125,154.1,5.92,42.4,1970,1832,166.94
5126,144.4,2.44,36.7,489,2310,71.43
5127,152.6,5.9,49.4,1791,1701,166.04
5128,138.9,2.41,52.6,1591,2763,133.53
5129,138.5,2.63,55.9,1175,2290,104.12
5130,118.4,2.91,37.2,1764,2781,140.06
5131,160.2,3.46,48.9,1698,1392,127.22
5132,129.2,5.55,42.3,258,2921,92.63
5133,121.8,2.32,35.4,1633,2528,126.9
5134,152.7,2.27,49.5,472,3194,70.7
5135,173.3,2.19,44.1,1519,3080,120.38
5136,134.0,2.17,43.0,1295,1491,98.97
5137,153.8,5.69,41.2,1197,2015,125.63
5138,150.4,3.72,37.8,1971,1227,142.18
5139,153.9,2.77,48.6,1519,2395,122.42
5140,148.3,2.88,40.8,982,1938,104.08
5141,127.0,1.48,47.6,112,1656,48.82
5142,144.5,1.65,42.2,265,1785,50.51
5143,138.9,4.85,29.0,586,3020,105.91
5144,171.1,4.0,51.6,1495,3027,141.76
5145,121.1,3.32,47.2,1836,2206,145.54
5146,182.6,4.12,41.2,1008,3462,122.13
5147,154.3,3.57,58.2,544,2948,94.71
5148,156.9,1.57,42.7,992,2002,82.92
5149,148.1,2.22,58.6,1640,2525,130.08
5150,159.1,4.59,37.7,809,2125,102.46
5151,149.9,5.95,46.5,1771,2041,160.63
5152,123.8,1.73,47.3,1473,1571,99.6
5153,157.9,1.19,32.8,1479,1810,96.96
5154,148.4,3.29,45.9,1831,1885,133.46
5155,149.1,2.33,44.5,1396,1729,103.02
5156,155.3,3.57,39.0,1322,2691,117.02
5157,136.7,5.24,36.6,366,2380,82.27
5158,136.9,3.97,41.9,1747,2060,139.48
5159,126.1,2.75,49.3,1946,2163,143.12
5160,143.2,5.13,32.3,328,1573,74.87
5161,137.4,2.19,44.9,1809,3196,142.44
5162,158.3,0.85,44.1,1128,2724,89.29
5163,141.4,0.56,34.9,1799,3059,121.34
5164,142.6,4.69,44.5,1250,1238,121.77
5165,154.3,4.18,50.5,1117,1813,114.49
5166,167.2,0.53,50.1,1426,1306,89.93
5167,158.2,3.66,44.2,574,1609,88.43
5168,150.0,5.26,42.8,1568,1949,147.93
5169,150.1,5.59,30.6,718,2407,112.25
5170,145.8,3.91,45.5,1404,1924,124.05
5171,147.1,2.82,50.7,252,3451,78.72
5172,138.1,0.7,52.5,1171,2506,98.67
5173,146.7,5.77,37.0,1737,2065,155.03
5174,168.9,2.23,57.2,1922,2315,141.43
5175,142.9,4.51,45.6,1532,2430,140.88
5176,196.7,4.77,51.8,488,2722,98.07
5177,164.9,1.45,45.7,1488,1637,103.91
5178,162.1,5.92,33.5,972,2465,121.35
5179,131.6,2.59,47.0,114,2447,56.29
5180,160.7,1.38,38.3,1627,2286,112.15
5181,161.9,2.04,41.0,1130,1422,81.49
5182,130.3,4.4,47.5,167,1977,77.25
5183,144.3,3.44,40.3,554,2643,92.44
5184,151.5,3.53,49.9,1791,2468,144.15
5185,165.8,1.11,40.4,81,1275,30.0
5186,155.8,5.04,40.6,962,1876,108.0
5187,167.6,2.11,29.5,370,1482,58.58
5188,143.3,3.17,37.2,787,2480,99.2
5189,153.5,3.61,55.0,965,3385,121.02
5190,138.8,3.27,44.9,1560,2723,134.28
5191,130.8,5.23,29.7,1630,2130,135.81
5192,146.8,4.23,69.9,242,2803,83.26
5193,156.6,5.04,45.4,1138,1387,112.44
5194,170.9,3.67,48.9,1416,2462,123.44
5195,161.8,2.49,61.4,956,1231,87.33
5196,157.7,0.63,53.3,1085,3381,98.99
5197,136.9,4.77,38.0,1481,3340,150.69
5198,138.8,2.58,53.0,1039,1857,102.48
5199,180.5,3.45,36.0,575,2029,77.85
5200,142.9,5.02,36.4,1042,2284,115.56
5201,143.7,0.9,53.7,1825,1565,121.56
5202,158.1,2.95,41.4,642,1664,80.5
5203,164.6,1.38,35.9,1953,1997,117.52
5204,164.4,4.71,31.2,1951,2113,147.6
5205,130.4,1.74,33.8,758,3391,91.35
5206,166.9,2.12,47.2,1374,2827,116.63
5207,155.6,5.9,50.3,926,1327,117.0
5208,150.5,1.78,48.1,1289,3068,113.69
5209,181.6,2.28,38.1,521,3068,71.46
5210,143.0,5.46,42.3,692,2005,115.39
5211,156.9,0.8,52.3,818,3124,79.18
5212,141.7,1.97,46.9,297,2008,62.76
5213,139.7,2.99,40.2,393,1952,74.75
5214,136.1,1.71,40.0,1407,3442,116.05
5215,147.2,5.39,39.9,1965,2549,162.14
5216,143.8,1.81,63.4,750,3246,93.03
5217,145.7,1.68,45.7,540,1553,62.26
5218,159.8,1.66,43.4,1438,1315,97.68
5219,149.2,1.43,38.4,1412,3172,112.04
5220,160.7,1.32,39.7,796,2257,85.6
5221,167.8,3.85,35.9,1218,1984,101.82
5222,176.8,3.08,42.3,1656,2712,135.67
5223,170.9,0.57,41.8,1989,1706,120.35
5224,148.2,4.84,58.6,1124,3046,129.11
5225,126.7,3.84,37.6,1785,2659,142.14
5226,129.5,5.5,49.3,1254,2596,142.38
5227,124.1,3.59,34.5,559,1974,82.42
5228,123.0,3.56,48.0,1854,1641,138.69
5229,124.5,5.04,47.4,1753,1371,152.99
5230,126.2,4.81,44.6,1963,2154,165.14
5231,151.9,3.97,56.0,730,3326,108.56
5232,128.3,4.23,30.4,1380,2973,129.66
5233,155.6,5.86,50.2,616,2661,112.29
5234,168.1,1.4,31.3,546,3289,67.39
5235,176.9,1.63,33.4,530,3176,70.42
5236,154.4,3.63,52.1,1357,1952,124.9
5237,151.3,4.05,45.6,560,1299,84.88
5238,159.1,4.6,41.7,1358,3082,135.18
5239,133.1,4.01,49.1,1372,1277,121.14
5240,157.4,3.36,47.6,105,2642,62.0
5241,136.7,4.41,37.6,1971,2335,161.23
5242,147.4,0.57,45.0,1329,3347,107.16
5243,129.3,2.89,47.6,943,3085,102.12
5244,128.4,4.49,46.1,475,3382,103.34
5245,138.9,3.17,43.5,895,2866,103.7
5246,154.4,3.04,46.1,1243,2503,114.0
5247,152.9,0.59,46.8,1164,2211,90.77
5248,155.0,1.5,41.5,1514,2074,103.61
5249,132.2,1.89,40.5,731,3159,84.95
5250,154.2,4.37,45.6,1233,2512,125.68
5251,146.5,5.01,47.9,1366,2263,136.83
5252,136.7,3.6,58.0,1869,1958,148.67
5253,135.9,4.31,52.7,1997,1881,157.69
5254,155.0,1.1,49.5,1831,1224,117.42
5255,165.9,1.45,40.4,259,2509,54.86
5256,163.4,2.35,54.3,1684,1636,122.4
5257,153.5,5.18,44.6,631,3197,115.77
5258,161.1,3.27,54.6,81,2634,75.58
5259,151.7,3.9,36.2,108,3016,70.67
5260,140.0,4.69,60.8,161,2663,83.06
5261,178.0,3.22,45.9,638,1543,71.86
5262,120.6,0.76,54.0,805,2602,78.95
5263,168.8,4.87,47.1,850,2745,111.2
5264,147.2,2.81,62.7,1889,2919,149.57
5265,175.5,4.5,41.9,1287,1536,121.69
5266,124.7,3.19,37.3,1660,1672,121.19
5267,162.7,0.77,38.1,1952,2790,128.32
5268,154.4,5.59,42.4,1540,3262,154.22
5269,191.0,4.87,35.6,399,1977,79.28
5270,156.8,0.68,47.9,541,2463,65.65
5271,173.1,2.45,50.0,902,2091,83.5
5272,166.7,3.99,37.2,873,1541,91.5
5273,127.3,3.48,50.2,841,1916,95.79
5274,148.2,5.17,48.4,208,1384,75.25
5275,145.1,4.2,52.6,125,3402,78.62
5276,151.3,1.0,48.1,1641,3014,121.73
5277,178.6,1.86,41.3,1741,3047,124.67
5278,162.5,3.95,49.8,93,2770,74.53
5279,153.9,2.62,59.3,1470,3253,132.19
5280,136.4,4.5,41.4,926,1282,106.74
5281,139.4,3.67,44.4,1467,1757,119.11
5282,146.3,3.8,38.4,282,1857,74.19
5283,143.0,4.32,48.4,196,2212,76.05
5284,170.5,4.22,54.2,601,1563,90.67
5285,161.8,2.6,47.6,1824,1491,135.48
5286,173.3,4.96,41.8,998,2566,121.02
5287,160.4,3.49,46.6,492,1534,79.67
5288,140.7,5.84,46.9,521,1581,89.83
5289,154.0,0.89,49.7,1454,3174,119.33
5290,141.1,5.18,39.0,1573,2694,144.47
5291,158.1,1.79,45.7,1680,2613,128.91
5292,159.1,5.88,36.2,903,1806,113.24
5293,167.1,3.83,46.8,1955,1793,148.41
5294,136.2,3.0,48.1,1049,2062,102.16
5295,160.9,2.53,45.9,425,1688,66.11
5296,162.9,5.31,25.5,1773,2955,151.02
5297,167.3,3.02,55.8,1709,2448,141.23
5298,169.1,1.78,35.7,1791,2825,120.19
5299,158.8,0.54,51.5,1638,2547,115.25
5300,141.8,3.4,50.3,852,1282,92.66
5301,156.3,4.66,52.4,951,1899,114.66
5302,125.9,5.64,45.1,1414,3257,151.38
5303,169.9,5.14,50.0,635,3111,114.32
5304,145.9,4.25,57.4,1528,2929,140.09
5305,154.4,2.65,42.3,1149,3118,112.68
5306,160.1,5.28,44.1,379,1651,87.01
5307,151.3,4.55,42.2,387,1789,82.75
5308,139.4,3.09,53.9,1607,2423,132.48
5309,153.9,1.33,51.2,425,2328,69.2
5310,140.9,3.6,47.3,1758,2025,143.82
5311,149.6,5.9,46.0,597,3338,121.59
5312,161.3,2.88,45.8,1691,2550,128.84
5313,152.0,3.58,37.3,1753,1754,128.82
5314,125.7,5.11,33.3,666,1263,91.22
5315,159.6,5.78,43.3,262,2572,90.38
5316,137.4,5.0,41.9,846,1328,102.77
5317,143.1,1.97,53.4,1141,1375,92.04
5318,168.5,4.79,42.6,740,3331,117.22
5319,149.2,4.84,43.8,308,1299,78.61
5320,169.4,2.81,58.2,1732,2448,139.01
5321,149.0,1.61,42.5,55,3215,55.45
5322,150.2,4.96,41.0,1700,2023,142.8
5323,190.4,2.25,51.6,319,2334,68.64
5324,142.9,1.49,46.7,1684,3179,122.41
5325,171.0,0.7,55.6,773,2024,76.01
5326,133.6,1.02,54.5,1182,1219,86.25
5327,182.9,4.2,43.6,568,1577,81.39
5328,132.2,5.09,49.8,810,2605,115.71
5329,147.6,5.89,43.1,1190,3084,147.46
5330,154.2,0.62,44.8,129,1623,35.27
5331,150.1,4.74,41.9,782,1754,99.96
5332,154.7,1.83,39.7,519,2183,63.56
5333,179.3,2.94,48.2,1152,3035,112.97
5334,153.5,5.39,38.8,289,1380,77.44
5335,145.1,3.59,41.5,1041,3368,118.26
5336,146.8,3.52,53.5,124,2835,71.31
5337,143.2,5.8,38.6,712,1296,98.31
5338,154.6,4.81,45.3,769,2399,109.11
5339,170.5,0.93,45.4,755,1545,61.45
5340,172.6,2.05,31.7,1022,2084,89.83
5341,164.9,2.94,57.7,953,3082,115.37
5342,173.8,5.41,36.3,79,2296,69.96
5343,165.5,2.52,46.4,1945,2321,142.23
5344,158.4,2.36,45.2,967,2875,95.21
5345,139.7,3.7,30.4,1093,1389,92.28
5346,147.6,2.29,38.7,1219,3051,109.86
5347,155.0,5.98,50.7,1543,1871,152.72
5348,150.2,2.39,37.4,1875,3490,136.55
5349,165.9,5.2,52.8,1541,1361,138.97
5350,156.7,1.82,57.9,698,3227,87.37
5351,138.3,2.64,55.0,1289,1993,108.41
5352,156.3,0.8,31.2,1935,3456,130.2
5353,150.5,2.77,52.1,383,2497,83.25
5354,143.1,3.06,42.9,64,1327,54.14
5355,125.7,4.16,29.0,1329,1233,115.26
5356,140.4,5.55,39.0,485,2999,107.54
5357,154.5,3.48,25.0,400,2245,70.25
5358,154.7,0.68,54.3,1780,1732,115.29
5359,133.3,5.5,35.3,650,3003,109.11
5360,143.1,0.67,38.4,1184,2713,90.65
5361,159.8,2.29,44.1,1637,2979,120.71
5362,157.4,0.86,42.9,1661,1671,111.1
5363,143.4,1.66,35.7,1537,2813,118.07
5364,162.0,1.81,41.6,1027,3035,97.17
5365,151.2,1.82,42.9,1720,2896,125.48
5366,151.8,5.9,51.4,1977,2024,172.21
5367,147.5,5.6,41.7,1168,1585,131.42
5368,141.9,0.88,46.9,1230,1344,83.23
5369,135.6,0.62,41.7,1110,2732,85.64
5370,144.7,4.18,60.3,1423,2053,126.19
5371,142.0,5.05,42.0,404,2390,93.41
5372,159.5,3.14,44.0,1487,1390,127.03
5373,128.8,4.94,41.1,143,3141,82.26
5374,152.1,4.09,55.6,423,1263,82.28
5375,147.6,3.44,41.7,1499,2183,131.75
5376,158.1,5.73,35.3,1754,2361,159.39
5377,151.6,3.66,45.1,453,2261,83.65
5378,159.3,4.14,42.3,448,2865,99.05
5379,100.0,2.36,49.8,1211,2997,120.31
5380,157.3,3.34,31.5,1657,1883,124.29
5381,138.8,2.29,45.8,582,2348,83.66
5382,141.3,1.13,40.5,1703,2549,119.38
5383,168.5,1.6,42.8,412,2678,63.95
5384,135.3,4.34,51.6,526,3279,99.01
5385,147.4,1.04,42.5,1723,2947,123.96
5386,131.2,3.05,29.1,1823,1493,130.62
5387,141.9,3.61,51.9,1009,2079,110.25
5388,160.2,3.54,43.1,596,2525,86.5
5389,171.7,5.42,49.1,171,3485,93.27
5390,168.3,5.52,38.1,1988,2315,167.68
5391,182.2,1.95,53.6,125,1713,48.38
5392,148.8,3.59,46.8,1013,1542,100.86
5393,150.8,3.8,46.0,142,1526,67.31
5394,154.3,4.61,32.3,1061,2927,113.5
5395,154.8,1.12,48.6,1555,1894,108.23
5396,148.4,4.09,45.2,1152,3481,123.93
5397,154.6,2.38,28.8,1304,2190,109.37
5398,154.0,2.17,38.3,657,1967,79.28
5399,154.3,3.39,46.4,1451,3405,127.21
5400,167.2,2.02,48.0,1852,1858,133.51
5401,176.8,3.9,44.2,545,1854,87.84
5402,146.0,2.53,43.6,1453,2644,117.99
5403,152.3,0.81,43.7,1062,1618,79.34
5404,137.8,5.57,54.7,1618,2186,155.91
5405,151.4,4.77,33.1,448,2324,82.77
5406,153.7,4.64,36.3,411,3036,87.73
5407,132.3,3.79,30.8,544,2651,90.53
5408,161.7,5.87,48.7,510,2680,103.09
5409,131.0,0.74,43.6,1257,2848,99.01
5410,112.7,5.15,38.8,1428,2333,143.86
5411,136.4,3.29,43.4,1935,1602,141.06
5412,166.0,1.3,37.8,907,2252,77.9
5413,152.4,0.52,49.7,456,2084,45.63
5414,136.7,2.63,39.9,1563,3309,125.64
5415,155.1,5.37,38.4,1293,1837,125.29
5416,152.8,0.62,32.7,738,1999,61.49
5417,150.6,3.12,25.0,1549,2742,124.61
5418,178.1,5.82,46.7,590,2636,106.4
5419,164.3,4.5,61.7,645,2793,108.21
5420,139.1,5.52,25.8,346,3412,93.71
5421,167.7,1.51,37.7,1678,1736,110.49
5422,155.6,3.67,51.1,1803,1346,130.15
5423,155.9,3.89,51.1,80,2336,76.87
5424,149.1,3.62,35.0,1022,1562,99.94
5425,141.0,4.15,47.6,752,3166,106.49
5426,155.5,0.68,40.9,415,3145,62.38
5427,155.5,2.61,25.0,70,1771,41.34
5428,165.6,4.39,39.0,468,3019,90.6
5429,175.5,4.22,52.4,1200,3380,128.21
5430,164.3,3.89,36.0,847,3046,100.43
5431,159.5,0.52,40.0,1389,1809,95.02
5432,136.9,4.12,47.9,461,1998,86.19
5433,144.7,3.47,65.3,1551,1547,124.46
5434,123.3,1.55,42.2,171,2509,54.24
5435,152.1,2.04,52.3,829,2934,91.92
5436,143.7,1.0,40.7,1259,2570,98.89
5437,160.0,0.54,49.4,1444,3495,114.69
5438,168.1,3.15,49.8,472,2114,77.67
5439,144.2,3.65,47.3,1360,1369,119.4
5440,160.3,4.13,48.5,599,2223,100.18
5441,165.9,5.17,52.2,179,2377,85.59
5442,185.9,5.33,45.5,95,1397,72.43
5443,154.8,4.45,44.3,81,3377,80.5
5444,147.8,5.65,56.7,1155,1914,129.27
5445,183.3,3.04,52.4,407,2347,74.5
5446,128.0,5.74,63.0,1650,2303,154.7
5447,168.7,4.79,48.3,1855,3003,160.19
5448,144.7,1.49,56.2,569,1328,69.22
5449,143.9,3.17,39.2,1380,1615,106.17
5450,162.9,0.88,44.2,1226,2145,94.02
5451,132.7,1.44,52.4,116,1216,43.94
5452,152.9,4.24,58.1,633,1800,96.44
5453,147.8,5.36,63.5,714,2882,113.53
5454,161.4,3.98,46.5,896,2792,113.56
5455,135.3,1.23,47.7,554,2384,68.56
5456,108.8,4.43,39.7,1593,3065,147.11
5457,138.2,4.16,49.5,843,2484,113.98
5458,100.0,5.0,31.4,1883,2574,156.9
5459,126.4,5.44,53.1,1525,1649,142.7
5460,145.0,2.21,34.5,736,2325,82.66
5461,139.5,3.9,38.5,538,3142,93.85
5462,128.8,5.32,32.1,1770,3236,154.9
5463,158.7,1.99,45.5,1009,1986,91.7
5464,135.2,0.82,43.7,1297,1351,87.5
5465,158.2,5.26,48.7,1308,1951,140.34
5466,138.7,5.59,58.5,1761,2471,167.7
5467,152.8,1.41,40.3,678,1339,66.61
5468,154.2,4.86,51.9,1515,2597,138.86
5469,152.6,5.47,50.7,1020,1897,124.02
5470,149.5,2.51,36.5,1915,2306,137.36
5471,151.5,5.76,41.7,1508,2032,148.66
5472,145.1,5.25,55.6,1289,3275,140.38
5473,164.3,4.88,45.6,240,3371,86.36
5474,136.5,0.81,45.3,190,2882,52.56
5475,166.0,1.26,50.5,58,1325,38.92
5476,141.9,2.86,46.2,800,3488,99.66
5477,140.8,2.43,51.4,1146,3486,120.29
5478,167.9,1.57,60.2,336,2920,71.24
5479,163.5,1.35,47.3,1708,2101,123.67
5480,132.8,4.03,35.2,964,2179,96.59
5481,153.4,3.42,40.6,1639,1222,124.78
5482,146.0,0.67,47.7,354,2544,57.47
5483,155.6,4.41,42.5,1941,2887,158.28
5484,179.7,3.41,45.7,1212,2122,110.47
5485,172.7,3.96,45.3,115,1818,59.97
5486,151.4,3.04,58.6,1803,2603,150.29
5487,155.0,3.33,52.2,295,2372,74.85
5488,148.3,1.17,49.8,1058,2050,85.7
5489,136.1,2.35,44.2,1395,1721,110.01
5490,159.0,5.24,59.0,664,1999,106.25
5491,125.7,3.07,25.0,1051,1272,92.14
5492,146.7,5.59,36.2,1215,2598,130.69
5493,147.0,1.67,52.8,498,1254,59.33
5494,164.5,2.06,45.5,82,2649,56.26
5495,160.4,0.64,40.5,1807,3287,124.93
5496,158.7,2.93,32.5,1276,3094,111.34
5497,179.1,2.09,53.0,947,3400,109.84
5498,154.1,3.77,35.6,190,1241,54.33
5499,167.6,3.56,59.9,573,2282,89.22
5500,159.7,0.92,30.3,328,2138,58.98
5501,134.8,4.45,39.2,1313,2220,126.64
5502,155.5,3.01,42.2,635,3257,88.29
5503,135.9,4.41,37.2,596,2609,100.15
5504,153.9,2.73,55.1,1546,2507,122.23
5505,153.1,3.65,32.4,1393,2720,123.9
5506,134.7,0.9,33.7,195,1523,39.07
5507,159.8,1.74,25.1,1079,1631,77.54
5508,167.8,0.64,42.4,75,2654,34.83
5509,155.0,3.1,49.8,1001,1621,101.45
5510,155.1,4.19,50.2,973,2973,112.01
5511,150.3,0.64,46.9,1493,3120,108.55
5512,129.8,2.43,47.3,760,2844,95.81
5513,139.3,0.64,38.5,1157,2051,84.67
5514,151.0,0.6,25.0,1311,2980,90.24
5515,151.0,4.83,35.6,1921,2828,156.61
5516,145.4,2.12,47.7,1664,2429,124.56
5517,150.2,5.98,37.4,1155,2271,130.27
5518,130.6,0.86,43.4,941,1918,82.1
5519,132.2,2.32,42.6,1755,2241,127.89
5520,150.5,1.46,46.1,383,3358,67.8
5521,155.1,5.88,50.9,298,3205,100.0
5522,150.7,3.55,52.9,1646,3253,142.03
5523,152.4,2.08,49.4,1591,3442,129.62
5524,115.5,4.7,40.2,1546,1416,132.11
5525,150.4,5.38,30.5,361,2182,87.56
5526,152.9,1.7,55.5,535,3370,78.43
5527,136.1,3.26,57.7,69,2097,60.46
5528,172.7,1.23,53.3,720,3343,80.46
5529,142.2,2.11,45.3,1816,1297,122.71
5530,138.2,1.56,53.9,782,1957,83.56
5531,151.0,1.02,40.3,449,2162,61.96
5532,132.7,0.94,49.7,371,2822,69.0
5533,131.8,3.31,38.3,1814,2330,141.13
5534,153.6,4.12,40.5,702,2019,89.78
5535,131.4,1.37,43.2,339,1817,60.76
5536,142.5,1.19,42.1,1305,1547,97.71
5537,143.4,5.17,41.5,512,2084,95.17
5538,150.0,3.44,49.4,1151,1438,105.44
5539,165.9,3.96,43.0,472,1678,77.94
5540,158.7,5.56,48.2,1600,3431,160.89
5541,142.7,5.89,55.1,492,2284,106.89
5542,155.9,1.39,48.1,586,2793,79.52
5543,139.6,1.44,54.2,1968,2677,140.67
5544,166.8,0.53,46.6,608,3337,75.52
5545,161.9,2.37,44.1,645,2852,84.64
5546,136.2,5.46,47.5,1705,1935,156.56
5547,143.8,0.5,51.3,371,1709,47.48
5548,168.8,4.8,44.6,939,1290,93.3
5549,159.8,2.56,38.1,195,1886,67.84
5550,158.9,2.77,25.0,1245,1442,99.09
5551,147.3,5.67,32.0,1168,1475,130.26
5552,147.7,0.93,45.9,1594,2474,114.66
5553,136.1,4.47,39.4,1819,1344,140.12
5554,133.7,1.87,51.4,107,2710,63.43
5555,165.8,1.68,62.0,1314,2761,110.51
5556,157.8,2.55,51.1,1976,1895,137.36
5557,156.3,4.15,36.8,1505,2940,138.44
5558,179.0,5.37,45.5,1423,3296,144.1
5559,180.1,1.08,41.7,1712,2785,123.96
5560,165.2,1.32,51.3,1151,2041,99.38
5561,124.2,4.04,41.6,804,2920,99.68
5562,175.5,3.47,25.1,1586,2598,129.69
5563,143.6,5.16,46.8,938,1785,118.31
5564,177.2,2.45,56.7,500,3342,84.97
5565,128.9,5.96,50.6,620,2785,115.55
5566,168.0,1.26,50.3,660,1541,66.33
5567,146.0,4.55,51.8,639,1294,91.16
5568,172.8,3.17,60.9,943,3163,104.85
5569,165.9,1.96,51.7,121,1920,54.54
5570,137.3,4.16,54.0,1241,1446,119.07
5571,162.3,5.22,49.6,1845,3241,160.23
5572,147.7,5.42,36.1,1159,1964,117.52
5573,168.2,2.65,47.7,1500,1273,115.16
5574,159.3,4.39,42.5,1999,1536,156.12
5575,156.1,5.84,48.1,827,2287,110.61
5576,151.7,4.45,37.3,936,2187,98.75
5577,186.3,1.71,31.4,1959,1671,115.37
5578,130.5,2.42,43.3,82,2965,65.33
5579,156.8,4.99,42.2,710,1690,102.79
5580,122.8,5.59,37.1,1520,2944,146.73
5581,152.1,0.51,68.4,1959,1812,124.33
5582,163.6,3.82,39.4,962,3218,108.1
5583,157.1,0.65,27.6,1939,2251,111.27
5584,170.8,0.57,38.3,1033,2841,80.06
5585,165.1,3.87,55.5,1654,2232,130.51
5586,147.6,0.82,35.1,833,3084,79.33
5587,173.0,5.42,33.9,1005,2141,116.92
5588,137.4,4.9,48.2,886,1872,116.22
5589,135.4,3.15,35.8,873,3353,92.53
5590,137.9,3.4,47.3,1006,2600,108.07
5591,145.4,2.98,39.3,641,2368,80.54
5592,154.0,3.56,43.2,984,2044,104.08
5593,149.6,4.3,61.5,452,1520,86.59
5594,149.0,2.57,37.5,1175,1874,93.38
5595,164.6,1.09,47.5,330,1436,37.81
5596,163.9,5.46,35.7,951,1634,109.47
5597,144.5,1.06,37.9,1562,3327,119.37
5598,138.8,3.29,45.2,1098,2121,110.26
5599,145.3,1.74,57.2,864,3090,96.13
5600,156.5,3.35,38.5,157,2158,57.38
5601,136.1,1.88,47.3,993,1574,83.34
5602,138.8,2.74,43.0,1031,3202,111.71
5603,147.0,3.53,53.1,1357,1746,117.74
5604,160.1,4.32,43.8,1247,2568,129.82
5605,160.8,4.44,38.7,472,1593,84.19
5606,148.1,3.01,48.9,402,1783,67.31
5607,143.5,3.78,50.8,965,3085,118.44
5608,135.0,1.96,46.9,301,2975,66.91
5609,170.7,5.8,42.7,542,1674,94.39
5610,138.7,4.68,59.4,1433,2479,141.97
5611,125.4,1.77,50.9,1135,3369,106.44
5612,157.6,3.22,31.5,1804,3036,137.74
5613,147.0,5.56,36.1,602,1977,99.06
5614,145.1,4.47,43.1,1642,1606,129.2
5615,132.1,5.5,49.6,1788,2001,149.34
5616,151.3,2.68,38.6,804,1849,82.49
5617,142.4,3.52,49.6,590,1438,80.5
5618,143.2,1.76,40.2,708,1758,71.28
5619,154.5,1.65,51.7,1356,2865,110.17
5620,157.1,1.87,46.2,190,1706,46.41
5621,163.6,1.3,40.1,1689,1706,118.06
5622,158.4,5.0,49.5,1510,1218,138.0
5623,156.1,1.29,35.0,573,1361,66.83
5624,145.7,4.06,31.5,1947,1471,143.56
5625,146.0,2.44,25.0,233,2197,58.3
5626,168.4,0.79,43.4,772,2599,73.89
5627,156.6,2.97,47.4,1138,3438,123.57
5628,156.5,3.92,40.4,1909,3066,158.51
5629,153.8,2.08,43.8,82,2096,54.2
5630,148.8,4.08,42.7,1390,2811,131.15
5631,150.0,3.54,45.8,425,1999,71.92
5632,137.8,4.1,57.6,1164,2099,126.5
5633,168.6,2.21,50.9,494,2138,66.25
5634,151.0,0.53,51.1,148,1410,35.4
5635,119.8,4.31,56.0,942,1949,118.5
5636,155.6,1.93,47.0,1222,1309,98.81
5637,136.8,1.31,46.5,907,1318,75.75
5638,158.1,5.1,49.1,1120,3401,126.43
5639,149.0,5.12,35.4,515,2212,92.34
5640,158.8,2.22,40.9,669,3025,85.66
5641,157.6,2.18,37.6,838,1478,76.45
5642,157.7,3.16,54.6,829,2673,93.0
5643,151.8,2.96,56.8,1479,2634,133.63
5644,149.9,3.98,43.8,1659,3306,147.13
5645,133.4,0.98,51.8,1527,3143,121.44
5646,168.9,1.19,50.5,74,1932,38.59
5647,139.0,1.73,60.1,517,2382,72.98
5648,171.9,2.97,25.6,486,1627,62.11
5649,148.5,4.79,44.0,77,2943,73.21
5650,159.9,0.9,46.5,567,1597,55.56
5651,159.9,2.67,42.5,799,2140,77.72
5652,167.2,4.39,46.4,1482,2785,142.95
5653,146.7,3.1,42.6,1781,3388,143.92
5654,178.4,5.07,65.0,556,2234,107.24
5655,152.5,5.07,58.2,1725,1553,146.96
5656,146.2,1.52,52.7,1257,1578,92.57
5657,140.2,5.13,49.2,339,2292,97.45
5658,146.2,3.99,39.3,186,1831,62.45
5659,145.8,1.93,35.4,698,1364,69.22
5660,134.4,2.43,46.0,798,1618,89.34
5661,127.2,1.67,40.0,1546,1389,102.26
5662,164.2,5.0,42.9,972,1343,108.31
5663,141.6,0.86,44.8,135,2478,48.9
5664,144.9,5.27,34.8,1653,2117,143.52
5665,183.9,4.48,51.5,759,1546,97.22
5666,162.3,1.92,53.7,1924,1283,132.88
5667,137.6,1.59,27.6,1560,2365,114.45
5668,143.0,5.4,43.8,89,2201,75.42
5669,150.0,4.34,37.3,606,2018,86.13
5670,153.8,1.14,42.0,1617,2060,114.17
5671,160.3,3.51,42.9,1215,2450,123.52
5672,135.0,1.2,47.5,520,1273,59.03
5673,156.8,1.22,42.7,1981,1241,119.49
5674,146.8,4.99,49.1,1161,1348,123.7
5675,133.4,2.71,57.4,967,2294,98.77
5676,134.0,1.4,41.0,354,1558,51.96
5677,139.8,2.45,39.1,1301,2497,114.43
5678,146.8,3.03,37.7,428,1939,66.92
5679,159.6,4.4,36.9,910,2879,108.63
5680,160.5,5.79,41.0,1206,3104,139.31
5681,149.9,5.45,47.7,724,2406,118.3
5682,160.4,1.94,25.0,1533,1757,108.88
5683,156.6,2.35,46.0,1786,1549,118.61
5684,133.6,3.17,52.9,388,3172,82.9
5685,157.8,1.32,36.6,787,2070,73.2
5686,175.5,2.57,43.1,309,2891,67.91
5687,153.5,1.21,41.9,951,2480,85.07
5688,176.5,4.67,38.2,1274,1981,122.27
5689,143.5,4.1,49.1,271,2590,70.78
5690,132.4,4.73,42.3,551,2920,103.36
5691,173.9,0.81,50.0,1179,2722,90.45
5692,149.4,4.33,61.3,74,2577,83.72
5693,170.1,3.72,52.0,1299,3017,127.14
5694,157.8,1.47,33.4,603,2614,68.16
5695,147.8,5.95,44.1,1106,3316,139.84
5696,165.7,4.0,29.3,1777,2409,137.91
5697,143.4,3.07,41.4,1477,2297,123.06
5698,167.1,1.92,53.6,297,3398,76.96
5699,134.1,5.51,44.9,1710,1359,143.85
5700,155.6,4.39,41.5,680,2522,99.86
5701,141.5,1.37,43.7,1680,3325,132.47
5702,156.7,3.79,42.4,968,2669,106.36
5703,125.4,2.2,37.3,539,1438,67.05
5704,141.2,4.76,45.6,960,1742,106.99
5705,142.3,1.95,60.6,1227,2616,111.33
5706,166.6,1.67,46.1,415,1715,56.24
5707,151.0,2.71,49.6,1345,3158,128.16
5708,164.9,2.29,41.8,818,1803,71.0
5709,144.2,5.94,46.0,1695,1341,149.7
5710,133.0,2.26,46.3,1713,2279,121.78
5711,126.8,3.94,38.5,155,2913,73.43
5712,122.2,2.97,29.2,1712,2943,128.81
5713,162.4,5.14,37.0,1044,1923,117.82
5714,151.0,1.62,39.8,381,1334,47.49
5715,148.7,5.37,54.5,1045,2669,126.12
5716,123.9,4.87,38.8,911,1997,111.85
5717,128.7,2.73,42.0,772,2306,92.73
5718,143.6,4.04,48.1,1455,1755,137.68
5719,165.0,1.81,47.5,105,2944,69.56
5720,134.7,4.47,54.8,383,1504,88.48
5721,149.4,2.72,53.2,1005,1577,98.28
5722,149.4,5.62,38.2,352,2419,92.84
5723,145.7,3.1,41.3,859,1742,87.1
5724,145.6,2.98,47.9,301,1364,63.32
5725,166.5,0.84,61.1,1437,3150,113.08
5726,120.9,2.97,56.5,1001,1747,99.06
5727,183.1,4.84,42.0,1395,3492,137.41
5728,146.9,4.17,48.9,637,1858,89.53
5729,146.8,5.59,42.3,1671,2553,159.71
5730,146.8,2.35,36.7,1226,1653,102.38
5731,160.6,2.43,32.5,1081,2416,106.99
5732,161.4,1.97,46.9,435,1772,63.55
5733,163.2,1.12,46.8,1259,1540,86.86
5734,120.8,1.26,39.6,1286,1727,92.73
5735,150.9,2.14,54.8,1429,3447,118.73
5736,154.0,2.72,37.9,1109,1445,91.81
5737,176.3,4.41,50.5,499,2197,93.78
5738,151.4,1.74,44.4,1608,1557,106.64
5739,141.4,2.85,62.2,93,1392,56.4
5740,141.6,3.42,50.6,1750,3277,148.6
5741,164.4,5.61,41.8,1475,1980,143.86
5742,162.5,4.4,33.3,1299,1623,111.9
5743,130.5,3.97,41.7,863,2783,108.74
5744,143.7,4.38,53.2,363,3166,88.74
5745,187.6,3.96,46.4,1848,3245,158.07
5746,159.8,5.24,25.6,571,3280,101.57
5747,158.6,5.0,39.7,753,1994,97.49
5748,148.5,3.08,57.0,1068,3479,121.65
5749,142.1,3.89,41.2,1404,3163,128.39
5750,143.0,2.42,43.5,1884,2700,141.08
5751,146.7,1.2,47.2,654,2395,69.01
5752,131.9,1.08,49.4,1664,2098,123.26
5753,126.6,4.09,41.4,283,1498,66.29
5754,138.1,2.21,40.5,1445,3063,119.09
5755,171.5,4.38,37.4,614,2064,90.42
5756,163.4,3.88,49.6,65,1207,59.22
5757,158.1,2.52,49.7,1897,2313,141.64
5758,167.8,1.17,59.8,1765,2606,125.03
5759,152.2,4.0,47.8,1524,2186,126.0
5760,159.9,3.67,46.4,1239,1338,107.35
5761,169.9,2.13,51.5,443,2625,73.84
5762,149.0,4.92,46.3,752,2166,99.7
5763,171.0,5.34,45.0,592,3247,113.8
5764,170.6,2.09,46.7,106,1847,41.42
5765,128.5,4.8,43.5,1116,3198,123.25
5766,138.2,5.68,36.7,1781,2609,160.79
5767,161.5,3.17,49.5,1843,2240,146.28
5768,168.3,0.96,46.9,428,1922,57.71
5769,155.9,3.25,43.0,1684,2089,131.59
5770,150.9,4.84,46.6,1268,2432,135.01
5771,165.7,4.8,31.1,655,2812,92.63
5772,169.8,5.06,38.0,1794,2007,144.61
5773,151.4,3.48,48.9,967,3077,107.4
5774,155.5,1.2,46.3,1680,3099,114.26
5775,147.7,4.04,52.8,1907,3024,156.09
5776,138.3,1.55,51.6,974,1605,82.97
5777,150.8,2.5,43.6,1160,3416,109.07
5778,165.6,4.08,51.5,1514,1335,128.1
5779,121.3,5.9,57.8,1650,2185,163.29
5780,175.2,5.94,49.0,722,2129,109.86
5781,161.2,3.44,43.6,1142,2112,110.95
5782,158.2,3.83,42.6,682,3284,99.72
5783,130.2,1.13,55.3,1438,1256,107.21
5784,127.5,2.03,31.2,601,1611,68.91
5785,166.2,5.75,54.7,895,2026,123.3
5786,175.7,2.12,38.2,1236,2301,101.88
5787,156.5,1.97,49.5,1232,2013,105.2
5788,123.8,0.61,47.9,1887,1678,124.49
5789,137.8,1.41,49.1,779,2127,81.03
5790,140.5,5.26,52.9,1398,3213,150.13
5791,129.6,4.83,41.1,1151,1234,115.08
5792,159.8,5.87,54.3,1385,1941,145.78
5793,142.9,5.9,48.1,1048,1212,124.92
5794,160.3,0.73,58.2,1494,3204,118.62
5795,163.6,3.05,36.0,52,2677,57.79
5796,133.8,1.4,44.6,1346,1960,105.65
5797,167.4,5.39,43.6,85,2455,86.99
5798,134.6,2.14,36.6,761,2512,89.04
5799,136.4,5.54,38.3,1491,2146,138.75
5800,175.2,4.41,47.8,1098,3174,117.92
5801,144.9,3.99,30.4,1377,1525,121.55
5802,126.4,2.75,52.5,776,1595,82.45
5803,122.8,3.76,53.7,801,2645,98.83
5804,125.6,1.09,48.2,938,1998,89.75
5805,160.7,2.16,49.7,1609,3394,132.15
5806,152.7,3.65,46.9,1115,3176,129.97
5807,151.7,0.65,51.6,1615,2798,110.36
5808,138.2,1.68,48.6,139,2595,58.11
5809,161.6,5.4,35.2,1286,2225,128.06
5810,154.2,4.93,57.9,959,3057,122.31
5811,137.6,3.53,43.9,236,2195,71.18
5812,161.5,3.44,28.6,1387,3477,124.08
5813,150.0,2.24,32.9,884,2384,81.0
5814,142.5,1.78,32.0,1817,2373,124.31
5815,137.4,2.94,40.9,958,3481,107.85
5816,178.7,3.32,44.1,294,2227,69.29
5817,174.5,1.56,48.6,267,2010,50.72
5818,154.2,5.35,38.9,493,2664,97.56
5819,152.7,4.19,31.2,1271,2095,115.03
5820,184.5,2.33,55.1,1834,3043,144.89
5821,154.3,3.46,51.1,442,2956,89.71
5822,146.9,3.27,51.0,206,2199,71.51
5823,160.0,3.85,51.7,229,1352,64.2
5824,156.7,4.26,46.5,893,2360,104.51
5825,175.5,4.89,38.0,1535,3308,148.02
5826,138.8,3.34,35.1,1056,1274,95.78
5827,144.3,5.23,39.2,1815,3363,156.67
5828,165.9,5.29,50.6,1527,2799,148.16
5829,164.9,5.77,41.0,558,3269,109.65
5830,147.4,5.61,46.6,1601,2035,151.27
5831,146.0,2.99,52.7,247,3411,80.89
5832,155.4,3.0,44.4,1444,1509,115.51
5833,156.8,5.23,65.1,183,3066,95.23
5834,160.7,2.26,39.8,910,2661,91.01
5835,165.3,4.32,48.3,1205,1478,108.14
5836,155.0,5.62,44.4,1366,1996,133.16
5837,160.8,5.34,51.2,1288,2657,134.3
5838,150.2,5.89,46.3,1954,1394,162.17
5839,166.3,3.64,30.2,380,2980,81.9
5840,181.1,5.88,46.2,1686,1350,147.14
5841,161.3,2.59,37.3,136,2735,56.29
5842,165.4,5.81,43.2,809,2665,115.73
5843,131.2,2.69,40.7,605,2951,76.62
5844,116.2,4.37,46.5,1964,2929,166.48
5845,152.9,5.1,43.5,1614,2553,140.07
5846,166.5,5.94,47.2,1779,3471,172.5
5847,142.4,0.69,44.3,569,2870,69.76
5848,158.7,5.72,45.6,1967,2322,171.52
5849,155.5,1.12,41.8,1768,2906,130.97
5850,153.5,1.43,53.4,115,3239,61.42
5851,168.0,4.21,45.1,667,3426,107.43
5852,141.0,3.46,47.7,1959,1313,147.61
5853,152.6,1.47,43.1,591,1670,57.57
5854,143.1,3.44,49.0,1885,2122,139.96
5855,127.4,2.52,41.7,286,2677,68.65
5856,150.1,4.26,50.4,1466,1955,138.37
5857,158.3,4.61,50.2,1810,2971,158.03
5858,160.9,3.93,48.4,279,1757,71.08
5859,156.3,3.77,41.8,1511,1732,131.75
5860,179.2,5.05,30.8,859,1452,101.44
5861,157.1,0.66,43.9,1706,2357,116.2
5862,140.6,2.46,49.7,1877,2136,137.84
5863,155.4,5.61,33.8,1220,2867,135.74
5864,137.1,4.28,35.2,1597,2046,132.13
5865,169.0,3.97,32.2,1168,3340,119.78
5866,147.1,2.56,37.1,493,2884,85.88
5867,119.3,1.86,34.2,1110,1634,95.64
5868,147.5,5.99,35.4,1669,3137,159.0
5869,165.9,5.31,47.8,767,3107,111.11
5870,133.4,1.41,33.5,1144,2303,86.64
5871,172.1,3.63,50.0,1693,1718,133.05
5872,156.9,5.29,45.4,1671,2431,146.48
5873,115.8,3.1,47.7,747,2648,94.41
5874,152.3,2.35,49.4,1285,3395,122.21
5875,171.6,5.69,53.2,666,1320,96.69
5876,157.5,2.37,50.7,347,2164,67.4
5877,166.1,1.03,42.7,1732,2584,118.55
5878,156.0,1.87,48.2,1157,1740,93.61
5879,144.8,1.59,34.6,1003,1504,80.39
5880,147.6,5.02,57.7,719,3189,117.67
5881,145.1,3.21,32.7,327,3403,75.51
5882,145.6,3.0,45.7,1561,3455,136.48
5883,144.2,1.17,43.8,1463,1554,107.42
5884,160.4,4.17,46.3,289,1469,75.75
5885,158.3,4.55,43.4,409,2012,83.04
5886,180.8,3.84,45.4,1630,1526,125.09
5887,148.6,5.31,41.6,215,2776,91.18
5888,156.2,5.85,43.2,578,1910,108.31
5889,125.2,0.81,35.2,186,3097,49.27
5890,140.0,5.68,46.7,1653,1436,148.26
5891,149.7,1.88,40.6,1192,1344,86.93
5892,131.8,0.65,40.3,583,3465,68.84
5893,135.6,5.51,42.9,494,2728,106.82
5894,124.4,4.7,47.0,1143,3190,130.5
5895,176.6,3.34,40.0,837,1861,92.35
5896,151.1,2.12,49.2,626,2281,79.34
5897,153.2,3.94,45.6,806,1925,93.66
5898,176.9,4.29,41.6,462,1250,73.92
5899,142.4,5.34,51.9,1841,1205,149.35
5900,156.1,1.81,51.4,1809,1951,125.17
5901,181.8,3.17,55.2,111,2329,64.16
5902,160.4,1.73,45.3,596,1432,60.5
5903,147.7,2.43,47.6,1609,1769,119.81
5904,188.3,4.32,48.2,682,2298,93.94
5905,163.0,1.44,34.4,1675,2282,111.68
5906,155.6,2.09,35.9,449,1278,48.05
5907,161.5,4.1,45.8,1586,2917,146.91
5908,138.5,2.81,45.8,256,2735,69.72
5909,161.8,4.9,49.1,472,1483,88.32
5910,127.5,4.71,38.9,236,1904,68.68
5911,144.1,4.53,41.5,1815,1336,141.04
5912,135.0,1.65,36.8,1418,1735,99.02
5913,160.4,0.56,47.5,1124,1226,80.29
5914,145.8,2.64,42.0,880,3490,99.58
5915,170.4,2.59,47.7,796,1327,78.54
5916,160.0,2.09,50.5,630,2482,83.5
5917,165.3,1.85,43.7,375,2452,63.65
5918,142.4,1.47,51.1,1572,2046,106.01
5919,165.7,3.17,59.1,755,3377,102.77
5920,161.1,2.92,67.4,1024,1496,99.09
5921,159.0,5.96,39.6,877,1595,117.7
5922,160.6,5.74,52.3,425,2894,109.49
5923,154.7,2.01,46.9,713,2220,81.35
5924,129.7,5.38,38.0,282,1615,80.15
5925,148.7,5.27,55.2,53,2321,88.05
5926,106.8,1.78,32.3,1155,1794,90.97
5927,137.3,5.37,46.2,329,2304,98.06
5928,138.3,1.72,36.5,285,2186,60.74
5929,157.5,1.59,57.8,421,2632,75.97
5930,129.3,4.42,42.0,756,1883,103.07
5931,164.0,5.8,46.5,684,2774,114.39
5932,136.3,0.8,50.5,1955,2584,129.81
5933,148.1,0.85,43.0,444,2863,63.89
5934,152.9,3.53,49.0,376,2308,78.03
5935,145.3,2.77,46.7,1249,2163,110.43
5936,174.0,5.59,44.7,260,1595,79.95
5937,151.2,2.23,42.9,384,1209,61.49
5938,148.9,3.87,48.0,608,1289,77.77
5939,173.6,3.95,53.1,801,3098,112.54
5940,150.3,4.49,42.3,1350,3454,136.35
5941,126.7,4.43,40.5,1011,2283,103.44
5942,134.7,1.66,36.9,431,2613,61.09
5943,136.4,4.53,50.1,613,1761,93.45
5944,146.3,3.48,44.6,347,2606,75.47
5945,164.6,3.21,42.4,1749,3404,145.15
5946,163.5,1.81,45.8,895,1732,85.09
5947,158.3,5.05,47.5,545,1913,95.78
5948,165.1,4.24,64.8,698,3423,112.69
5949,139.0,0.52,37.6,1725,2663,110.14
5950,135.3,2.19,48.9,99,1511,51.78
5951,134.9,3.29,39.6,805,3015,106.14
5952,120.8,5.25,25.8,693,1938,101.57
5953,169.1,2.8,41.8,950,2882,98.64
5954,138.9,2.92,34.9,665,3045,85.26
5955,158.4,2.76,46.8,1135,3212,107.59
5956,143.4,0.83,48.0,1574,1414,107.15
5957,153.0,1.93,62.6,842,1788,84.62
5958,142.9,0.7,52.7,1267,1385,84.11
5959,140.5,3.81,45.6,1670,2353,134.55
5960,158.3,2.15,40.4,1088,1304,96.82
5961,156.0,1.36,46.1,169,2941,56.49
5962,156.2,4.51,40.6,1120,2927,120.12
5963,188.4,4.3,35.8,1661,1862,132.27
5964,165.8,4.22,41.9,1508,1256,128.25
5965,153.6,4.81,54.0,1635,2855,150.21
5966,129.2,2.19,46.2,1046,1907,98.88
5967,131.8,5.09,40.1,177,1315,77.3
5968,166.7,5.18,36.7,600,1490,92.06
5969,139.3,5.11,54.3,347,3362,89.79
5970,182.4,1.12,38.8,1909,1718,121.64
5971,170.5,4.52,50.1,181,2500,84.16
5972,153.8,1.48,52.3,747,1254,76.66
5973,177.8,2.12,35.4,1627,2504,123.1
5974,158.4,0.62,47.0,1642,3271,119.59
5975,144.5,3.31,58.9,1601,3298,139.78
5976,152.2,5.12,52.1,1987,1962,160.2
5977,173.1,2.46,44.1,1279,1341,99.17
5978,149.5,1.68,37.8,334,1374,47.84
5979,167.4,0.8,54.3,1481,2800,110.98
5980,133.2,1.9,40.9,1995,1618,127.29
5981,165.7,1.19,52.6,1562,1816,108.28
5982,163.1,2.46,39.8,1508,3495,126.06
5983,143.8,2.48,48.2,1928,1885,139.08
5984,165.1,5.4,32.6,710,3292,112.06
5985,145.3,1.14,46.3,526,1850,64.96
5986,174.1,2.62,36.0,970,3196,97.96
5987,170.4,0.83,45.6,733,3399,81.72
5988,146.1,2.01,42.9,1260,2248,105.06
5989,135.2,1.02,46.2,1080,2465,94.01
5990,155.6,2.94,40.2,380,2073,71.41
5991,168.8,1.98,50.0,1586,2292,118.29
5992,142.5,1.79,42.6,717,1702,75.3
5993,139.4,1.14,42.8,70,3307,45.96
5994,133.2,5.76,43.3,1534,3328,153.55
5995,133.0,5.44,43.4,831,1670,115.23
5996,145.1,1.42,32.7,424,2472,59.79
5997,156.7,5.3,41.2,57,1448,69.41
5998,147.7,3.41,35.2,210,1359,59.59
5999,123.8,0.91,41.9,828,1511,58.74
6000,134.3,2.6,55.8,1400,1736,113.6
6001,158.3,4.61,41.6,1381,3020,140.27
6002,148.4,3.3,39.6,1527,2845,128.54
6003,156.3,1.65,38.0,1369,3039,113.93
6004,136.7,1.81,42.1,71,3255,58.83
6005,160.0,3.27,36.7,1314,2403,118.71
6006,153.8,4.92,53.8,1934,2124,161.26
6007,134.0,5.99,50.4,371,2958,116.03
6008,134.9,3.27,38.4,1384,2765,123.79
6009,139.2,4.61,45.9,418,3054,100.9
6010,161.3,1.88,54.1,1887,2456,139.27
6011,136.9,5.97,54.7,762,3422,126.57
6012,142.1,4.12,30.7,1920,2159,146.96
6013,142.6,5.51,37.9,517,1261,86.63
6014,137.2,2.2,46.9,1261,1241,99.82
6015,146.1,1.66,44.8,1858,2652,135.94
6016,141.6,0.76,51.8,486,1722,48.88
6017,159.1,2.56,41.7,1255,2328,101.78
6018,176.7,2.89,48.8,1436,1822,110.3
6019,133.7,0.86,26.1,1182,3077,90.49
6020,132.0,4.87,40.5,941,1558,110.47
6021,195.3,3.52,34.6,1711,1243,114.2
6022,168.1,2.21,38.1,1859,1599,123.97
6023,146.4,3.0,38.7,462,2391,74.22
6024,142.3,4.07,43.7,1355,2330,125.96
6025,166.0,0.51,47.4,621,3192,71.94
6026,157.6,1.3,64.3,1735,3208,138.08
6027,141.5,0.68,30.2,54,2069,38.98
6028,169.0,3.23,50.9,710,1679,83.31
6029,168.2,4.11,38.0,267,2746,81.56
6030,144.7,5.74,38.6,564,2269,100.23
6031,181.1,2.86,36.7,1205,1228,100.99
6032,147.3,5.61,48.4,498,1865,97.38
6033,148.4,0.79,41.3,199,1365,39.32
6034,151.5,1.14,45.6,1206,1379,92.81
6035,137.0,5.42,44.8,524,2470,100.99
6036,162.3,2.83,37.7,645,3193,91.97
6037,137.6,5.25,31.6,1054,1894,118.98
6038,156.0,4.97,37.3,1347,2733,133.74
6039,173.5,1.25,46.3,1533,1734,104.42
6040,138.0,2.01,40.0,774,1778,74.09
6041,147.7,3.56,48.8,1341,2175,124.25
6042,152.5,0.5,42.9,262,1950,43.89
6043,158.6,4.51,47.8,1776,2171,149.0
6044,122.2,4.3,43.4,1914,3475,163.0
6045,152.5,0.83,52.2,448,1757,49.72
6046,168.8,5.72,49.1,1418,2701,145.32
6047,136.1,1.44,46.5,205,3304,61.55
6048,136.6,2.21,40.5,119,1368,44.26
6049,162.0,0.81,45.4,1422,1997,103.99
6050,158.8,1.69,48.4,1353,2715,107.45
6051,135.3,5.96,59.4,419,2938,110.74
6052,172.6,3.31,59.3,772,1515,95.35
6053,126.0,2.29,41.1,1880,3317,138.23
6054,149.0,0.87,44.8,1088,2572,88.89
6055,168.1,1.21,45.1,707,3477,84.58
6056,184.5,3.5,33.8,145,2231,60.99
6057,131.0,3.44,54.8,557,2656,94.08
6058,142.0,1.96,45.5,488,2001,75.88
6059,130.8,2.06,58.5,506,1345,73.48
6060,145.5,3.71,56.4,306,1745,76.51
6061,152.0,1.97,53.7,1098,2334,102.89
6062,166.9,0.65,47.6,998,1440,71.95
6063,156.1,5.62,69.7,794,3268,126.14
6064,147.1,5.79,44.6,1500,2769,147.34
6065,176.7,2.09,36.0,1644,3005,123.65
6066,172.1,4.81,55.2,1138,2317,130.25
6067,127.4,4.37,38.1,912,2584,103.68
6068,167.7,5.17,49.3,1220,2739,134.09
6069,144.6,5.59,53.7,1654,2845,156.88
6070,144.6,1.36,41.0,318,3343,63.21
6071,163.3,5.75,44.7,276,1310,88.93
6072,128.8,3.79,44.4,1836,2649,145.71
6073,175.8,4.86,47.6,1069,2268,119.2
6074,138.5,3.91,45.5,343,2789,82.61
6075,177.3,0.65,41.8,1266,1601,88.75
6076,147.2,2.47,48.4,569,2319,77.04
6077,149.1,3.33,64.5,950,2712,111.53
6078,146.7,3.64,43.4,796,2562,105.61
6079,154.1,0.83,43.5,1298,2548,102.41
6080,162.1,2.42,43.5,192,2717,63.66
6081,141.6,3.0,59.3,206,1791,66.18
6082,146.5,4.15,41.9,1301,2747,123.82
6083,148.8,5.59,47.2,118,1658,81.18
6084,160.2,1.25,37.1,1396,1847,96.82
6085,149.2,4.33,47.1,788,2193,112.8
6086,155.1,2.22,50.3,814,2570,89.89
6087,164.2,4.87,54.4,1024,3184,124.79
6088,143.0,2.76,56.0,1714,3246,147.15
6089,147.3,0.64,52.8,1615,1845,110.36
6090,146.4,0.91,37.2,1532,2445,109.73
6091,167.8,3.36,31.2,546,2726,88.35
6092,143.1,2.27,38.5,1457,3074,123.56
6093,150.8,5.88,42.6,261,2853,93.26
6094,159.4,2.43,29.7,1929,2987,136.2
6095,128.0,5.91,36.6,1916,3205,169.38
6096,157.2,0.78,40.4,419,2679,65.55
6097,163.4,1.52,37.1,573,2853,68.37
6098,146.3,1.83,44.0,1181,3286,101.44
6099,162.2,2.28,50.8,1658,1858,122.81
6100,141.6,2.41,48.7,1437,2758,124.82
6101,158.4,5.66,51.9,1525,3244,152.96
6102,147.2,3.85,39.0,1530,3339,143.05
6103,143.3,1.56,58.8,1770,2499,128.69
6104,143.0,3.05,29.3,87,2571,56.85
6105,158.8,2.35,50.5,149,2560,62.77
6106,133.2,2.85,39.3,824,1446,86.2
6107,155.5,4.16,42.9,1108,2178,116.45
6108,163.0,4.85,45.0,593,1286,93.2
6109,143.9,4.91,53.7,1430,3161,144.09
6110,162.1,5.16,46.4,327,3169,93.13
6111,145.3,3.92,44.5,792,2693,105.37
6112,181.2,4.33,55.8,1915,2427,161.3
6113,141.7,5.24,42.2,125,1575,73.93
6114,130.4,5.87,39.8,189,1483,82.26
6115,161.5,5.31,49.4,1839,1306,148.73
6116,146.4,4.73,53.7,1673,3277,153.99
6117,175.3,4.77,46.3,74,2163,80.92
6118,121.8,1.89,39.2,583,2053,64.17
6119,154.3,0.85,50.0,1548,2889,116.49
6120,137.7,1.36,44.8,505,1851,67.66
6121,166.1,0.67,38.8,1730,1539,105.6
6122,169.1,3.34,34.9,1755,2146,137.7
6123,148.4,4.98,34.7,460,3032,92.86
6124,137.4,3.37,41.7,764,3465,104.21
6125,158.0,5.74,35.4,469,2343,99.88
6126,146.8,0.69,40.6,467,3179,63.95
6127,162.0,5.98,48.4,1028,3442,139.28
6128,125.9,1.26,48.2,1261,2643,108.72
6129,133.3,4.61,31.4,706,2129,93.38
6130,158.4,1.92,33.0,1855,1755,128.11
6131,154.1,2.0,39.6,1480,1512,100.78
6132,139.4,5.73,57.1,1424,1998,141.55
6133,140.5,2.17,39.2,577,3150,83.99
6134,154.3,3.73,34.9,961,1398,102.75
6135,137.5,0.87,71.7,584,2486,72.34
6136,165.0,2.45,52.7,1565,2492,127.92
6137,154.6,1.74,50.6,1457,2415,118.03
6138,140.8,2.02,46.1,1380,1396,107.52
6139,178.2,3.97,49.7,1832,2486,147.51
6140,161.2,1.6,62.0,1652,1611,125.59
6141,144.2,3.29,52.8,1582,1431,126.41
6142,152.7,1.92,32.6,181,2086,49.12
6143,137.0,2.94,40.5,1489,1849,114.57
6144,155.8,1.23,42.0,1438,3189,115.03
6145,127.0,3.55,25.0,734,2663,78.34
6146,142.7,3.48,45.8,1372,2830,125.88
6147,114.1,4.24,41.1,1677,2198,139.32
6148,168.7,2.79,52.1,591,3195,85.21
6149,162.7,1.62,38.5,309,2183,64.11
6150,117.4,3.72,46.0,1788,2005,138.32
6151,149.8,2.87,43.5,994,2637,105.05
6152,144.9,4.86,48.0,794,1276,98.29
6153,137.1,2.07,54.8,637,3224,91.64
6154,158.0,5.13,60.9,881,3472,127.28
6155,143.2,3.72,47.9,272,2983,78.81
6156,160.9,3.06,50.7,1169,1946,114.65
6157,155.9,5.82,47.4,1459,2536,152.33
6158,149.0,4.32,33.5,1003,1886,96.83
6159,145.2,1.14,49.5,312,1592,45.84
6160,160.5,4.26,52.3,133,1371,70.95
6161,141.6,3.66,54.5,614,2472,91.4
6162,134.4,5.75,45.0,1317,3489,148.4
6163,134.3,3.56,47.6,1024,3053,119.37
6164,157.3,1.39,55.4,888,2516,89.24
6165,144.2,5.94,38.2,1299,2937,143.47
6166,152.0,4.75,59.3,771,3172,110.96
6167,144.0,0.61,51.9,1398,3331,104.28
6168,145.8,3.26,33.3,774,2795,87.64
6169,180.5,1.71,40.2,825,2501,81.68
6170,162.6,5.97,51.2,518,2549,109.84
6171,153.5,0.78,43.6,1418,3305,111.65
6172,164.7,4.81,45.5,214,1306,70.99
6173,164.5,4.1,58.2,1178,2039,114.98
6174,133.5,4.72,41.9,1926,2286,158.25
6175,167.0,4.67,46.5,1883,2107,155.63
6176,160.3,1.75,48.8,991,1988,84.73
6177,157.6,4.55,33.0,1045,3374,115.11
6178,137.8,5.53,41.2,371,3084,102.65
6179,158.2,2.32,36.4,1104,2458,95.26
6180,150.2,4.97,45.0,302,3000,101.4
6181,155.8,3.07,59.2,1201,2702,116.83
6182,145.7,3.88,42.7,907,3248,109.6
6183,121.5,4.78,50.3,770,3498,121.57
6184,132.0,1.54,62.3,1094,3398,106.73
6185,162.7,2.34,38.0,79,2189,51.95
6186,138.6,4.74,41.6,1507,2759,145.71
6187,150.8,2.98,45.0,423,2109,77.75
6188,145.1,1.75,46.8,875,2109,85.51
6189,144.5,0.7,37.2,1981,1513,119.22
6190,132.2,2.55,47.1,979,1345,93.38
6191,148.3,3.41,39.5,154,1243,50.53
6192,154.3,3.22,38.8,1995,2864,150.08
6193,164.0,3.0,41.0,745,3206,93.73
6194,136.6,5.02,59.7,684,1436,105.17
6195,171.9,1.51,44.9,1051,2873,92.77
6196,164.2,4.61,36.5,1305,2121,120.42
6197,152.6,2.34,33.7,893,1589,86.65
6198,135.1,2.9,51.4,1558,2185,129.85
6199,139.1,2.14,48.3,952,3481,100.13
6200,148.6,5.12,45.7,1050,2923,125.02
6201,143.7,4.99,54.9,1877,2081,161.42
6202,148.2,1.37,32.4,1053,1485,75.31
6203,142.4,3.31,36.2,599,2068,83.8
6204,159.8,3.82,30.5,1909,2498,148.67
6205,153.0,0.63,51.8,701,2883,76.99
6206,157.6,3.64,40.5,1823,1743,139.02
6207,148.0,1.58,47.5,342,1796,55.56
6208,162.0,1.33,26.2,386,3064,59.27
6209,136.7,4.18,52.4,959,1630,104.18
6210,167.2,0.93,37.3,1669,1825,102.92
6211,149.4,0.88,57.7,1397,2843,107.14
6212,142.3,2.6,49.8,568,2436,80.74
6213,163.2,3.9,47.1,1491,2516,134.25
6214,125.7,3.49,41.3,928,3335,109.54
6215,147.6,3.57,50.8,1084,2418,116.5
6216,148.4,4.1,38.8,269,3336,92.93
6217,146.1,4.94,42.9,469,1223,84.62
6218,150.7,5.16,58.1,1921,1676,156.72
6219,124.5,0.56,56.7,863,2909,87.55
6220,129.5,2.7,33.3,1193,1301,98.22
6221,152.7,3.83,37.8,53,3476,71.37
6222,129.2,5.46,67.4,1291,2977,157.55
6223,139.3,4.65,53.8,310,1962,83.32
6224,124.1,3.53,47.3,504,2231,78.29
6225,139.1,5.59,38.1,83,1792,76.61
6226,164.5,3.87,36.4,1072,1444,99.33
6227,142.5,1.63,36.6,137,2202,55.88
6228,157.1,3.05,43.9,1324,2633,122.29
6229,127.8,5.93,40.7,917,2165,118.75
6230,143.7,2.88,42.7,1516,1848,115.93
6231,181.3,2.93,47.8,696,1401,82.34
6232,165.5,1.56,64.0,1789,1576,123.05
6233,151.9,5.33,55.3,1631,1949,152.22
6234,104.2,3.64,44.9,81,3173,72.22
6235,143.4,2.59,48.4,565,2268,79.95
6236,137.9,0.64,37.2,1952,2669,124.42
6237,161.0,3.73,32.9,718,2413,92.55
6238,158.2,2.57,35.6,628,2391,83.63
6239,190.6,2.45,38.5,168,3129,63.54
6240,158.3,5.16,53.2,1958,1390,155.27
6241,137.4,1.57,41.9,1008,2134,88.59
6242,162.3,4.64,37.3,922,2227,107.14
6243,147.6,0.52,32.7,1226,3459,86.88
6244,163.5,4.7,36.4,1936,3077,156.45
6245,177.1,4.26,44.2,1630,2329,139.29
6246,157.6,4.71,40.9,1854,1347,148.61
6247,162.0,4.32,33.1,1406,1798,120.27
6248,163.7,5.76,42.0,283,1798,84.7
6249,139.4,2.16,37.3,515,2895,77.9
6250,153.0,1.12,46.8,84,3227,50.67
6251,156.1,1.93,56.0,245,2930,66.19
6252,137.2,5.76,43.6,704,2103,107.83
6253,142.9,3.16,39.5,757,2221,91.62
6254,149.4,5.69,60.5,1720,1604,151.87
6255,141.9,2.68,39.2,391,2436,69.97
6256,165.4,2.05,44.1,1340,2359,109.89
6257,153.4,2.69,35.1,713,1654,73.04
6258,138.2,3.19,37.8,1047,1721,108.75
6259,173.0,0.91,39.7,528,2534,64.66
6260,147.7,2.09,41.8,1016,2725,95.54
6261,136.5,2.62,43.9,1659,3346,140.46
6262,156.4,3.27,28.6,724,3153,87.87
6263,183.9,5.48,53.9,505,1443,100.9
6264,132.8,4.94,50.1,730,2160,101.75
6265,165.3,4.36,51.9,1457,2963,140.24
6266,157.5,5.91,32.5,1498,1201,134.74
6267,149.6,5.17,50.0,334,2743,96.83
6268,148.5,0.95,59.1,792,3181,87.71
6269,166.7,4.8,26.3,466,3482,89.56
6270,164.1,2.79,47.6,1031,1644,106.25
6271,134.0,2.22,40.1,1669,2545,124.88
6272,134.6,5.89,39.9,1997,3113,175.96
6273,134.0,5.73,40.0,399,2135,95.39
6274,150.5,2.52,47.0,1759,2056,126.12
6275,155.0,3.58,38.1,405,1484,66.58
6276,127.7,2.63,38.4,608,1260,65.36
6277,154.3,4.17,33.6,1240,1541,109.92
6278,147.4,3.84,44.6,587,2301,89.5
6279,150.1,5.44,47.3,1141,3457,135.83
6280,178.9,2.86,47.7,1152,1885,102.4
6281,137.0,4.0,37.8,1893,1271,140.72
6282,168.7,5.27,51.6,1320,1299,129.25
6283,137.0,1.18,34.7,328,2674,49.13
6284,140.9,5.67,50.2,706,2646,116.63
6285,138.1,3.13,45.1,1046,2613,104.59
6286,105.8,2.19,54.7,70,1564,55.05
6287,160.4,1.97,52.1,1951,2425,131.8
6288,130.5,1.76,56.6,1944,1704,132.64
6289,168.9,1.09,47.9,1154,2878,94.11
6290,165.3,0.99,54.0,1977,1494,123.34
6291,142.6,4.38,37.2,1246,2914,135.22
6292,132.7,3.64,40.2,127,3314,69.49
6293,145.3,3.13,50.1,1946,1984,142.93
6294,165.5,5.69,33.5,275,2155,78.19
6295,151.4,3.57,45.1,1942,1537,143.98
6296,155.1,3.22,40.8,1901,2953,139.37
6297,170.8,3.61,41.9,1948,1528,142.45
6298,140.5,0.95,31.4,694,1706,60.54
6299,168.3,3.58,52.2,464,1231,75.6
6300,180.2,1.36,46.8,1346,1531,98.63
6301,146.0,1.52,53.9,1463,2513,123.46
6302,140.1,0.54,57.0,1047,3499,102.68
6303,152.0,1.22,41.5,803,2951,82.25
6304,147.2,4.83,56.4,874,3389,112.76
6305,144.8,4.08,30.4,1465,1266,118.71
6306,145.8,5.21,43.6,791,1788,101.44
6307,133.6,2.99,45.7,1580,3386,137.28
6308,124.1,1.24,41.9,1310,3342,103.66
6309,147.1,2.41,35.7,529,1727,71.41
6310,160.1,4.0,49.1,304,2250,80.93
6311,134.5,4.95,48.5,1681,1660,144.68
6312,156.4,5.32,52.5,389,3369,100.37
6313,125.0,2.12,39.0,726,1950,80.76
6314,160.0,2.6,45.3,1507,1392,109.02
6315,115.4,5.87,42.2,1714,3320,172.06
6316,152.6,5.13,58.0,1685,1739,152.46
6317,176.4,1.12,39.6,858,2112,74.85
6318,154.9,5.37,44.5,188,1301,75.25
6319,166.7,3.84,34.2,1380,3311,129.7
6320,147.6,3.5,37.1,865,2179,95.8
6321,152.8,4.72,51.7,1552,1645,140.5
6322,133.4,2.55,51.9,183,1395,52.45
6323,134.3,2.79,43.3,1940,1781,139.27
6324,151.8,3.95,49.9,53,1384,59.86
6325,176.0,3.27,44.6,492,3313,83.25
6326,147.8,2.29,53.3,1754,1268,133.42
6327,155.3,2.88,56.7,1507,1866,122.41
6328,158.7,2.85,30.3,1051,2530,96.49
6329,151.6,1.68,33.2,587,2535,67.17
6330,135.2,3.96,38.7,1560,3098,141.6
6331,137.2,4.87,42.9,457,3072,97.61
6332,150.0,3.4,40.0,1705,1692,134.64
6333,179.5,5.76,52.2,1840,1521,158.06
6334,130.0,5.1,28.6,1779,2717,153.69
6335,151.5,0.58,48.2,866,3352,87.02
6336,148.3,4.22,47.9,653,2079,90.8
6337,154.4,4.23,46.6,662,2575,103.14
6338,177.3,3.73,34.5,1504,1577,123.07
6339,151.2,1.05,46.4,565,1228,56.59
6340,158.6,2.85,43.8,1568,1814,119.82
6341,142.2,4.62,42.9,1800,3115,155.19
6342,136.5,1.26,55.5,337,2387,66.3
6343,162.1,3.22,53.9,1864,3249,148.91
6344,132.8,5.24,39.0,205,1459,78.92
6345,138.1,4.46,41.8,664,1723,92.5
6346,137.9,1.74,55.4,1125,1575,96.47
6347,171.8,3.81,62.8,249,2279,84.9
6348,135.4,5.86,56.5,1758,1252,152.56
6349,142.3,5.48,43.7,565,3488,118.23
6350,130.6,3.42,48.2,1907,1441,138.26
6351,140.3,5.86,44.4,1085,2690,139.04
6352,134.7,0.76,42.2,1456,1572,95.21
6353,163.8,1.6,55.0,962,2330,89.61
6354,169.7,2.33,52.1,1695,1455,124.98
6355,178.2,3.41,42.9,861,2033,87.23
6356,155.1,1.15,58.6,1952,3228,145.71
6357,158.4,5.25,52.5,1179,2020,126.7
6358,161.0,4.28,47.7,1134,2366,123.41
6359,142.1,4.8,39.3,101,1505,67.12
6360,173.8,1.51,62.0,1012,3242,96.91
6361,168.8,1.95,48.4,439,1947,66.57
6362,163.2,2.36,57.7,359,2273,73.94
6363,190.6,1.81,48.6,1236,2851,111.7
6364,171.3,5.74,51.1,1543,1761,151.09
6365,159.6,1.21,45.6,1986,2802,133.92
6366,142.4,0.57,64.6,1185,3083,101.69
6367,154.3,2.8,43.7,226,2553,64.59
6368,155.4,3.39,28.4,1355,2137,114.67
6369,150.8,1.11,46.4,1029,1483,75.96
6370,163.3,6.0,42.9,1434,1907,137.1
6371,141.5,3.47,40.7,1830,3136,145.72
6372,138.8,4.23,41.9,838,1691,102.67
6373,153.1,4.99,44.2,1020,2623,110.84
6374,150.0,1.9,56.3,1413,1255,113.57
6375,172.8,2.47,37.8,1795,3440,136.36
6376,161.8,2.32,35.9,402,3170,71.93
6377,188.7,2.02,47.6,321,2556,61.66
6378,178.0,5.73,44.7,1455,1597,136.54
6379,147.1,2.76,47.2,707,1389,79.76
6380,163.0,1.01,52.2,1914,3227,141.91
6381,168.0,2.62,48.7,891,1426,88.96
6382,141.8,1.42,49.1,1760,1380,120.53
6383,140.9,2.75,67.1,1167,2862,132.97
6384,128.1,5.88,55.6,1738,3414,169.89
6385,171.8,2.18,52.3,1590,2162,119.54
6386,139.2,5.76,33.4,88,3282,90.37
6387,148.1,1.01,32.7,491,1913,53.7
6388,148.2,2.0,50.8,319,1504,59.85
6389,157.8,4.46,29.9,975,1998,97.73
6390,145.7,3.64,58.9,866,2927,109.88
6391,139.8,3.39,47.9,206,1412,69.63
6392,141.0,2.15,25.6,1627,2650,114.95
6393,151.1,2.27,53.2,1476,2223,114.88
6394,127.0,0.78,51.8,735,2700,79.02
6395,155.9,4.03,36.4,1019,2685,110.3
6396,157.4,1.06,58.2,483,3155,74.03
6397,150.0,0.62,45.6,691,1285,60.23
6398,141.0,1.65,44.7,448,3328,70.39
6399,169.4,1.35,36.9,109,3121,52.82
6400,167.0,2.09,54.6,521,3138,78.03
6401,137.7,3.49,50.3,918,1221,97.3
6402,149.3,1.63,48.3,1202,3329,106.79
6403,160.3,4.31,34.9,71,3493,78.26
6404,133.7,3.33,48.5,700,2886,93.9
6405,171.2,4.76,47.1,1942,2154,161.55
6406,142.5,1.13,30.7,622,2337,65.85
6407,140.1,0.63,35.9,622,1452,53.08
6408,153.4,0.75,41.6,1314,2501,93.83
6409,166.3,0.66,39.3,1999,3391,136.64
6410,138.4,1.0,46.1,445,2414,60.33
6411,147.3,2.4,44.0,1553,1629,109.51
6412,163.2,5.08,46.5,533,2163,95.35
6413,186.5,5.15,51.4,1149,1314,113.64
6414,141.4,3.48,41.6,1539,3324,135.26
6415,155.3,5.34,32.3,1235,2913,131.4
6416,138.4,2.15,47.4,184,1897,52.04
6417,130.8,0.87,53.9,1316,3293,108.12
6418,154.7,4.06,33.2,1320,1497,113.83
6419,142.5,3.34,45.5,1197,2210,108.62
6420,164.2,1.63,49.3,165,2023,48.29
6421,143.3,3.19,45.4,582,2629,91.99
6422,157.0,2.2,48.6,948,2651,94.84
6423,132.0,0.64,51.8,1457,2285,113.96
6424,153.8,3.49,42.5,250,2402,65.47
6425,147.2,4.29,47.0,1688,2076,142.2
6426,142.3,1.14,36.3,1920,3085,129.11
6427,150.7,2.87,43.0,696,2328,83.43
6428,146.5,2.5,39.1,1145,2345,101.46
6429,130.8,3.23,49.0,397,1539,74.8
6430,156.1,2.05,55.6,1768,2451,134.43
6431,128.1,5.45,44.0,1717,3354,162.61
6432,148.3,2.31,52.0,1778,2708,144.51
6433,156.0,4.03,36.9,965,3007,109.38
6434,125.9,4.15,41.8,1014,1635,103.48
6435,163.0,5.25,47.7,1742,2226,157.66
6436,131.3,5.53,32.5,1503,2461,144.19
6437,145.1,3.16,45.4,390,2688,81.13
6438,143.7,1.64,46.5,1633,1957,116.21
6439,132.4,2.86,53.2,1099,2380,112.57
6440,154.4,3.46,45.9,1940,2634,144.44
6441,170.3,5.27,33.5,117,2592,77.88
6442,172.8,4.49,34.1,693,2386,93.04
6443,152.0,5.68,43.0,1597,3399,152.65
6444,144.7,5.91,37.4,591,1723,97.49
6445,126.6,0.64,39.7,92,3260,54.83
6446,141.8,2.36,47.5,361,1757,64.87
6447,175.4,5.67,50.5,1236,1833,129.42
6448,140.7,3.59,57.2,1701,2631,140.52
6449,149.3,2.67,44.7,1128,2437,102.13
6450,142.9,1.57,50.7,1277,1400,95.19
6451,144.6,3.55,42.9,1707,1555,133.28
6452,144.5,2.23,53.5,628,2867,87.22
6453,145.9,5.38,42.5,139,2148,77.45
6454,147.6,5.78,44.3,1297,1203,124.7
6455,130.1,2.76,39.6,1527,2120,115.44
6456,120.8,4.7,59.2,853,3364,128.13
6457,133.4,5.62,35.2,407,2427,99.31
6458,143.2,3.21,55.0,1573,2493,139.02
6459,145.9,5.19,36.7,1168,3368,127.93
6460,140.9,4.89,40.0,514,1802,92.27
6461,168.7,0.92,56.9,533,2156,70.19
6462,140.6,2.0,34.1,1562,2389,115.83
6463,149.0,3.24,46.1,1068,2324,109.79
6464,148.0,5.62,58.0,847,2164,116.22
6465,160.9,1.39,34.7,1824,3354,135.81
6466,142.6,1.04,50.4,1467,2248,110.69
6467,167.5,4.66,42.5,1269,3462,132.88
6468,148.2,1.69,59.2,851,3226,97.35
6469,138.2,4.17,32.1,242,2026,76.53
6470,158.9,3.68,50.0,239,3495,83.88
6471,155.2,1.84,27.6,1273,2976,104.86
6472,150.3,4.82,46.2,1604,1630,140.61
6473,146.4,4.52,28.8,456,3024,88.28
6474,131.6,1.69,39.1,1764,2398,120.88
6475,130.4,5.15,48.8,1734,2698,161.83
6476,168.6,4.07,32.1,160,1786,68.75
6477,128.6,2.61,47.7,1995,3285,153.7
6478,118.8,4.14,46.9,1367,1386,119.78
6479,145.0,6.0,46.8,663,1261,105.39
6480,136.0,3.95,44.9,1228,2006,115.19
6481,147.3,3.29,44.5,130,2928,74.24
6482,125.1,5.9,45.6,452,3229,105.7
6483,136.9,0.61,38.2,183,3094,42.49
6484,147.0,3.92,51.8,1799,2640,153.63
6485,153.9,4.01,44.2,393,3184,81.63
6486,141.2,2.66,38.6,1028,3340,105.35
6487,152.9,4.88,42.0,1767,1261,136.1
6488,157.5,3.77,48.5,690,1912,91.3
6489,146.1,5.52,42.0,1774,2502,154.18
6490,143.6,1.24,53.4,749,2144,80.79
6491,137.1,1.08,47.4,1126,3413,102.94
6492,122.1,1.48,43.7,1668,2819,121.07
6493,134.4,2.47,57.2,769,1209,87.69
6494,179.8,4.43,42.2,551,2957,102.35
6495,200.0,4.14,48.8,1521,2280,124.52
6496,158.0,3.13,49.6,151,3080,72.79
6497,123.4,4.58,50.5,1277,3060,128.67
6498,153.1,1.39,39.5,918,1752,80.18
6499,178.0,3.57,34.3,1668,3344,136.17
6500,168.7,3.55,43.3,163,1254,55.06
6501,172.2,0.86,43.8,1803,2770,124.86
6502,154.8,4.19,42.5,237,3278,84.41
6503,156.7,2.74,52.0,285,2609,70.31
6504,140.1,2.95,52.1,1656,2892,146.18
6505,151.3,2.31,57.9,1805,2099,126.77
6506,153.2,4.32,42.5,327,1367,75.11
6507,165.8,2.68,53.1,1725,2242,127.94
6508,156.6,1.79,56.5,226,2628,58.16
6509,132.1,3.03,45.3,948,1623,94.8
6510,143.1,4.83,57.6,1755,2938,169.2
6511,160.8,5.57,32.8,1087,2278,119.15
6512,151.0,0.87,45.0,1968,3105,126.95
6513,133.1,1.28,34.4,529,2657,72.03
6514,137.5,4.59,40.0,1273,2942,133.95
6515,140.1,1.2,53.7,1855,1779,128.26
6516,136.2,5.85,33.6,1474,2728,142.35
6517,140.9,4.26,46.5,965,3292,115.08
6518,153.3,5.42,52.0,1723,1880,155.75
6519,153.0,1.72,61.4,1178,3413,112.76
6520,163.8,3.08,43.4,323,1270,66.17
6521,190.1,4.31,39.1,425,2928,82.0
6522,139.1,4.82,37.9,1677,3143,158.07
6523,139.2,3.11,36.5,1908,3221,152.24
6524,143.4,2.54,40.7,800,1551,76.36
6525,143.9,5.26,40.3,541,1556,87.78
6526,157.4,2.21,54.1,118,3256,66.05
6527,163.6,4.75,35.1,1315,1835,123.36
6528,151.4,1.88,37.4,1132,3389,98.13
6529,140.9,5.83,54.8,1311,1237,121.69
6530,173.6,5.46,49.7,464,1437,87.04
6531,146.2,3.47,35.4,940,1899,94.76
6532,159.4,5.33,70.0,169,1282,85.94
6533,146.5,0.78,32.2,572,1320,48.76
6534,141.0,4.87,60.9,1500,3269,150.55
6535,156.2,5.95,39.2,1412,2854,153.44
6536,169.9,3.38,39.4,241,2416,69.87
6537,163.1,3.64,49.8,270,2586,76.52
6538,155.8,3.68,63.2,165,1891,74.65
6539,157.8,4.83,42.9,1948,3106,162.14
6540,129.4,1.54,46.6,1005,2971,98.65
6541,138.8,4.17,61.6,1589,2301,142.07
6542,169.2,5.72,45.5,466,1775,98.88
6543,141.5,1.44,49.3,313,1642,54.94
6544,148.1,4.72,44.9,206,2265,77.1
6545,153.1,3.22,40.8,1436,1981,123.67
6546,140.0,3.25,43.7,901,1249,86.65
6547,153.9,4.4,40.9,1636,2993,149.25
6548,171.1,2.01,40.2,1742,1743,119.65
6549,133.1,2.18,44.0,1402,3354,126.58
6550,165.2,3.79,49.2,1510,2297,137.17
6551,162.3,1.64,36.4,1514,2302,110.01
6552,174.0,2.39,37.4,255,3298,60.91
6553,174.2,5.78,41.1,1232,3190,143.6
6554,151.1,2.39,45.4,842,2127,81.5
6555,126.7,3.27,37.9,1603,2342,128.76
6556,160.2,1.25,36.5,69,3003,48.03
6557,177.6,4.93,28.9,676,1624,93.36
6558,145.1,1.74,35.8,1799,1811,114.16
6559,154.2,4.34,54.1,336,1306,77.61
6560,165.4,4.09,49.1,753,2460,104.73
6561,140.3,2.3,38.2,433,3327,78.93
6562,137.2,4.78,52.1,1148,1642,113.87
6563,172.2,0.52,40.1,1775,1627,109.91
6564,151.9,5.71,53.4,855,2758,119.44
6565,165.3,1.08,32.2,681,2716,57.21
6566,146.8,4.27,57.2,816,1559,97.97
6567,147.9,4.3,45.5,1460,2928,141.3
6568,154.8,2.02,45.7,461,2671,74.4
6569,164.4,4.48,34.8,1918,2373,144.16
6570,154.4,3.81,43.0,1735,2431,138.28
6571,157.6,2.89,34.4,1383,2838,116.23
6572,168.7,4.83,46.1,508,3181,101.12
6573,151.3,5.29,44.8,1339,1493,135.39
6574,107.4,5.93,38.7,671,2976,116.02
6575,142.2,2.86,47.3,115,3064,68.09
6576,133.5,3.16,42.8,1035,3078,108.16
6577,129.0,5.34,38.9,1087,1917,117.44
6578,144.2,1.29,50.9,556,2355,70.13
6579,144.9,5.67,30.3,1856,2019,152.94
6580,168.5,2.01,58.2,665,2281,76.34
6581,168.2,3.6,46.8,327,2980,75.6
6582,174.4,1.41,45.4,59,1794,44.73
6583,164.5,5.91,51.8,971,1921,116.73
6584,134.9,3.29,45.6,1966,2317,154.37
6585,143.0,3.82,32.5,1207,3381,125.47
6586,123.5,5.78,48.8,88,3151,91.39
6587,144.0,2.98,51.5,359,1640,72.4
6588,192.5,3.63,49.3,75,2902,67.33
6589,143.8,5.11,37.1,1790,3426,154.11
6590,150.2,4.79,38.2,295,2554,90.94
6591,166.1,4.86,52.0,1256,1860,128.44
6592,140.5,0.76,43.1,1507,2741,114.93
6593,158.9,0.99,54.6,1579,3074,120.31
6594,162.2,4.55,44.0,1782,3436,158.59
6595,140.9,1.42,49.0,393,1905,59.93
6596,161.4,2.05,35.1,1479,1731,102.19
6597,155.2,1.39,42.7,1976,1505,128.06
6598,138.6,4.86,39.9,491,2554,92.36
6599,121.9,5.26,60.9,1205,2338,135.49
6600,149.0,3.6,43.1,1960,2542,141.64
6601,161.9,3.37,52.2,214,1754,63.1
6602,139.4,2.77,40.2,1582,2262,118.62
6603,181.0,5.69,43.7,778,2143,111.32
6604,150.4,1.39,44.6,867,1392,70.9
6605,173.8,1.69,33.5,948,2154,77.14
6606,117.4,3.17,36.6,1355,2739,120.87
6607,143.5,3.4,52.2,950,1980,103.02
6608,142.5,0.75,52.5,110,2234,51.83
6609,148.0,4.17,45.2,234,1789,77.22
6610,162.7,2.49,42.5,298,2517,67.8
6611,140.1,2.43,34.6,540,3150,79.19
6612,172.5,4.82,41.3,1645,2465,141.76
6613,144.4,1.21,33.0,801,1866,74.52
6614,137.0,2.83,45.1,1356,3336,120.68
6615,163.5,4.02,36.2,453,2525,86.86
6616,167.0,2.1,44.2,741,1579,72.04
6617,126.7,3.77,43.8,1073,1604,108.33
6618,163.2,4.71,43.5,315,2417,79.37
6619,150.5,3.16,49.3,469,2776,87.49
6620,144.5,1.53,36.6,970,1269,86.05
6621,130.8,5.89,33.2,1091,3451,136.49
6622,147.5,3.66,53.3,1585,2785,138.19
6623,124.3,4.17,42.0,1315,2104,125.24
6624,155.2,3.67,48.8,774,1697,92.92
6625,151.3,5.71,48.1,582,2946,107.49
6626,152.9,1.27,46.4,516,1268,53.11
6627,157.8,0.6,45.6,998,3363,91.06
6628,171.9,1.62,46.5,471,1743,63.31
6629,146.6,5.06,65.5,850,2392,118.84
6630,143.5,4.3,37.5,1554,1262,124.56
6631,151.3,4.13,37.8,1379,2772,133.07
6632,165.4,0.81,47.1,1755,1253,114.48
6633,136.4,2.72,51.0,1491,1763,122.08
6634,157.7,4.07,49.9,897,1615,97.15
6635,140.0,2.77,46.2,809,3476,100.12
6636,141.7,3.73,42.6,730,1698,101.41
6637,141.2,4.81,30.7,77,2551,71.06
6638,155.2,5.19,37.4,891,2499,115.74
6639,136.2,4.78,34.8,1930,1456,142.79
6640,166.3,1.08,44.8,183,3242,58.78
6641,136.4,4.23,31.0,590,2969,95.06
6642,155.3,4.03,47.2,789,2070,95.96
6643,138.2,4.81,55.1,234,1428,84.52
6644,142.3,5.15,36.5,1172,2260,118.59
6645,136.5,0.72,59.9,1027,3332,97.54
6646,148.9,3.91,48.0,1278,2120,117.26
6647,148.1,3.5,41.3,714,1664,86.87
6648,136.9,4.52,47.0,1696,1423,142.74
6649,135.5,4.79,42.2,785,2925,113.98
6650,133.8,4.26,42.2,610,1298,85.78
6651,153.9,5.77,43.9,1783,3016,170.4
6652,149.3,1.78,51.1,1903,2430,139.23
6653,142.2,1.64,50.9,1713,2351,122.13
6654,175.3,5.46,34.4,1736,1212,141.44
6655,148.7,5.42,44.9,1823,2811,163.32
6656,154.0,4.14,35.5,1737,3066,147.43
6657,157.2,4.18,51.7,605,2622,104.17
6658,139.9,2.79,32.8,475,2612,69.0
6659,134.1,3.8,49.4,1447,2997,137.92
6660,148.7,4.87,47.0,1094,1710,117.37
6661,177.6,0.73,52.7,1646,1976,112.98
6662,153.7,2.18,25.0,981,3307,94.79
6663,150.2,2.55,45.6,706,3397,89.61
6664,146.8,0.86,45.9,438,1733,55.44
6665,164.5,2.51,33.0,1701,2166,124.71
6666,149.9,1.16,25.0,221,2740,42.12
6667,157.7,2.33,50.4,1959,1279,130.25
6668,166.9,4.83,48.9,1215,3350,133.43
6669,141.1,3.87,35.6,1312,3156,125.69
6670,140.7,4.12,40.1,113,2179,74.42
6671,164.7,2.92,43.5,1815,2996,147.98
6672,149.6,2.27,48.1,1206,2271,105.29
6673,145.6,5.25,29.7,869,2431,110.4
6674,156.2,0.74,49.1,1256,1435,80.79
6675,129.9,4.54,56.5,1365,1989,132.87
6676,150.9,3.38,49.5,1964,2135,143.63
6677,149.3,5.83,42.8,1063,2621,128.97
6678,150.8,2.97,40.2,1978,3461,154.91
6679,143.7,5.0,35.7,1786,2675,152.51
6680,165.3,5.66,49.0,264,2727,95.72
6681,165.3,4.42,48.4,478,3345,102.12
6682,151.8,4.24,44.8,1046,3498,119.16
6683,180.1,0.64,53.2,644,1926,64.91
6684,139.6,1.87,52.8,727,2235,87.36
6685,181.1,3.6,53.1,1847,1605,141.54
6686,127.8,4.86,52.3,1818,2710,161.52
6687,158.0,1.08,55.0,186,1903,50.88
6688,129.1,1.52,53.5,58,2982,57.21
6689,163.5,3.52,36.6,1554,3078,130.91
6690,157.4,4.84,46.4,80,2382,83.06
6691,151.2,5.98,27.7,926,1486,103.03
6692,154.0,5.2,63.9,1279,2017,140.44
6693,144.5,5.09,41.6,914,3066,117.48
6694,194.2,1.63,55.1,1724,2904,120.57
6695,128.8,3.51,54.4,624,1871,87.01
6696,150.8,2.87,46.7,1810,2188,144.32
6697,147.6,5.93,51.8,1450,3398,155.43
6698,148.2,4.09,41.5,1334,2798,129.86
6699,160.4,4.93,49.2,1893,1282,154.39
6700,147.8,3.67,46.7,1529,2869,147.74
6701,173.9,3.84,44.3,1532,2910,135.01
6702,153.8,1.29,56.3,943,3240,93.56
6703,138.1,1.78,54.0,784,2279,88.58
6704,134.8,2.61,61.2,1638,1867,127.09
6705,145.8,0.57,49.5,723,2748,70.96
6706,167.7,5.44,52.3,1098,2650,132.96
6707,127.6,4.21,36.3,1965,3458,157.46
6708,141.9,4.35,49.2,1215,2898,123.02
6709,136.1,1.12,43.7,689,3366,82.63
6710,168.3,3.33,40.2,1399,3474,123.98
6711,142.6,1.7,49.7,1668,3167,129.29
6712,155.1,1.3,47.0,1911,1650,127.82
6713,141.5,0.63,41.0,913,2685,86.27
6714,182.7,3.67,34.9,422,2482,71.64
6715,160.5,3.56,32.1,60,3418,60.17
6716,151.5,0.97,43.5,714,1426,62.5
6717,143.9,3.62,52.3,1069,3461,120.67
6718,152.9,4.65,25.0,421,2991,93.74
6719,130.3,5.92,41.5,107,1275,80.2
6720,149.5,0.59,46.1,53,1695,31.2
6721,151.5,5.55,37.3,1203,2476,131.33
6722,150.7,1.16,55.7,180,1601,45.92
6723,158.4,3.79,56.5,1016,1479,103.64
6724,116.3,3.05,41.3,1829,3325,145.19
6725,142.8,2.67,47.2,1758,2766,130.52
6726,171.1,3.62,44.9,1386,3307,136.15
6727,169.5,5.04,50.7,1192,1736,136.46
6728,167.2,5.2,52.1,650,3195,117.95
6729,139.5,2.79,32.3,512,2993,79.73
6730,119.1,3.41,46.7,1882,1647,138.33
6731,171.0,2.43,38.8,454,3198,78.83
6732,116.6,2.63,36.6,1263,2949,114.1
6733,138.0,3.74,35.2,1844,1216,133.21
6734,183.5,2.06,41.9,1574,3097,129.75
6735,172.6,5.19,56.4,1221,3035,135.42
6736,139.6,1.42,52.6,1755,3461,142.19
6737,140.2,3.13,50.7,1406,1660,114.22
6738,161.6,1.2,58.8,1969,2757,139.64
6739,144.1,4.79,52.9,899,3447,117.44
6740,163.3,5.37,50.2,1482,1491,140.03
6741,154.2,4.86,49.1,1268,1285,116.32
6742,152.9,1.82,45.9,525,1441,63.56
6743,165.2,4.65,40.8,797,2738,108.67
6744,161.0,1.8,51.9,963,2695,93.46
6745,132.7,3.55,52.6,373,2136,75.41
6746,151.9,3.97,47.3,687,2450,92.36
6747,153.3,4.45,51.3,599,3034,101.69
6748,139.7,2.43,40.1,1836,1694,129.39
6749,143.5,3.35,57.9,1256,1424,116.68
6750,167.1,4.72,61.8,1051,3208,130.71
6751,130.0,4.49,46.0,841,1257,103.34
6752,164.5,4.98,60.6,1510,3053,154.97
6753,131.3,2.51,49.6,1833,1350,129.84
6754,126.3,4.97,30.1,1879,3137,166.64
6755,159.1,2.06,53.5,73,2935,59.99
6756,161.1,3.73,42.0,1479,1865,122.19
6757,177.8,4.73,55.1,734,2999,109.1
6758,158.9,0.93,40.4,1005,1338,71.64
6759,151.5,5.87,57.8,408,1645,99.9
6760,163.9,3.23,53.6,1375,1268,118.42
6761,130.8,3.75,50.1,1904,2658,157.19
6762,164.5,2.08,57.5,718,2320,82.57
6763,139.4,4.99,49.9,1259,3174,135.48
6764,159.8,4.7,48.3,1230,2744,133.19
6765,161.1,3.77,58.0,1990,3291,162.86
6766,161.6,5.56,29.3,1255,2205,133.72
6767,149.9,1.01,54.5,1676,3040,117.38
6768,171.3,5.02,43.2,1193,1916,125.34
6769,148.1,5.34,46.0,1884,2509,165.6
6770,140.0,4.37,48.5,1369,2457,135.26
6771,141.2,1.05,44.7,74,2388,50.42
6772,156.0,0.9,42.2,204,1214,39.29
6773,169.0,4.69,44.9,1274,3348,139.29
6774,149.9,4.32,43.3,157,1821,71.76
6775,149.5,5.03,25.0,209,2168,75.27
6776,132.4,2.2,51.1,744,1278,75.77
6777,162.6,1.57,44.3,694,2617,73.38
6778,123.7,4.84,50.4,1101,2527,133.55
6779,134.4,3.25,42.1,391,3067,80.46
6780,148.1,5.77,46.3,169,1840,88.03
6781,147.5,4.47,49.0,1252,2489,122.94
6782,153.7,1.56,32.3,710,3470,82.41
6783,158.0,3.65,44.0,369,3040,86.47
6784,157.3,2.45,60.1,416,3002,70.85
6785,117.9,3.78,39.2,1340,2024,116.92
6786,165.8,2.08,33.4,1481,3295,120.01
6787,154.5,5.65,26.9,1651,2511,146.93
6788,142.3,0.95,49.7,446,2604,59.09
6789,154.7,1.68,47.8,864,1592,78.27
6790,133.9,1.12,35.1,1590,3299,125.83
6791,140.9,1.99,44.2,679,1561,69.91
6792,120.4,4.76,42.1,1683,3139,158.27
6793,159.4,3.74,55.3,631,1973,95.48
6794,148.0,1.72,38.5,221,2987,56.91
6795,167.8,2.57,45.3,1774,2598,126.72
6796,141.8,2.86,45.7,1539,2419,124.62
6797,130.7,4.07,51.4,590,2121,88.95
6798,148.5,1.1,40.0,572,1221,57.5
6799,136.0,2.88,33.7,931,1855,95.9
6800,167.0,3.14,37.3,743,3067,93.4
6801,145.0,4.65,52.3,307,3381,96.22
6802,138.9,3.33,58.8,1602,2211,139.4
6803,185.7,2.83,29.2,1486,2072,108.82
6804,142.7,5.59,46.1,1751,2016,151.78
6805,171.4,3.06,64.4,956,2343,101.95
6806,150.0,1.46,34.5,542,2946,71.68
6807,154.9,4.39,54.1,1360,3083,144.86
6808,131.1,2.39,68.2,1642,2937,140.44
6809,168.8,5.79,33.3,1229,1372,119.2
6810,136.6,4.35,44.3,1210,2737,127.83
6811,154.4,2.93,41.4,1676,1986,122.91
6812,157.2,2.68,29.0,1818,3371,137.07
6813,141.8,2.33,30.4,387,3265,71.44
6814,142.6,1.12,38.1,307,2294,55.61
6815,156.5,4.73,36.3,881,1897,105.81
6816,140.6,5.6,42.7,253,2270,90.51
6817,171.2,2.48,49.8,460,2000,77.24
6818,152.8,2.74,49.7,1090,1782,104.01
6819,145.9,5.05,47.6,1007,1286,110.15
6820,128.0,3.3,48.6,1396,3136,131.98
6821,152.5,3.89,31.5,1682,2527,134.99
6822,167.3,2.68,33.5,447,2916,74.3
6823,147.7,2.04,35.7,300,2568,62.88
6824,154.7,4.35,67.2,1880,2155,158.14
6825,184.7,2.27,47.2,1845,1279,123.55
6826,138.6,1.39,49.9,192,2486,56.29
6827,160.0,5.63,27.5,1233,2332,126.6
6828,184.2,1.35,52.8,501,3256,75.49
6829,166.7,1.98,47.0,935,2984,93.3
6830,116.1,2.17,56.6,888,1346,83.73
6831,152.5,0.87,58.7,461,1210,58.75
6832,144.4,1.94,50.5,1682,1202,117.35
6833,160.6,0.91,34.3,84,1343,35.75
6834,150.7,4.47,46.3,1811,2066,147.75
6835,117.4,3.05,59.1,1968,1701,149.24
6836,171.6,1.92,35.5,1659,1583,111.54
6837,166.7,1.03,35.3,228,3396,60.75
6838,132.9,2.96,39.5,1814,3446,146.54
6839,127.3,0.51,46.5,777,3154,81.25
6840,153.3,1.75,49.6,1299,2047,95.59
6841,157.4,3.76,43.5,1426,2339,125.29
6842,148.5,1.64,46.2,1139,2836,104.33
6843,141.5,3.95,35.8,1095,1301,106.84
6844,164.4,5.94,27.1,1202,3380,128.77
6845,155.1,5.0,46.7,1150,3400,123.97
6846,154.7,5.3,54.5,1121,3351,141.46
6847,122.9,5.48,44.0,1182,2652,133.26
6848,148.2,5.61,29.4,1850,1721,159.88
6849,139.6,2.21,43.9,679,2184,79.54
6850,157.3,3.47,57.4,1551,2943,137.21
6851,141.3,2.57,46.8,1925,2386,137.07
6852,183.6,1.58,40.8,329,2988,58.85
6853,142.3,3.37,44.6,145,3337,73.82
6854,152.5,0.53,53.9,652,1685,65.12
6855,160.2,3.79,40.8,508,1478,73.18
6856,155.8,3.22,55.2,1162,1502,107.74
6857,162.7,2.56,45.7,55,2766,57.91
6858,127.2,4.83,49.9,722,1915,108.83
6859,153.7,2.62,37.0,387,2734,69.96
6860,166.3,3.6,47.3,1185,2390,119.41
6861,125.4,3.06,47.3,398,2546,71.45
6862,147.1,1.53,41.9,335,2762,65.53
6863,156.1,5.07,50.4,495,2509,100.29
6864,118.0,3.98,39.8,1264,2897,117.96
6865,156.3,4.0,54.3,1798,3137,148.98
6866,116.8,5.22,35.3,730,2479,113.75
6867,163.1,5.82,56.2,1050,2380,131.12
6868,160.3,0.89,50.8,1570,1560,103.93
6869,146.7,5.36,41.9,1692,2128,148.58
6870,128.1,3.28,39.5,930,2905,100.5
6871,146.3,4.58,45.1,915,2198,117.97
6872,137.2,4.27,51.0,1526,1503,134.35
6873,158.3,3.68,58.4,599,1619,87.36
6874,154.3,5.16,44.5,431,3278,97.78
6875,161.7,3.52,63.1,892,1245,96.32
6876,129.6,2.86,55.1,856,2174,100.38
6877,162.7,2.26,53.1,1055,3327,105.21
6878,160.0,1.32,43.5,1684,3240,115.07
6879,150.3,2.64,46.5,1073,2726,105.93
6880,173.6,0.98,44.8,879,1392,71.36
6881,157.6,1.72,55.7,431,1861,66.95
6882,160.7,2.93,51.5,1657,2018,128.52
6883,154.8,5.05,59.5,1932,2982,175.08
6884,132.0,1.08,26.6,1630,1230,93.53
6885,162.2,0.57,34.3,507,1916,49.19
6886,137.9,5.22,34.5,315,1592,74.71
6887,114.7,1.35,36.3,989,2287,85.79
6888,143.8,5.81,47.2,641,2013,105.34
6889,159.4,5.77,42.4,911,2417,120.99
6890,174.8,4.26,48.7,1291,1272,118.9
6891,155.8,4.79,52.8,1941,3153,161.98
6892,139.3,2.51,48.9,1556,3144,128.66
6893,127.9,0.56,57.2,1233,2254,93.81
6894,157.6,4.27,50.6,1329,3039,130.51
6895,135.2,4.37,51.5,592,1887,95.45
6896,163.1,4.95,28.5,1670,2831,147.17
6897,135.5,2.55,31.5,967,2993,92.17
6898,149.3,5.26,39.9,1301,1377,127.9
6899,148.9,5.5,40.9,844,1642,105.83
6900,145.7,4.77,40.6,1763,1365,134.33
6901,139.2,1.7,45.7,563,3483,83.22
6902,132.3,2.74,50.9,78,1798,57.12
6903,148.6,2.87,48.0,1062,2856,99.74
6904,149.9,5.58,56.6,693,1567,100.59
6905,139.6,1.58,46.9,1696,1589,115.26
6906,143.9,1.51,35.5,1486,2388,107.7
6907,132.3,1.73,40.6,1826,1573,119.86
6908,156.0,5.12,36.8,984,1237,101.04
6909,157.3,3.3,39.8,963,2875,103.07
6910,147.7,5.87,44.0,1696,2190,151.61
6911,156.1,5.4,35.1,999,2941,122.07
6912,140.8,4.2,49.1,305,2363,79.32
6913,156.8,3.0,49.5,546,1443,77.4
6914,157.1,2.76,39.1,1523,2874,125.1
6915,143.4,1.66,46.0,549,2570,83.41
6916,150.9,2.64,41.0,265,2600,67.82
6917,156.5,1.31,49.2,1136,1832,92.07
6918,150.3,4.09,46.2,627,2739,98.95
6919,156.9,1.06,29.2,1414,2233,91.65
6920,160.3,2.81,53.7,1993,1396,139.74
6921,140.0,3.89,33.5,563,3224,95.51
6922,188.6,3.76,51.8,1270,2093,118.03
6923,146.1,2.72,42.1,780,2239,80.55
6924,137.4,4.44,42.4,239,2852,83.5
6925,138.1,5.99,36.9,418,1430,87.84
6926,156.4,3.46,60.4,96,2562,77.44
6927,149.2,4.27,48.8,192,1412,56.71
6928,176.4,5.62,44.4,703,1887,110.19
6929,162.4,5.44,49.4,645,2195,105.71
6930,159.8,3.93,38.8,241,2479,73.91
6931,170.9,4.69,42.9,136,3192,81.2
6932,147.7,2.88,54.7,1298,3301,118.31
6933,125.5,1.32,43.9,1295,2089,102.24
6934,154.7,3.44,43.3,1720,1942,127.44
6935,138.8,3.98,35.4,1668,1450,130.27
6936,142.3,5.71,40.9,638,2218,105.25
6937,153.6,4.01,44.8,1130,2904,120.61
6938,146.8,1.8,37.1,625,3118,78.86
6939,168.8,2.92,54.4,1225,3106,116.97
6940,101.2,1.08,48.3,211,1663,50.08
6941,149.8,5.73,37.2,1294,2184,135.18
6942,151.2,5.23,46.9,105,2773,79.23
6943,130.4,0.77,63.5,55,1612,34.39
6944,131.0,4.96,46.5,172,2949,90.55
6945,155.5,2.85,42.2,1371,1332,99.66
6946,157.9,3.3,47.4,1950,2097,145.39
6947,126.4,5.65,43.1,1344,3155,139.29
6948,119.2,2.51,43.7,162,2348,59.78
6949,138.3,3.35,49.7,568,1549,85.28
6950,142.0,3.38,54.9,1763,2381,141.45
6951,129.5,0.72,32.0,177,2537,38.34
6952,166.8,4.47,59.4,1723,3190,154.51
6953,142.2,3.83,45.8,1101,1201,112.72
6954,138.4,3.34,46.3,1250,2502,113.06
6955,151.4,2.78,56.5,746,3089,101.17
6956,158.6,2.48,42.5,1376,3102,119.9
6957,150.5,0.84,45.1,583,3350,75.72
6958,148.1,1.53,50.5,1553,3400,117.21
6959,159.3,4.28,54.9,120,2808,78.64
6960,162.2,4.94,47.4,546,2001,95.03
6961,126.1,3.33,53.7,1262,1247,116.16
6962,157.3,4.87,38.9,1417,2221,127.84
6963,142.7,0.72,47.5,358,2478,59.3
6964,157.9,0.92,41.0,616,3305,72.58
6965,173.7,3.06,49.5,1479,1878,127.07
6966,126.1,5.37,43.6,1905,1972,157.53
6967,124.6,0.54,49.2,568,3421,70.84
6968,159.8,4.01,58.7,280,1983,72.26
6969,172.5,5.91,48.1,1912,2110,170.84
6970,135.8,3.12,51.3,295,2574,81.24
6971,154.3,5.97,46.6,414,2081,99.89
6972,158.6,4.3,25.0,684,2604,91.99
6973,149.9,1.75,44.1,1601,1856,113.27
6974,169.2,2.81,47.0,783,1642,90.71
6975,159.4,1.8,30.4,1756,1475,115.6
6976,154.7,2.4,37.9,1348,1597,101.2
6977,151.0,2.26,39.3,1351,1846,106.61
6978,149.5,3.83,44.1,1167,3067,128.38
6979,134.1,2.06,46.1,330,1427,60.62
6980,120.5,4.83,28.7,715,1234,88.68
6981,134.9,5.71,44.4,1027,2135,125.41
6982,151.4,4.64,59.9,397,2528,95.18
6983,138.0,5.81,49.6,201,3313,97.22
6984,133.6,4.58,55.5,1519,3064,145.87
6985,130.4,5.02,41.4,1109,2099,120.24
6986,174.3,4.95,31.6,1852,1320,142.56
6987,162.1,2.48,53.9,452,3326,80.15
6988,162.7,4.39,55.4,1224,2683,123.75
6989,142.5,4.28,45.8,1199,2115,126.72
6990,157.3,0.98,52.5,1173,1694,94.59
6991,148.8,5.52,42.8,757,2527,114.93
6992,151.6,4.74,45.1,70,3307,72.73
6993,163.2,0.6,37.0,841,2807,69.45
6994,166.4,5.4,44.1,1817,2747,159.8
6995,158.8,3.18,30.7,1169,2000,101.7
6996,170.6,2.67,60.9,262,1938,63.65
6997,153.1,2.51,45.9,1164,3141,112.27
6998,145.1,2.81,29.4,1580,2587,119.54
6999,143.7,2.06,39.7,653,1406,72.44
7000,156.1,4.13,41.8,958,2301,113.49
7001,124.0,2.32,39.9,127,1920,44.89
7002,170.5,0.74,36.9,1109,1909,76.63
7003,149.9,1.41,41.5,1626,3038,121.27
7004,136.9,5.15,36.9,868,2857,113.57
7005,128.5,1.03,50.9,444,2377,60.11
7006,162.5,5.77,28.5,1215,1672,122.1
7007,162.5,3.71,44.6,981,1785,106.93
7008,141.4,2.14,57.1,1714,3090,136.45
7009,150.6,1.72,53.3,606,3443,81.36
7010,133.3,2.55,57.0,1780,1477,132.4
7011,163.5,5.28,54.5,1534,1599,146.51
7012,154.5,0.75,25.0,192,2107,37.74
7013,155.6,4.23,51.6,1617,1923,136.93
7014,168.6,1.05,42.1,1665,1577,103.79
7015,146.1,4.69,44.3,566,1744,90.08
7016,169.6,3.72,63.8,1999,2636,155.5
7017,145.9,2.88,49.1,398,2054,71.78
7018,122.3,3.9,51.6,272,2205,81.85
7019,162.1,5.67,37.3,108,3373,82.11
7020,154.9,2.29,50.5,1674,2083,122.42
7021,167.8,5.31,60.5,1040,3038,139.92
7022,148.5,1.27,44.0,1229,2958,100.08
7023,181.1,5.41,43.7,495,1987,95.0
7024,170.7,5.86,38.1,1943,1776,165.1
7025,159.4,4.09,45.9,59,2879,67.67
7026,145.0,4.18,46.8,394,3132,87.81
7027,157.8,3.18,43.8,1866,1222,136.49
7028,145.7,0.84,42.5,973,1563,83.97
7029,110.8,2.99,51.5,1212,2846,114.52
7030,143.7,3.93,48.5,1528,3366,143.43
7031,152.9,5.27,49.9,567,2715,100.17
7032,164.2,1.72,39.5,1603,2182,113.93
7033,166.6,1.59,32.7,378,2262,57.84
7034,162.6,5.55,47.5,941,3083,133.9
7035,133.6,1.81,45.8,1587,2476,124.57
7036,156.3,4.26,52.0,389,1655,88.13
7037,131.4,4.41,40.5,1039,2049,113.02
7038,130.4,1.42,55.1,1393,2663,117.13
7039,128.1,1.68,39.7,88,3070,56.47
7040,157.0,2.01,49.5,1385,3424,120.68
7041,140.6,0.99,43.1,1140,2012,88.83
7042,131.9,3.61,44.2,213,2748,73.03
7043,149.9,2.81,37.6,213,1894,54.14
7044,147.3,3.8,31.1,944,1325,92.01
7045,128.0,2.15,54.4,1925,2783,138.39
7046,142.9,5.2,56.5,1476,2134,141.32
7047,165.8,1.28,54.8,1885,1727,126.85
7048,146.0,4.04,54.6,524,2270,90.36
7049,157.3,4.96,57.9,1661,2244,152.38
7050,149.9,2.4,55.1,1617,2518,128.96
7051,147.0,5.24,39.5,1075,1965,119.78
7052,137.8,5.4,47.9,976,1959,124.86
7053,132.7,5.92,40.8,116,1868,83.07
7054,162.0,2.44,44.7,613,1594,73.11
7055,135.1,4.97,39.1,511,1682,80.0
7056,171.7,5.21,41.0,497,1945,93.76
7057,163.3,0.69,56.7,1103,1723,81.31
7058,158.8,1.18,37.1,695,1350,66.19
7059,149.6,4.61,40.1,1202,3021,120.36
7060,152.2,2.19,49.2,1558,3049,131.33
7061,145.7,4.87,44.4,524,2496,99.71
7062,167.0,1.6,47.4,1541,2452,110.6
7063,173.4,0.8,60.5,191,1813,45.88
7064,123.7,3.72,40.6,153,3104,73.43
7065,147.8,4.72,40.9,628,2740,102.83
7066,142.6,0.57,47.2,627,1421,59.58
7067,155.0,1.46,42.0,508,1507,58.75
7068,183.0,5.45,48.7,1387,1369,135.32
7069,164.8,1.74,45.9,189,2274,53.7
7070,143.7,3.97,46.0,1713,1449,136.16
7071,141.4,3.26,46.4,1409,2908,131.66
7072,141.1,5.42,61.4,1434,3096,158.59
7073,184.6,4.9,36.8,1230,1864,121.66
7074,131.9,1.97,34.2,1274,2420,99.91
7075,152.8,5.35,34.6,756,2957,108.4
7076,167.2,5.57,41.5,1944,1431,151.3
7077,141.5,0.81,43.9,826,3331,85.85
7078,157.9,2.38,47.4,1179,1635,101.32
7079,152.6,1.43,35.7,873,3491,83.58
7080,144.6,3.62,50.3,1554,2650,138.28
7081,145.1,4.98,40.9,1001,2150,109.12
7082,132.5,2.63,55.3,1640,2389,133.32
7083,139.4,1.74,34.1,1800,2955,130.89
7084,151.8,4.59,41.2,1827,2011,146.58
7085,125.9,2.9,48.7,1819,2648,141.0
7086,154.3,4.2,32.8,1043,3036,112.87
7087,164.8,1.68,29.5,220,2178,51.19
7088,149.5,4.46,43.7,872,3232,119.7
7089,147.2,4.59,45.8,992,2054,116.86
7090,154.3,2.24,48.5,209,3138,70.44
7091,165.0,2.84,45.2,1787,1958,128.56
7092,136.0,3.47,34.3,637,2911,89.54
7093,154.5,1.19,48.0,1792,2211,121.82
7094,165.1,2.31,58.5,93,1814,51.09
7095,159.4,2.18,50.5,1644,1662,117.27
7096,144.8,0.76,25.6,1776,3100,128.61
7097,118.4,3.5,31.5,1940,1434,136.25
7098,136.5,2.06,39.2,1004,1351,84.56
7099,144.6,5.14,30.2,1239,3281,127.72
7100,155.8,1.82,46.6,151,1557,44.95
7101,149.9,2.98,37.3,1317,2499,120.74
7102,124.4,4.2,46.0,1291,1605,125.92
7103,133.4,1.72,56.1,1729,2964,135.7
7104,145.8,5.78,39.2,1267,1312,124.64
7105,126.3,1.59,56.2,221,2717,70.46
7106,152.7,1.03,41.4,303,2014,49.2
7107,150.2,4.9,47.4,237,2770,93.01
7108,146.5,2.44,39.7,177,2362,59.8
7109,159.1,1.97,38.8,1200,2172,102.39
7110,153.3,5.68,42.2,1439,3276,153.19
7111,166.2,1.4,33.0,1585,3249,120.6
7112,149.4,1.92,53.6,1041,2531,104.76
7113,131.9,5.19,49.5,1863,2006,161.19
7114,141.2,2.0,47.0,1571,2448,124.41
7115,124.4,1.32,29.8,795,2954,72.0
7116,139.2,4.29,45.6,1981,2048,151.32
7117,130.8,2.62,33.3,1708,2197,126.36
7118,160.2,1.14,55.5,1048,3454,97.07
7119,164.3,5.33,46.5,951,3090,126.56
7120,150.0,5.93,25.6,639,2149,105.38
7121,163.3,5.01,33.3,1936,2229,151.77
7122,166.6,5.73,49.8,364,2017,98.44
7123,165.1,3.4,54.8,1105,3497,127.34
7124,140.1,2.71,49.2,769,1496,86.46
7125,134.9,1.13,38.3,696,2574,71.98
7126,137.4,4.86,50.5,1925,1722,158.18
7127,155.2,4.99,53.4,1286,1513,124.59
7128,130.4,5.53,33.5,1360,1461,123.08
7129,143.0,5.46,44.7,422,2212,97.55
7130,146.9,5.22,34.8,1080,1924,116.66
7131,143.3,1.33,50.4,851,2931,88.49
7132,156.8,2.39,42.2,988,1326,100.19
7133,135.9,3.92,49.1,1792,2209,149.08
7134,191.8,2.92,52.3,1663,1974,122.12
7135,148.1,1.45,55.1,830,2734,91.72
7136,140.6,1.32,43.9,544,1653,60.81
7137,143.2,4.1,48.2,904,2376,110.51
7138,142.5,4.84,29.8,679,2482,97.57
7139,142.7,5.75,39.9,1031,1702,124.44
7140,142.2,1.13,41.6,862,1826,68.68
7141,161.3,0.74,31.4,597,2897,67.39
7142,145.6,2.93,50.6,839,2984,100.68
7143,158.9,5.3,36.5,90,2029,75.86
7144,124.2,4.15,54.8,103,2832,78.54
7145,126.5,0.54,34.4,893,1984,70.9
7146,162.0,2.21,25.0,439,1764,51.32
7147,173.0,0.99,44.2,1625,2948,120.4
7148,149.8,2.59,37.8,802,1480,76.89
7149,155.1,3.26,50.3,573,2216,91.44
7150,135.4,2.23,56.6,1168,3201,122.99
7151,143.0,3.53,50.9,971,2357,106.34
7152,132.1,2.87,44.1,221,1277,57.39
7153,117.3,5.71,32.9,1761,2574,157.82
7154,140.2,4.49,54.8,1858,1665,152.67
7155,148.5,4.07,27.5,932,2418,101.62
7156,146.1,0.76,34.8,478,2893,59.42
7157,171.6,0.97,39.1,473,1686,55.34
7158,166.5,2.84,40.1,844,1637,83.19
7159,165.7,4.83,37.6,309,2818,83.22
7160,191.0,3.19,37.1,819,1410,85.45
7161,142.4,4.65,44.3,683,1822,95.89
7162,156.6,2.13,43.5,1044,2732,103.42
7163,138.9,3.76,46.4,1804,2580,146.73
7164,164.8,3.13,41.7,353,2290,75.44
7165,157.6,1.2,37.4,183,2936,54.28
7166,141.6,2.31,31.9,317,1405,51.5
7167,141.5,3.05,42.3,768,2258,95.85
7168,169.5,5.38,51.6,1583,3299,152.64
7169,165.5,0.55,42.0,1498,2768,105.21
7170,154.4,3.73,50.0,1370,2662,130.87
7171,151.9,5.92,57.8,1309,2021,142.11
7172,174.6,1.45,44.6,1297,1251,94.21
7173,166.7,2.27,29.4,850,1447,74.21
7174,133.9,4.58,50.6,1851,1998,156.87
7175,125.8,4.65,42.2,1033,2989,116.05
7176,135.3,2.85,45.5,142,1745,61.88
7177,154.3,1.9,47.0,1836,2373,134.53
7178,160.6,2.31,52.2,1222,2970,112.83
7179,148.9,2.15,52.9,1493,2717,116.81
7180,158.3,4.18,49.9,481,1394,84.91
7181,143.6,4.99,44.5,1728,2182,144.03
7182,152.4,4.43,38.7,978,2625,111.33
7183,130.3,2.48,54.1,1056,2841,110.67
7184,142.2,3.78,56.6,582,2389,89.6
7185,144.9,1.6,38.9,453,1359,56.97
7186,170.3,3.22,49.8,1347,1507,113.83
7187,143.8,1.07,57.2,1140,3383,100.19
7188,158.1,0.54,47.2,1229,1818,83.17
7189,151.0,1.04,44.7,334,3117,54.76
7190,134.8,5.47,47.5,641,3347,114.24
7191,121.3,3.4,48.4,1567,1913,128.73
7192,157.5,3.8,35.2,1327,1725,111.67
7193,157.2,1.53,47.3,520,3085,69.45
7194,133.2,2.11,43.4,1755,1622,122.55
7195,159.0,3.92,34.1,489,1412,85.95
7196,153.2,3.04,43.3,1597,3316,133.58
7197,151.3,0.65,65.2,1588,3163,121.77
7198,133.2,4.91,60.1,1726,1986,149.17
7199,161.9,4.75,30.8,109,1651,59.88
7200,153.5,3.84,39.9,1635,2771,143.12
7201,156.0,0.69,47.9,648,2275,72.9
7202,137.2,2.53,51.4,643,3464,87.2
7203,143.9,1.67,49.9,1415,2902,114.97
7204,142.1,2.04,44.0,1318,3136,110.97
7205,156.3,4.24,42.0,1828,1548,142.04
7206,139.7,2.17,45.4,1937,2614,135.61
7207,165.5,5.08,39.8,1005,2235,114.54
7208,120.2,0.64,39.6,284,2628,53.15
7209,140.1,1.07,54.6,1677,2623,121.56
7210,130.5,2.32,39.8,1788,2575,140.08
7211,167.5,4.73,42.1,962,2251,111.11
7212,154.4,5.72,38.0,600,2465,105.4
7213,118.8,0.97,45.8,812,2497,84.97
7214,144.8,2.6,40.3,81,1620,44.13
7215,162.3,0.66,50.0,961,1554,64.87
7216,144.2,2.56,33.2,1583,3471,131.56
7217,114.4,1.54,43.3,283,3018,66.74
7218,162.7,4.74,46.4,1495,3022,148.56
7219,140.1,2.34,61.5,1087,1314,104.1
7220,158.4,5.41,41.6,163,3401,85.68
7221,158.0,3.4,39.2,901,1993,90.86
7222,132.0,1.97,52.6,978,2847,97.69
7223,136.7,3.01,45.2,424,3304,86.06
7224,136.8,2.3,44.9,1773,2929,139.33
7225,145.0,0.91,37.3,1744,2017,113.52
7226,169.6,1.3,41.0,704,2311,78.92
7227,150.6,1.47,40.1,713,2890,83.65
7228,146.8,3.01,30.7,779,3475,98.13
7229,148.1,1.7,43.0,204,2685,51.99
7230,159.6,3.47,47.0,829,3393,103.18
7231,155.2,1.44,41.4,1472,3434,115.82
7232,145.9,4.93,57.0,244,3424,98.39
7233,145.0,0.66,56.9,1001,1588,78.27
7234,143.1,5.32,42.8,772,2298,111.91
7235,133.5,3.81,56.8,705,2346,102.97
7236,171.3,4.68,40.9,228,2571,83.25
7237,165.3,4.37,39.0,776,3467,116.95
7238,139.3,3.44,41.1,1233,2774,115.35
7239,137.8,1.21,43.1,60,1487,32.95
7240,173.2,4.89,41.1,1670,1475,135.88
7241,157.0,5.97,37.7,1324,2813,139.82
7242,158.9,1.81,49.8,1347,1639,106.71
7243,153.6,2.9,45.6,1485,1990,118.51
7244,158.1,4.55,55.6,1249,3163,135.62
7245,133.1,5.51,46.4,1462,2331,147.31
7246,128.2,5.86,42.0,53,3139,89.05
7247,148.8,4.2,43.1,480,2971,87.21
7248,143.4,1.97,34.2,1004,1820,89.03
7249,167.6,3.57,57.0,871,2776,104.36
7250,147.6,4.14,50.1,340,3242,94.12
7251,145.5,5.88,38.1,1105,1553,124.01
7252,158.3,2.3,31.0,753,2785,85.35
7253,156.9,1.99,44.6,1281,3081,113.13
7254,183.7,4.01,45.7,220,2952,79.68
7255,175.0,1.71,49.2,1492,1861,104.95
7256,142.3,4.42,47.8,1497,1916,142.78
7257,166.1,2.85,50.2,1813,2199,145.27
7258,160.5,2.6,46.5,571,1304,69.33
7259,148.1,3.17,51.2,1264,2701,112.81
7260,167.0,2.23,37.2,1834,3021,139.13
7261,153.3,1.31,52.1,1014,3370,98.42
7262,144.8,5.67,55.5,1832,2459,170.84
7263,153.2,1.65,39.5,1032,3178,101.43
7264,167.5,2.62,38.6,1380,2706,112.9
7265,175.8,4.57,39.3,669,3335,106.75
7266,159.7,3.24,43.9,1388,3327,129.24
7267,170.4,1.08,34.9,720,2803,70.37
7268,176.3,5.05,38.2,283,2833,83.71
7269,145.6,1.6,47.3,729,2007,79.85
7270,162.9,4.29,52.8,859,2251,109.87
7271,140.5,5.3,42.4,1586,2329,144.82
7272,172.2,2.17,37.3,785,2291,77.19
7273,158.6,1.16,54.7,575,1358,60.97
7274,143.8,3.46,46.6,503,2916,90.75
7275,158.1,2.35,36.1,1349,3318,121.01
7276,159.7,1.42,53.5,1295,1233,93.43
7277,129.9,1.69,51.9,1675,2094,135.24
7278,156.2,5.65,43.4,808,2492,115.05
7279,141.8,5.92,42.3,1071,2998,134.19
7280,149.9,5.58,32.3,1341,3361,142.17
7281,135.0,4.4,35.2,161,1821,69.88
7282,131.9,3.96,59.1,1165,1305,113.86
7283,110.2,5.67,34.3,844,2158,115.88
7284,144.9,3.93,30.7,362,3265,79.8
7285,144.7,3.03,40.6,1178,2018,103.92
7286,153.7,0.85,39.7,1703,2955,115.46
7287,137.7,1.94,47.4,846,1704,81.47
7288,130.7,0.53,42.9,1462,2083,104.78
7289,172.8,1.4,54.9,1616,1550,110.94
7290,141.7,1.43,42.5,109,2090,45.3
7291,135.4,4.0,45.0,1569,3425,146.14
7292,129.3,1.17,54.5,1530,2770,121.97
7293,181.0,4.87,40.0,1029,2682,114.61
7294,147.3,5.44,42.6,180,1475,70.88
7295,147.0,4.0,41.2,742,1683,93.83
7296,171.2,5.03,41.4,784,2536,107.8
7297,158.2,1.22,46.4,1029,2299,87.31
7298,168.2,4.72,48.8,651,2964,104.63
7299,160.3,4.62,39.6,1466,1502,119.1
7300,137.6,5.37,50.5,277,1771,82.29
7301,140.8,5.32,56.1,929,1583,110.26
7302,154.3,1.82,49.5,1886,1847,127.35
7303,149.4,3.53,43.6,1895,2857,151.38
7304,120.9,3.29,43.9,1592,3087,138.56
7305,192.5,2.41,43.4,1119,1579,93.95
7306,132.0,4.83,39.7,109,1336,64.99
7307,119.0,3.46,38.4,227,1499,67.11
7308,167.3,2.7,30.7,1241,1490,98.51
7309,106.6,1.17,41.6,167,2402,49.98
7310,146.7,0.54,57.0,264,2880,60.68
7311,156.4,4.59,40.3,1492,3476,146.97
7312,160.9,1.29,39.4,1946,1520,122.12
7313,167.1,5.47,37.5,1602,2785,150.4
7314,149.3,2.47,45.8,1842,2423,127.24
7315,143.6,5.81,36.3,98,2436,84.47
7316,180.9,5.05,43.8,1433,2433,144.43
7317,150.4,4.9,31.5,965,3416,116.02
7318,138.8,3.24,46.2,324,3405,80.18
7319,160.4,3.64,34.4,498,1292,69.79
7320,130.3,2.7,44.2,1401,2166,123.45
7321,149.5,3.17,47.5,1501,3447,136.41
7322,146.7,4.27,48.0,582,1868,88.82
7323,132.0,3.58,31.4,1224,1849,107.49
7324,142.4,1.87,47.5,218,1571,55.37
7325,139.8,4.65,49.6,884,1434,104.53
7326,122.5,4.16,52.9,260,1529,63.94
7327,133.1,3.97,44.2,682,2041,93.79
7328,120.2,5.53,43.3,524,2875,109.09
7329,144.9,0.51,45.7,145,2089,42.13
7330,163.2,0.83,52.9,1875,1932,127.2
7331,176.1,3.51,50.4,971,1997,105.53
7332,154.4,5.5,40.7,1403,2129,143.04
7333,154.2,0.87,43.9,368,2359,55.95
7334,143.7,3.2,38.0,351,1558,65.19
7335,143.2,2.31,45.7,1734,3433,137.33
7336,136.3,0.99,53.8,1533,1597,108.0
7337,148.0,3.48,39.3,153,2274,61.49
7338,136.8,4.6,47.1,1343,1252,122.62
7339,151.3,5.5,43.1,1709,1390,143.92
7340,171.5,2.66,30.1,141,2979,53.91
7341,135.5,4.55,46.9,617,3205,107.91
7342,146.1,5.51,54.3,246,2770,98.59
7343,150.8,2.42,59.0,658,3043,86.35
7344,135.8,5.38,46.5,1072,1350,118.58
7345,155.4,1.44,49.7,1217,2500,100.36
7346,168.4,4.36,30.3,667,3315,100.04
7347,151.2,0.52,40.3,1773,3355,121.89
7348,136.1,2.61,41.5,996,1926,93.36
7349,160.7,5.87,41.2,305,2776,100.65
7350,150.0,2.22,51.7,803,2265,79.15
7351,155.4,1.03,63.2,1712,1327,113.89
7352,139.4,2.47,41.6,1623,2740,121.63
7353,179.1,5.72,46.1,818,1635,106.6
7354,149.5,1.86,43.3,838,3487,89.97
7355,137.3,3.34,46.0,788,2154,96.3
7356,162.0,0.7,38.4,736,2699,70.63
7357,166.7,5.34,49.4,1107,1935,121.77
7358,136.3,4.98,41.2,479,2648,95.52
7359,133.7,0.63,43.2,1451,3203,112.06
7360,168.8,2.87,33.6,1683,1946,121.18
7361,149.2,5.56,41.1,673,2465,98.89
7362,126.8,3.72,41.7,1055,3289,119.38
7363,154.0,1.36,36.5,1116,2942,98.37
7364,146.4,6.0,38.6,121,3322,85.23
7365,133.3,0.86,53.0,1718,2122,116.68
7366,147.5,1.22,43.8,937,1218,82.85
7367,153.7,0.76,38.2,1728,1613,107.82
7368,162.6,2.99,47.8,1674,3442,145.5
7369,151.3,1.13,51.6,823,3134,79.97
7370,134.4,2.23,67.8,668,3326,96.53
7371,160.4,5.67,47.0,584,3220,115.79
7372,133.9,4.97,41.2,1437,2088,136.82
7373,151.4,0.76,50.0,237,2215,55.37
7374,162.6,5.03,48.4,1469,1371,129.34
7375,163.8,5.63,38.6,958,1866,110.21
7376,140.8,4.27,37.0,1349,3317,132.6
7377,130.8,3.59,29.0,335,2258,66.66
7378,160.0,4.62,43.7,1909,2364,152.76
7379,117.8,1.48,64.3,1378,2476,112.24
7380,162.1,3.73,43.5,1678,1716,131.0
7381,176.4,2.07,39.5,1799,1550,117.78
7382,136.7,0.9,48.5,81,2905,49.53
7383,146.5,2.09,51.5,1046,1827,92.06
7384,153.8,4.99,41.6,1405,1462,126.15
7385,167.0,0.84,42.3,1447,1976,95.02
7386,146.1,2.52,44.7,319,2867,71.1
7387,151.5,1.41,51.2,659,3333,85.11
7388,162.4,1.57,39.4,100,1834,45.12
7389,117.8,2.83,42.3,326,2491,71.71
7390,172.8,4.05,46.2,1448,1403,121.46
7391,167.3,4.79,48.9,1172,1925,121.63
7392,148.9,2.77,38.6,510,2694,82.05
7393,137.0,1.38,46.1,464,2823,73.81
7394,158.5,1.68,34.7,745,2677,72.96
7395,176.8,5.87,43.9,448,2213,103.08
7396,140.1,2.54,56.8,992,3238,113.1
7397,124.4,5.79,41.7,1554,2756,153.93
7398,142.0,1.32,55.6,898,2021,84.35
7399,145.8,0.87,33.8,571,3235,71.66
7400,141.5,2.52,45.7,401,3227,68.68
7401,133.9,5.93,55.7,697,2293,114.83
7402,158.1,5.85,47.7,1658,1360,137.17
7403,120.0,3.68,43.4,883,2817,107.78
7404,152.4,1.26,45.9,1368,3372,107.96
7405,149.8,2.44,35.5,1238,2453,111.84
7406,149.6,4.93,53.3,57,2677,83.24
7407,139.3,4.75,43.6,1057,3003,130.78
7408,161.2,5.82,42.2,1313,1473,134.69
7409,156.8,5.14,49.8,459,2577,94.07
7410,165.6,0.6,43.6,1878,3213,128.0
7411,154.6,4.66,51.0,1651,2535,150.76
7412,137.7,4.43,30.0,1423,1803,125.97
7413,145.5,3.27,45.1,215,2406,68.84
7414,152.4,4.31,48.7,1802,2727,154.71
7415,150.9,5.57,51.1,1318,3460,152.98
7416,122.2,1.83,47.2,193,2781,65.56
7417,144.2,3.01,47.5,1255,2168,118.1
7418,152.9,5.28,55.9,1831,2724,161.68
7419,143.9,5.43,48.3,1427,2230,142.48
7420,142.8,1.5,37.2,1286,3417,110.66
7421,156.8,5.36,57.1,234,2735,97.4
7422,142.0,1.57,49.3,181,2422,58.76
7423,152.9,0.79,31.1,1924,1870,118.47
7424,159.7,5.38,50.6,400,2060,88.45
7425,141.0,0.5,46.2,1834,2563,126.66
7426,135.1,4.29,49.0,1850,2607,155.66
7427,176.8,1.91,47.4,330,2175,61.98
7428,157.1,3.94,49.1,80,1593,67.79
7429,162.8,3.94,42.5,425,2937,88.22
7430,139.7,1.25,48.4,459,2042,61.2
7431,162.7,4.61,37.6,928,2430,112.37
7432,151.6,2.73,56.8,1237,3287,120.71
7433,159.0,1.51,51.4,1712,2163,122.67
7434,121.1,2.37,54.5,1039,1694,94.03
7435,162.4,2.78,40.5,1531,1495,116.73
7436,154.5,4.0,50.8,1698,2543,142.74
7437,137.5,1.25,52.5,1446,1676,110.24
7438,159.3,1.08,51.8,846,2655,86.64
7439,168.8,4.65,34.8,1927,3445,168.87
7440,149.6,2.58,42.1,460,1381,60.45
7441,123.1,5.79,37.1,461,1984,89.36
7442,141.3,2.46,36.0,371,2956,71.04
7443,142.9,1.25,45.4,688,2849,85.54
7444,136.9,5.45,48.4,1091,1981,123.34
7445,154.7,4.29,37.1,1747,1710,136.68
7446,122.3,1.46,57.0,878,2838,88.97
7447,137.5,4.78,49.9,1695,3325,158.77
7448,122.5,3.05,41.8,830,1336,86.42
7449,151.3,4.76,58.4,1636,2429,147.42
7450,148.7,1.06,54.1,1607,3223,124.21
7451,149.2,3.76,45.1,1631,3472,148.19
7452,175.5,4.49,43.2,1220,3285,122.61
7453,156.0,1.81,33.8,941,2936,91.9
7454,148.4,1.92,41.8,789,1459,77.1
7455,138.7,2.06,46.8,596,1647,66.99
7456,149.0,3.07,43.4,1525,3136,120.85
7457,108.8,5.38,54.5,1082,2899,133.75
7458,142.1,1.7,54.2,338,2553,62.59
7459,149.9,2.85,47.0,87,2546,62.21
7460,129.3,1.34,49.6,881,3397,84.59
7461,158.6,5.62,43.3,1487,1547,139.64
7462,158.7,4.31,46.7,1997,2103,155.54
7463,147.0,4.17,36.7,1322,2003,120.74
7464,122.4,1.18,54.2,573,1353,64.28
7465,140.2,0.59,37.3,1102,3307,100.87
7466,171.1,3.91,52.4,1883,2648,154.42
7467,169.1,4.81,44.9,611,2870,96.83
7468,145.6,5.3,52.3,1591,3030,154.44
7469,159.9,1.74,30.8,1250,2827,102.58
7470,153.2,1.81,39.6,509,1786,63.93
7471,159.8,2.26,46.8,1673,1273,115.23
7472,147.2,4.62,43.4,1679,3206,154.31
7473,130.1,2.24,54.8,1330,1843,111.36
7474,139.6,4.03,43.9,427,2714,84.35
7475,166.8,1.95,45.8,1545,2599,118.4
7476,151.5,1.19,48.1,60,2848,50.61
7477,154.1,2.53,29.5,1717,1244,120.37
7478,159.6,1.24,31.6,984,3308,92.96
7479,157.7,1.23,52.5,236,2883,61.48
7480,135.6,5.18,57.3,1729,1856,156.4
7481,154.9,4.99,54.5,974,2873,126.94
7482,155.9,4.94,28.7,406,3059,85.48
7483,133.3,3.54,51.7,1064,2748,110.96
7484,126.3,0.75,38.1,88,2025,38.68
7485,151.9,2.51,39.6,1966,2847,135.94
7486,135.0,4.08,42.0,912,3159,110.96
7487,130.9,5.41,37.0,1041,1878,119.82
7488,143.3,1.63,50.4,528,2349,69.39
7489,146.7,1.24,52.3,1392,3069,113.97
7490,130.5,3.7,41.6,1703,1578,131.97
7491,131.5,0.55,51.0,1907,1943,120.72
7492,152.5,5.11,42.6,1526,2104,141.24
7493,149.1,3.73,39.9,1107,2414,112.52
7494,141.3,1.19,42.2,314,1625,46.79
7495,137.5,3.48,51.4,1349,2902,122.14
7496,161.5,1.78,36.8,1969,2361,129.0
7497,136.0,5.56,48.3,1477,2155,141.1
7498,184.8,5.35,41.1,667,2297,99.84
7499,149.4,4.33,41.4,1239,3480,125.11
7500,152.2,4.7,53.8,144,2734,80.75
7501,166.6,4.06,62.2,694,1779,95.66
7502,154.6,2.02,40.9,580,1955,70.76
7503,143.2,4.22,50.0,484,1352,82.93
7504,160.1,3.73,49.0,1335,3165,132.88
7505,134.0,4.48,37.4,1428,1978,129.23
7506,173.8,5.37,46.9,1691,2599,154.06
7507,164.6,2.41,44.3,1526,3068,120.36
7508,152.7,2.16,66.8,1485,3129,125.5
7509,140.0,2.37,49.3,385,1297,70.24
7510,155.1,2.36,46.5,1603,1999,113.66
7511,173.1,1.29,42.6,1285,1339,92.56
7512,158.8,3.47,51.1,299,2825,80.4
7513,144.5,1.24,53.0,1180,3038,103.86
7514,136.7,1.12,49.0,1865,3064,136.01
7515,153.7,4.8,48.6,1627,2037,139.11
7516,162.3,5.64,39.3,1996,1276,148.75
7517,166.5,3.75,41.9,273,1960,73.81
7518,140.0,3.28,42.3,1028,1717,100.06
7519,132.7,3.76,47.4,1660,2111,143.44
7520,143.4,4.41,53.5,1705,1759,144.34
7521,177.6,3.66,49.4,875,1865,98.72
7522,140.3,1.19,52.5,1226,2814,106.21
7523,162.6,0.75,38.1,1810,2789,117.17
7524,140.9,1.59,41.7,1544,1691,112.44
7525,165.1,2.16,51.1,771,3413,95.81
7526,136.2,2.44,48.5,200,1571,53.77
7527,144.6,4.78,40.6,911,2634,112.25
7528,132.1,3.44,42.5,1017,2271,107.26
7529,183.3,2.47,65.8,1254,1248,103.12
7530,179.2,3.45,36.7,1527,2379,123.19
7531,144.2,0.94,60.6,1888,1870,125.17
7532,151.8,0.56,40.3,754,1605,61.29
7533,153.3,4.72,47.8,559,2851,99.92
7534,161.4,1.2,36.0,276,1555,47.54
7535,127.9,1.12,36.3,489,1949,55.48
7536,167.2,2.69,43.9,1739,2600,137.46
7537,153.0,0.74,48.7,1446,3327,112.8
7538,130.3,4.71,49.9,1665,2202,148.63
7539,161.7,5.59,45.0,818,2390,117.2
7540,126.6,4.14,52.5,932,3046,119.04
7541,123.4,4.48,37.2,1600,2127,138.95
7542,171.0,4.02,52.3,1430,2062,123.19
7543,163.3,4.29,53.5,1531,1652,130.95
7544,165.2,0.55,39.5,453,2852,61.98
7545,155.5,1.84,47.2,944,1350,82.24
7546,141.1,4.2,46.5,372,1498,77.74
7547,126.0,2.62,30.9,905,2461,89.78
7548,147.2,2.32,48.3,1073,1752,99.01
7549,146.0,1.48,41.9,1744,3335,128.34
7550,168.5,3.26,32.1,267,3491,74.39
7551,170.3,4.98,45.0,685,1848,99.54
7552,158.5,1.28,50.3,1707,2022,117.15
7553,180.4,3.94,36.3,1123,2120,108.28
7554,106.8,1.16,49.4,1729,3172,139.56
7555,147.6,5.04,44.9,686,2022,99.31
7556,160.3,4.71,50.6,1634,2688,150.37
7557,157.1,2.77,47.8,1616,3004,137.31
7558,142.0,5.19,52.0,1732,1451,153.41
7559,122.1,5.27,41.2,1119,1958,122.97
7560,182.9,5.79,45.8,1003,2744,133.31
7561,150.6,1.3,44.5,1883,1913,119.87
7562,151.9,0.94,32.1,732,2540,63.36
7563,150.1,0.78,55.2,1535,2408,109.59
7564,144.5,0.69,50.6,765,1201,68.74
7565,157.5,4.48,37.6,1777,2577,147.79
7566,168.9,5.62,41.1,1870,2198,164.84
7567,148.3,2.85,43.2,1773,2057,124.61
7568,146.3,1.19,42.2,1345,3025,109.59
7569,139.2,2.97,38.7,697,2527,86.14
7570,153.8,2.37,61.0,1205,3192,115.92
7571,130.7,0.86,43.7,1641,2215,113.04
7572,148.3,0.67,38.0,936,2848,76.83
7573,128.9,5.32,50.6,1027,1675,125.06
7574,155.8,4.44,36.7,202,2664,71.03
7575,135.3,4.78,49.8,1927,2716,161.31
7576,134.4,3.59,44.6,1075,1881,105.58
7577,171.1,2.37,46.9,1443,3398,127.99
7578,166.4,3.53,49.4,949,3395,113.11
7579,153.6,2.52,51.3,1114,1442,104.39
7580,129.4,3.46,43.6,1358,1999,111.24
7581,179.7,3.55,45.8,1401,2104,109.55
7582,166.7,0.63,59.2,250,1242,45.02
7583,140.4,5.96,64.1,1220,1780,136.42
7584,135.8,5.15,49.7,307,1371,88.29
7585,152.6,4.89,50.2,660,2279,101.32
7586,137.7,4.9,29.2,1276,1373,117.5
7587,148.7,2.44,49.5,185,2382,66.43
7588,154.6,3.47,60.9,1372,1610,123.5
7589,159.3,1.73,35.7,1608,3145,125.45
7590,113.4,4.34,42.4,1821,2064,144.19
7591,142.2,4.4,42.4,1538,1610,133.17
7592,139.1,5.05,40.2,1917,3370,168.08
7593,156.1,5.92,46.3,1380,1574,139.49
7594,144.7,0.59,39.9,1299,3211,98.07
7595,120.3,1.49,40.5,1303,3254,110.49
7596,142.7,4.15,54.6,1987,1466,156.84
7597,157.0,4.48,45.3,1093,2058,119.8
7598,144.5,5.66,43.6,936,1508,118.31
7599,149.3,1.41,51.3,1107,1572,93.86
7600,157.2,4.03,35.1,237,3318,76.08
7601,121.2,4.69,36.7,417,3006,97.72
7602,141.3,4.8,52.9,1155,2588,132.26
7603,143.2,2.81,55.2,1062,3494,116.0
7604,126.7,3.49,42.2,276,3037,87.97
7605,148.8,1.54,50.3,1787,1827,125.48
7606,155.2,5.04,55.7,1829,2724,156.64
7607,117.3,0.97,41.4,1418,3208,114.16
7608,149.7,0.71,61.5,1731,1793,117.07
7609,141.5,1.27,57.8,142,2238,59.37
7610,149.1,5.86,42.0,1115,3017,135.61
7611,150.0,5.45,49.0,1468,1797,139.77
7612,150.5,2.84,55.5,818,2013,93.54
7613,174.0,3.73,47.1,455,1638,79.04
7614,125.4,5.66,50.8,1767,3349,173.62
7615,128.5,5.09,43.8,1726,1744,149.73
7616,167.5,0.59,32.0,1011,2131,81.34
7617,159.4,5.08,48.6,865,3074,116.72
7618,164.2,0.64,46.5,61,1499,25.05
7619,115.1,1.12,46.2,1186,2228,95.63
7620,146.4,0.88,42.8,1008,1734,80.19
7621,153.4,5.56,51.9,1758,2446,161.14
7622,150.9,1.7,45.3,494,2577,73.52
7623,138.0,1.25,61.5,302,2154,60.13
7624,171.9,0.94,42.7,417,2964,59.63
7625,125.4,0.58,42.4,540,1602,53.73
7626,167.7,0.72,35.2,720,1786,61.37
7627,135.2,3.0,35.4,1333,1337,103.29
7628,130.9,2.55,39.5,848,1426,84.8
7629,119.3,4.99,50.4,118,1777,71.47
7630,155.6,2.82,31.5,672,1666,72.47
7631,142.7,4.58,56.0,444,2986,93.42
7632,160.5,1.95,43.9,1235,1393,97.37
7633,170.3,5.87,48.8,449,1825,94.28
7634,167.8,3.64,62.2,1444,2023,127.64
7635,148.7,5.67,45.7,697,1546,104.28
7636,124.7,3.0,42.4,1700,3410,139.81
7637,115.4,3.54,54.6,89,1778,58.94
7638,154.6,4.18,38.7,170,3134,71.42
7639,158.9,3.32,47.5,881,3399,115.65
7640,157.1,1.73,46.2,626,3188,79.18
7641,165.8,2.55,41.0,1916,1227,128.39
7642,134.5,1.08,39.1,119,2745,50.48
7643,165.5,1.14,48.3,1343,3377,113.75
7644,166.8,2.18,49.1,1160,3245,110.52
7645,169.0,2.37,47.2,396,3168,75.56
7646,147.6,2.96,39.4,1776,3094,135.21
7647,148.5,5.76,60.7,213,1355,87.35
7648,133.6,1.42,46.4,1357,1776,96.91
7649,149.9,2.74,45.4,1726,2936,134.45
7650,170.9,5.84,48.5,443,2142,106.06
7651,149.8,2.91,38.0,1549,3218,127.96
7652,156.0,3.32,47.4,1363,2705,128.11
7653,143.5,4.9,46.6,1995,2045,157.09
7654,136.3,1.3,58.1,259,2090,57.25
7655,175.0,5.55,52.8,254,3361,102.22
7656,141.6,3.79,59.8,744,1981,99.87
7657,112.2,2.68,47.7,707,1840,90.77
7658,126.8,1.96,29.0,527,1203,60.34
7659,147.0,5.76,49.1,304,1585,91.21
7660,170.3,1.52,46.4,1817,2293,126.7
7661,164.4,3.84,51.4,1255,2657,117.72
7662,137.5,0.76,39.5,1095,1872,76.98
7663,168.0,2.62,37.2,250,3312,70.51
7664,145.2,5.97,41.4,710,2807,114.8
7665,150.3,3.76,46.5,1415,1863,118.95
7666,188.2,1.0,37.7,385,3058,55.56
7667,181.7,3.25,33.2,1110,2440,109.82
7668,150.3,1.48,63.9,1946,3039,152.65
7669,156.6,0.66,43.9,1525,2533,106.94
7670,136.1,1.57,45.4,1996,2330,126.72
7671,152.6,5.18,42.9,1254,2855,141.97
7672,161.7,5.31,26.8,399,2711,87.42
7673,138.4,2.28,50.2,734,2608,83.03
7674,133.7,1.58,56.7,1598,3196,124.65
7675,153.4,4.21,34.3,1595,2045,126.26
7676,156.4,2.03,42.4,938,1536,88.24
7677,136.6,5.68,55.2,342,1432,89.97
7678,165.8,3.84,40.3,1832,2190,144.13
7679,140.7,1.34,43.0,1763,1546,118.51
7680,146.4,4.41,25.0,1142,1457,107.29
7681,128.0,5.24,49.7,843,2783,114.51
7682,139.4,5.63,45.4,896,2398,120.85
7683,158.8,0.63,47.3,1429,1479,99.44
7684,158.6,5.79,33.6,1094,2470,118.02
7685,160.0,3.03,45.7,407,1470,67.26
7686,133.7,2.85,25.0,1167,3233,109.33
7687,177.2,1.08,42.9,220,2724,59.67
7688,152.6,4.35,52.6,575,2923,97.33
7689,162.2,1.0,45.3,974,1506,77.88
7690,172.8,2.19,50.8,565,2125,73.29
7691,150.3,0.75,44.2,222,1279,37.89
7692,126.1,2.93,53.8,1958,1884,145.41
7693,160.8,1.8,32.7,651,1828,66.85
7694,137.5,2.31,47.1,1983,3107,142.28
7695,118.4,5.01,40.2,1603,2177,143.03
7696,155.6,3.29,41.2,550,3265,92.35
7697,157.4,5.91,46.9,1879,2553,166.1
7698,152.9,0.69,42.8,233,3223,50.83
7699,162.1,1.89,64.6,1769,2069,131.33
7700,166.5,1.94,40.3,1304,3480,110.43
7701,160.8,1.61,40.3,170,2577,49.09
7702,141.4,4.34,36.3,667,2121,88.73
7703,153.0,2.75,43.7,631,3386,88.54
7704,144.0,2.53,40.4,1563,2515,123.0
7705,146.0,0.82,44.6,509,3219,63.64
7706,157.2,1.46,46.2,651,2222,71.38
7707,139.4,2.28,50.0,1783,2672,132.56
7708,179.2,2.75,42.6,1205,1857,106.43
7709,152.2,4.86,44.5,1636,2312,142.87
7710,157.3,0.77,29.0,630,2388,56.87
7711,156.9,5.96,47.9,841,2312,120.19
7712,157.6,2.23,37.7,1707,2413,127.24
7713,145.2,4.61,44.3,774,2761,107.56
7714,137.4,0.81,46.6,143,3037,53.95
7715,156.3,5.72,41.2,1107,2954,130.62
7716,174.5,4.18,63.2,1308,1989,130.07
7717,145.4,0.72,38.3,1141,2594,86.16
7718,134.7,0.85,48.6,1594,2089,110.29
7719,156.2,3.34,45.9,1688,2444,137.87
7720,144.5,5.65,42.8,1732,2534,161.31
7721,164.0,4.05,44.7,486,1598,79.37
7722,136.1,1.14,42.1,524,1428,50.87
7723,152.9,1.05,38.3,485,2758,54.77
7724,162.7,2.47,40.2,1226,2103,101.64
7725,140.6,3.3,43.1,1339,3458,127.75
7726,143.6,4.44,36.2,1589,1431,129.49
7727,130.5,1.11,44.5,569,1853,67.24
7728,132.1,2.69,45.0,1989,1287,137.13
7729,147.8,3.96,36.3,1888,1293,137.75
7730,139.8,1.15,40.5,1240,3418,103.29
7731,151.5,1.28,29.4,1745,1331,105.75
7732,146.9,5.1,56.6,1912,1273,155.91
7733,139.5,1.33,44.3,469,3422,73.18
7734,144.8,2.5,43.9,1834,2736,139.13
7735,162.8,0.5,50.0,185,1301,39.22
7736,148.6,0.83,30.9,959,2129,77.69
7737,151.0,3.55,38.0,468,3484,87.58
7738,161.0,4.33,49.0,1751,2497,146.46
7739,142.8,0.67,36.9,1226,2307,91.24
7740,131.6,4.18,44.7,1069,3320,123.1
7741,162.1,4.28,47.2,1728,1726,142.2
7742,168.7,4.79,37.4,312,2775,87.42
7743,152.9,2.77,49.2,1394,2452,115.1
7744,147.1,3.92,44.8,1598,3260,149.03
7745,143.6,1.08,41.1,1373,2168,102.84
7746,143.1,5.65,44.7,611,2045,106.8
7747,144.5,1.87,50.9,90,1423,50.15
7748,168.9,1.44,48.4,250,2595,59.2
7749,128.0,2.19,44.5,955,3204,103.0
7750,153.6,4.88,44.5,1463,2700,138.11
7751,166.5,3.14,44.7,340,2328,69.9
7752,169.7,5.93,59.7,1579,1498,149.99
7753,169.7,4.24,40.6,1672,2210,141.86
7754,167.0,5.65,40.9,1125,1862,121.02
7755,151.8,5.5,51.7,1046,1862,122.63
7756,172.8,5.11,33.0,917,1237,97.99
7757,153.3,2.69,40.8,1324,2106,115.34
7758,131.9,1.22,45.3,350,1818,51.03
7759,162.4,4.26,47.9,1125,1210,107.1
7760,161.2,4.42,42.1,1969,2324,159.95
7761,166.5,2.9,37.2,1665,1350,125.9
7762,171.7,3.17,45.3,347,1972,70.02
7763,154.6,5.91,45.2,933,2777,128.17
7764,143.8,4.97,48.8,1678,2140,151.22
7765,161.2,0.76,30.0,1895,2612,121.78
7766,154.5,2.17,53.5,1966,2804,136.13
7767,142.8,5.69,46.3,1225,2955,137.07
7768,160.7,1.85,52.6,388,1657,61.99
7769,155.2,0.7,46.9,1539,2330,107.09
7770,180.2,3.56,38.2,451,3360,84.07
7771,121.7,5.22,47.6,892,2775,122.37
7772,167.4,3.75,52.9,306,3346,89.78
7773,168.7,2.57,35.7,932,2246,84.84
7774,176.0,4.36,35.6,425,1549,75.4
7775,142.4,2.52,43.4,1054,1877,98.09
7776,154.9,1.27,45.3,545,3369,73.51
7777,159.1,5.87,39.8,1151,3355,135.57
7778,149.3,2.45,50.5,1365,1918,115.5
7779,144.8,1.03,38.5,1068,2099,87.98
7780,142.9,2.25,60.9,1483,3081,141.0
7781,132.1,2.41,47.3,897,1643,87.19
7782,159.2,5.4,43.9,1462,1301,133.12
7783,149.6,4.51,40.6,1100,2696,126.64
7784,147.5,1.46,42.3,1415,1300,96.16
7785,139.4,5.05,34.8,222,1537,70.6
7786,163.7,5.65,29.4,1004,1871,114.77
7787,191.7,2.09,40.2,119,1758,47.76
7788,148.7,3.21,50.6,105,2364,63.32
7789,165.9,2.08,38.4,549,1927,64.58
7790,163.8,2.47,44.1,1437,1358,104.86
7791,136.9,4.87,42.9,588,2654,98.31
7792,159.8,5.63,44.5,766,1488,103.82
7793,143.9,1.42,43.0,463,1696,65.85
7794,172.7,4.32,34.2,1284,3412,127.61
7795,125.1,4.54,60.6,568,1644,98.36
7796,170.6,5.51,52.1,957,1621,112.33
7797,153.6,1.94,54.9,1618,1457,118.71
7798,149.1,2.89,47.0,50,2896,65.89
7799,135.4,2.8,39.9,748,1295,81.1
7800,150.9,5.07,39.0,791,1582,99.69
7801,163.3,3.46,48.8,523,2649,85.33
7802,158.7,2.01,58.8,762,1888,84.49
7803,143.1,5.57,42.1,646,3188,112.0
7804,152.7,1.65,49.1,846,2093,86.84
7805,136.5,4.79,43.8,1705,1410,139.09
7806,134.0,2.04,52.9,142,1705,51.15
7807,145.5,4.39,47.3,345,1498,77.62
7808,146.0,4.68,45.1,582,1516,89.15
7809,164.5,3.33,41.6,504,1373,75.86
7810,146.6,3.53,39.6,841,1248,87.81
7811,152.4,2.9,42.8,1119,1497,96.7
7812,158.9,1.23,31.6,1533,3426,116.12
7813,140.7,2.27,46.2,1636,2870,131.73
7814,149.5,3.32,34.4,981,1625,87.01
7815,170.9,2.21,59.0,947,2827,100.6
7816,150.4,3.44,33.5,1574,2189,121.01
7817,150.4,1.06,41.1,1804,2475,116.96
7818,139.2,3.62,37.2,569,3296,93.15
7819,149.4,2.65,39.3,600,2474,78.38
7820,133.2,2.92,39.1,186,1342,52.01
7821,155.0,5.25,38.6,1536,1507,136.67
7822,163.1,3.88,44.4,1069,2806,115.19
7823,152.6,3.81,47.2,1296,1491,114.34
7824,152.1,1.14,40.3,1887,1886,112.01
7825,155.3,2.11,55.7,481,3020,79.67
7826,135.7,5.45,47.3,1492,2942,152.53
7827,154.3,3.58,37.3,484,1581,68.1
7828,143.1,5.99,33.5,614,2340,104.15
7829,142.6,0.68,53.7,1020,2472,84.92
7830,160.8,5.8,39.6,101,1512,76.87
7831,145.5,1.93,44.0,1926,2634,135.33
7832,149.3,1.15,57.3,941,1404,77.14
7833,151.9,1.09,48.1,1890,3477,130.35
7834,164.6,1.36,53.9,1548,2261,115.19
7835,136.5,1.14,35.3,822,3467,79.5
7836,158.7,4.79,45.7,1082,2793,131.32
7837,133.6,0.74,49.9,886,1259,67.11
7838,156.6,5.49,30.8,1072,2567,127.06
7839,179.2,0.56,42.6,1638,3369,114.64
7840,148.2,2.18,34.2,1710,2822,127.45
7841,163.9,2.2,43.8,739,1661,78.18
7842,147.2,5.98,42.3,1098,1685,130.49
7843,147.9,1.09,52.7,1411,2368,110.54
7844,151.7,1.1,34.5,1631,3346,125.12
7845,160.6,0.68,40.2,1380,2588,102.09
7846,140.4,5.7,43.4,1124,2647,127.96
7847,151.8,4.75,35.6,1182,3073,124.71
7848,159.3,3.4,40.1,693,2690,93.36
7849,135.9,5.23,43.4,1316,2125,132.75
7850,148.4,2.06,26.8,364,2410,62.84
7851,165.0,5.85,52.7,586,1848,105.9
7852,155.8,5.2,50.1,246,1257,80.34
7853,149.3,2.59,47.7,250,3188,78.08
7854,145.2,1.87,47.6,1887,3127,138.99
7855,146.1,1.49,57.4,1264,2243,116.27
7856,161.9,4.69,48.0,549,1755,87.86
7857,152.0,3.62,45.4,814,3371,103.87
7858,145.6,5.15,44.5,1657,3015,152.04
7859,149.6,5.12,46.6,959,1510,111.81
7860,148.7,4.9,33.9,917,1521,110.51
7861,142.5,5.66,32.1,1314,3042,138.3
7862,142.3,4.98,62.2,1880,2106,163.37
7863,133.3,0.56,43.5,767,1609,62.21
7864,140.1,3.78,55.4,247,2298,84.47
7865,103.2,1.67,45.4,385,2295,62.71
7866,172.9,3.64,49.9,459,2839,85.2
7867,151.9,3.03,46.4,1670,1873,131.37
7868,144.3,6.0,46.3,489,2398,100.34
7869,137.3,1.42,57.1,1956,3410,137.86
7870,182.9,5.27,54.7,1886,2448,159.73
7871,150.5,0.83,41.8,1931,1524,119.99
7872,141.1,5.57,50.6,1847,2332,160.89
7873,173.9,4.69,48.3,1743,2232,147.51
7874,149.8,1.63,39.5,404,2876,66.18
7875,142.0,1.8,54.7,925,1206,79.75
7876,160.0,1.68,52.5,873,2285,86.62
7877,143.7,2.48,41.3,1075,2126,87.68
7878,128.9,1.01,42.4,333,1494,41.77
7879,166.2,0.81,48.7,1719,2131,115.9
7880,116.8,4.86,41.5,1906,2828,159.99
7881,154.1,3.09,53.5,64,2334,62.49
7882,146.3,0.88,52.8,111,1875,44.62
7883,147.7,2.43,45.6,372,3480,81.47
7884,161.2,0.76,52.1,1104,2777,93.51
7885,182.2,4.97,58.3,1592,2529,145.74
7886,152.3,4.91,54.1,1632,3306,160.27
7887,148.4,5.56,30.4,275,2089,80.14
7888,167.1,4.19,54.4,1356,3176,134.66
7889,159.8,2.68,38.0,1968,2109,135.6
7890,166.3,5.49,32.3,1203,2420,126.41
7891,134.1,2.63,43.6,954,2745,96.74
7892,167.8,5.27,46.7,557,2203,97.12
7893,140.9,4.04,59.3,546,1445,80.91
7894,153.8,1.11,49.4,1048,2369,81.18
7895,139.9,5.9,53.0,1565,2333,149.05
7896,162.9,1.99,45.7,129,1456,45.37
7897,128.3,1.36,48.5,581,3049,77.69
7898,127.2,1.13,49.5,373,1521,53.95
7899,126.8,0.58,43.9,607,2441,62.37
7900,168.9,3.23,44.1,1375,2803,122.41
7901,169.0,2.08,57.6,1457,2776,126.99
7902,131.3,0.98,51.1,1567,2399,118.32
7903,159.3,0.98,58.2,154,1358,44.9
7904,144.8,5.91,37.8,1572,3176,160.78
7905,131.4,2.23,40.0,1075,3455,110.05
7906,145.0,1.24,50.6,118,1398,40.32
7907,153.9,2.03,28.2,597,1620,61.72
7908,161.2,5.03,50.9,552,3268,106.27
7909,154.1,5.98,36.2,474,1218,91.15
7910,160.3,0.69,39.4,1963,3324,129.68
7911,127.6,1.84,32.4,955,1409,84.9
7912,164.8,0.5,38.0,890,2640,80.77
7913,138.7,4.09,48.7,202,2480,81.07
7914,154.6,2.01,36.4,612,1652,72.02
7915,135.4,3.2,52.3,631,2866,87.8
7916,137.8,4.0,46.5,195,1895,67.4
7917,166.7,5.1,38.0,549,1857,91.8
7918,141.8,4.0,26.5,1659,1516,118.77
7919,163.8,1.36,65.0,201,1693,50.48
7920,143.9,5.23,54.7,944,3000,129.97
7921,156.5,5.1,34.5,293,2280,86.67
7922,159.2,0.86,50.4,115,2506,43.72
7923,127.3,1.24,48.1,1732,1291,108.45
7924,176.4,5.31,50.1,197,3108,86.76
7925,132.6,0.58,49.5,506,2371,68.24
7926,128.7,1.49,43.7,119,1617,48.31
7927,116.1,2.14,42.5,808,2841,89.21
7928,151.9,5.75,33.9,1655,1352,145.02
7929,144.7,5.78,41.6,1524,3420,162.47
7930,157.3,5.12,33.6,321,2499,87.11
7931,119.2,4.46,45.2,729,2566,102.57
7932,156.2,2.52,41.9,1977,2857,150.9
7933,146.3,1.21,47.8,1009,2953,93.46
7934,128.2,5.18,50.5,1548,3299,149.71
7935,153.0,4.41,53.3,339,2722,87.78
7936,163.4,5.43,45.1,1926,3243,172.15
7937,143.7,3.05,47.1,959,1418,90.75
7938,124.9,4.71,42.8,1242,1685,120.35
7939,171.4,3.52,31.9,929,2975,98.62
7940,180.9,4.49,46.9,1612,1791,134.32
7941,200.0,4.29,41.5,1229,3389,128.35
7942,114.2,5.09,43.2,1303,3453,140.58
7943,140.0,5.36,38.4,1252,3085,143.15
7944,165.2,5.74,43.4,623,1891,105.0
7945,192.1,4.2,45.9,1348,1528,123.95
7946,158.0,0.66,49.8,179,2331,43.24
7947,131.9,1.41,32.5,1224,2073,89.52
7948,139.8,0.53,44.3,1346,1623,96.8
7949,152.8,3.48,50.5,869,3191,108.18
7950,118.8,0.54,58.6,1206,2032,98.18
7951,158.2,3.58,33.8,736,3345,97.5
7952,149.0,5.51,39.5,1446,1274,129.52
7953,173.4,3.46,47.3,1513,1416,118.82
7954,147.4,1.12,44.3,653,3425,81.81
7955,134.5,3.87,25.0,1715,3424,140.58
7956,137.6,5.53,44.4,1485,2045,141.28
7957,111.8,5.59,43.4,1665,2193,152.3
7958,135.7,2.33,55.5,1212,3240,120.07
7959,133.5,4.73,56.2,1795,2088,159.91
7960,160.6,3.88,38.8,1090,2599,113.62
7961,158.0,0.56,31.7,1366,2710,95.68
7962,158.2,4.74,45.9,73,1808,65.56
7963,153.7,0.94,45.5,1233,2923,103.54
7964,154.3,1.31,48.0,1798,1716,119.48
7965,154.8,1.7,35.4,1861,1292,113.05
7966,122.6,5.86,49.4,647,3071,127.58
7967,130.3,2.9,50.3,392,2101,81.34
7968,136.6,1.24,50.1,720,2128,75.51
7969,142.0,3.64,58.6,723,2175,96.26
7970,149.4,3.56,41.1,1484,2528,130.99
7971,147.7,5.72,46.0,1785,3250,166.26
7972,135.9,0.91,58.2,1818,1709,113.34
7973,140.7,0.77,54.4,944,1359,77.83
7974,162.0,3.98,37.1,1675,2296,134.41
7975,144.1,2.46,34.0,525,1488,63.99
7976,142.7,5.14,39.1,682,2167,98.07
7977,143.6,1.69,38.6,1758,1241,119.99
7978,140.1,5.4,43.9,79,2512,91.19
7979,142.3,3.07,42.2,162,1879,62.52
7980,143.7,5.2,54.4,1847,2409,156.61
7981,152.6,3.21,47.2,1297,2369,122.62
7982,162.6,3.73,44.0,1365,3492,136.58
7983,149.3,2.13,54.6,379,3302,75.98
7984,133.2,3.33,45.3,81,2744,67.36
7985,150.8,2.39,32.1,472,1423,59.72
7986,153.7,3.84,51.4,1287,2648,122.26
7987,147.6,4.09,44.9,994,3251,115.72
7988,164.4,2.81,37.5,1666,2426,126.68
7989,150.5,3.78,35.3,931,3320,112.61
7990,132.3,5.85,46.4,1212,1367,133.99
7991,142.0,2.7,34.9,431,3120,72.95
7992,136.5,4.96,38.1,1733,3096,150.97
7993,128.0,3.79,41.4,257,2800,84.34
7994,139.8,4.59,47.7,547,2524,100.25
7995,132.4,4.38,38.1,588,2984,99.23
7996,153.4,1.9,37.4,1911,1361,118.25
7997,109.9,2.5,52.4,506,1715,73.4
7998,158.0,5.75,45.8,1369,1821,136.14
7999,141.6,5.27,47.1,957,2175,120.04
8000,148.5,5.81,40.8,1447,1953,138.58
8001,154.9,2.51,38.8,882,2957,99.47
8002,145.4,2.63,52.6,1657,1836,126.25
8003,150.3,0.63,38.8,1686,2275,111.18
8004,141.2,5.98,52.4,1935,2613,167.09
8005,159.3,5.7,52.7,195,3038,95.8
8006,138.5,2.55,48.3,425,2148,68.58
8007,149.3,5.74,52.8,250,2735,90.52
8008,125.1,1.44,39.1,283,2386,58.1
8009,152.8,2.64,32.6,1426,2083,108.71
8010,147.4,0.91,43.3,806,2881,83.41
8011,152.2,5.61,27.1,1949,3454,167.58
8012,143.2,2.6,52.2,207,1704,54.35
8013,179.4,2.47,38.3,441,3390,73.52
8014,186.0,5.19,32.0,1622,1839,133.45
8015,171.6,3.98,57.2,1220,1795,116.38
8016,153.0,4.94,43.0,1286,1792,127.29
8017,135.4,5.79,49.6,854,3377,126.91
8018,120.1,1.26,49.8,449,2154,63.71
8019,152.7,0.84,50.4,109,1310,40.04
8020,136.4,2.49,47.5,1837,3144,145.35
8021,174.8,0.68,53.0,1062,2612,92.38
8022,142.3,3.57,33.9,1449,2511,125.62
8023,115.6,5.55,53.8,1021,1497,130.79
8024,163.6,1.44,37.6,243,1945,43.76
8025,162.6,1.58,42.9,1361,2313,109.56
8026,150.7,4.11,45.8,1882,3490,164.93
8027,159.9,0.73,61.0,185,1871,49.61
8028,136.8,0.99,43.6,1056,2728,90.39
8029,143.9,1.87,49.3,1929,2983,138.04
8030,156.0,2.68,43.0,310,1662,62.42
8031,157.4,2.18,26.7,1701,1646,116.72
8032,149.3,3.42,49.5,437,1563,79.65
8033,119.2,4.64,55.1,1163,2767,133.48
8034,103.8,2.12,50.0,1242,3483,120.65
8035,111.4,2.12,55.5,99,2042,53.01
8036,137.2,2.01,30.2,1284,1613,100.77
8037,164.8,0.64,39.5,660,2043,59.81
8038,149.9,0.62,52.2,837,2504,80.15
8039,120.6,4.03,41.7,478,2920,91.58
8040,171.2,5.44,43.0,208,2322,82.85
8041,153.9,2.47,44.6,1578,2111,129.06
8042,140.7,3.79,51.5,1916,2859,156.46
8043,160.9,3.76,50.1,1670,2899,142.41
8044,123.8,5.72,44.4,1403,2060,139.41
8045,170.7,1.4,51.7,322,3001,61.4
8046,154.0,4.35,48.8,1152,3108,122.46
8047,133.8,5.38,49.4,590,2445,108.47
8048,149.4,4.46,56.9,265,1769,79.12
8049,165.5,4.75,58.5,1308,1814,129.52
8050,148.1,0.88,37.5,347,1767,47.27
8051,146.7,2.56,33.0,734,2489,81.54
8052,147.3,3.62,48.7,992,1556,100.17
8053,121.5,4.06,38.3,55,2393,62.14
8054,156.5,4.82,50.8,1398,1455,137.64
8055,173.4,4.5,44.7,91,1243,70.54
8056,163.3,2.83,41.6,1598,2149,129.43
8057,155.5,4.66,38.6,337,1713,79.4
8058,136.4,3.86,43.6,494,3455,94.07
8059,149.0,2.39,47.0,624,1712,67.09
8060,152.6,2.17,44.8,53,3286,61.11
8061,140.2,4.08,44.1,394,2979,87.13
8062,161.2,1.27,43.1,1447,1856,98.72
8063,157.3,4.73,38.8,62,2929,70.43
8064,127.1,5.03,44.0,1351,3181,151.77
8065,142.3,1.68,54.2,968,1697,89.62
8066,170.3,0.55,42.2,110,2301,38.92
8067,167.4,4.37,44.0,1854,2762,150.48
8068,140.8,2.86,31.3,739,1494,75.98
8069,140.8,3.19,32.9,1083,2702,106.23
8070,135.6,2.68,33.9,1069,2638,104.91
8071,129.3,1.24,46.0,1293,2730,107.73
8072,137.0,1.53,47.3,783,2698,84.05
8073,156.7,1.58,47.9,1894,1340,123.6
8074,158.1,5.13,37.1,266,2038,81.12
8075,144.5,3.48,54.7,926,3132,111.84
8076,188.4,5.35,50.9,368,2216,95.8
8077,150.3,4.95,59.1,1016,2597,130.51
8078,192.9,3.64,42.0,1400,2335,127.99
8079,131.9,1.9,36.8,157,1409,43.31
8080,142.0,1.76,40.2,1868,3305,139.94
8081,139.3,1.53,43.0,294,3171,55.36
8082,133.0,3.9,57.9,1995,2301,161.46
8083,157.1,2.5,45.0,104,1807,57.05
8084,110.0,4.19,60.6,1605,1543,139.09
8085,163.4,4.19,56.6,1020,1929,108.44
8086,171.3,1.51,65.4,225,2093,60.39
8087,124.9,4.87,42.4,1246,1460,128.04
8088,140.8,5.74,33.9,1806,1399,139.36
8089,139.5,2.14,48.0,441,1554,68.76
8090,145.5,3.34,36.7,997,2665,108.23
8091,158.6,3.17,45.3,1547,2452,129.1
8092,171.4,3.21,38.5,446,2662,72.0
8093,138.3,2.73,52.2,1480,2975,129.74
8094,159.5,5.32,40.5,1258,3417,144.14
8095,163.3,4.77,49.5,1887,2841,167.84
8096,146.9,1.65,37.4,670,2721,80.19
8097,165.9,4.93,43.7,1191,3426,137.44
8098,156.9,1.46,26.8,1470,1381,99.21
8099,140.6,1.06,53.8,1149,2855,101.1
8100,148.2,1.46,36.7,719,1385,63.67
8101,138.2,3.54,49.5,1339,2139,121.68
8102,154.0,2.94,51.0,1965,2910,149.26
8103,155.9,2.25,48.2,1132,2918,111.39
8104,162.4,4.12,57.3,1588,3462,144.64
8105,165.5,4.58,42.9,685,2224,95.21
8106,133.2,1.79,52.4,673,1300,70.05
8107,117.6,2.9,33.6,1768,1708,123.24
8108,127.6,0.68,42.6,1288,1881,99.77
8109,131.5,5.92,32.2,897,1385,113.0
8110,119.4,2.25,43.1,1754,1542,120.88
8111,131.2,3.02,34.2,1558,2321,119.9
8112,139.0,4.5,45.9,637,2513,99.42
8113,170.3,4.88,41.6,259,1715,68.07
8114,171.5,1.27,46.5,527,2728,64.1
8115,128.7,4.04,51.8,765,2651,105.31
8116,147.5,1.81,54.8,766,2516,81.94
8117,161.1,3.86,57.6,684,1496,87.37
8118,125.8,5.59,51.0,165,2726,91.4
8119,147.5,0.52,51.9,1504,3181,111.68
8120,173.5,1.05,52.0,954,1824,80.74
8121,180.0,3.26,50.6,483,3328,84.3
8122,131.4,1.94,37.9,322,1576,53.62
8123,149.8,2.26,36.8,1882,2334,131.84
8124,161.8,4.66,54.2,153,1617,70.83
8125,137.5,2.82,31.3,1193,1439,95.19
8126,149.0,3.57,41.1,1393,3089,124.36
8127,133.0,4.19,39.3,937,2069,112.24
8128,150.5,5.08,43.4,1367,2077,134.7
8129,168.6,4.34,47.5,1751,1332,137.73
8130,157.7,0.84,42.8,702,2560,67.62
8131,160.4,5.97,43.9,279,2134,97.41
8132,144.8,5.63,44.3,790,1232,95.82
8133,148.2,4.77,50.4,865,1862,104.61
8134,141.6,2.69,58.6,360,3490,86.4
8135,165.9,2.85,37.2,1232,2929,104.76
8136,154.1,5.47,38.6,1984,1926,159.85
8137,176.4,4.85,41.0,574,2871,99.53
8138,184.1,4.47,45.4,166,3030,81.13
8139,144.5,3.72,57.3,324,1774,80.17
8140,153.2,0.61,31.6,911,3110,73.98
8141,188.6,2.14,26.5,1527,3066,120.69
8142,128.3,5.73,45.1,1589,3415,155.48
8143,149.9,3.05,45.7,144,3341,69.89
8144,146.8,1.91,34.1,988,3356,93.46
8145,148.0,3.88,44.4,1546,1809,127.66
8146,165.1,3.24,43.8,1466,2050,117.4
8147,153.9,5.7,55.9,1247,1988,141.19
8148,165.5,4.44,47.0,1042,2057,106.21
8149,144.9,3.87,62.4,107,1577,66.36
8150,157.7,4.62,41.9,1177,1936,116.62
8151,137.0,2.88,45.0,486,1342,74.5
8152,163.5,3.15,51.3,893,1935,95.41
8153,150.2,5.65,40.5,1699,3144,156.63
8154,141.9,0.71,34.6,1505,2374,103.79
8155,150.5,5.77,29.9,1234,1939,123.77
8156,170.8,1.2,43.9,1272,2614,107.71
8157,146.6,3.8,33.1,965,1553,95.95
8158,142.4,1.91,42.3,1064,2451,96.7
8159,140.9,3.32,38.3,747,3333,95.04
8160,149.7,4.94,40.7,956,2968,109.39
8161,136.4,3.61,45.2,1735,3373,148.45
8162,157.4,3.15,43.9,1943,2616,152.26
8163,157.9,2.67,41.2,638,1691,76.68
8164,165.0,1.32,43.6,605,2136,71.58
8165,160.9,2.01,44.6,916,1423,90.09
8166,147.3,2.79,51.8,1262,2746,121.55
8167,153.0,4.67,34.3,1550,2009,126.9
8168,154.8,5.27,39.3,1740,2997,165.66
8169,160.6,2.33,44.0,1274,2118,108.6
8170,159.2,1.22,47.4,456,1712,52.64
8171,138.5,5.26,47.8,1647,2229,148.96
8172,130.7,1.19,49.6,1331,3359,111.73
8173,140.2,4.9,46.7,257,3426,92.05
8174,139.9,1.81,32.3,1538,2866,117.21
8175,159.7,2.0,42.3,197,2535,58.85
8176,154.4,1.31,53.4,1282,3401,109.99
8177,177.1,4.09,53.2,778,2174,101.49
8178,167.9,1.65,40.0,462,2487,67.12
8179,166.6,2.96,52.5,1348,2714,117.01
8180,138.4,4.03,49.9,453,2831,98.26
8181,150.0,1.99,49.4,229,2787,57.71
8182,158.9,2.57,48.6,939,2431,101.78
8183,140.2,0.99,47.4,182,2093,42.4
8184,181.8,5.35,54.0,857,1869,102.64
8185,158.5,1.25,48.1,1373,2690,105.65
8186,160.5,2.98,48.6,214,1530,53.77
8187,130.7,1.25,49.0,729,1465,66.29
8188,165.9,2.65,38.9,546,1689,75.12
8189,165.9,4.64,43.6,1527,1261,125.12
8190,143.2,5.14,40.0,1868,3051,158.08
8191,145.9,2.99,61.4,144,3344,75.91
8192,145.1,2.57,46.7,1427,3248,123.32
8193,173.7,5.51,47.7,226,1928,83.16
8194,152.3,2.23,52.4,1328,3183,114.45
8195,155.7,2.5,50.4,832,2458,93.41
8196,158.9,5.47,52.5,865,1820,111.45
8197,132.4,2.48,38.7,1309,3086,116.33
8198,157.8,1.12,34.8,890,1235,69.48
8199,148.2,3.97,39.6,937,2614,102.53
8200,123.1,4.33,44.0,700,2171,97.73
8201,142.9,0.65,57.1,664,1481,56.38
8202,137.5,3.89,49.2,1076,3044,127.03
8203,159.7,2.6,53.3,200,1675,58.29
8204,140.0,5.13,42.6,282,2961,92.59
8205,164.8,0.76,42.9,893,2110,71.34
8206,121.2,1.1,33.8,344,2030,45.32
8207,153.1,5.94,27.8,1773,2369,155.38
8208,143.6,4.05,57.2,400,2948,87.55
8209,128.7,1.1,40.0,1862,3357,131.91
8210,154.3,2.33,45.5,1571,1807,114.89
8211,127.4,3.14,48.7,692,1623,91.45
8212,134.6,3.49,50.2,146,2605,69.22
8213,132.3,1.25,40.9,133,1352,37.75
8214,144.2,2.12,47.3,483,1586,62.0
8215,146.4,2.63,52.1,511,2927,82.65
8216,154.1,1.92,38.6,103,3080,63.27
8217,134.7,2.09,53.5,1314,3004,114.18
8218,150.3,1.64,48.1,1126,1303,89.81
8219,153.5,2.91,31.8,73,2626,60.0
8220,185.4,1.2,52.8,1017,2375,91.08
8221,148.3,3.41,34.7,1039,2652,105.33
8222,138.4,1.36,39.3,1193,1334,91.91
8223,155.1,1.31,50.8,442,2266,59.44
8224,157.5,5.5,42.9,154,3059,87.81
8225,170.4,5.0,46.3,406,2981,90.96
8226,169.3,5.51,50.1,450,1923,94.49
8227,138.6,2.87,37.2,638,3194,79.93
8228,156.3,1.25,46.3,1745,2042,114.18
8229,141.7,0.95,46.8,839,2620,76.47
8230,176.9,4.91,45.2,93,2528,75.63
8231,154.1,0.55,37.8,1319,3336,99.99
8232,180.6,5.39,30.8,777,1597,100.31
8233,142.5,4.47,51.8,567,3147,104.18
8234,137.6,4.53,40.6,1225,1587,117.89
8235,154.2,0.92,37.6,759,1974,67.52
8236,148.7,4.95,43.7,1481,3046,149.31
8237,123.7,5.96,42.3,714,3161,116.41
8238,181.0,3.04,37.0,895,2555,93.26
8239,139.6,5.4,32.8,1455,3306,139.62
8240,163.2,4.53,30.2,1102,2265,107.94
8241,169.9,3.65,49.3,1414,1383,116.36
8242,145.2,2.79,33.8,711,2532,87.12
8243,147.0,2.89,59.2,649,1373,79.99
8244,162.8,0.62,31.4,621,2131,59.79
8245,161.3,3.93,46.8,1237,2974,128.85
8246,150.0,5.53,29.7,1792,2932,161.29
8247,169.3,2.16,32.1,1956,2980,129.92
8248,161.0,1.83,50.0,1588,2606,121.04
8249,161.3,1.61,40.0,1047,1501,83.04
8250,152.9,1.27,35.5,736,1845,75.69
8251,173.3,4.66,45.9,843,1901,103.89
8252,151.3,1.12,50.9,414,2319,64.73
8253,146.0,3.56,41.0,1590,2254,133.27
8254,148.1,1.19,45.8,1012,2042,84.67
8255,139.4,2.32,39.1,1343,1532,102.47
8256,155.3,4.9,40.7,1224,2408,131.65
8257,151.9,2.42,44.5,265,3165,71.69
8258,151.3,1.92,35.5,416,1841,56.19
8259,151.2,2.56,38.2,708,2517,86.97
8260,157.2,3.9,38.6,1518,2867,131.75
8261,160.0,2.69,41.1,1911,3075,142.89
8262,127.5,0.75,36.4,1076,1220,70.47
8263,167.4,1.08,46.2,1896,3328,134.99
8264,145.9,1.78,37.7,605,2174,67.32
8265,144.5,1.68,40.3,1232,3492,113.53
8266,153.5,5.94,49.9,1837,3281,173.2
8267,160.7,5.1,45.3,758,1460,90.63
8268,129.4,4.3,55.5,422,2835,97.59
8269,148.9,1.49,37.5,761,1996,73.84
8270,156.8,1.29,42.6,65,3118,57.37
8271,147.7,5.34,49.2,1733,2653,160.62
8272,145.7,2.5,59.8,1709,2908,135.09
8273,125.7,4.45,50.4,636,1773,97.87
8274,155.3,0.88,41.7,892,3455,83.42
8275,127.1,1.64,40.3,671,3342,79.45
8276,150.5,4.47,32.9,841,2120,103.53
8277,127.7,5.7,39.9,1591,2172,152.46
8278,122.7,5.23,50.8,1212,1686,126.22
8279,166.3,5.58,39.7,1130,2627,123.23
8280,151.7,1.46,36.7,511,1326,51.65
8281,151.8,2.59,58.3,1345,2026,122.66
8282,139.1,5.43,38.4,1112,3450,132.17
8283,166.3,4.43,46.9,1069,2792,120.13
8284,145.7,2.78,28.8,1382,1906,102.07
8285,137.0,3.98,40.6,762,2497,102.67
8286,152.2,5.75,37.7,1595,3262,154.87
8287,141.1,4.21,52.5,1012,2369,110.22
8288,142.2,1.35,44.1,1415,1230,102.0
8289,145.2,2.25,56.9,504,1371,74.43
8290,137.8,2.79,43.4,1191,1997,103.27
8291,159.6,5.15,35.3,728,2131,103.46
8292,142.4,5.98,46.4,919,2931,127.1
8293,154.2,0.85,43.7,624,2869,71.55
8294,139.8,1.11,47.1,577,2690,66.85
8295,174.4,2.67,50.4,1904,2817,144.79
8296,142.8,1.37,33.0,1493,2278,102.25
8297,133.4,2.3,58.9,240,1312,59.9
8298,165.4,1.09,50.2,1977,1234,111.48
8299,149.1,5.54,56.5,576,1219,98.0
8300,154.5,2.93,44.6,1431,2070,120.67
8301,145.3,4.41,47.8,353,2299,85.48
8302,175.1,1.51,44.6,1716,2084,118.45
8303,146.0,5.89,39.6,1579,1657,144.74
8304,149.9,5.29,53.3,1841,2647,166.82
8305,132.2,1.25,40.8,561,2800,74.04
8306,125.3,4.85,46.7,1243,1884,125.1
8307,120.5,5.59,41.3,172,2258,86.82
8308,147.7,1.64,48.7,797,2158,87.12
8309,133.9,2.25,50.7,402,1843,74.93
8310,141.2,4.02,52.3,1902,2653,153.7
8311,140.7,1.34,35.6,910,2399,77.74
8312,132.2,2.22,42.0,1623,2718,130.96
8313,162.7,4.04,45.8,1236,2133,120.82
8314,158.7,2.34,59.5,506,1732,77.62
8315,130.9,2.76,51.6,419,1950,69.5
8316,134.7,0.6,25.0,1545,1391,81.19
8317,162.4,1.98,43.5,1954,2120,129.49
8318,159.8,4.24,44.7,327,2893,85.92
8319,155.1,5.86,42.0,308,3329,109.52
8320,148.5,3.09,47.0,82,1651,55.2
8321,170.5,5.87,48.7,749,1288,98.29
8322,156.7,5.03,33.1,1093,2597,114.34
8323,154.5,2.24,34.7,1922,1581,126.3
8324,165.8,4.45,44.3,505,1980,79.23
8325,145.7,4.62,45.7,1386,1698,123.01
8326,160.3,3.08,43.9,1730,3125,136.57
8327,159.3,4.52,56.3,1293,1552,121.32
8328,160.6,5.17,54.0,1277,2152,132.77
8329,144.8,3.11,46.7,805,3139,103.48
8330,129.1,0.84,56.2,405,1657,50.64
8331,155.1,0.64,48.8,297,2672,64.65
8332,143.1,5.42,37.5,1023,1549,112.34
8333,156.8,4.0,33.9,1773,1876,138.15
8334,152.1,5.04,38.1,1524,1574,132.56
8335,174.9,5.31,41.4,1666,3351,157.65
8336,144.3,1.39,39.2,1997,2542,127.75
8337,143.8,4.74,47.4,1795,1392,145.73
8338,137.6,2.06,47.1,57,1714,45.12
8339,146.2,4.52,49.8,110,2931,83.25
8340,170.5,4.92,40.7,225,2358,83.53
8341,162.9,4.01,45.8,1981,2915,157.57
8342,147.4,1.35,51.0,1965,1998,133.77
8343,157.7,4.14,35.2,628,1408,85.08
8344,118.0,2.0,37.9,1129,1649,96.26
8345,158.0,0.77,57.5,1042,1982,77.44
8346,173.1,2.03,34.8,1597,3040,125.83
8347,149.5,1.52,42.0,1600,2447,115.47
8348,172.4,3.88,56.7,327,2167,81.96
8349,157.8,3.77,48.7,978,2734,106.97
8350,154.9,5.12,33.2,188,3328,83.42
8351,142.5,3.18,44.1,1888,2266,142.18
8352,172.2,2.4,62.4,1505,2109,125.37
8353,145.1,1.25,47.0,113,1994,41.04
8354,130.5,5.63,40.2,995,2865,121.52
8355,145.2,3.66,55.5,537,1820,87.93
8356,145.0,1.25,54.9,627,3088,83.27
8357,134.0,3.77,36.9,557,2834,88.95
8358,148.2,2.24,43.7,714,1730,68.6
8359,152.4,5.1,46.5,566,3296,112.55
8360,158.2,2.9,40.4,438,2412,79.87
8361,151.2,1.99,46.8,543,2224,74.24
8362,147.0,5.35,55.1,1589,1458,145.91
8363,131.4,4.92,48.3,436,1660,88.92
8364,155.4,4.47,33.8,660,2061,89.66
8365,158.8,4.42,35.1,1073,1268,105.96
8366,144.5,2.77,34.8,257,2885,65.5
8367,136.9,0.62,51.9,1559,2962,108.67
8368,151.9,5.27,42.3,465,2296,97.86
8369,158.2,5.46,55.3,892,2958,135.89
8370,176.3,4.64,47.0,248,2309,77.53
8371,128.6,5.21,41.2,1367,2215,135.04
8372,137.7,5.38,42.6,1732,2370,155.43
8373,130.0,1.17,57.9,1961,1249,125.79
8374,135.3,5.44,25.0,307,2831,87.65
8375,126.4,4.33,47.8,116,1442,67.18
8376,149.0,2.16,49.4,1850,2439,135.35
8377,183.4,3.95,57.9,741,3333,109.61
8378,151.5,1.18,34.3,1685,2368,121.85
8379,156.6,5.79,58.1,1677,2896,166.03
8380,139.4,1.46,48.7,95,2038,42.01
8381,138.5,5.51,40.4,624,1922,102.75
8382,152.6,1.92,51.6,143,2713,61.33
8383,158.6,2.34,40.8,1216,2775,104.9
8384,126.9,2.84,30.6,1941,1625,128.92
8385,138.0,4.38,41.7,341,1997,76.38
8386,171.1,2.01,46.5,508,2024,72.05
8387,173.5,5.99,57.4,1933,1714,165.78
8388,145.4,2.7,31.9,410,2371,67.29
8389,129.0,3.79,42.8,675,1719,87.48
8390,137.8,0.6,49.9,408,2933,64.46
8391,133.6,4.41,54.1,1356,1791,131.74
8392,104.0,5.09,49.8,676,3292,120.95
8393,145.6,4.67,40.8,1238,3251,127.73
8394,143.5,4.05,38.8,786,3311,104.38
8395,171.9,1.04,52.1,1759,1318,108.7
8396,160.4,5.2,37.7,1701,2671,150.33
8397,154.9,0.95,38.2,785,1780,62.09
8398,178.2,2.29,54.6,1844,1230,129.46
8399,148.4,1.37,31.2,53,2292,39.45
8400,168.6,1.91,35.0,1318,2815,108.58
8401,130.6,4.51,61.5,841,2090,116.36
8402,140.6,4.21,53.4,495,1532,77.71
8403,186.7,0.9,39.2,1724,1861,112.47
8404,123.3,5.75,53.7,166,1577,80.98
8405,127.8,4.88,44.1,1718,2343,142.71
8406,159.4,2.05,46.0,1717,3368,134.07
8407,138.2,5.46,38.6,1761,2671,157.92
8408,153.6,5.38,52.5,469,3033,106.49
8409,133.4,3.2,52.1,390,1438,67.62
8410,136.4,5.33,43.5,850,2397,113.95
8411,147.0,3.38,50.5,1007,1887,97.82
8412,166.7,5.91,36.4,288,2104,83.7
8413,155.2,0.75,46.6,291,2323,47.42
8414,175.4,1.34,46.8,982,2654,90.08
8415,158.4,4.58,52.2,60,1696,70.45
8416,173.4,3.82,43.6,1048,2420,107.12
8417,144.8,3.52,48.2,1900,1272,140.39
8418,136.2,0.79,56.0,1960,2361,126.94
8419,159.3,0.56,45.5,747,2531,78.5
8420,154.1,2.48,50.3,1368,1949,115.78
8421,151.8,1.9,42.8,57,2071,53.44
8422,149.4,1.46,45.8,1225,3062,111.92
8423,144.6,2.58,42.7,215,2609,63.8
8424,192.9,5.46,46.0,882,1981,118.01
8425,152.5,4.89,44.6,77,2912,81.4
8426,151.3,0.91,35.6,1461,1478,91.46
8427,158.9,0.96,63.2,341,2926,64.96
8428,133.6,1.45,38.7,1135,1886,93.67
8429,126.0,1.42,47.2,92,2008,38.21
8430,155.2,3.35,41.6,1561,1391,116.13
8431,146.3,5.35,42.7,648,1497,98.57
8432,181.3,2.41,42.6,1342,2590,110.93
8433,156.4,3.25,52.3,812,2926,104.88
8434,161.9,4.84,37.4,466,1265,79.35
8435,142.8,3.05,51.0,1802,3161,150.29
8436,154.6,2.87,42.3,1273,3476,122.85
8437,133.6,5.12,38.0,450,3453,101.26
8438,130.9,5.8,40.9,692,2767,120.77
8439,166.0,0.81,43.7,1840,2243,114.25
8440,143.7,4.19,44.9,239,2891,81.58
8441,128.9,1.31,42.3,523,1672,63.66
8442,141.1,3.58,49.3,128,3066,77.75
8443,152.6,2.79,42.9,1500,2870,121.99
8444,145.5,3.63,47.6,363,1777,75.15
8445,155.8,1.51,54.9,1687,3251,129.14
8446,147.0,1.0,48.3,1388,3196,108.75
8447,160.4,1.0,40.6,183,3091,56.55
8448,166.7,1.75,46.0,624,2231,73.85
8449,154.4,4.77,45.8,1762,2875,151.06
8450,169.5,4.36,53.8,1442,3155,134.62
8451,140.0,1.17,51.7,1191,1856,93.98
8452,141.3,4.44,35.6,1777,1846,145.92
8453,149.2,3.52,52.8,1228,3381,127.08
8454,146.2,2.88,47.4,1260,1577,102.82
8455,149.4,4.44,47.0,299,2509,95.05
8456,167.2,0.69,43.7,255,2081,43.13
8457,146.6,4.95,40.3,743,3460,122.08
8458,168.4,4.06,59.7,352,1532,79.77
8459,146.4,4.9,46.8,1450,1644,135.71
8460,152.2,4.03,39.7,1267,2948,126.88
8461,155.1,2.46,34.6,1421,2835,112.17
8462,107.0,3.17,36.4,1318,1795,110.96
8463,149.3,2.81,32.5,932,1668,82.71
8464,125.5,5.1,48.9,477,2050,93.94
8465,150.4,4.23,43.6,749,2114,97.99
8466,170.9,2.95,52.1,1657,3264,131.97
8467,136.1,3.7,39.4,1019,1554,103.15
8468,152.8,1.54,45.9,768,3076,85.91
8469,162.2,3.66,46.7,1781,2172,139.18
8470,139.6,2.03,36.7,1903,1248,117.58
8471,142.5,3.81,49.8,1010,1743,113.85
8472,140.4,1.16,45.5,1254,1529,89.65
8473,161.2,4.49,40.3,1061,2653,114.59
8474,170.9,0.94,43.2,1690,1233,103.85
8475,158.2,1.85,46.4,375,2568,64.63
8476,170.3,5.12,43.3,453,3313,107.06
8477,174.1,1.42,47.5,700,2613,77.63
8478,155.7,3.37,25.1,1958,1825,145.56
8479,130.2,5.92,56.3,456,1743,108.9
8480,128.0,2.76,54.1,1180,3125,116.11
8481,114.0,2.99,52.8,1375,2385,118.5
8482,125.8,4.48,39.4,712,3119,104.52
8483,141.9,0.74,42.6,114,2049,37.14
8484,181.4,5.62,41.3,407,2289,86.73
8485,144.3,4.05,33.3,1051,2702,107.96
8486,150.0,2.02,43.2,524,1572,67.23
8487,155.4,3.93,56.1,707,2322,99.07
8488,128.7,1.82,59.5,833,2578,98.0
8489,165.5,1.75,26.1,1302,3223,97.91
8490,191.4,3.29,31.2,1471,2557,118.2
8491,165.5,1.22,45.4,1660,3426,127.41
8492,162.7,2.91,34.4,465,2374,75.0
8493,139.7,5.13,59.8,1274,3477,139.25
8494,153.5,1.01,47.7,895,2501,75.48
8495,148.5,1.54,42.5,1550,3352,130.8
8496,144.9,5.12,67.1,391,2320,97.13
8497,149.0,3.85,36.5,1229,2129,113.79
8498,152.9,3.14,40.6,1845,1406,132.65
8499,134.1,3.56,56.0,531,2051,94.62
8500,168.1,4.97,35.7,1828,2187,145.25
8501,146.9,3.76,56.8,1025,2911,111.54
8502,182.5,0.92,44.7,1304,1241,83.05
8503,160.8,5.85,48.3,1617,2129,158.46
8504,151.8,3.54,46.1,1126,2204,113.07
8505,122.2,1.02,40.8,1650,3407,118.93
8506,139.5,5.61,42.8,950,2156,114.43
8507,149.3,2.23,46.3,373,2884,78.72
8508,157.1,3.78,39.7,1735,2584,138.88
8509,136.9,4.04,33.4,98,1519,68.64
8510,140.1,0.6,50.7,1615,3055,114.08
8511,121.8,3.55,48.1,1322,3497,132.21
8512,154.9,3.41,41.5,344,2238,75.49
8513,141.9,2.98,40.1,1166,2131,108.17
8514,166.2,2.94,42.8,249,3426,70.19
8515,161.7,5.05,45.1,1923,1390,147.16
8516,183.9,2.67,42.1,875,2233,86.84
8517,157.3,5.33,35.4,1925,2422,169.98
8518,156.9,0.92,32.2,405,1795,52.06
8519,160.0,0.59,44.4,1289,2011,96.46
8520,172.1,5.85,44.1,1929,3314,175.32
8521,117.1,4.41,55.8,1155,2275,130.18
8522,163.2,1.01,45.2,1859,1449,117.23
8523,165.7,0.73,45.1,661,1249,63.53
8524,131.6,5.0,29.7,495,1774,89.82
8525,151.9,1.73,38.8,549,1213,55.43
8526,175.3,1.86,34.8,194,1651,43.2
8527,134.0,5.12,48.0,1117,3238,136.26
8528,157.6,1.17,41.4,1132,3230,95.14
8529,161.0,4.18,40.4,1548,3314,138.43
8530,152.5,4.67,52.8,866,2788,119.29
8531,152.7,0.99,56.6,750,1204,68.79
8532,149.2,3.9,27.7,804,1508,84.24
8533,143.4,4.79,56.4,1081,1559,118.17
8534,152.2,4.38,39.8,1373,2824,129.33
8535,180.6,5.04,50.8,1380,2698,136.36
8536,135.8,4.91,45.7,732,2121,103.65
8537,133.1,2.87,47.1,1938,2946,153.39
8538,148.6,1.15,46.8,965,1797,78.34
8539,162.4,1.8,46.2,1446,2734,111.77
8540,107.4,5.08,54.7,1915,2128,162.01
8541,162.4,4.76,45.6,353,2536,84.75
8542,147.4,2.15,52.7,854,2110,88.98
8543,170.5,3.3,44.7,191,2871,68.34
8544,137.3,1.56,52.3,1508,3424,115.07
8545,161.4,1.17,39.0,139,1830,43.75
8546,143.4,5.06,42.3,88,2124,75.05
8547,141.3,3.13,57.1,896,3265,110.39
8548,172.0,2.22,25.0,284,1878,47.83
8549,161.7,2.03,45.9,1563,1492,111.0
8550,171.2,5.94,48.7,655,2456,112.29
8551,140.7,1.51,47.0,1785,1234,118.5
8552,154.1,4.21,39.6,526,2550,91.47
8553,176.2,4.77,33.9,983,2591,109.95
8554,155.6,3.0,53.6,1048,2525,110.05
8555,161.6,3.53,40.2,1398,1345,114.93
8556,129.0,1.46,41.3,466,1723,57.55
8557,153.1,0.71,56.6,987,2396,89.31
8558,144.7,1.24,44.6,757,1703,69.01
8559,158.4,2.77,35.5,1139,2616,102.96
8560,173.3,2.35,43.7,1906,2056,134.61
8561,161.8,5.06,61.5,1345,1718,133.17
8562,186.0,3.68,43.8,1719,3247,145.63
8563,120.1,1.07,42.0,448,2832,60.86
8564,149.2,5.56,51.6,1676,2621,158.88
8565,146.5,0.94,54.2,512,2971,71.51
8566,135.9,4.35,25.0,766,1425,87.17
8567,157.0,3.06,42.1,1517,3469,134.68
8568,145.7,2.45,49.2,1988,2073,140.14
8569,160.3,1.66,38.0,521,2799,68.4
8570,160.3,5.52,37.8,1791,1813,152.65
8571,149.8,1.57,54.0,334,2786,67.42
8572,133.0,5.29,62.8,1260,3015,149.53
8573,173.2,5.0,53.4,1280,1206,126.83
8574,165.5,2.74,38.1,679,1442,74.58
8575,137.8,4.55,36.0,190,1589,73.71
8576,125.7,0.85,51.3,53,1983,45.25
8577,146.7,4.18,53.3,1155,3153,126.52
8578,129.5,3.09,39.3,50,1878,54.98
8579,150.5,5.39,44.8,216,2163,83.26
8580,164.4,0.97,32.0,1840,1405,111.11
8581,136.3,5.79,46.8,1538,1567,144.71
8582,139.8,2.5,62.3,1527,2903,132.61
8583,170.7,2.96,46.3,408,1705,73.87
8584,150.2,5.59,42.0,117,1561,72.57
8585,176.4,1.14,55.1,1855,1644,120.09
8586,142.9,2.67,42.4,779,2806,92.4
8587,150.9,4.68,37.5,560,2279,92.71
8588,136.9,1.78,46.9,316,1403,59.34
8589,150.6,2.07,56.7,1604,3071,125.73
8590,146.4,4.47,41.8,542,1840,87.6
8591,148.0,1.89,39.1,1835,2448,128.11
8592,174.4,5.88,48.4,1971,1987,161.42
8593,143.9,3.54,37.8,1951,2249,144.5
8594,147.3,1.39,55.5,1950,1299,130.56
8595,132.8,2.45,48.4,1744,1521,118.27
8596,146.9,2.07,46.2,1574,1559,115.86
8597,159.3,3.68,41.5,407,1620,64.73
8598,115.9,2.13,48.5,559,2118,81.23
8599,150.3,0.54,34.9,1622,3086,113.59
8600,169.7,4.29,56.6,1843,2904,165.38
8601,138.6,1.4,59.6,1423,1332,111.62
8602,170.9,4.8,49.9,1152,1269,118.69
8603,146.9,5.83,54.0,237,3452,105.11
8604,124.3,1.49,46.8,1820,1373,123.01
8605,150.5,4.1,53.0,1967,2314,149.54
8606,147.6,3.53,52.8,454,2216,85.21
8607,146.5,4.18,25.8,475,1930,76.06
8608,162.8,4.09,57.2,691,2277,107.29
8609,145.4,3.28,33.1,457,2839,81.7
8610,163.6,3.0,52.9,267,2575,78.22
8611,169.6,4.53,38.8,1271,1204,108.76
8612,142.2,0.68,33.5,1792,2005,108.69
8613,139.8,4.08,38.9,1478,2993,143.1
8614,133.2,3.96,42.7,1925,3077,163.66
8615,161.3,3.86,56.4,952,3298,119.53
8616,180.2,3.27,34.5,785,3263,93.99
8617,146.6,2.5,48.7,1944,2705,135.22
8618,143.0,5.79,39.0,535,2290,95.98
8619,148.0,5.89,60.3,675,2097,117.52
8620,122.1,4.06,51.7,223,1641,76.72
8621,120.1,2.99,42.8,1353,2254,123.08
8622,152.9,1.45,40.0,512,2713,67.42
8623,135.5,4.91,64.1,1641,3317,151.65
8624,168.3,4.58,52.4,1521,2425,137.46
8625,141.1,0.92,41.5,1290,1805,91.4
8626,158.4,5.42,30.2,257,3214,86.63
8627,169.9,0.68,33.8,921,2460,69.92
8628,139.6,4.61,38.2,1401,3158,133.83
8629,165.8,2.26,46.1,1528,2979,114.03
8630,150.4,2.75,39.6,1089,3348,111.28
8631,153.5,1.31,46.7,1692,2686,123.36
8632,153.8,1.5,46.4,1265,1964,97.39
8633,132.3,2.79,56.3,1940,1987,141.48
8634,143.4,1.06,55.7,100,2416,48.18
8635,185.0,3.05,44.7,154,2013,68.32
8636,144.7,2.27,38.8,1935,2808,143.05
8637,161.0,4.85,44.6,1706,2054,142.89
8638,141.1,1.97,28.7,1294,2654,103.54
8639,182.6,4.72,49.7,1877,2240,155.29
8640,158.7,5.86,46.7,1936,1654,155.62
8641,139.7,5.04,45.6,522,1971,97.31
8642,149.5,0.98,40.6,1247,1716,91.02
8643,180.1,3.97,58.7,1554,2474,141.49
8644,169.7,0.61,40.8,1936,1760,117.94
8645,136.2,1.03,36.5,637,1437,63.41
8646,160.8,1.62,50.1,1710,3173,134.27
8647,147.5,3.26,58.6,1267,1232,104.72
8648,156.4,3.25,47.3,239,2881,75.48
8649,151.0,4.11,45.5,268,3220,83.41
8650,191.8,5.6,43.7,1363,2936,138.41
8651,148.4,0.87,36.7,773,2653,69.93
8652,151.2,4.77,29.3,634,1776,88.18
8653,175.0,3.72,36.8,499,2226,91.92
8654,176.6,4.61,37.1,453,2701,92.75
8655,167.7,1.91,44.8,1947,1887,128.58
8656,141.9,1.92,45.6,1119,2914,101.85
8657,165.5,3.13,48.4,1200,2216,115.13
8658,166.7,3.67,27.0,847,1494,87.76
8659,159.7,3.13,36.3,1794,3057,142.51
8660,156.9,3.81,44.9,1312,2454,127.11
8661,161.5,3.17,38.8,326,2626,75.67
8662,164.6,4.14,52.8,1765,1579,140.88
8663,164.4,1.4,49.2,1469,2829,109.59
8664,147.5,4.04,56.5,1907,1593,146.08
8665,170.0,0.66,42.4,1459,3214,104.92
8666,150.7,4.28,60.6,1950,1247,159.05
8667,132.8,3.91,36.4,908,3200,116.23
8668,149.3,2.86,50.8,1547,1412,123.14
8669,170.2,5.67,47.8,409,1804,99.53
8670,145.5,2.94,45.4,1058,1617,98.03
8671,135.1,5.02,39.8,133,3408,84.24
8672,134.3,1.75,51.1,1298,2316,104.48
8673,166.8,4.52,39.6,1344,2482,128.47
8674,147.7,4.43,50.6,1533,1264,137.94
8675,164.9,5.95,39.5,1007,3398,129.62
8676,134.4,3.77,39.7,1079,1908,107.53
8677,151.0,3.97,44.5,1036,2213,114.17
8678,149.2,2.91,46.6,1042,3415,119.57
8679,131.0,1.2,39.9,1851,3022,124.42
8680,163.3,0.65,31.0,708,2867,68.81
8681,134.5,1.72,56.8,1517,1457,109.29
8682,158.5,3.83,47.2,998,2394,100.56
8683,179.2,1.37,51.5,1050,2558,84.5
8684,145.1,2.58,58.4,410,1953,71.73
8685,171.0,5.29,40.5,767,2369,111.17
8686,139.0,6.0,43.2,1786,1771,150.41
8687,163.1,2.77,54.7,959,2708,102.68
8688,125.7,1.12,59.5,1748,3444,134.99
8689,136.7,3.44,54.7,655,2477,90.65
8690,163.9,1.94,52.2,372,2048,60.54
8691,126.6,3.94,51.2,1912,1391,141.26
8692,148.8,1.75,43.8,1571,2974,119.23
8693,188.5,5.02,44.6,787,2221,101.28
8694,124.2,5.24,54.8,1451,2320,146.78
8695,149.9,3.57,49.3,1225,2780,120.63
8696,155.8,2.72,36.8,226,3417,69.62
8697,155.7,0.87,33.4,861,3412,86.53
8698,166.3,0.6,55.9,736,1874,65.13
8699,155.5,4.31,48.7,1415,2010,131.76
8700,147.0,4.4,41.4,911,3148,115.54
8701,135.2,2.39,44.1,1557,2998,127.33
8702,164.8,2.04,53.2,1168,3297,112.71
8703,172.4,3.06,55.1,635,2645,95.46
8704,130.2,5.77,44.9,106,3027,102.0
8705,154.9,3.39,31.8,433,1880,68.44
8706,153.6,3.57,53.7,206,2683,78.09
8707,149.0,2.84,37.2,1403,3225,126.88
8708,149.9,5.63,52.9,340,2063,92.7
8709,165.2,5.98,43.9,992,1618,120.21
8710,135.8,5.58,42.1,420,2224,103.66
8711,159.3,2.98,45.7,779,1797,86.14
8712,157.6,5.66,51.7,1655,2351,160.18
8713,148.2,2.4,51.3,1633,2303,128.33
8714,170.5,0.56,50.6,1669,3085,119.77
8715,160.6,4.61,56.7,1496,2324,142.97
8716,139.9,0.81,44.4,1349,2726,90.5
8717,151.8,2.54,56.1,429,2943,80.67
8718,167.2,2.28,52.5,1975,2885,141.51
8719,174.3,4.18,47.3,1402,1248,121.42
8720,152.6,1.49,30.7,1082,2326,92.79
8721,126.8,3.66,45.7,297,1268,64.43
8722,147.1,3.44,41.1,1504,1326,119.66
8723,144.0,3.76,48.3,72,2200,69.56
8724,169.6,2.1,32.1,1693,3303,132.01
8725,165.2,4.92,37.2,1454,1412,124.44
8726,140.6,0.7,59.2,1968,3029,137.29
8727,140.7,2.72,48.6,1463,3291,130.72
8728,142.1,2.35,51.1,797,2945,99.48
8729,158.0,2.07,50.0,1943,1460,121.35
8730,176.6,4.72,29.8,626,2346,96.45
8731,163.9,2.1,46.4,1126,2628,103.26
8732,150.7,5.08,48.5,1057,2698,123.65
8733,168.4,0.91,54.4,1900,2848,124.47
8734,176.6,0.57,42.6,403,1674,49.81
8735,129.9,2.82,38.5,592,2606,77.22
8736,148.2,2.9,35.8,1754,2491,136.94
8737,143.0,2.46,54.1,1214,2975,112.64
8738,151.4,0.77,34.8,251,2883,43.45
8739,165.4,2.18,39.8,1747,2520,129.43
8740,142.2,1.04,53.0,490,2628,70.29
8741,151.7,1.17,49.6,936,2361,86.89
8742,125.1,5.28,41.1,496,1312,90.47
8743,137.4,1.27,44.4,203,3315,52.43
8744,161.3,3.7,45.7,1544,1565,125.71
8745,160.4,1.43,39.1,416,1559,52.5
8746,150.1,1.42,39.6,1995,2741,136.15
8747,162.9,5.61,50.6,1459,3381,151.08
8748,142.2,0.94,34.7,440,1890,51.12
8749,139.7,3.08,49.2,194,3074,76.58
8750,151.7,1.08,53.5,1313,1868,99.12
8751,159.1,1.72,50.4,1212,2847,107.82
8752,155.9,4.9,37.4,1779,3078,154.7
8753,158.4,2.86,49.6,746,2067,87.22
8754,130.4,1.05,36.4,446,3301,67.15
8755,141.7,1.95,43.9,501,1483,62.71
8756,156.0,2.21,36.6,1363,1413,104.37
8757,142.8,2.41,46.9,100,2155,57.58
8758,154.5,0.7,34.3,364,2644,51.76
8759,166.2,4.9,43.3,220,2913,91.81
8760,139.1,3.44,44.0,1053,2600,104.01
8761,132.3,1.72,32.1,1998,1734,131.64
8762,151.5,5.48,54.5,439,2534,109.08
8763,151.7,1.33,48.1,1220,2079,96.68
8764,151.7,3.71,46.8,141,3182,74.39
8765,167.6,5.07,41.3,1744,1435,144.95
8766,162.0,2.09,40.0,446,2375,69.75
8767,149.2,2.96,37.6,1728,1464,128.0
8768,133.8,4.09,32.1,1537,1280,123.16
8769,178.7,4.76,33.1,407,1803,80.8
8770,145.4,2.52,38.1,1397,1663,101.34
8771,157.1,3.0,35.1,232,1237,52.57
8772,151.0,3.95,42.3,1065,2638,116.1
8773,161.9,1.3,51.1,517,1203,59.72
8774,127.7,3.07,46.1,963,1205,96.29
8775,138.6,2.23,48.2,1193,3225,116.11
8776,133.3,2.47,43.2,328,2918,74.06
8777,137.3,4.96,46.7,1127,2996,137.91
8778,174.8,3.46,42.4,1729,1326,125.53
8779,147.3,3.68,30.5,420,1997,74.49
8780,148.8,5.64,32.2,1121,1519,119.49
8781,144.4,0.85,51.4,285,1455,48.86
8782,161.6,1.39,45.1,378,2846,59.3
8783,164.4,1.71,47.8,528,3357,83.74
8784,143.8,4.38,38.7,1107,1512,112.87
8785,159.7,1.22,36.3,853,1928,68.16
8786,151.0,0.81,41.5,147,2333,49.91
8787,117.4,4.12,35.5,536,1450,79.92
8788,145.0,2.93,50.1,289,3459,83.75
8789,177.2,5.2,44.6,606,1519,88.05
8790,155.6,2.14,38.4,897,2917,97.05
8791,157.0,4.88,48.0,960,2356,113.99
8792,158.5,1.83,62.5,1265,2410,100.33
8793,135.6,5.29,47.2,209,3463,95.82
8794,155.5,5.64,50.2,1822,3072,169.55
8795,135.7,2.15,30.8,939,1329,82.22
8796,157.5,5.44,45.7,600,2469,106.86
8797,145.4,2.21,47.0,1129,3307,111.38
8798,120.4,5.56,38.8,788,2502,112.01
8799,148.2,1.79,51.8,559,2110,77.99
8800,151.5,5.78,33.0,120,2449,77.04
8801,138.8,1.24,30.4,918,3453,90.19
8802,150.6,5.79,44.0,1794,1204,158.91
8803,156.7,3.98,44.3,982,1697,99.76
8804,157.0,3.49,41.2,967,2252,99.71
8805,184.6,1.43,48.2,243,2236,54.83
8806,155.0,4.54,26.8,1745,1511,134.16
8807,149.2,1.42,60.5,915,1502,87.55
8808,113.7,5.51,48.6,217,1832,84.55
8809,164.4,2.08,51.5,178,2202,60.56
8810,165.4,3.92,42.0,382,1443,74.88
8811,146.7,4.95,46.0,456,1269,94.19
8812,132.4,3.7,43.5,1455,1383,119.43
8813,157.4,1.24,28.2,434,1599,41.61
8814,179.5,1.95,60.5,737,2310,75.16
8815,157.5,4.0,39.4,1452,2733,129.1
8816,170.1,1.72,59.3,1773,1383,122.34
8817,147.8,1.39,58.5,1939,2563,144.01
8818,142.0,3.41,48.4,1003,3045,111.77
8819,158.0,3.6,46.6,1525,3089,139.86
8820,164.7,3.23,37.7,1456,2465,130.09
8821,140.0,0.78,43.9,1429,2438,105.3
8822,156.8,5.57,27.8,1778,3204,151.71
8823,153.6,4.86,45.8,910,2349,111.97
8824,140.4,3.52,53.7,1366,2997,140.26
8825,164.5,2.38,56.2,1090,2806,102.2
8826,152.4,3.8,38.0,588,3331,97.59
8827,132.4,1.62,39.8,537,1353,64.04
8828,156.0,3.56,48.8,726,2133,90.9
8829,171.1,3.16,68.7,623,1694,87.43
8830,158.7,1.29,60.3,838,1546,74.9
8831,147.1,3.23,50.3,248,1597,61.93
8832,167.6,2.51,58.2,186,2915,70.02
8833,151.1,5.91,52.6,1319,1516,132.9
8834,151.3,2.2,30.6,370,1521,61.23
8835,125.4,4.31,38.4,788,1838,97.99
8836,156.8,3.82,54.5,1763,2569,147.97
8837,173.3,1.16,39.6,540,3448,78.66
8838,137.1,3.41,58.0,890,3175,106.52
8839,143.5,3.29,45.1,193,1596,67.26
8840,108.5,1.56,44.4,1272,1945,104.8
8841,145.3,4.86,48.1,1145,2414,123.65
8842,154.6,3.77,48.0,128,2792,65.15
8843,135.6,5.85,45.1,1602,3430,159.65
8844,161.4,5.25,50.8,1113,3425,130.59
8845,147.8,0.55,30.5,1027,2835,76.66
8846,164.9,1.33,44.7,180,1657,47.94
8847,131.9,1.85,40.9,153,2283,53.63
8848,152.9,0.73,41.1,163,2842,47.17
8849,150.0,2.17,47.7,579,3050,79.47
8850,134.1,4.22,50.5,860,2064,103.6
8851,142.7,0.51,32.2,1335,1730,89.8
8852,157.6,3.06,48.6,1786,1718,136.49
8853,174.8,3.67,51.5,934,3431,118.34
8854,135.6,1.41,50.7,1963,2148,128.65
8855,175.7,5.3,50.6,1729,2901,156.24
8856,145.0,5.14,33.8,1595,1464,133.64
8857,175.4,3.99,39.9,1889,3185,156.47
8858,143.5,5.97,62.6,1548,1522,144.15
8859,150.9,4.79,53.4,1734,1556,143.69
8860,132.9,3.44,45.3,1307,2710,132.25
8861,154.8,3.4,41.6,215,3496,77.96
8862,145.5,5.68,51.2,371,3492,103.83
8863,153.4,5.0,50.4,570,1347,94.66
8864,144.4,4.25,59.7,645,1903,96.7
8865,162.6,3.17,35.9,532,1857,73.83
8866,128.9,3.12,38.5,1146,1347,104.54
8867,120.8,4.59,36.8,1712,2868,155.3
8868,127.2,0.9,31.0,988,3022,81.79
8869,200.0,3.5,58.6,104,2408,75.02
8870,150.0,4.58,37.6,1090,1669,106.62
8871,155.1,5.38,42.3,646,3326,108.84
8872,151.5,5.23,40.1,1921,2465,162.42
8873,141.4,1.58,59.3,1818,2638,145.38
8874,129.8,3.58,42.1,907,3420,109.11
8875,172.8,0.67,31.2,1035,2658,75.48
8876,158.6,3.76,53.6,402,1225,70.11
8877,152.5,0.88,48.4,884,1780,71.29
8878,157.7,4.62,43.6,1789,3290,150.93
8879,152.1,3.33,45.9,674,2727,98.24
8880,148.6,3.19,39.7,489,2452,80.58
8881,131.5,2.02,29.7,418,1230,54.19
8882,132.6,1.45,48.0,331,2402,56.72
8883,167.1,2.55,32.2,222,2643,60.16
8884,144.1,3.07,60.6,1245,2247,120.4
8885,140.4,5.51,48.2,1965,3434,178.79
8886,172.8,5.74,40.6,1604,3234,151.9
8887,135.3,3.29,42.8,1728,3071,146.54
8888,148.9,3.49,41.4,1500,3172,136.29
8889,149.5,2.85,47.3,1795,2939,148.57
8890,116.4,4.24,25.7,534,2194,79.19
8891,159.7,1.39,38.6,263,2147,52.29
8892,137.9,1.61,40.6,1460,2461,111.95
8893,149.6,5.43,46.8,1672,2108,157.06
8894,151.0,5.61,38.8,1356,3034,144.98
8895,158.0,2.49,38.7,1398,1441,107.8
8896,155.3,2.78,50.0,948,1626,90.65
8897,145.2,5.26,46.1,758,2544,113.36
8898,160.5,2.81,37.6,327,1931,62.98
8899,149.8,3.7,51.1,218,3391,84.55
8900,159.2,0.73,51.5,1110,2916,89.66
8901,170.2,0.65,46.5,903,1512,68.34
8902,160.9,3.61,32.5,384,1854,70.44
8903,136.9,0.72,57.1,1359,2300,106.92
8904,143.6,4.86,45.1,1473,2332,134.35
8905,143.9,5.2,54.7,381,2079,91.48
8906,152.6,4.11,49.2,999,1863,112.45
8907,136.8,4.23,60.6,106,3044,82.1
8908,135.4,1.36,34.9,1540,2082,114.78
8909,148.5,1.24,66.3,625,2380,86.31
8910,148.1,4.25,52.0,288,2824,84.58
8911,130.8,4.19,40.3,1907,1623,144.85
8912,161.7,2.04,44.3,1166,1644,96.53
8913,152.3,1.07,45.3,601,1383,63.22
8914,178.0,0.76,62.7,1645,1976,117.95
8915,153.1,5.33,43.1,964,1466,106.78
8916,121.8,4.02,43.0,1721,2110,147.07
8917,168.8,3.57,33.2,895,2933,103.95
8918,149.6,2.47,44.1,1745,2274,135.55
8919,150.0,4.41,49.5,76,1212,65.8
8920,141.6,2.49,36.9,768,1948,80.08
8921,172.4,3.17,45.6,1062,1574,103.3
8922,142.9,1.73,46.3,1312,2270,106.97
8923,133.9,5.18,33.2,603,3016,103.45
8924,139.8,0.86,39.6,1582,3322,110.23
8925,137.6,2.37,38.8,1436,3049,119.32
8926,152.3,2.92,56.5,342,3024,85.82
8927,147.0,2.89,41.6,1339,3236,121.75
8928,166.7,2.72,43.3,1361,2013,111.66
8929,147.2,4.24,36.7,1340,1571,111.18
8930,135.3,5.39,44.4,909,2437,119.46
8931,149.3,5.36,39.8,158,3053,84.4
8932,142.7,3.89,38.5,1020,2483,109.06
8933,168.3,5.21,42.8,1966,2129,162.53
8934,160.8,2.65,41.4,97,2147,57.98
8935,141.9,1.1,42.7,631,1494,64.94
8936,171.9,2.35,48.4,1460,2357,113.17
8937,157.2,0.96,54.4,471,2524,66.06
8938,178.7,3.08,47.8,1987,2722,153.06
8939,138.0,5.71,53.8,213,1599,85.88
8940,142.4,4.46,30.1,391,2513,89.3
8941,165.9,3.29,62.2,822,2343,103.61
8942,160.3,0.9,47.1,1884,2140,120.53
8943,149.7,2.43,38.7,659,2040,76.69
8944,144.8,5.08,46.6,1308,2414,133.17
8945,146.1,2.12,31.2,1849,2446,126.97
8946,136.0,0.6,46.7,886,2735,82.2
8947,176.9,2.2,47.1,1987,1914,136.54
8948,116.6,4.16,41.0,486,1413,81.38
8949,167.1,4.04,47.2,1030,2008,110.56
8950,134.7,3.47,52.6,822,2510,103.52
8951,158.5,4.19,30.4,308,2030,67.33
8952,168.8,5.22,38.6,173,2799,84.83
8953,134.1,2.9,44.3,637,1501,73.5
8954,145.6,0.66,48.6,954,1856,79.9
8955,160.9,1.04,43.6,1576,3461,114.91
8956,165.0,0.78,62.2,481,2722,72.24
8957,131.7,5.55,51.6,1600,1797,147.31
8958,170.7,5.44,46.2,968,3338,123.79
8959,130.5,3.08,49.0,1050,2346,104.69
8960,160.3,3.57,30.8,1600,3106,134.9
8961,159.2,5.6,44.5,409,2627,100.9
8962,158.2,5.42,47.2,400,2388,91.66
8963,139.6,4.7,53.5,1909,3209,165.02
8964,133.8,1.69,42.9,239,1397,45.42
8965,177.8,5.51,45.4,156,1457,71.67
8966,174.3,5.05,35.5,1884,3270,164.14
8967,108.3,5.54,56.5,667,2191,113.49
8968,149.6,4.74,49.1,607,1206,87.36
8969,156.3,2.14,50.7,616,3309,87.1
8970,173.2,4.32,49.1,1364,2830,129.63
8971,160.5,5.72,51.7,519,2662,118.07
8972,155.2,3.03,55.0,1861,2573,152.55
8973,119.2,5.33,35.4,1910,1254,150.15
8974,152.8,2.3,41.3,1126,3238,105.14
8975,154.2,1.69,38.5,504,1818,60.13
8976,156.6,4.86,41.1,463,1849,87.81
8977,159.0,0.85,45.5,1713,3371,123.24
8978,146.7,5.7,52.5,1046,2469,127.86
8979,138.5,1.83,29.3,181,3441,55.17
8980,160.4,1.59,51.3,388,1873,58.48
8981,166.0,3.65,50.8,1588,3244,137.39
8982,127.8,2.88,51.5,1427,3086,125.48
8983,145.2,1.16,46.0,72,2157,41.88
8984,164.5,1.82,33.4,1415,3395,111.19
8985,128.2,4.85,40.5,1207,1789,116.5
8986,150.4,0.73,52.5,908,2994,93.51
8987,174.6,3.04,37.3,1867,1265,129.54
8988,139.3,4.6,40.9,1851,3304,161.3
8989,161.1,1.46,50.0,897,2951,90.72
8990,151.3,5.43,49.7,1876,2073,151.32
8991,150.8,2.88,46.9,260,1797,63.98
8992,143.7,5.49,34.5,117,2298,73.95
8993,147.0,2.41,51.5,708,1591,83.36
8994,136.8,5.39,37.5,1529,2350,143.01
8995,140.3,4.24,34.9,1989,3408,163.06
8996,112.9,0.88,47.4,1599,2745,118.12
8997,160.7,2.63,42.8,539,2463,73.22
8998,150.9,0.56,41.1,1959,2460,125.09
8999,149.3,1.78,51.4,487,1201,65.27
9000,154.1,2.76,30.9,198,2015,54.79
9001,137.4,1.23,50.2,637,1519,63.76
9002,132.1,2.41,53.5,1590,1985,122.76
9003,146.8,2.49,37.8,1111,1218,96.43
9004,140.7,2.37,56.4,799,2847,92.85
9005,113.1,0.89,43.5,620,1806,66.22
9006,147.7,2.37,43.0,699,3111,83.66
9007,170.2,5.45,53.6,1092,1256,115.09
9008,162.3,3.52,47.2,1140,3136,115.55
9009,127.7,5.99,54.1,1259,1408,134.37
9010,157.5,4.55,47.3,979,1887,108.47
9011,161.7,1.99,40.4,1776,3433,131.35
9012,158.4,2.76,41.5,1701,2446,125.88
9013,161.6,5.91,43.8,1640,3291,166.96
9014,156.2,2.63,55.5,1178,3089,121.98
9015,164.3,5.94,44.3,1111,2438,130.42
9016,137.2,1.48,40.3,832,1834,79.32
9017,157.6,5.38,38.6,1854,1668,150.64
9018,173.0,0.55,37.8,1972,2809,123.01
9019,137.9,2.78,68.1,1079,1893,102.19
9020,148.4,5.53,29.1,1387,2482,138.05
9021,117.9,1.87,45.6,441,2943,69.33
9022,165.6,5.03,49.4,1915,1900,154.39
9023,164.5,4.07,41.4,1094,2725,109.85
9024,162.6,3.14,53.7,167,2638,71.27
9025,168.4,5.31,54.9,183,1260,82.8
9026,138.3,1.91,32.9,1780,2314,122.34
9027,162.5,1.85,52.0,350,3142,77.89
9028,146.7,0.85,41.6,567,2554,70.12
9029,144.0,5.85,44.7,115,1641,73.04
9030,159.3,2.87,38.2,1556,1852,113.02
9031,154.4,2.95,41.3,1997,2974,150.61
9032,158.9,5.26,37.7,631,1655,89.34
9033,144.8,1.72,54.9,1476,1248,113.13
9034,162.6,4.54,43.6,1013,2295,120.31
9035,171.7,2.53,39.0,228,1858,55.29
9036,120.7,5.22,46.6,407,3311,100.49
9037,163.3,5.88,48.0,80,2003,70.38
9038,143.0,5.91,35.6,1312,1710,135.74
9039,179.4,1.14,46.9,1585,1840,109.61
9040,168.2,4.95,35.5,1257,1244,113.89
9041,123.7,5.39,60.0,1864,2296,167.78
9042,151.7,1.33,37.2,207,2184,50.24
9043,143.2,2.35,44.0,188,1296,49.54
9044,161.1,1.2,56.2,1191,1592,90.2
9045,159.3,2.49,40.5,1021,1729,99.08
9046,152.2,3.37,41.8,1955,2476,143.97
9047,129.5,3.51,46.4,790,3430,105.83
9048,147.4,5.99,55.9,1892,2373,172.88
9049,124.3,3.71,46.6,1853,2225,144.49
9050,124.8,1.07,45.0,1452,2819,115.35
9051,140.0,2.47,57.6,1966,1669,129.13
9052,156.8,4.57,41.3,1602,3075,151.15
9053,148.0,3.72,36.1,829,3401,100.5
9054,150.3,1.81,37.7,404,3342,65.77
9055,184.0,5.68,31.2,1873,1988,154.71
9056,153.9,6.0,39.1,619,1864,102.26
9057,133.6,4.03,45.1,1937,2862,157.94
9058,168.0,4.82,43.1,331,2531,88.07
9059,167.2,2.01,59.2,1643,1248,115.97
9060,149.1,3.65,36.1,1054,2141,101.88
9061,131.1,2.49,44.2,1550,2101,117.04
9062,126.3,2.55,57.2,355,2146,72.66
9063,182.5,5.13,33.3,1036,2866,123.55
9064,155.6,5.06,38.2,1262,2183,122.95
9065,156.2,5.19,35.3,1987,3387,167.29
9066,150.3,5.73,46.9,1546,2738,152.27
9067,162.7,3.19,41.6,259,3384,74.18
9068,160.5,2.08,51.0,1714,1972,122.18
9069,144.2,3.19,46.2,600,1427,75.46
9070,142.2,0.57,50.2,582,1672,59.64
9071,145.7,2.73,47.1,1775,2277,133.65
9072,169.4,3.15,41.4,1287,2036,111.28
9073,161.7,1.9,40.7,1759,1699,122.9
9074,156.9,3.09,43.0,1744,3089,143.46
9075,147.7,5.43,51.7,613,2710,107.69
9076,153.6,1.56,42.5,358,1436,55.21
9077,110.8,2.34,40.0,172,1696,50.41
9078,164.5,1.84,42.4,1850,2173,128.16
9079,149.2,1.72,44.1,1047,1304,85.33
9080,128.0,0.63,44.6,557,1565,59.55
9081,157.4,4.35,40.4,1813,2307,142.34
9082,162.6,2.4,56.6,123,2863,65.44
9083,138.3,4.07,36.5,560,3197,89.99
9084,170.9,1.54,49.8,249,3282,63.2
9085,114.8,2.36,38.6,659,2752,82.68
9086,169.5,2.49,41.8,1485,3212,130.51
9087,147.3,5.11,39.7,168,3099,87.52
9088,134.7,5.29,35.2,1615,1514,140.36
9089,158.4,2.74,45.4,641,2622,84.97
9090,163.7,5.99,39.6,845,2619,109.41
9091,132.5,4.9,46.0,64,1452,69.54
9092,151.0,5.71,43.3,1817,1208,149.4
9093,149.9,3.82,42.7,1334,1237,113.28
9094,142.2,2.78,41.1,1147,3320,111.5
9095,132.4,0.52,66.5,330,1913,58.72
9096,141.3,2.85,38.4,1175,2266,106.78
9097,136.0,4.78,52.4,1187,1818,124.65
9098,167.0,4.5,45.3,554,1440,88.66
9099,138.9,3.74,32.2,1083,3392,121.05
9100,159.8,2.17,44.9,887,3066,93.52
9101,131.1,3.14,47.0,1573,3093,136.48
9102,134.9,2.51,41.7,280,3261,68.3
9103,129.1,1.87,39.1,247,2521,59.72
9104,134.2,4.64,49.6,986,3256,123.57
9105,141.1,0.5,41.5,1983,3438,131.45
9106,154.7,5.73,44.6,702,2617,106.58
9107,146.9,2.76,40.6,1581,3080,135.73
9108,148.8,1.88,56.4,1971,2763,149.78
9109,116.4,2.23,35.2,1229,3301,118.88
9110,124.8,1.62,31.1,1001,1765,81.7
9111,157.3,4.93,47.6,1771,1375,138.84
9112,156.4,1.51,52.2,968,1311,80.94
9113,145.8,0.61,41.5,833,2011,76.3
9114,166.1,5.82,42.8,1599,2619,155.25
9115,122.5,5.59,47.4,538,2831,106.59
9116,157.2,2.27,45.1,689,3155,83.53
9117,117.1,5.17,48.8,1387,3317,155.39
9118,154.1,5.24,52.2,940,2050,116.86
9119,165.3,4.41,30.7,259,3147,76.18
9120,136.7,2.22,51.9,478,2304,78.19
9121,140.0,2.65,48.3,1715,3180,142.33
9122,127.0,5.14,40.2,693,1951,100.82
9123,139.2,5.87,40.5,1873,2149,157.99
9124,140.4,2.5,41.8,1456,2000,120.99
9125,149.6,1.65,32.0,1645,1444,113.26
9126,134.8,3.18,51.8,1806,2633,145.46
9127,146.1,0.68,50.9,74,2689,39.65
9128,172.0,1.62,49.9,1456,2066,116.35
9129,164.0,1.32,58.1,1790,1932,124.4
9130,136.5,5.62,25.2,1201,1614,122.27
9131,173.3,1.82,59.7,1905,1993,135.53
9132,121.6,5.13,39.6,1341,2945,139.58
9133,127.1,1.96,55.2,1980,2564,138.86
9134,138.0,5.82,28.8,298,2779,89.72
9135,146.4,3.18,52.1,941,1900,101.34
9136,131.1,2.93,58.6,317,2355,80.08
9137,141.6,2.09,52.8,396,2006,62.15
9138,168.6,5.85,43.0,410,2852,102.18
9139,142.9,3.53,40.6,520,3404,97.31
9140,157.1,4.94,37.3,752,1851,93.2
9141,159.6,4.36,47.5,254,1276,69.53
9142,150.3,3.25,45.9,1769,2770,138.86
9143,128.9,3.25,43.4,1824,2418,140.55
9144,154.5,3.75,67.9,1916,2056,155.15
9145,173.5,3.13,59.3,731,2066,91.52
9146,153.4,1.61,44.2,1824,3453,140.33
9147,156.8,0.73,57.1,940,1266,73.64
9148,161.5,3.75,48.4,1495,2116,133.14
9149,176.2,3.12,45.6,773,2421,92.9
9150,147.9,2.55,36.5,1759,1659,115.46
9151,154.3,2.56,38.7,1065,2289,97.65
9152,180.8,2.78,36.5,283,3007,71.22
9153,145.1,3.08,58.6,56,2439,63.19
9154,143.6,2.2,43.1,379,2021,66.14
9155,142.0,5.62,49.9,1030,2081,134.15
9156,132.3,3.88,43.7,721,2731,96.33
9157,157.5,4.0,35.3,87,3269,73.16
9158,132.6,5.27,44.7,704,1453,108.72
9159,166.5,3.32,40.5,1848,1935,134.64
9160,133.5,4.13,33.5,749,2473,97.83
9161,155.5,0.79,50.3,1959,2291,128.56
9162,145.2,3.03,41.7,1231,2592,111.34
9163,155.4,0.65,43.7,152,3105,53.53
9164,140.2,2.97,56.6,236,1978,68.71
9165,147.0,1.12,42.5,1605,3076,111.98
9166,138.7,3.82,41.0,523,3146,94.63
9167,146.9,3.91,50.0,1041,2850,121.72
9168,156.5,4.84,36.8,1843,1216,145.72
9169,153.0,1.72,53.7,335,3137,65.53
9170,128.0,2.12,33.5,383,2853,66.66
9171,155.8,1.71,44.1,65,1392,41.83
9172,171.8,1.3,50.5,611,1752,65.52
9173,152.0,4.88,46.5,951,2160,112.74
9174,149.3,0.83,58.1,834,2558,82.55
9175,146.6,4.44,54.1,1111,2205,115.74
9176,163.7,3.66,66.6,1570,1433,133.11
9177,117.4,5.32,56.6,1657,2235,155.58
9178,123.6,1.63,59.3,386,2480,74.21
9179,152.8,3.95,43.2,1484,3214,132.44
9180,174.4,2.23,55.3,952,2332,94.92
9181,118.9,0.52,50.0,247,3130,50.08
9182,173.5,1.69,34.3,1353,2735,107.18
9183,188.1,3.81,33.5,1206,1927,110.49
9184,141.4,4.07,36.9,1411,3223,125.57
9185,152.5,4.22,26.2,723,2982,107.97
9186,173.5,2.17,47.4,1801,2504,131.38
9187,138.4,3.22,53.6,1415,1414,126.81
9188,190.5,4.26,38.6,1014,2743,115.47
9189,136.3,5.79,47.3,603,3312,116.43
9190,166.7,4.99,57.9,1837,1571,152.15
9191,163.9,1.95,35.7,73,1652,41.21
9192,146.8,1.82,50.6,1862,2118,131.72
9193,132.2,4.61,40.6,856,2774,109.49
9194,148.7,4.75,34.6,1725,1389,136.28
9195,164.7,2.44,52.0,1378,2029,113.69
9196,151.5,3.33,53.6,305,1712,65.59
9197,142.1,1.27,51.2,1717,3454,129.21
9198,147.8,2.71,43.4,165,3477,75.32
9199,132.4,3.19,44.3,1702,2450,131.04
9200,124.6,5.52,30.6,1226,3353,133.88
9201,154.2,1.24,62.4,875,2783,87.84
9202,158.1,4.11,38.1,514,2332,85.63
9203,153.3,1.73,42.2,636,3191,79.98
9204,129.7,2.48,62.1,330,3276,79.33
9205,159.7,3.93,43.6,750,1844,89.28
9206,127.3,2.16,40.4,518,2619,70.52
9207,158.3,5.71,42.3,330,3439,100.36
9208,154.2,3.96,35.5,1153,2058,109.3
9209,158.5,4.99,34.4,1282,3129,135.58
9210,160.9,4.18,52.6,1193,3143,121.6
9211,145.8,0.77,49.5,156,1751,36.92
9212,147.0,4.0,40.4,805,1385,95.23
9213,159.4,1.78,35.4,108,1972,44.34
9214,119.8,2.44,53.0,1727,2286,131.34
9215,145.4,4.84,40.5,301,2852,86.3
9216,148.2,5.54,54.0,1149,2880,132.73
9217,144.2,3.41,35.1,1422,3437,139.82
9218,165.9,0.8,44.4,1338,2052,90.56
9219,128.0,1.07,57.7,283,2741,56.97
9220,153.7,1.38,37.1,1745,3060,119.84
9221,162.2,3.23,51.7,260,2034,67.95
9222,152.8,1.27,40.0,1038,1672,86.58
9223,149.6,2.42,54.8,1743,1525,126.52
9224,156.4,3.52,46.8,813,2608,97.72
9225,143.5,2.88,43.6,269,2932,74.36
9226,138.1,3.21,45.4,1816,1316,131.0
9227,172.7,5.65,48.5,459,2365,98.69
9228,175.0,0.8,57.2,1782,2439,126.19
9229,130.9,2.18,42.9,690,2560,76.62
9230,160.2,3.72,42.1,278,3470,85.91
9231,164.8,3.79,40.3,1220,1556,105.87
9232,136.6,1.9,35.0,172,1502,42.2
9233,183.2,5.19,49.2,1772,2046,160.27
9234,139.3,4.58,35.9,1358,1657,116.36
9235,135.9,0.53,45.9,418,2975,63.77
9236,143.5,3.55,34.3,1591,3210,135.97
9237,134.2,2.4,27.6,621,1377,65.44
9238,132.9,1.76,59.1,989,1476,90.94
9239,145.1,5.13,42.2,1878,2397,151.25
9240,169.1,3.09,50.1,1664,3409,140.4
9241,134.3,2.98,41.9,1466,2354,122.47
9242,166.8,1.03,26.5,1147,1871,80.26
9243,156.2,4.94,57.0,1900,2831,166.14
9244,170.8,5.76,52.9,1487,3358,152.61
9245,179.9,2.97,45.1,586,1289,72.9
9246,148.6,5.96,49.7,876,2170,123.51
9247,125.7,2.26,49.7,1873,1508,133.72
9248,167.9,5.1,42.7,1597,2563,150.68
9249,163.0,2.88,50.8,360,1613,66.92
9250,127.7,1.43,52.2,1780,1494,127.01
9251,141.3,3.98,41.2,755,1290,94.14
9252,119.8,5.66,47.3,295,1297,83.79
9253,138.9,2.82,47.2,689,1511,83.66
9254,147.8,2.88,41.8,1060,2753,103.54
9255,151.4,3.86,45.4,794,1476,94.14
9256,131.2,5.84,37.3,1259,1970,132.86
9257,160.9,2.77,42.3,1360,2914,122.46
9258,135.0,1.95,39.6,1452,1534,110.9
9259,128.2,0.86,49.2,1236,1426,92.85
9260,147.8,4.76,38.4,993,2637,116.66
9261,128.9,1.03,40.0,928,2992,83.91
9262,184.9,2.31,40.4,273,2323,55.97
9263,156.9,1.73,36.8,1198,3151,103.92
9264,160.8,3.49,37.7,1541,1827,118.05
9265,165.8,5.94,35.6,485,2958,108.18
9266,137.7,5.46,49.2,1012,2311,122.81
9267,132.9,4.09,36.9,1739,2186,135.87
9268,118.2,4.43,50.2,1149,1916,121.05
9269,136.7,3.3,54.2,1450,3106,141.25
9270,135.3,4.43,44.8,520,3372,102.94
9271,129.2,0.87,29.3,321,3471,56.19
9272,161.6,4.67,32.5,77,3366,71.76
9273,125.5,2.22,39.4,1290,2962,117.25
9274,141.6,5.62,39.0,131,2786,90.11
9275,150.8,3.56,51.1,1938,1682,147.89
9276,153.4,5.44,35.7,420,2691,101.97
9277,170.2,4.5,39.5,1346,2867,129.71
9278,167.3,3.12,55.4,123,1775,51.82
9279,166.7,0.93,49.4,1595,2675,105.62
9280,129.8,5.1,40.4,1521,2311,139.09
9281,166.7,1.76,42.1,1142,3274,106.24
9282,137.4,5.32,27.7,1507,3287,152.69
9283,155.7,1.06,50.4,1823,1995,123.16
9284,157.9,0.89,37.8,213,1598,42.64
9285,150.8,3.17,37.2,350,1577,61.64
9286,167.5,5.21,40.3,647,2290,99.44
9287,144.1,5.66,32.7,1998,1298,159.31
9288,108.1,2.99,44.8,1102,3481,116.75
9289,170.0,3.7,50.4,546,1625,81.07
9290,127.7,2.67,50.4,156,1262,54.63
9291,158.8,0.86,57.6,1073,2576,93.62
9292,143.5,0.86,50.5,765,1613,67.68
9293,134.7,2.54,43.1,353,2701,77.55
9294,142.0,0.5,33.5,1004,2836,84.7
9295,149.2,3.89,46.0,1158,2638,118.65
9296,149.3,0.79,48.5,1762,1553,106.82
9297,159.2,0.61,53.8,109,3142,51.23
9298,173.2,4.39,59.7,1255,3032,135.86
9299,128.4,0.59,45.8,265,1930,48.5
9300,169.4,3.5,49.1,1667,1366,129.26
9301,126.8,3.74,32.1,586,1470,77.02
9302,151.6,3.47,43.8,274,3183,74.39
9303,132.5,4.75,41.4,1395,3473,135.82
9304,176.2,3.96,40.1,321,3193,85.04
9305,148.0,2.6,51.3,535,2088,74.15
9306,159.6,5.67,45.7,1497,2403,146.08
9307,161.4,4.02,41.4,1322,1971,118.55
9308,158.0,0.69,42.6,1625,1924,110.12
9309,160.5,1.02,48.1,161,1507,43.85
9310,157.1,3.19,38.8,836,1966,79.98
9311,144.9,1.18,36.3,1538,2259,105.99
9312,171.3,5.43,30.0,264,1417,73.21
9313,153.3,1.04,45.0,467,1819,62.38
9314,142.9,3.96,30.9,82,2530,62.78
9315,150.6,1.47,57.8,456,3442,78.87
9316,132.0,5.11,43.0,587,2293,108.28
9317,154.8,3.07,33.9,1736,2537,129.32
9318,126.6,2.44,45.0,829,2645,90.59
9319,162.5,4.32,41.7,962,2331,109.28
9320,141.6,1.82,59.6,799,2010,91.49
9321,174.1,5.93,49.3,233,3398,98.08
9322,146.4,3.45,47.5,1307,3192,130.12
9323,135.1,4.62,57.2,1779,1365,138.08
9324,138.5,5.46,44.3,1649,2204,144.95
9325,116.8,5.03,44.3,1668,1839,147.21
9326,150.7,4.56,27.1,239,1947,72.41
9327,142.9,1.62,63.1,413,2923,76.46
9328,130.1,2.35,45.9,657,1939,76.34
9329,166.1,3.33,32.1,436,3366,79.67
9330,141.6,4.6,45.3,1713,3416,166.15
9331,157.7,3.82,49.0,1146,3297,124.65
9332,149.5,3.02,41.4,1919,1439,130.07
9333,164.3,3.07,58.2,494,3005,88.52
9334,172.3,4.71,39.7,744,3197,107.18
9335,159.9,2.45,52.0,186,1516,52.23
9336,149.4,1.9,41.7,1942,2870,140.14
9337,156.5,5.06,45.2,1100,3363,134.47
9338,164.5,0.64,46.0,1797,2865,113.69
9339,124.7,3.13,50.6,689,1888,88.7
9340,124.2,1.93,47.6,1838,1886,135.58
9341,147.2,1.97,34.1,1480,1437,99.5
9342,153.9,3.32,47.7,1928,1731,136.78
9343,121.7,1.37,54.8,1690,3382,125.29
9344,168.5,2.66,29.9,1605,1893,115.72
9345,161.5,4.06,37.7,647,2811,90.22
9346,166.8,5.9,45.3,1881,2376,161.88
9347,134.6,3.99,35.3,1960,2730,154.3
9348,148.6,5.41,41.2,1615,2702,151.32
9349,140.5,5.77,55.5,1864,2806,174.96
9350,151.1,5.13,53.1,119,2419,84.78
9351,171.9,5.78,60.2,1205,1690,134.86
9352,157.0,3.27,44.7,884,1567,89.59
9353,131.8,2.11,60.1,103,2315,57.9
9354,133.5,4.7,42.3,900,3073,123.01
9355,120.8,5.02,48.9,967,3042,120.26
9356,163.7,0.78,43.0,1717,3088,113.65
9357,150.6,5.19,47.4,1495,2428,145.12
9358,136.1,2.25,41.0,785,1454,83.26
9359,166.6,2.95,43.8,1287,2269,113.73
9360,163.6,1.46,40.1,763,2091,77.39
9361,138.0,2.38,41.5,481,1540,66.38
9362,148.2,4.58,53.3,1824,3322,159.21
9363,154.2,5.97,39.6,1762,1429,141.08
9364,161.3,0.71,55.0,564,2721,77.38
9365,152.7,4.13,32.6,1540,1895,124.73
9366,128.4,4.85,48.7,1822,1312,151.35
9367,139.9,3.99,48.9,1090,3042,125.76
9368,148.3,3.08,37.9,721,2128,83.45
9369,160.0,2.81,46.4,1041,2121,98.4
9370,141.6,3.34,57.4,205,2534,72.04
9371,151.6,2.3,60.9,696,3101,91.93
9372,155.6,3.06,38.4,1629,1410,121.63
9373,143.7,3.11,54.6,549,3422,83.59
9374,141.4,3.4,37.6,837,1737,93.15
9375,149.0,3.35,54.0,1981,1221,141.85
9376,168.2,4.66,44.2,1662,2777,146.39
9377,135.7,3.79,49.1,818,1971,101.95
9378,128.4,1.25,49.7,1697,2563,122.06
9379,148.1,2.36,44.9,820,1653,82.29
9380,164.4,5.35,43.6,1894,3066,161.36
9381,155.9,1.63,51.2,1228,2386,100.22
9382,174.6,1.87,49.3,1672,1658,123.94
9383,152.8,1.82,36.5,598,3011,75.35
9384,167.5,0.81,52.7,538,3315,73.51
9385,134.8,0.72,49.9,1988,2139,129.5
9386,156.3,2.83,46.4,1270,1769,102.73
9387,136.2,3.76,52.7,1923,1267,140.77
9388,135.9,3.2,58.9,316,1707,73.7
9389,147.4,4.42,36.9,754,2522,103.68
9390,159.2,3.78,48.4,216,2698,75.05
9391,168.5,5.88,46.5,744,3157,128.13
9392,150.3,1.7,43.6,1465,1997,114.8
9393,142.5,4.62,43.0,931,2812,116.69
9394,172.6,0.82,50.3,66,2676,50.18
9395,143.8,3.06,53.8,1032,2408,100.89
9396,141.1,1.56,47.4,515,2271,64.38
9397,117.6,1.74,57.4,511,3243,88.38
9398,152.5,2.91,36.0,548,3490,86.9
9399,150.7,2.18,47.4,610,3239,81.22
9400,171.9,6.0,54.9,1702,1715,161.49
9401,136.0,4.86,43.7,73,1968,76.12
9402,153.6,3.03,38.9,1594,2731,134.7
9403,170.0,3.51,32.8,534,2404,79.33
9404,158.5,4.68,44.6,474,3299,100.62
9405,125.3,2.47,50.4,1446,2457,119.92
9406,178.6,1.57,48.5,1499,2816,114.8
9407,141.5,4.01,58.6,901,2847,114.44
9408,135.8,3.41,42.7,74,3147,67.8
9409,122.7,2.21,50.6,1279,2755,115.66
9410,143.6,2.3,46.7,411,2362,77.62
9411,163.2,3.46,36.4,1021,2861,109.49
9412,155.5,1.14,40.0,899,2493,81.33
9413,164.8,4.81,44.3,787,2724,107.58
9414,133.8,4.69,42.4,537,2542,98.72
9415,118.9,0.74,47.1,1428,2555,105.97
9416,118.6,4.96,42.9,1205,2247,128.45
9417,135.1,4.54,31.8,674,1963,87.36
9418,161.0,2.94,44.3,1175,2935,109.27
9419,146.9,2.76,41.2,1538,1556,120.15
9420,166.5,1.22,53.6,194,3387,62.18
9421,127.7,1.24,44.1,1879,1663,121.67
9422,175.0,4.77,42.0,144,2962,72.85
9423,141.1,2.48,49.1,1487,1942,114.98
9424,144.3,1.86,50.2,125,2333,51.51
9425,122.3,4.17,43.2,1935,1266,149.2
9426,163.1,4.67,47.5,1981,1681,156.43
9427,150.5,0.93,49.4,624,2555,69.37
9428,169.4,2.98,42.5,1601,2056,130.32
9429,124.7,4.68,51.8,615,1986,95.91
9430,163.0,1.84,56.2,658,2044,79.19
9431,174.0,5.63,52.9,996,2910,126.68
9432,153.3,2.63,50.5,1195,3359,122.72
9433,165.8,2.6,27.4,925,1696,84.62
9434,146.8,5.97,46.0,1553,1939,146.83
9435,152.4,3.44,39.9,758,3312,102.35
9436,152.9,5.49,39.8,725,2264,108.48
9437,172.0,1.06,43.6,397,1976,54.22
9438,146.0,2.18,45.9,1424,2201,112.61
9439,159.4,3.78,38.3,1242,2339,116.81
9440,168.8,5.31,51.0,347,1298,77.74
9441,131.6,4.18,48.4,54,1581,60.21
9442,162.5,2.43,42.0,1967,1760,150.83
9443,122.0,0.82,63.0,1906,3369,146.18
9444,148.4,2.47,40.1,931,2172,86.12
9445,173.0,3.0,42.3,569,2813,85.27
9446,136.5,2.0,46.1,497,1844,67.83
9447,147.1,3.77,41.1,1897,3269,155.47
9448,131.4,4.62,50.1,304,2468,83.76
9449,145.0,2.03,45.3,1921,3296,144.51
9450,107.9,1.72,51.8,1152,1265,93.94
9451,122.9,2.02,26.9,1110,2692,104.21
9452,140.6,3.77,26.6,834,1492,88.48
9453,155.5,1.1,39.6,1677,1950,110.68
9454,155.1,3.77,42.7,1943,2023,153.48
9455,129.1,2.02,37.1,838,1429,78.41
9456,154.4,5.32,48.0,1478,3431,160.19
9457,152.6,1.15,45.3,629,2611,77.21
9458,145.3,5.64,43.0,1984,2015,165.83
9459,170.2,4.83,58.4,381,1593,87.69
9460,143.6,4.47,30.9,1872,1476,136.98
9461,172.3,5.56,43.8,892,1730,105.35
9462,167.4,0.83,40.1,295,2535,43.49
9463,145.5,1.18,44.5,1994,2991,144.75
9464,140.6,2.94,50.2,1924,1884,140.04
9465,144.9,0.57,33.8,1230,3399,96.64
9466,150.5,1.23,49.5,1363,3392,115.76
9467,132.4,4.47,50.5,111,2723,82.01
9468,123.9,4.25,59.8,1620,3224,156.98
9469,127.4,5.52,40.5,1133,3102,139.0
9470,148.9,2.96,37.6,1232,3385,113.41
9471,169.3,3.99,55.7,1966,1330,147.46
9472,154.3,2.56,43.4,1171,3010,116.08
9473,159.8,0.56,41.8,992,1886,81.35
9474,166.1,5.73,55.0,1321,2632,140.67
9475,127.0,5.95,60.2,1736,1219,153.3
9476,152.1,0.5,39.5,1474,2846,103.37
9477,138.9,4.81,55.2,152,2018,75.5
9478,161.9,1.73,44.9,547,2010,64.89
9479,179.6,2.66,45.8,1333,2213,108.76
9480,130.0,4.15,40.5,1345,1456,118.47
9481,138.8,1.0,63.1,846,3472,91.23
9482,164.5,0.59,41.1,1764,1657,107.42
9483,166.9,4.87,48.1,1827,2204,156.75
9484,133.7,0.52,50.4,1091,2420,86.26
9485,137.1,4.7,49.5,1281,2784,130.72
9486,164.4,1.97,34.9,1746,1352,112.15
9487,149.0,0.52,41.5,1336,3240,96.36
9488,141.9,1.99,46.2,1399,2702,116.61
9489,172.6,5.11,44.7,579,1699,95.72
9490,148.1,5.82,38.6,387,2118,99.77
9491,168.6,3.97,38.6,1896,2837,145.06
9492,140.8,4.53,42.4,1374,2958,138.17
9493,143.8,5.84,51.8,464,2741,105.03
9494,165.4,5.76,38.7,1352,3213,144.03
9495,147.1,2.76,52.6,1882,1677,138.93
9496,146.0,5.47,42.9,1699,1919,153.75
9497,141.5,0.56,40.5,1037,3496,93.75
9498,166.1,0.91,54.0,655,1333,63.24
9499,144.8,3.49,52.8,518,1633,79.38
9500,144.7,4.19,35.8,502,1493,83.21
9501,159.6,1.12,56.3,1766,1345,112.24
9502,145.3,0.8,52.8,1581,1517,109.45
9503,171.2,0.6,53.6,1051,2401,85.81
9504,149.4,1.71,39.9,1770,3468,131.32
9505,136.3,5.88,49.3,987,1429,118.09
9506,166.4,3.16,40.9,657,1911,78.61
9507,170.1,4.43,41.2,1050,1249,104.71
9508,114.1,0.93,25.0,476,2948,67.51
9509,146.7,1.54,36.3,422,2248,54.82
9510,151.6,4.73,37.3,406,1663,83.14
9511,135.6,5.96,49.7,1119,3447,137.22
9512,156.6,1.09,52.4,488,1255,57.16
9513,146.0,5.02,37.9,1871,1433,147.34
9514,130.1,2.99,61.9,268,3056,85.53
9515,160.0,3.55,43.8,299,1989,71.06
9516,148.7,1.17,64.5,767,3235,85.01
9517,161.1,1.91,33.1,1804,1612,121.35
9518,124.0,1.61,38.2,124,1405,47.4
9519,142.9,5.79,54.8,1846,2885,171.2
9520,156.4,5.38,51.4,630,1678,94.38
9521,134.4,4.14,43.7,983,3134,113.09
9522,142.5,3.15,40.0,124,2186,61.88
9523,161.8,4.24,48.3,1160,1238,113.51
9524,176.3,5.25,44.9,1786,2988,157.2
9525,150.8,1.02,41.8,301,2702,62.05
9526,148.1,2.6,50.7,1221,3057,117.24
9527,156.8,1.61,41.0,1800,2661,127.79
9528,157.9,1.37,29.4,732,1896,68.6
9529,158.0,5.8,41.0,1031,3354,131.89
9530,141.2,4.33,44.6,771,3006,110.96
9531,132.6,4.23,62.1,684,2405,105.93
9532,162.5,5.82,45.0,1409,1241,132.66
9533,153.5,4.52,69.3,57,1851,77.42
9534,162.4,4.93,36.4,1730,2582,147.6
9535,135.3,1.11,51.9,1405,2684,111.24
9536,161.8,4.15,29.3,1818,1485,135.99
9537,170.3,1.54,31.8,874,3389,94.36
9538,139.0,2.89,38.3,209,2157,58.68
9539,149.2,5.96,31.0,212,2934,94.11
9540,130.4,5.34,39.2,865,1632,102.16
9541,176.8,3.4,38.5,1388,3114,125.26
9542,142.8,2.56,54.8,1413,1357,110.64
9543,130.7,4.91,49.5,1220,2659,132.47
9544,174.1,5.56,31.2,1502,2317,141.55
9545,139.4,4.15,38.4,1857,2686,150.62
9546,138.2,1.94,33.2,1139,2926,96.63
9547,143.2,3.34,47.9,1732,1279,128.49
9548,116.8,0.62,41.8,1979,3430,135.37
9549,126.9,4.8,42.1,896,3257,122.28
9550,139.7,1.23,40.6,1591,2739,113.54
9551,155.4,4.3,47.8,1485,1891,131.31
9552,173.1,3.16,29.3,1547,1440,115.42
9553,113.8,1.58,39.7,1555,2706,117.31
9554,139.5,4.83,39.4,868,1596,98.74
9555,148.9,4.04,44.0,133,3005,75.52
9556,132.8,2.77,47.1,605,2296,79.78
9557,157.0,4.93,61.2,305,1421,83.05
9558,138.8,1.79,35.7,639,2470,76.51
9559,171.6,4.83,55.7,1185,2812,131.14
9560,139.0,0.81,46.1,1696,2721,121.4
9561,155.7,2.47,43.3,712,3460,97.12
9562,150.4,5.43,50.8,584,3134,107.17
9563,161.7,2.48,46.7,1215,1716,97.92
9564,132.8,0.85,48.0,1158,2542,95.62
9565,147.0,4.5,41.5,382,1857,82.77
9566,169.5,0.94,49.2,1950,2323,124.0
9567,137.0,4.09,52.7,1035,2602,118.73
9568,153.6,2.58,39.2,1935,3346,148.77
9569,147.4,5.66,49.1,88,3116,94.95
9570,137.8,2.29,32.1,549,1603,60.48
9571,162.0,3.3,30.6,1095,2443,110.25
9572,164.6,5.0,51.7,662,3343,107.48
9573,179.3,5.63,61.7,1310,2579,139.69
9574,144.6,5.51,39.9,1608,3354,159.85
9575,155.2,4.57,35.5,279,1251,71.21
9576,164.4,1.09,41.7,349,3235,55.86
9577,147.1,5.23,35.9,65,3346,84.52
9578,140.6,0.72,32.8,844,2189,73.07
9579,143.2,5.96,34.7,846,3203,115.97
9580,138.3,5.37,51.9,929,2618,127.42
9581,170.4,0.8,54.8,1401,3083,115.77
9582,160.8,3.71,35.3,1764,2622,142.02
9583,168.6,0.96,48.7,1164,2769,98.79
9584,129.3,3.03,61.0,1750,1396,133.72
9585,127.4,3.37,44.1,1695,3283,148.49
9586,133.8,5.0,48.1,1126,3069,131.68
9587,158.0,5.23,47.3,704,2350,106.69
9588,147.0,5.02,56.3,1812,3309,159.76
9589,164.2,2.27,50.0,1284,2124,105.84
9590,146.1,1.1,38.1,1175,3086,96.69
9591,154.6,3.02,56.2,1335,2287,119.31
9592,162.4,4.84,45.8,940,2108,116.18
9593,148.9,5.5,36.6,806,1555,106.32
9594,136.3,3.26,51.7,434,1609,79.07
9595,151.5,5.84,51.8,1270,3427,145.96
9596,132.7,1.79,40.0,1075,3182,105.91
9597,158.6,2.71,51.5,1651,2766,137.43
9598,155.0,0.95,45.0,484,2344,66.44
9599,165.0,4.06,53.1,1465,1739,131.4
9600,137.3,1.76,43.3,1419,2913,113.75
9601,124.6,1.55,41.8,287,1318,45.06
9602,149.3,1.65,38.5,906,2921,89.41
9603,156.2,5.08,34.3,1530,2207,133.61
9604,172.8,5.6,47.6,536,1263,97.69
9605,136.4,0.84,40.7,1279,3242,102.47
9606,166.1,2.14,41.9,716,2515,75.04
9607,129.7,0.59,51.9,217,2281,53.89
9608,137.7,5.53,52.5,779,3333,124.78
9609,141.2,5.23,59.0,1787,2950,161.57
9610,176.3,1.81,44.5,892,1679,77.98
9611,152.0,2.84,46.9,1419,1904,118.21
9612,161.9,2.31,40.8,1225,1518,94.43
9613,126.9,3.19,61.7,565,3477,92.99
9614,130.3,3.47,35.2,320,1219,60.16
9615,151.4,1.62,40.6,289,1617,53.67
9616,148.1,1.87,48.5,365,2080,65.43
9617,128.4,1.83,52.3,754,2882,85.05
9618,150.0,4.16,44.7,549,1973,88.5
9619,159.7,3.61,40.9,1747,2639,139.65
9620,145.7,1.24,59.0,1645,1580,113.17
9621,137.5,5.78,50.3,1824,1859,161.02
9622,160.5,2.8,30.9,1775,1606,121.59
9623,149.3,3.26,44.3,998,2047,96.2
9624,141.5,0.51,37.7,718,2518,74.7
9625,145.7,2.6,45.0,883,2704,96.59
9626,168.6,4.14,49.0,1545,2798,141.61
9627,121.4,1.14,57.1,1289,1977,93.67
9628,172.3,1.71,44.8,1205,2792,106.18
9629,132.4,2.99,44.2,1399,3138,120.38
9630,142.0,5.32,35.4,1395,2864,145.01
9631,147.6,2.28,48.7,687,2194,85.17
9632,150.7,5.54,48.9,452,3184,105.65
9633,158.3,1.57,52.5,712,2370,77.45
9634,118.8,1.43,49.0,1544,3092,124.93
9635,128.8,3.28,39.4,1143,2513,108.57
9636,147.1,0.73,40.4,552,3385,70.6
9637,149.1,0.98,51.1,1286,3368,105.62
9638,144.7,5.4,51.3,270,1282,77.58
9639,137.2,5.68,55.9,618,2364,111.56
9640,115.2,5.47,52.3,1615,2709,154.08
9641,110.3,0.77,40.3,182,1521,45.03
9642,135.5,5.78,45.7,529,2280,110.69
9643,195.6,3.12,42.8,1843,2967,140.35
9644,131.6,3.04,26.4,1806,1986,127.93
9645,170.2,5.23,55.2,1731,1699,154.51
9646,159.5,5.44,40.3,1679,1260,138.6
9647,149.9,1.27,51.2,1144,1907,90.09
9648,131.1,2.95,46.0,1886,1215,133.4
9649,134.9,1.01,45.8,1441,1856,97.45
9650,141.0,2.6,32.0,1541,2702,123.68
9651,175.6,2.84,45.9,1933,3185,154.19
9652,138.9,2.31,41.2,1935,3361,152.33
9653,153.3,5.33,25.0,1441,3144,145.94
9654,167.2,3.4,43.1,1506,2622,126.16
9655,145.1,4.42,59.7,296,1709,81.65
9656,125.4,2.9,41.5,1478,2892,125.75
9657,151.5,2.03,53.3,1050,1542,88.43
9658,183.2,2.8,38.9,1434,3310,126.79
9659,161.8,5.48,52.1,1668,1421,153.26
9660,152.6,5.34,54.7,1662,3268,158.67
9661,171.9,4.79,55.2,824,2228,108.65
9662,163.4,4.23,40.8,1589,1455,134.1
9663,155.6,0.58,63.0,1428,2545,116.14
9664,152.2,4.8,37.2,371,2576,79.9
9665,155.9,2.39,43.7,1545,3408,130.06
9666,190.3,0.63,44.4,1717,1306,105.78
9667,150.7,3.32,50.2,1591,3262,143.24
9668,145.1,1.31,39.6,308,1407,50.26
9669,163.9,2.94,33.0,1696,2519,135.28
9670,169.0,1.45,38.1,444,2171,66.3
9671,142.4,2.55,46.6,1128,1591,92.05
9672,166.3,2.26,44.9,854,1350,83.44
9673,145.8,4.42,39.6,486,1678,83.94
9674,140.5,5.57,28.7,303,2772,94.64
9675,141.1,3.26,25.0,1927,2599,140.31
9676,162.9,3.79,46.1,1557,2064,134.07
9677,138.1,2.24,56.6,1137,3266,115.92
9678,155.1,4.94,50.5,945,2586,123.24
9679,124.6,2.06,48.6,1685,1785,123.57
9680,146.0,4.08,34.6,1037,2876,111.68
9681,159.6,1.49,44.2,276,2422,52.59
9682,149.1,3.27,44.3,281,2972,74.48
9683,169.1,5.87,46.6,332,3164,107.9
9684,146.9,4.58,31.2,818,3394,100.74
9685,154.3,4.25,37.3,1505,3022,134.82
9686,120.9,0.75,40.6,1994,2258,118.77
9687,165.5,0.85,37.6,1745,2296,106.07
9688,166.5,4.21,46.0,295,1891,82.59
9689,142.3,1.59,42.8,1609,2142,110.54
9690,149.3,5.25,47.0,1164,1234,115.32
9691,180.0,0.78,36.7,133,3304,44.39
9692,173.7,3.15,48.2,1209,1232,99.07
9693,141.4,4.31,36.5,1750,3258,157.63
9694,158.3,4.74,31.5,1954,2594,161.57
9695,165.3,4.14,58.1,277,3417,91.54
9696,129.5,1.44,44.2,374,3154,68.98
9697,143.0,5.57,37.7,1991,1714,162.74
9698,163.0,1.07,46.9,368,2375,52.41
9699,144.6,2.79,52.3,1418,3284,124.03
9700,165.5,5.5,46.9,1052,3209,130.71
9701,136.0,2.27,39.8,1964,1588,133.64
9702,143.6,4.94,55.9,588,1317,91.62
9703,150.9,5.35,38.2,1287,1292,116.64
9704,140.1,0.78,44.0,1006,1419,76.14
9705,170.3,5.73,33.6,768,1973,107.0
9706,129.5,0.67,45.3,1975,3079,128.97
9707,169.7,5.65,35.8,1375,1705,128.88
9708,132.4,5.13,42.4,105,2222,75.8
9709,135.5,5.07,38.3,292,1864,78.86
9710,142.5,0.84,38.7,248,2635,54.62
9711,145.0,4.2,49.4,1513,1914,133.27
9712,143.4,5.0,46.0,1004,1950,107.63
9713,143.3,2.17,50.7,104,3349,65.55
9714,158.1,3.98,46.9,210,2267,68.21
9715,154.4,2.11,51.7,1993,1201,129.13
9716,169.4,5.12,39.4,1034,2970,125.87
9717,149.1,3.22,60.0,1436,2276,126.8
9718,127.8,5.5,47.6,405,2967,99.15
9719,148.3,4.83,36.4,377,1630,82.05
9720,150.5,2.19,46.9,360,1791,60.77
9721,135.0,2.38,35.2,1471,3036,125.8
9722,130.0,1.9,49.7,1875,2069,129.58
9723,124.8,3.96,43.4,1554,2920,140.77
9724,135.0,1.16,25.0,1406,3492,112.43
9725,130.0,1.98,53.0,1819,1651,128.1
9726,121.9,1.12,67.2,976,1596,89.77
9727,138.6,0.93,45.4,1581,2712,116.92
9728,142.2,4.97,25.8,1968,2475,149.01
9729,160.0,4.11,43.7,1502,2155,132.59
9730,177.4,5.62,42.8,784,2119,118.17
9731,146.9,3.81,48.1,1027,2670,118.76
9732,150.4,2.68,44.4,1739,2725,131.67
9733,150.8,5.52,57.1,486,2429,107.12
9734,148.4,4.23,41.8,565,3188,99.09
9735,135.5,1.55,38.6,683,1630,69.56
9736,158.0,2.87,46.7,1267,2639,115.18
9737,168.1,5.16,58.4,723,1572,105.62
9738,155.7,3.31,38.1,132,1346,58.67
9739,157.7,4.75,46.8,276,2496,80.12
9740,149.0,5.51,42.8,74,1630,79.92
9741,166.9,5.3,62.5,1509,1798,146.09
9742,128.9,0.93,48.5,239,2008,45.41
9743,163.9,4.48,53.9,731,2025,104.69
9744,138.5,5.31,30.9,1282,2140,126.37
9745,153.5,3.07,31.5,495,3144,76.37
9746,154.0,4.95,50.7,1324,2855,142.9
9747,144.7,1.66,26.4,793,2348,68.25
9748,153.2,4.36,40.2,1886,2674,156.24
9749,162.7,3.33,42.1,1128,1979,107.88
9750,160.0,3.79,52.9,1071,1418,100.03
9751,151.5,0.75,45.7,727,2458,76.22
9752,179.4,3.7,27.8,174,2975,69.26
9753,161.6,0.9,55.5,1747,3369,126.34
9754,188.5,1.73,37.6,365,2150,60.33
9755,149.1,1.7,51.9,1889,3273,138.48
9756,132.5,3.54,49.6,1036,3065,120.45
9757,136.7,3.74,37.2,891,2010,91.85
9758,162.2,5.38,42.4,1918,2708,165.75
9759,130.2,3.21,54.3,1230,1426,108.4
9760,156.9,1.32,38.9,185,2271,57.46
9761,150.7,0.52,46.8,878,2701,79.79
9762,157.7,2.58,37.8,1332,3088,117.4
9763,150.4,5.93,45.2,1402,2253,139.35
9764,140.7,5.58,47.5,852,2590,116.85
9765,137.9,2.62,42.6,1347,1663,106.2
9766,142.4,2.17,49.0,1404,1595,106.78
9767,153.1,0.73,50.5,1215,3339,108.06
9768,138.8,2.5,60.1,1540,2489,127.44
9769,149.7,0.86,47.0,847,2174,79.9
9770,160.8,1.81,54.4,1607,1630,120.87
9771,155.5,0.79,38.1,1741,3196,122.21
9772,151.4,5.72,28.3,1535,1831,138.5
9773,171.0,0.94,54.5,1665,1960,115.37
9774,128.9,2.61,28.3,765,2040,78.08
9775,145.0,3.01,42.3,1738,3471,141.86
9776,136.9,5.62,49.7,387,2687,95.41
9777,138.7,2.2,63.1,1557,2104,121.38
9778,174.9,2.82,42.3,564,2311,82.2
9779,147.3,2.23,48.2,529,2322,79.61
9780,188.8,3.11,56.5,427,1524,79.94
9781,161.8,0.86,50.7,1984,1772,119.03
9782,149.4,4.82,50.6,1711,1670,140.49
9783,142.2,2.64,45.1,399,2323,71.13
9784,157.0,4.1,34.6,1484,3241,136.03
9785,132.9,3.02,28.5,1477,3415,125.68
9786,148.7,1.16,55.8,1807,2354,124.06
9787,164.3,2.19,42.1,1601,2741,129.09
9788,189.5,4.69,41.9,262,1978,75.61
9789,165.5,0.83,54.9,1832,3166,130.79
9790,132.4,0.62,39.4,1077,2137,78.29
9791,138.7,1.9,36.7,854,2877,88.43
9792,158.2,1.77,58.6,335,2123,67.29
9793,138.6,3.85,55.7,943,1605,107.32
9794,174.0,3.75,32.0,1124,2642,113.11
9795,158.5,0.6,51.0,1977,1728,122.67
9796,141.6,5.47,48.7,1164,1838,129.29
9797,144.0,1.22,43.4,1947,1520,127.72
9798,163.0,2.0,42.5,1968,1600,125.96
9799,166.9,2.0,41.8,1890,1295,115.97
9800,157.7,2.7,39.0,386,3417,79.73
9801,157.5,1.78,51.3,301,2294,55.32
9802,148.6,2.33,66.0,364,3066,86.56
9803,172.8,3.07,46.7,62,2455,56.41
9804,131.1,0.81,57.6,1080,1538,82.28
9805,151.7,2.23,49.0,97,2420,50.56
9806,150.5,4.11,47.6,1279,1724,119.48
9807,139.4,5.57,39.2,776,3421,122.24
9808,145.0,3.91,33.0,546,2082,84.24
9809,153.3,4.76,26.1,438,3031,90.94
9810,159.4,5.5,59.1,1759,2370,162.23
9811,152.2,5.66,49.9,1867,2799,164.32
9812,140.7,5.16,34.9,880,2807,115.24
9813,155.5,3.7,29.0,1573,2294,134.28
9814,154.0,4.34,44.1,614,3240,97.06
9815,137.4,2.71,52.4,1188,3299,121.36
9816,152.9,2.48,25.0,1809,1794,119.75
9817,162.8,2.59,51.4,1077,2466,98.92
9818,144.3,4.27,39.6,720,2513,108.41
9819,172.2,0.88,50.0,68,2340,45.7
9820,162.7,4.04,54.8,1534,2718,138.96
9821,162.8,2.35,61.1,291,3414,70.04
9822,138.7,4.13,53.9,833,2031,100.74
9823,134.2,1.44,44.5,1964,3472,136.59
9824,142.4,4.07,41.9,1471,2350,134.08
9825,163.2,1.31,53.0,1510,3137,121.33
9826,165.6,1.68,40.4,349,3372,70.54
9827,172.2,4.76,53.2,223,2522,87.23
9828,123.9,4.5,58.1,1986,2211,165.94
9829,183.4,5.86,35.2,588,2789,103.93
9830,147.6,4.53,46.5,1031,2964,121.86
9831,152.7,1.87,51.4,800,1544,81.22
9832,175.4,4.34,31.2,1250,2532,124.37
9833,166.5,0.81,36.2,647,1718,62.57
9834,144.0,4.78,53.2,788,2727,109.45
9835,158.6,2.86,33.9,235,1934,51.5
9836,137.4,2.47,52.9,1846,3425,147.29
9837,140.9,3.1,44.6,1918,1258,133.86
9838,154.1,3.48,39.8,1990,2929,153.33
9839,151.0,5.36,31.4,1919,2527,167.22
9840,145.6,4.21,45.4,244,2509,77.54
9841,112.6,2.36,36.3,1495,2091,109.06
9842,143.8,5.12,56.9,1462,2205,144.31
9843,171.6,2.03,57.6,1844,2970,142.04
9844,168.0,5.73,45.0,669,2018,102.61
9845,162.3,4.93,35.4,479,3493,101.98
9846,146.8,1.21,57.5,1304,2293,103.73
9847,140.1,3.25,50.2,919,3281,104.3
9848,119.7,3.13,43.6,631,2138,81.26
9849,151.9,4.31,39.6,1036,1403,104.46
9850,144.1,5.24,55.9,1049,2606,132.26
9851,144.3,2.83,43.9,990,1807,91.34
9852,150.2,1.76,51.9,393,1584,60.01
9853,162.1,3.53,55.5,141,1981,72.42
9854,127.6,4.84,34.2,1730,3261,161.8
9855,130.3,4.88,39.8,202,1335,75.2
9856,145.9,3.48,44.8,228,1832,67.94
9857,130.7,3.7,50.0,1529,1834,128.25
9858,138.4,4.45,33.0,310,3079,86.78
9859,173.3,4.55,62.1,1105,3300,130.39
9860,143.8,4.9,57.6,1737,2733,163.66
9861,177.4,2.7,33.9,748,2465,81.62
9862,157.7,0.52,44.7,1711,3079,123.12
9863,152.8,0.64,54.0,1798,1808,120.29
9864,164.6,5.34,55.3,1128,1998,123.7
9865,110.0,1.38,42.3,1037,1934,94.35
9866,143.2,3.81,44.2,110,2195,71.35
9867,159.0,4.76,27.0,614,1724,93.38
9868,159.9,5.98,48.2,516,3462,115.19
9869,156.9,1.79,42.5,1012,1990,86.22
9870,125.6,1.2,47.6,1261,2859,102.04
9871,131.5,3.74,49.8,101,3089,77.14
9872,152.9,4.48,27.2,1067,1510,104.21
9873,148.5,4.04,45.2,1756,3202,149.59
9874,135.6,2.66,38.0,1526,2027,128.01
9875,157.4,1.21,52.6,722,1799,71.9
9876,170.9,1.59,57.6,1081,1793,99.29
9877,126.7,1.81,39.3,1222,3156,106.83
9878,134.1,3.09,49.6,358,1660,62.06
9879,152.4,2.36,43.7,1589,2858,125.24
9880,152.4,0.86,44.9,1830,3379,126.1
9881,163.1,4.73,41.3,764,2202,100.87
9882,158.5,3.91,41.9,177,2981,81.95
9883,139.4,4.58,39.7,300,1558,81.81
9884,179.9,3.73,45.2,1961,1646,139.63
9885,191.0,2.35,46.3,1090,2671,94.39
9886,141.4,4.07,32.4,1241,1991,108.96
9887,146.8,4.49,49.2,944,1875,113.52
9888,131.3,1.27,30.8,202,1693,36.46
9889,139.1,5.22,48.8,1938,2313,160.55
9890,183.1,2.47,37.3,728,3034,84.5
9891,133.8,3.56,47.1,1195,2866,127.25
9892,106.4,2.83,45.1,373,2200,69.31
9893,169.5,2.7,46.9,1723,1632,124.36
9894,167.8,1.52,52.8,1104,3171,106.68
9895,159.6,3.05,46.8,1768,3460,148.28
9896,147.7,1.3,49.9,1023,2594,88.97
9897,117.9,3.77,44.2,1331,3109,129.78
9898,158.1,5.09,42.9,1334,1464,129.68
9899,148.7,2.68,34.6,1084,1514,83.6
9900,169.1,2.24,37.2,1021,2475,92.22
9901,197.8,5.28,33.5,1598,1929,138.48
9902,143.6,5.34,37.8,1642,1281,144.02
9903,141.2,5.76,58.6,543,2493,116.18
9904,173.5,3.4,45.7,1791,1263,132.78
9905,135.0,4.09,45.5,1727,1655,139.24
9906,142.2,5.98,42.1,1284,1306,132.45
9907,162.8,1.05,37.1,288,3364,62.04
9908,147.1,0.83,51.0,961,3120,88.33
9909,119.0,5.42,26.7,1901,2426,155.01
9910,150.3,3.72,69.5,1429,2216,134.21
9911,134.4,3.25,40.8,1540,3396,134.19
9912,172.5,5.63,58.1,932,1602,117.71
9913,191.1,2.19,48.9,945,1545,84.13
9914,164.7,2.43,33.5,539,2996,75.29
9915,163.4,5.82,27.5,1270,2392,124.37
9916,155.0,1.86,41.0,1737,2957,128.26
9917,172.0,0.8,34.2,1126,2068,79.5
9918,137.6,0.96,44.0,1864,2271,119.42
9919,147.0,4.93,45.1,977,2772,120.68
9920,140.1,3.6,41.5,1398,2367,120.82
9921,140.8,4.91,41.5,815,1805,101.24
9922,174.0,3.15,44.2,1334,3419,129.29
9923,150.3,2.92,41.8,1784,1989,131.59
9924,157.0,0.53,50.3,1862,3273,129.14
9925,137.9,0.92,52.3,1103,2453,92.05
9926,133.9,5.32,41.1,1422,2282,133.18
9927,162.9,4.6,43.2,1231,1341,109.61
9928,140.4,4.21,32.9,1979,1664,144.69
9929,154.9,2.78,34.2,115,2974,63.99
9930,155.7,4.15,50.2,386,1735,74.19
9931,159.1,4.37,40.2,519,2110,90.46
9932,147.0,5.15,53.5,816,3423,125.77
9933,153.5,1.23,50.5,365,2907,66.03
9934,159.5,1.51,41.3,1034,1302,81.81
9935,149.2,3.94,47.6,1377,1980,118.43
9936,143.0,3.47,39.7,328,3077,78.6
9937,151.0,1.72,48.9,395,1430,61.1
9938,135.4,1.01,49.7,612,1271,63.89
9939,127.4,3.45,30.5,1785,3108,134.62
9940,119.4,1.35,40.9,1977,2332,131.36
9941,144.2,1.15,50.1,251,2610,55.72
9942,132.9,4.61,42.9,191,1281,60.23
9943,153.5,1.77,53.3,1473,2679,125.31
9944,125.0,2.65,50.3,1335,3028,123.87
9945,167.4,1.9,46.0,856,1953,91.05
9946,140.8,3.22,51.2,754,1781,87.66
9947,149.4,3.98,47.3,738,1788,93.01
9948,165.6,4.56,49.8,63,3220,83.47
9949,163.6,2.75,52.7,309,2520,68.24
9950,150.6,0.84,42.0,360,2053,51.17
9951,140.2,0.96,45.6,702,2866,67.2
9952,153.5,3.45,45.8,1325,2272,112.07
9953,148.4,5.05,49.2,267,3029,93.43
9954,163.8,3.36,49.1,1432,1982,125.2
9955,175.0,0.76,31.8,606,2299,59.1
9956,144.8,1.04,49.0,1240,2834,100.51
9957,185.8,5.71,46.2,981,3203,130.74
9958,160.7,4.26,46.6,489,1735,83.94
9959,168.6,1.58,48.6,1756,2678,127.54
9960,152.9,5.72,61.2,191,2447,93.16
9961,146.7,1.82,51.5,1978,2393,140.06
9962,149.1,4.33,25.0,1797,1481,133.55
9963,156.9,1.39,47.1,1723,2029,110.88
9964,143.8,5.01,51.0,51,2733,76.05
9965,181.2,1.31,25.0,552,1572,50.99
9966,148.9,3.66,35.1,626,1267,74.99
9967,140.2,2.24,49.6,1846,3310,142.07
9968,150.7,4.96,40.5,1735,2880,147.71
9969,162.4,1.59,44.1,1530,2708,109.6
9970,149.5,5.62,45.4,1629,2391,158.54
9971,192.6,2.38,51.0,766,1962,84.29
9972,138.1,3.53,49.4,563,3104,93.28
9973,127.7,5.8,47.1,631,1256,104.28
9974,159.4,5.55,47.3,217,2723,99.67
9975,147.4,1.32,57.5,632,1916,62.84
9976,177.9,1.88,38.1,1125,2769,93.17
9977,143.1,5.13,42.7,1183,1301,121.68
9978,145.8,2.12,42.3,578,3196,83.1
9979,129.3,1.68,42.5,996,1695,82.4
9980,169.8,3.66,46.3,1898,2631,146.17
9981,146.9,1.35,49.6,1355,2645,109.28
9982,148.7,1.94,67.7,558,1882,79.15
9983,150.4,1.79,47.5,190,2417,58.19
9984,141.0,1.93,64.0,1619,3212,140.23
9985,122.4,4.78,49.1,893,2468,117.97
9986,160.7,5.7,42.7,363,1963,91.02
9987,152.6,5.34,34.7,1488,1389,127.61
9988,156.5,2.59,44.4,970,1708,91.73
9989,161.8,2.78,51.8,268,1544,67.59
9990,147.6,4.78,42.4,337,1708,80.46
9991,142.9,1.54,50.0,531,2917,75.02
9992,165.2,1.35,53.5,310,2329,61.89
9993,151.4,4.15,48.4,1331,2257,126.03
9994,168.4,3.17,39.5,1106,2275,105.92
9995,140.9,5.76,45.7,1196,2997,137.56
9996,180.2,5.78,32.4,119,1887,77.37
9997,150.4,4.79,49.8,515,1798,87.31
9998,150.2,1.38,48.5,519,1368,58.94
9999,180.6,4.98,43.4,778,1264,101.87
10000,163.9,1.97,57.5,1083,3338,110.58
