ID_Pieza,Rugosidad_Superficie_um,Desviacion_Tolerancia_mm,Dureza_Rockwell_HRC,Temperatura_Moldeo_C,Velocidad_Enfriamiento_C_s,Pieza_Defectuosa
1,2.28,0.032,57.8,223.1,19.3,1
2,1.45,0.0,59.3,209.8,11.2,0
3,1.56,0.029,55.5,203.9,20.3,0
4,1.4,0.002,54.3,208.7,10.9,0
5,1.46,0.021,55.9,199.7,21.7,0
6,1.07,0.022,58.4,207.4,15.6,1
7,0.86,0.026,57.2,196.8,8.5,0
8,1.44,0.035,58.7,221.6,15.3,0
9,0.39,0.02,56.3,217.8,24.8,0
10,1.5,0.003,57.2,192.6,15.6,0
11,1.41,0.013,54.6,208.6,22.0,0
12,0.96,0.026,56.0,212.0,13.1,0
13,1.28,0.008,59.0,212.7,14.9,0
14,0.9,0.048,47.8,209.7,15.0,0
15,0.83,0.039,56.4,190.5,12.9,0
16,1.58,0.017,55.5,204.4,8.4,0
17,1.28,0.027,54.0,195.0,17.5,0
18,1.99,0.016,64.5,214.4,19.8,0
19,2.24,0.049,57.1,201.4,7.1,1
20,1.47,0.0,61.4,210.3,18.8,0
21,1.32,0.035,63.8,208.6,12.7,0
22,1.88,0.001,59.7,213.0,22.7,0
23,0.52,0.023,58.6,163.5,6.5,0
24,0.74,0.037,60.0,205.3,13.0,0
25,1.15,0.013,58.4,199.4,24.6,0
26,1.36,0.008,63.4,211.7,6.7,0
27,1.27,0.009,56.4,199.5,23.9,0
28,1.27,0.02,55.9,193.4,7.7,0
29,1.52,0.019,54.8,208.3,24.9,0
30,1.23,0.002,63.4,174.7,7.2,0
31,1.46,0.0,67.6,208.6,22.3,0
32,1.33,0.011,56.9,210.0,16.8,0
33,1.0,0.012,60.4,231.2,24.6,0
34,0.9,0.019,63.2,207.4,9.9,0
35,0.82,0.024,62.0,221.9,18.1,0
36,1.39,0.009,53.6,201.6,12.3,0
37,1.15,0.046,62.2,193.1,9.2,0
38,1.96,0.054,51.9,225.9,5.3,0
39,1.3,0.031,61.0,230.5,6.3,0
40,2.0,0.025,57.7,196.7,21.4,1
41,0.8,0.004,54.0,205.1,15.5,0
42,1.28,0.027,58.3,222.3,6.7,0
43,0.75,0.016,53.1,201.2,5.6,0
44,1.2,0.026,55.0,201.8,22.0,0
45,1.61,0.008,64.3,228.4,24.5,0
46,1.14,0.017,51.4,195.3,10.3,0
47,1.19,0.008,54.8,205.2,21.7,0
48,1.46,0.009,55.2,206.5,9.7,0
49,2.06,0.003,56.3,197.6,22.0,0
50,0.96,0.026,65.1,227.5,14.4,0
51,0.9,0.031,53.4,222.8,24.6,0
52,1.06,0.0,58.9,204.5,23.5,0
53,1.26,0.0,57.9,216.9,23.8,0
54,1.01,0.03,66.2,221.2,19.8,0
55,1.42,0.027,61.2,197.3,9.3,0
56,1.61,0.039,61.1,227.8,20.4,1
57,0.83,0.003,65.4,225.2,22.6,0
58,1.95,0.043,57.1,205.5,19.5,0
59,0.75,0.068,55.2,195.4,12.2,0
60,1.44,0.013,57.8,230.9,22.0,0
61,1.35,0.0,62.4,228.4,7.8,0
62,2.03,0.0,58.7,211.4,15.8,0
63,1.05,0.036,62.3,245.3,19.9,0
64,1.29,0.038,65.1,210.9,15.4,0
65,1.47,0.008,58.5,196.4,21.1,0
66,1.61,0.0,62.1,204.4,10.2,0
67,1.19,0.0,60.2,207.8,13.1,0
68,1.98,0.0,60.0,207.9,5.7,0
69,0.8,0.016,59.9,189.2,13.3,0
70,0.9,0.014,59.8,223.6,10.8,0
71,1.27,0.0,54.6,207.5,24.6,0
72,0.91,0.01,61.7,229.5,21.6,0
73,0.65,0.014,58.0,215.6,10.6,0
74,1.79,0.004,65.4,204.2,8.1,0
75,1.58,0.0,53.0,202.2,14.1,0
76,0.34,0.02,56.9,212.8,21.7,0
77,1.6,0.0,62.3,214.2,18.7,0
78,1.68,0.027,61.5,186.8,5.3,0
79,0.78,0.035,50.5,210.3,20.9,0
80,1.72,0.018,56.0,211.0,7.1,0
81,0.61,0.031,60.4,229.0,6.6,0
82,1.0,0.039,53.0,205.7,17.0,0
83,1.13,0.033,51.2,229.4,24.0,0
84,1.39,0.011,55.0,207.2,23.1,0
85,1.36,0.029,65.4,236.7,17.2,0
86,1.29,0.018,54.4,202.6,16.7,0
87,0.86,0.019,63.0,193.4,14.8,0
88,1.82,0.015,59.0,217.4,8.7,0
89,1.47,0.016,56.7,224.3,22.5,0
90,0.98,0.03,56.0,182.7,19.6,0
91,0.97,0.0,56.6,195.7,5.4,0
92,1.76,0.019,65.5,205.4,24.8,0
93,1.46,0.008,62.1,199.1,23.6,0
94,0.84,0.022,59.2,220.2,25.0,0
95,1.04,0.011,63.2,230.0,20.0,0
96,1.61,0.042,55.8,214.0,13.7,0
97,0.41,0.037,50.4,235.4,5.8,0
98,0.85,0.035,59.1,205.5,7.9,0
99,1.49,0.022,61.6,198.0,17.4,0
100,0.71,0.024,49.5,207.8,9.2,0
101,1.84,0.026,62.8,219.1,15.1,0
102,0.75,0.042,61.3,176.4,11.2,0
103,0.65,0.034,64.4,223.7,24.0,0
104,0.67,0.012,56.0,238.9,15.1,0
105,1.22,0.041,64.2,190.8,22.2,0
106,1.04,0.054,57.6,213.4,18.0,0
107,0.89,0.002,65.7,214.0,11.2,0
108,1.24,0.032,56.5,230.0,8.8,0
109,0.88,0.0,57.5,206.7,18.9,0
110,1.3,0.015,49.4,195.6,23.7,0
111,1.46,0.016,57.8,190.6,9.4,0
112,1.34,0.016,58.0,184.3,23.2,1
113,0.77,0.026,59.1,210.0,7.5,0
114,1.56,0.015,59.2,234.2,17.2,0
115,1.26,0.016,52.6,213.8,15.5,0
116,1.53,0.001,57.2,225.5,16.3,0
117,1.59,0.005,60.1,206.1,15.5,0
118,1.04,0.021,61.9,209.6,22.5,0
119,1.51,0.025,50.4,224.9,17.3,0
120,0.92,0.017,58.2,215.3,20.3,1
121,1.43,0.0,53.7,202.5,20.5,0
122,0.55,0.036,60.4,214.6,19.9,0
123,1.47,0.022,60.7,206.4,8.7,0
124,1.21,0.016,55.1,197.3,13.0,0
125,0.53,0.033,55.9,216.2,18.6,0
126,1.33,0.019,54.2,199.9,21.5,0
127,0.99,0.018,60.6,208.5,8.6,0
128,2.05,0.027,61.3,215.3,14.4,1
129,1.28,0.043,58.4,183.3,18.5,1
130,2.12,0.018,57.1,193.3,14.3,0
131,1.49,0.046,65.3,217.8,18.3,0
132,0.85,0.035,61.2,202.3,18.6,0
133,1.32,0.005,60.5,203.5,7.7,0
134,1.3,0.026,58.1,202.6,15.4,0
135,1.55,0.005,60.9,212.2,22.3,0
136,0.58,0.021,52.3,202.4,17.7,0
137,1.1,0.017,58.5,189.9,17.8,0
138,0.97,0.008,55.8,237.2,15.0,0
139,1.29,0.039,62.0,189.0,7.1,1
140,1.28,0.023,54.5,219.0,8.6,0
141,1.33,0.033,59.9,230.2,7.9,0
142,1.47,0.023,51.5,222.4,6.1,0
143,1.13,0.016,55.5,205.0,11.7,0
144,1.51,0.017,58.9,197.2,5.5,0
145,1.05,0.008,53.2,181.1,24.9,0
146,1.04,0.04,62.4,216.4,21.6,0
147,1.34,0.032,60.1,223.2,12.9,0
148,1.28,0.0,59.6,232.2,16.4,0
149,0.81,0.02,56.4,211.9,10.3,0
150,2.09,0.003,59.1,216.5,18.7,0
151,0.81,0.007,49.0,201.5,5.9,0
152,0.59,0.018,62.1,221.3,7.1,0
153,1.65,0.02,57.4,224.3,9.3,0
154,1.41,0.015,59.6,213.4,9.2,0
155,1.36,0.026,64.4,201.1,14.4,0
156,0.95,0.024,55.3,218.1,19.8,0
157,0.64,0.027,60.5,219.6,21.7,0
158,1.11,0.018,64.1,214.1,13.7,0
159,1.18,0.015,53.8,215.4,5.4,0
160,1.2,0.023,57.4,213.5,9.1,0
161,1.24,0.043,52.0,203.9,13.8,0
162,1.7,0.036,65.0,213.4,11.5,0
163,0.76,0.009,59.1,208.5,23.4,0
164,0.44,0.035,57.4,191.0,21.8,0
165,1.05,0.02,62.2,218.8,21.4,0
166,0.53,0.0,58.6,199.8,17.6,0
167,0.2,0.023,57.4,219.7,16.8,0
168,1.81,0.025,57.3,209.1,5.0,0
169,1.27,0.002,58.8,204.1,22.5,0
170,0.95,0.025,58.7,195.0,12.3,0
171,1.04,0.056,60.7,185.9,15.1,1
172,1.9,0.047,52.5,183.0,6.1,1
173,1.65,0.02,60.4,203.1,23.5,1
174,1.56,0.017,53.3,216.9,9.1,0
175,1.33,0.035,63.3,225.3,12.0,0
176,0.77,0.036,57.1,190.8,14.1,0
177,1.15,0.01,54.1,205.7,7.0,0
178,0.82,0.032,61.3,205.3,19.4,0
179,2.01,0.03,63.8,213.8,13.5,0
180,0.78,0.002,61.2,210.2,22.4,0
181,0.68,0.02,61.6,219.9,24.4,0
182,0.55,0.029,57.9,224.3,22.0,0
183,1.52,0.031,56.2,181.8,13.0,1
184,0.53,0.033,55.0,195.3,22.2,0
185,1.44,0.027,59.6,191.4,22.5,0
186,1.31,0.014,59.0,212.2,9.9,0
187,1.12,0.028,61.2,208.1,23.0,0
188,2.2,0.013,59.9,231.5,18.6,0
189,0.98,0.037,53.5,213.7,11.9,0
190,1.4,0.025,56.8,223.2,19.2,0
191,0.71,0.018,61.6,197.2,16.2,0
192,0.88,0.01,60.3,215.8,8.4,0
193,1.5,0.003,57.8,224.3,13.0,0
194,0.89,0.045,58.3,202.9,7.9,0
195,1.19,0.053,58.1,213.0,17.9,1
196,1.48,0.03,60.1,220.0,5.5,0
197,1.23,0.023,63.0,190.5,13.3,0
198,1.03,0.006,62.8,234.5,7.8,0
199,1.22,0.003,62.5,206.0,15.9,0
200,0.35,0.025,54.8,200.2,13.3,0
201,1.09,0.029,61.7,223.3,11.1,0
202,1.63,0.027,58.8,211.2,19.5,0
203,1.9,0.017,52.9,210.8,20.0,0
204,1.48,0.021,60.2,222.8,19.0,0
205,1.26,0.014,58.5,216.7,11.3,0
206,1.27,0.021,52.8,212.9,24.5,0
207,0.89,0.013,52.2,208.1,7.7,0
208,1.58,0.029,48.8,196.0,22.5,0
209,1.56,0.011,55.6,214.9,19.1,0
210,0.98,0.027,58.3,224.3,22.0,0
211,0.58,0.0,58.4,228.5,10.5,0
212,1.37,0.017,55.2,220.6,12.9,0
213,1.7,0.009,55.7,203.4,13.3,0
214,1.02,0.01,68.8,218.0,11.6,0
215,1.31,0.029,65.4,201.2,11.7,0
216,1.37,0.004,59.9,199.2,12.2,0
217,1.6,0.031,45.0,198.5,11.3,0
218,1.41,0.024,57.0,219.5,23.3,0
219,0.83,0.0,54.4,223.2,23.5,0
220,1.54,0.007,55.3,209.6,20.1,0
221,1.08,0.021,65.3,169.9,18.4,0
222,1.21,0.027,59.3,222.2,14.8,1
223,1.56,0.037,52.1,191.8,17.5,0
224,0.46,0.015,57.2,177.8,9.6,0
225,1.55,0.002,61.3,217.9,12.6,0
226,0.77,0.035,61.1,201.7,15.2,0
227,0.97,0.023,59.3,210.1,12.4,0
228,1.68,0.003,59.2,214.8,13.3,0
229,1.68,0.036,55.4,214.5,11.4,0
230,0.87,0.017,61.7,203.7,17.8,0
231,0.79,0.045,58.4,229.0,18.8,1
232,0.59,0.015,65.1,200.0,5.6,0
233,0.86,0.0,60.7,200.0,18.4,0
234,1.84,0.013,57.2,222.0,15.8,0
235,1.27,0.014,56.0,206.0,10.8,0
236,0.8,0.0,61.3,217.4,24.3,0
237,1.15,0.041,56.8,214.4,7.3,0
238,0.67,0.032,58.4,206.0,11.5,0
239,1.16,0.015,54.5,198.7,24.6,0
240,1.48,0.018,62.2,210.4,6.3,0
241,0.64,0.0,51.4,218.0,13.3,0
242,1.55,0.024,56.1,207.1,7.4,0
243,1.83,0.024,49.3,231.3,14.8,0
244,1.57,0.012,68.0,225.5,16.6,0
245,0.98,0.03,49.9,197.4,10.8,0
246,1.58,0.0,60.0,213.1,11.3,0
247,0.81,0.035,57.5,214.3,9.5,0
248,0.78,0.041,60.9,207.0,21.2,1
249,2.07,0.023,56.6,196.8,17.2,1
250,0.69,0.017,61.2,220.1,8.0,0
251,0.88,0.033,55.4,223.7,5.3,0
252,1.1,0.015,55.0,207.3,14.3,0
253,1.24,0.018,50.5,222.1,5.9,0
254,1.73,0.047,57.5,182.7,23.9,1
255,1.52,0.023,59.3,215.9,18.6,0
256,1.74,0.028,53.7,204.9,19.7,0
257,1.51,0.019,56.0,204.4,22.7,0
258,1.32,0.033,58.1,211.6,10.5,0
259,0.64,0.005,62.6,182.9,14.5,0
260,1.26,0.035,54.6,201.1,20.2,0
261,0.91,0.018,56.1,236.0,20.7,0
262,0.91,0.002,54.5,191.3,5.3,0
263,1.09,0.047,50.9,216.0,19.9,0
264,2.04,0.031,64.7,202.2,21.9,0
265,1.6,0.034,61.4,206.6,15.6,0
266,1.61,0.0,55.9,185.0,6.7,0
267,0.77,0.031,56.0,196.9,24.6,0
268,1.2,0.026,53.5,191.5,24.6,0
269,1.11,0.023,53.5,188.5,18.3,0
270,1.32,0.024,57.0,213.5,7.9,0
271,1.53,0.007,55.0,219.8,6.5,0
272,1.14,0.008,51.2,203.9,23.0,0
273,1.25,0.034,58.6,200.5,5.6,0
274,1.47,0.034,55.5,207.3,7.5,0
275,1.36,0.036,56.9,201.9,20.9,0
276,1.52,0.036,57.4,222.2,20.0,0
277,0.2,0.018,57.4,210.6,11.5,0
278,0.81,0.0,55.5,210.5,7.8,0
279,1.14,0.016,57.7,192.5,10.3,0
280,0.79,0.043,54.9,183.5,6.7,0
281,0.77,0.025,51.7,226.5,19.1,0
282,0.2,0.002,56.1,208.2,11.9,0
283,1.46,0.0,52.6,219.3,5.7,0
284,1.07,0.024,58.5,207.0,13.0,0
285,0.83,0.017,56.3,203.7,7.9,1
286,1.89,0.025,50.6,206.8,17.5,0
287,1.01,0.038,51.4,196.9,13.9,0
288,1.54,0.005,60.5,206.3,14.2,0
289,1.29,0.036,57.0,232.3,5.5,0
290,1.45,0.027,54.3,212.8,12.2,0
291,0.38,0.035,55.2,225.0,19.6,0
292,1.13,0.01,52.3,207.4,13.6,0
293,1.02,0.03,55.1,191.2,10.7,0
294,1.47,0.006,57.1,207.2,9.8,0
295,2.31,0.031,61.0,213.0,10.4,0
296,1.81,0.032,57.1,209.5,20.0,0
297,1.72,0.039,59.4,209.1,15.6,1
298,0.61,0.005,46.4,195.8,18.1,0
299,1.29,0.022,60.0,238.3,16.0,0
300,1.1,0.032,57.7,221.6,23.0,0
301,0.63,0.019,58.3,224.8,23.5,0
302,1.33,0.022,55.8,234.5,12.6,0
303,1.6,0.0,58.0,219.8,7.4,0
304,1.33,0.017,56.3,221.7,19.9,0
305,1.57,0.021,55.5,227.6,18.1,0
306,1.74,0.025,63.6,205.2,14.1,0
307,1.05,0.03,60.9,206.7,8.0,0
308,1.98,0.033,55.1,216.8,23.5,0
309,0.86,0.04,48.2,219.3,22.7,0
310,1.11,0.009,55.1,208.0,19.5,0
311,1.18,0.044,62.1,230.1,19.7,0
312,1.02,0.016,61.0,207.3,12.9,0
313,0.6,0.045,60.8,197.9,18.0,0
314,1.62,0.039,49.9,217.0,13.7,0
315,1.94,0.013,60.8,211.3,19.9,0
316,1.4,0.048,57.6,196.1,17.5,1
317,1.25,0.022,58.8,195.6,20.4,0
318,1.05,0.012,61.9,203.6,6.8,0
319,1.38,0.033,51.3,216.7,10.6,0
320,1.43,0.021,48.9,220.2,24.0,0
321,1.13,0.005,64.2,202.3,8.8,0
322,0.96,0.035,59.5,206.9,8.2,1
323,0.2,0.0,54.9,195.9,15.7,0
324,1.19,0.0,58.6,222.6,18.7,0
325,1.76,0.019,61.4,204.8,12.3,0
326,1.22,0.017,58.1,192.5,13.8,0
327,0.58,0.026,56.0,209.4,14.0,0
328,0.87,0.021,54.9,213.4,22.0,0
329,0.56,0.01,57.9,203.7,20.2,0
330,0.37,0.008,57.3,202.1,19.8,0
331,1.8,0.017,56.4,209.6,20.4,0
332,1.27,0.02,54.8,210.2,17.4,0
333,1.39,0.012,57.8,196.3,7.3,0
334,0.32,0.03,56.7,222.6,23.8,0
335,1.42,0.036,60.9,223.2,19.4,0
336,1.48,0.024,57.9,210.2,5.1,0
337,1.7,0.027,66.3,205.4,9.6,0
338,0.78,0.014,57.9,219.9,22.7,0
339,0.69,0.0,61.9,192.1,5.2,0
340,1.71,0.015,49.6,197.0,24.5,0
341,1.46,0.03,70.0,215.4,23.0,0
342,1.08,0.006,61.3,218.6,23.5,0
343,1.5,0.011,61.3,219.8,15.0,0
344,1.9,0.025,60.9,204.1,16.6,1
345,1.32,0.019,60.6,217.7,7.8,1
346,1.41,0.035,58.8,224.9,9.7,0
347,1.58,0.012,62.5,241.0,22.1,0
348,1.5,0.017,62.1,195.4,18.8,0
349,1.14,0.0,51.1,211.4,7.1,0
350,1.23,0.023,53.0,206.9,11.0,0
351,0.45,0.004,59.9,215.7,16.9,0
352,0.67,0.034,59.3,209.8,8.6,0
353,2.24,0.024,54.7,236.9,12.0,0
354,0.95,0.008,54.3,198.1,21.5,0
355,0.51,0.015,61.5,200.5,20.4,0
356,1.74,0.0,53.2,210.0,18.3,0
357,1.92,0.01,66.6,223.0,20.6,0
358,0.67,0.037,60.9,198.8,11.7,0
359,1.21,0.025,60.6,223.6,10.7,0
360,1.11,0.006,60.0,211.6,14.2,0
361,1.08,0.008,58.9,216.1,5.5,0
362,0.86,0.031,57.4,206.3,17.0,0
363,0.87,0.0,62.6,224.7,5.2,0
364,1.0,0.024,64.0,221.9,6.0,0
365,1.42,0.034,58.6,196.6,7.7,0
366,1.12,0.031,59.5,202.8,11.4,0
367,1.29,0.013,62.4,224.2,15.4,0
368,1.26,0.044,54.3,214.3,20.0,0
369,1.12,0.035,56.3,209.3,22.4,0
370,0.94,0.042,56.4,204.3,8.7,0
371,0.86,0.038,56.5,198.9,20.5,0
372,1.05,0.019,68.5,200.6,14.3,0
373,1.19,0.0,59.1,202.0,12.3,0
374,0.63,0.018,53.7,222.5,22.1,0
375,0.89,0.0,60.1,221.7,8.6,0
376,1.59,0.006,62.9,230.4,22.8,0
377,0.87,0.029,53.9,204.4,16.1,0
378,1.25,0.008,59.8,218.5,12.4,0
379,0.63,0.028,57.0,185.6,8.0,0
380,1.7,0.018,69.0,205.1,16.5,0
381,1.74,0.021,60.9,208.2,21.3,0
382,1.3,0.016,57.5,208.5,23.5,0
383,1.25,0.035,55.7,201.8,13.1,0
384,1.39,0.031,58.0,197.8,15.1,0
385,1.15,0.023,60.9,220.6,15.4,0
386,0.92,0.012,62.5,214.1,16.2,0
387,1.55,0.04,56.1,204.5,20.6,0
388,0.91,0.014,53.8,210.2,8.8,0
389,1.37,0.01,54.1,220.2,12.4,0
390,1.71,0.021,59.6,204.1,22.3,0
391,0.72,0.023,56.1,214.6,19.0,0
392,1.14,0.012,62.6,211.6,11.1,0
393,1.21,0.019,57.1,189.6,11.7,0
394,0.34,0.031,58.6,208.2,6.0,0
395,1.0,0.001,57.6,208.5,20.1,0
396,1.23,0.022,59.0,202.4,19.8,0
397,0.68,0.006,53.5,212.3,16.8,0
398,1.6,0.018,55.7,197.6,20.8,0
399,1.87,0.042,53.2,215.6,14.2,0
400,1.79,0.035,59.4,196.2,16.9,1
401,2.03,0.042,63.2,207.7,18.3,0
402,1.08,0.012,55.2,197.8,24.5,0
403,1.68,0.032,59.6,217.2,12.0,0
404,1.34,0.03,56.6,194.9,13.2,0
405,0.71,0.032,59.3,219.2,9.5,0
406,0.82,0.022,58.3,208.9,21.0,0
407,1.04,0.013,54.9,202.0,13.2,0
408,0.49,0.045,60.7,210.8,7.0,0
409,1.19,0.019,54.9,210.4,12.0,0
410,1.21,0.042,54.6,207.8,10.2,0
411,2.36,0.034,62.5,203.9,8.0,0
412,1.32,0.02,62.4,189.6,6.8,0
413,1.75,0.005,52.8,229.8,11.5,0
414,1.42,0.04,58.4,213.3,12.4,0
415,0.93,0.04,62.7,215.3,14.6,0
416,0.81,0.0,62.2,211.3,23.0,0
417,0.97,0.0,64.1,212.8,9.7,0
418,1.07,0.019,63.6,212.5,14.8,0
419,1.67,0.014,56.6,223.3,15.8,0
420,1.7,0.006,50.0,224.6,18.2,0
421,1.04,0.045,54.7,224.3,18.0,0
422,1.1,0.006,56.7,222.4,22.9,0
423,0.88,0.01,55.1,235.4,24.8,0
424,1.12,0.0,50.4,200.4,12.6,0
425,1.31,0.053,59.8,195.8,20.9,1
426,0.98,0.024,57.3,226.0,19.5,0
427,1.26,0.014,58.8,201.8,7.3,0
428,0.94,0.035,56.0,209.9,16.0,0
429,1.74,0.024,57.3,239.0,20.4,0
430,1.29,0.042,61.4,213.3,14.0,0
431,0.97,0.018,61.2,198.3,19.1,0
432,1.77,0.0,54.8,214.9,19.7,0
433,0.5,0.029,57.1,228.3,5.7,0
434,1.15,0.041,62.3,210.9,22.7,0
435,1.82,0.038,56.3,199.7,12.3,1
436,1.7,0.009,53.2,209.5,11.0,0
437,1.52,0.0,54.9,214.2,10.6,0
438,1.19,0.042,57.1,203.6,25.0,1
439,1.61,0.0,62.2,203.4,15.1,0
440,1.5,0.055,62.3,211.5,11.4,0
441,1.64,0.006,61.2,219.7,15.3,0
442,0.79,0.022,56.1,223.4,22.4,0
443,1.65,0.026,64.1,193.2,12.6,0
444,0.83,0.016,58.2,203.4,23.5,0
445,0.68,0.008,49.1,207.9,5.3,0
446,1.2,0.03,59.3,195.3,24.4,0
447,1.17,0.046,55.5,182.5,7.3,0
448,1.72,0.013,62.6,204.3,20.6,0
449,1.11,0.02,65.8,211.2,7.5,0
450,1.33,0.009,57.1,217.3,19.8,0
451,0.79,0.007,64.7,198.1,13.2,0
452,0.7,0.013,59.1,213.2,17.2,0
453,1.05,0.015,58.2,213.0,19.2,0
454,1.44,0.015,69.0,206.5,7.3,0
455,2.25,0.019,56.7,216.9,12.5,0
456,0.77,0.032,56.5,220.8,17.8,0
457,1.93,0.025,48.6,208.1,10.2,0
458,1.09,0.013,55.6,201.7,12.6,0
459,1.77,0.033,59.6,207.1,22.6,0
460,0.61,0.016,60.6,199.3,10.3,0
461,1.31,0.034,53.8,200.8,10.3,0
462,1.26,0.02,56.6,207.5,5.4,0
463,1.02,0.003,62.6,202.8,8.0,0
464,1.09,0.042,53.4,208.1,17.1,0
465,1.2,0.022,59.2,226.1,13.6,0
466,1.25,0.049,62.6,212.5,10.1,0
467,0.44,0.032,62.6,197.5,18.2,0
468,0.69,0.026,59.9,206.7,5.3,0
469,0.84,0.002,60.4,195.4,17.2,0
470,0.2,0.038,58.6,228.3,17.3,0
471,0.65,0.031,52.0,239.6,18.2,0
472,1.5,0.029,57.7,198.0,6.1,0
473,1.32,0.001,60.2,212.5,17.2,0
474,0.83,0.01,61.9,217.4,5.2,0
475,1.58,0.035,56.9,214.0,18.2,1
476,1.2,0.026,57.8,203.0,6.3,0
477,0.82,0.026,56.5,201.0,11.6,0
478,1.45,0.018,54.5,215.5,12.1,0
479,1.74,0.035,56.5,203.6,24.1,0
480,1.06,0.008,57.5,206.8,5.3,0
481,1.5,0.019,59.3,215.9,16.9,0
482,1.32,0.029,61.2,220.9,15.5,0
483,1.33,0.013,59.6,199.4,8.7,0
484,0.7,0.025,58.3,201.4,23.7,0
485,0.65,0.018,59.3,213.5,5.1,0
486,0.75,0.011,58.9,216.0,19.5,0
487,1.33,0.006,58.2,177.5,17.3,0
488,1.17,0.021,61.2,214.9,7.6,0
489,1.12,0.007,57.0,208.2,18.7,0
490,1.72,0.044,62.7,202.0,13.6,0
491,1.81,0.01,60.8,196.9,8.8,0
492,0.44,0.037,56.2,218.6,9.6,0
493,0.34,0.026,60.5,202.7,14.0,0
494,1.01,0.019,51.4,198.8,19.3,0
495,1.38,0.039,61.5,208.6,15.9,0
496,1.43,0.015,51.5,221.0,6.3,0
497,1.09,0.04,58.7,210.0,20.8,0
498,0.35,0.008,55.4,235.8,10.0,0
499,1.96,0.024,56.5,220.5,21.4,1
500,0.92,0.045,57.8,197.9,6.9,0
501,1.34,0.044,65.8,217.0,8.6,0
502,1.21,0.0,62.2,229.9,14.6,0
503,1.07,0.019,54.7,214.3,12.4,0
504,1.65,0.051,55.7,207.5,10.4,0
505,1.71,0.015,57.9,188.3,22.6,1
506,0.65,0.012,57.7,198.4,14.2,1
507,0.2,0.0,62.0,204.7,21.0,0
508,0.94,0.0,58.4,211.3,22.2,0
509,1.34,0.029,62.2,207.9,18.9,0
510,1.31,0.016,59.5,214.8,5.7,0
511,1.34,0.031,62.5,208.7,22.8,0
512,1.65,0.0,61.0,212.9,13.6,0
513,1.61,0.022,57.5,212.3,10.3,0
514,1.02,0.022,55.7,220.5,17.6,0
515,0.64,0.014,58.0,214.6,23.1,0
516,0.89,0.04,60.7,218.9,7.6,0
517,1.68,0.031,57.9,218.9,21.9,0
518,0.91,0.015,57.8,198.9,22.5,0
519,1.66,0.028,53.2,227.1,15.0,0
520,1.47,0.047,60.8,224.0,19.5,0
521,2.07,0.005,54.7,212.1,16.1,0
522,1.2,0.042,63.2,231.4,23.0,0
523,0.27,0.024,55.2,194.7,21.5,0
524,2.01,0.018,61.7,213.4,10.6,0
525,1.21,0.012,54.1,202.3,20.4,0
526,1.15,0.014,60.9,199.0,7.0,0
527,1.78,0.013,60.6,212.6,19.3,0
528,1.06,0.0,53.4,205.9,13.7,0
529,0.77,0.009,62.2,196.1,12.2,0
530,1.06,0.014,53.4,220.0,21.4,0
531,1.43,0.008,57.5,219.4,9.8,0
532,1.04,0.025,51.8,203.4,8.5,0
533,1.93,0.023,64.3,223.9,16.9,0
534,0.81,0.038,54.9,217.9,10.0,0
535,0.89,0.004,59.1,201.4,15.7,0
536,0.65,0.03,48.5,211.4,16.0,0
537,1.97,0.016,50.8,210.4,14.5,0
538,1.89,0.023,57.5,214.4,19.6,0
539,1.08,0.026,53.9,214.5,17.9,0
540,0.84,0.009,60.0,204.0,10.7,0
541,0.48,0.023,56.9,211.4,18.9,0
542,1.78,0.013,60.5,195.6,11.9,0
543,1.45,0.033,61.8,209.4,18.1,0
544,1.46,0.022,53.3,200.1,8.3,0
545,1.05,0.033,58.8,196.2,15.3,0
546,1.69,0.004,57.8,213.7,18.2,0
547,1.21,0.028,58.9,208.3,15.0,0
548,0.72,0.017,63.6,179.4,9.9,0
549,0.83,0.037,54.3,203.7,13.4,0
550,1.31,0.028,59.1,221.9,13.5,0
551,0.65,0.006,55.4,216.2,10.9,0
552,1.41,0.025,55.8,206.2,13.1,1
553,0.82,0.0,66.5,188.9,16.4,0
554,1.01,0.019,59.8,201.9,13.7,0
555,0.98,0.025,57.0,213.0,8.4,0
556,1.07,0.001,63.1,215.5,24.5,0
557,1.41,0.032,61.8,212.9,15.0,0
558,0.66,0.027,49.6,220.2,23.3,0
559,0.93,0.01,58.4,192.0,14.1,0
560,0.64,0.043,60.0,213.4,9.6,0
561,0.99,0.003,55.8,211.4,19.5,0
562,0.79,0.006,57.1,194.6,22.2,0
563,1.25,0.009,61.2,218.8,9.8,0
564,1.38,0.007,58.9,242.2,14.2,0
565,1.97,0.043,63.2,190.4,14.2,0
566,1.0,0.032,59.8,213.4,24.3,0
567,1.74,0.0,60.8,214.7,15.7,0
568,0.98,0.019,51.6,219.1,22.7,0
569,0.92,0.019,58.6,221.8,17.5,0
570,1.45,0.027,57.0,213.8,19.4,0
571,1.61,0.012,53.2,201.8,15.2,0
572,1.64,0.037,61.7,196.1,10.1,0
573,1.4,0.028,54.1,215.2,15.1,0
574,1.26,0.01,58.3,215.3,7.2,0
575,1.91,0.008,52.6,181.4,8.7,0
576,1.0,0.018,59.9,221.3,16.7,0
577,0.85,0.0,56.5,214.6,20.0,0
578,0.94,0.046,52.8,212.0,21.3,0
579,0.68,0.012,56.5,207.3,14.0,0
580,0.92,0.026,60.2,216.6,19.2,0
581,1.84,0.041,60.2,197.0,12.8,0
582,0.54,0.008,58.2,211.1,15.8,0
583,1.9,0.03,54.3,222.6,21.3,0
584,0.57,0.009,50.8,212.0,16.3,0
585,1.63,0.038,54.7,212.7,13.2,0
586,0.2,0.044,69.0,198.8,9.5,0
587,1.9,0.051,52.3,180.4,6.6,0
588,0.92,0.011,55.6,185.3,8.8,0
589,1.28,0.023,62.4,218.6,14.4,0
590,1.17,0.008,56.3,221.3,23.3,0
591,1.06,0.026,56.4,208.0,14.5,0
592,1.82,0.036,59.6,217.8,18.7,0
593,1.63,0.021,52.8,180.7,7.3,0
594,1.18,0.047,53.4,199.6,19.1,0
595,1.39,0.0,60.9,200.3,8.2,0
596,1.58,0.033,58.7,227.9,15.4,0
597,1.08,0.01,48.2,202.3,18.4,0
598,1.54,0.011,60.4,191.1,15.0,0
599,1.63,0.0,64.6,201.2,5.5,0
600,0.96,0.014,60.8,231.1,14.8,0
601,0.74,0.032,55.7,199.5,13.4,0
602,1.34,0.02,59.4,208.0,11.7,0
603,0.84,0.045,59.6,199.2,12.4,0
604,1.37,0.03,66.2,201.7,11.2,0
605,1.09,0.007,57.3,206.3,18.4,0
606,1.61,0.007,56.3,222.3,17.1,0
607,1.57,0.015,54.3,198.8,22.8,0
608,2.05,0.024,54.7,213.8,22.8,0
609,1.71,0.008,61.6,217.7,7.3,0
610,1.41,0.045,58.8,218.0,24.7,0
611,0.95,0.022,63.5,197.3,19.2,0
612,0.79,0.0,54.1,208.8,23.1,0
613,1.41,0.018,58.2,213.5,17.0,0
614,1.73,0.02,59.4,224.9,13.2,0
615,1.56,0.02,61.2,220.5,6.6,0
616,1.15,0.045,58.2,198.4,20.2,0
617,0.98,0.02,61.3,200.7,7.9,0
618,1.67,0.021,54.8,196.8,11.4,0
619,1.3,0.001,57.5,206.4,16.5,0
620,0.48,0.0,60.6,208.1,13.5,0
621,1.82,0.029,52.6,196.1,8.7,0
622,0.31,0.033,57.3,196.0,23.5,0
623,0.89,0.047,50.0,224.5,21.7,0
624,1.04,0.012,55.9,231.8,5.6,0
625,1.44,0.033,58.9,208.4,13.7,0
626,0.98,0.013,57.7,221.3,23.1,0
627,0.92,0.013,53.9,232.7,21.2,0
628,1.19,0.021,58.8,221.8,23.6,0
629,1.66,0.015,55.6,221.2,8.8,1
630,1.07,0.022,48.5,196.7,8.5,0
631,2.05,0.012,66.2,231.0,18.1,0
632,1.31,0.0,58.1,206.1,8.4,0
633,1.0,0.006,54.7,215.0,22.7,0
634,1.03,0.0,63.3,195.4,15.3,0
635,0.93,0.006,62.2,205.3,18.3,0
636,1.47,0.017,51.9,218.0,12.7,0
637,1.08,0.008,59.2,220.1,6.7,0
638,1.13,0.017,58.7,199.3,17.5,0
639,0.95,0.015,60.9,205.5,10.9,0
640,1.93,0.005,57.5,204.6,9.2,0
641,0.44,0.027,59.1,210.2,15.2,0
642,1.06,0.035,63.5,207.3,12.2,0
643,1.36,0.015,62.2,192.1,9.4,0
644,1.33,0.021,53.8,205.7,21.4,0
645,1.22,0.011,48.0,196.9,22.1,0
646,1.5,0.019,54.4,237.6,12.6,0
647,1.3,0.032,57.6,225.1,12.8,0
648,1.12,0.019,57.2,225.8,16.5,0
649,0.78,0.014,52.0,219.2,23.7,0
650,1.34,0.025,51.6,217.6,6.9,0
651,0.76,0.02,58.7,214.8,18.4,0
652,0.39,0.0,60.9,215.5,23.9,0
653,1.59,0.027,55.7,215.4,9.7,0
654,1.09,0.025,61.1,206.4,21.3,0
655,1.0,0.041,58.5,216.9,7.3,0
656,1.12,0.016,59.7,225.7,17.1,0
657,1.14,0.02,50.7,222.1,15.0,0
658,1.07,0.024,55.7,197.3,14.2,0
659,1.13,0.024,63.8,210.1,18.6,0
660,1.3,0.008,55.6,204.7,15.0,0
661,1.15,0.007,59.2,192.8,11.1,0
662,1.41,0.03,62.1,231.0,11.2,0
663,2.2,0.002,61.8,218.0,22.0,0
664,1.6,0.021,57.6,203.6,9.6,0
665,1.39,0.029,57.2,212.7,9.0,0
666,1.24,0.015,60.4,217.6,13.1,0
667,1.35,0.023,59.3,208.1,10.6,0
668,1.52,0.007,61.9,214.4,20.3,0
669,1.38,0.022,59.0,200.1,14.3,1
670,1.68,0.037,61.0,220.9,24.4,0
671,1.64,0.025,50.8,213.3,10.5,0
672,1.12,0.026,63.5,214.7,20.6,0
673,1.01,0.0,61.3,215.3,24.6,0
674,1.4,0.01,55.4,232.6,24.1,0
675,1.88,0.016,58.0,185.8,5.2,0
676,0.77,0.003,55.5,219.7,19.5,0
677,1.38,0.03,58.8,224.1,19.5,0
678,1.18,0.026,56.7,202.7,6.4,0
679,1.14,0.031,55.3,200.2,18.6,0
680,1.11,0.02,56.1,209.8,7.0,0
681,1.83,0.023,58.5,202.8,19.4,1
682,1.63,0.005,52.2,200.7,6.4,0
683,1.26,0.028,57.0,200.0,23.2,0
684,1.0,0.009,57.7,198.5,13.8,1
685,1.57,0.013,59.0,204.0,15.8,0
686,1.35,0.006,55.5,204.1,21.6,0
687,1.03,0.018,52.1,218.5,21.0,0
688,1.04,0.0,53.6,182.6,17.3,0
689,1.31,0.01,62.3,211.3,22.7,0
690,0.54,0.016,56.8,217.2,16.2,0
691,1.14,0.023,51.9,200.3,14.8,0
692,1.09,0.002,53.6,207.7,10.1,0
693,0.98,0.0,58.3,205.4,8.9,0
694,1.48,0.0,59.8,217.4,22.0,0
695,0.9,0.03,64.4,200.4,8.2,0
696,1.3,0.008,65.8,208.7,18.4,0
697,1.05,0.018,60.9,220.4,15.0,0
698,1.04,0.02,61.5,199.6,21.5,0
699,1.0,0.013,61.6,209.3,10.5,0
700,2.35,0.015,65.5,206.5,13.3,0
701,1.24,0.017,60.2,208.4,5.8,0
702,0.87,0.01,56.8,216.3,14.0,0
703,0.56,0.008,56.9,216.7,9.3,0
704,0.61,0.015,62.1,216.3,16.7,0
705,0.8,0.01,56.6,210.1,6.3,0
706,1.01,0.017,62.2,202.4,7.7,0
707,1.12,0.046,57.6,226.4,24.8,0
708,1.62,0.023,59.3,214.9,9.2,0
709,1.01,0.027,61.6,216.5,18.7,0
710,1.35,0.034,57.4,223.2,23.5,0
711,1.19,0.016,63.0,224.4,21.8,0
712,1.44,0.025,57.6,225.3,16.2,0
713,1.4,0.009,54.2,225.7,24.5,0
714,1.21,0.002,57.2,196.3,19.4,0
715,1.16,0.017,54.8,209.0,16.4,0
716,1.99,0.025,51.0,215.5,14.9,0
717,1.24,0.02,59.7,205.9,22.5,0
718,0.74,0.018,52.4,207.8,20.8,0
719,0.97,0.009,53.5,213.2,9.6,0
720,0.53,0.0,58.4,200.4,10.1,0
721,0.94,0.036,61.1,214.8,19.0,0
722,0.61,0.02,61.6,199.8,18.4,0
723,1.61,0.013,57.2,202.9,14.8,0
724,2.1,0.051,49.2,206.6,12.7,0
725,1.31,0.024,63.2,206.2,14.9,0
726,0.89,0.023,56.8,194.4,9.2,0
727,0.9,0.006,57.4,207.0,6.2,0
728,0.69,0.017,60.0,219.7,22.7,0
729,0.64,0.0,54.3,215.9,18.8,0
730,1.1,0.038,54.2,217.4,17.2,0
731,1.61,0.011,59.2,220.0,18.8,0
732,1.04,0.024,62.0,198.9,18.2,0
733,0.49,0.021,51.6,218.4,9.7,0
734,2.05,0.022,57.8,218.5,8.4,1
735,0.44,0.045,53.8,219.3,9.0,0
736,1.44,0.0,58.9,213.3,10.8,0
737,1.97,0.024,53.0,204.8,11.8,0
738,1.68,0.038,55.7,207.3,12.9,0
739,1.52,0.019,61.8,215.3,15.5,0
740,0.41,0.016,61.3,215.6,18.1,0
741,1.53,0.049,57.3,183.8,23.1,1
742,0.91,0.034,62.3,218.4,14.3,0
743,1.19,0.02,57.1,229.7,13.3,0
744,0.62,0.003,53.8,188.2,12.2,0
745,0.7,0.021,55.5,205.7,14.9,0
746,0.79,0.026,55.2,196.7,8.1,0
747,1.97,0.031,56.6,216.8,7.9,1
748,0.84,0.029,58.1,202.0,24.8,0
749,0.65,0.017,53.0,216.6,23.9,0
750,0.24,0.0,57.1,219.4,18.6,0
751,1.93,0.035,55.5,209.2,5.6,0
752,1.47,0.04,68.8,228.6,17.3,0
753,0.98,0.004,54.1,224.7,7.3,0
754,0.22,0.002,58.3,211.0,12.5,0
755,0.77,0.009,55.6,221.5,24.4,0
756,0.88,0.025,59.3,209.3,22.6,0
757,2.02,0.0,49.8,220.6,7.9,0
758,0.84,0.024,61.7,201.1,9.4,0
759,1.46,0.025,58.8,208.0,19.8,1
760,0.51,0.011,60.5,226.5,10.1,0
761,1.06,0.047,56.2,207.2,15.1,1
762,1.61,0.028,61.7,209.7,7.5,0
763,0.95,0.035,60.9,217.4,9.2,0
764,0.63,0.005,61.3,223.0,23.7,0
765,1.5,0.049,55.5,213.6,6.0,0
766,1.44,0.048,62.7,235.5,12.4,0
767,1.32,0.034,56.3,207.7,12.4,0
768,1.65,0.019,59.9,200.8,16.8,0
769,1.01,0.039,63.4,206.5,18.9,0
770,1.35,0.003,60.5,215.2,24.0,0
771,0.75,0.031,45.0,223.4,18.6,0
772,1.09,0.015,61.4,213.9,21.1,0
773,1.23,0.021,61.8,200.2,24.2,0
774,0.33,0.006,64.6,202.0,11.7,0
775,0.96,0.022,55.5,211.6,5.2,0
776,1.48,0.019,56.3,226.3,17.9,0
777,0.56,0.032,63.9,214.4,14.0,0
778,0.91,0.027,59.1,216.0,22.6,0
779,1.24,0.059,65.7,212.8,12.6,0
780,2.41,0.035,58.1,225.3,14.3,0
781,1.59,0.039,56.2,213.8,10.2,0
782,0.98,0.014,58.4,205.3,22.6,0
783,0.57,0.032,58.2,201.9,14.1,1
784,1.06,0.039,66.1,207.3,12.2,0
785,1.21,0.011,61.6,189.1,12.2,0
786,1.64,0.004,59.8,201.1,8.5,0
787,0.99,0.033,51.5,212.6,5.0,0
788,1.54,0.013,62.8,191.5,21.4,0
789,1.64,0.032,61.6,200.7,9.5,0
790,1.1,0.026,66.7,211.1,7.1,0
791,1.51,0.01,60.2,188.3,12.2,0
792,1.05,0.041,66.8,220.3,10.2,0
793,1.21,0.026,55.4,213.9,12.1,0
794,0.59,0.046,55.2,202.8,16.2,0
795,1.22,0.02,53.5,191.4,10.6,0
796,1.54,0.013,60.5,222.7,19.9,0
797,1.43,0.034,60.3,182.5,21.2,1
798,1.1,0.012,60.5,206.6,7.0,0
799,1.6,0.048,62.7,202.2,14.0,0
800,0.96,0.026,58.0,214.1,24.2,0
801,1.11,0.024,56.7,209.6,12.1,0
802,0.65,0.039,55.9,197.4,23.5,0
803,1.47,0.006,59.8,212.6,18.1,0
804,1.03,0.005,58.3,211.1,18.5,0
805,1.29,0.021,55.3,214.0,5.5,0
806,1.28,0.029,60.4,214.3,24.0,0
807,1.2,0.024,65.4,204.2,8.9,0
808,1.32,0.014,59.1,211.2,6.1,0
809,1.5,0.017,64.4,210.7,13.2,0
810,1.17,0.034,59.6,199.7,10.9,0
811,1.42,0.01,54.0,212.9,10.9,0
812,1.27,0.0,58.3,194.5,21.1,0
813,1.43,0.038,55.3,199.7,16.1,0
814,1.1,0.005,58.3,197.2,22.4,0
815,1.62,0.035,60.6,203.9,8.9,0
816,1.45,0.01,57.3,198.0,20.2,0
817,0.86,0.016,60.2,204.2,6.8,0
818,1.14,0.01,61.5,195.1,10.5,0
819,0.9,0.0,55.4,209.9,22.1,0
820,0.48,0.03,51.3,230.0,6.6,0
821,1.12,0.023,60.9,190.3,10.3,0
822,1.73,0.012,57.9,224.6,24.6,0
823,1.47,0.022,57.9,214.3,19.1,0
824,1.2,0.028,51.7,212.1,23.9,0
825,1.37,0.005,53.9,193.6,14.3,0
826,1.46,0.0,55.2,225.0,10.6,0
827,1.69,0.012,56.0,209.8,13.6,0
828,1.54,0.025,62.3,203.0,24.1,0
829,2.05,0.017,65.3,194.5,8.3,0
830,1.66,0.016,52.1,214.3,15.6,0
831,0.5,0.017,61.3,197.0,8.5,0
832,1.25,0.025,57.0,220.7,20.7,0
833,1.62,0.0,59.8,229.7,14.3,0
834,1.12,0.0,62.3,203.9,16.9,0
835,0.58,0.044,59.0,233.6,23.1,0
836,1.22,0.015,51.1,222.2,9.8,0
837,0.96,0.004,60.6,212.8,5.4,0
838,0.31,0.033,50.2,182.8,14.7,0
839,1.15,0.002,53.3,221.0,23.0,0
840,1.63,0.034,62.6,202.1,16.1,0
841,1.49,0.003,52.1,208.0,13.2,0
842,1.48,0.027,55.8,212.2,19.4,0
843,1.27,0.008,54.6,240.5,22.2,0
844,0.78,0.027,61.4,235.1,19.3,0
845,1.69,0.034,61.3,200.6,21.1,0
846,1.11,0.025,56.0,207.9,12.5,0
847,0.96,0.002,53.4,227.1,13.1,0
848,1.27,0.021,63.2,204.7,23.0,0
849,1.9,0.017,58.1,219.6,17.3,0
850,1.41,0.0,55.1,235.0,9.6,0
851,1.34,0.029,50.8,227.5,7.4,0
852,0.84,0.013,53.2,211.1,16.4,0
853,1.98,0.011,54.9,217.1,15.7,0
854,1.56,0.021,55.7,191.8,22.1,0
855,1.86,0.038,57.1,201.5,20.0,0
856,1.94,0.026,56.2,239.3,11.0,0
857,0.73,0.015,52.2,223.0,10.2,0
858,1.56,0.0,65.9,215.3,24.1,0
859,1.52,0.011,59.4,198.5,15.3,1
860,0.48,0.0,57.2,206.2,9.3,0
861,1.35,0.017,57.8,216.8,14.8,0
862,1.02,0.041,59.1,211.5,18.0,1
863,0.4,0.044,57.6,209.3,20.4,0
864,1.52,0.027,57.7,216.9,18.2,1
865,1.12,0.0,58.4,216.6,8.3,0
866,1.18,0.033,55.5,216.9,6.9,0
867,1.5,0.011,52.4,216.5,14.9,0
868,1.23,0.0,62.3,213.9,21.1,0
869,1.38,0.028,56.1,206.0,22.1,0
870,0.7,0.036,59.3,212.9,14.9,0
871,1.52,0.012,64.3,207.0,20.7,0
872,1.06,0.016,59.3,185.1,8.0,0
873,0.79,0.028,58.9,202.2,13.8,0
874,1.06,0.024,51.5,235.3,9.6,0
875,1.5,0.001,59.4,222.6,19.1,0
876,0.62,0.006,61.7,203.5,5.8,0
877,1.47,0.008,56.2,199.3,15.2,0
878,1.05,0.003,54.3,184.6,7.0,0
879,1.95,0.009,60.5,216.9,7.2,0
880,1.49,0.037,56.0,216.1,8.9,0
881,1.33,0.016,53.7,216.1,14.7,0
882,1.53,0.011,57.9,225.2,22.7,1
883,0.99,0.057,53.1,193.3,22.2,0
884,1.39,0.001,51.4,194.9,9.6,0
885,1.12,0.009,60.1,201.9,21.6,0
886,0.98,0.015,56.2,205.2,21.0,0
887,1.3,0.021,51.2,199.4,5.3,0
888,1.15,0.023,56.3,187.0,22.1,0
889,1.74,0.02,55.5,236.4,5.6,1
890,1.33,0.027,55.8,210.5,11.5,1
891,1.34,0.014,59.4,207.6,16.1,0
892,1.13,0.023,61.6,215.0,18.4,0
893,1.72,0.0,61.4,241.5,12.0,0
894,0.45,0.016,59.5,205.5,7.1,0
895,0.46,0.003,61.1,215.6,19.5,0
896,0.73,0.022,62.7,230.7,16.5,0
897,1.21,0.026,60.4,206.9,21.5,0
898,0.41,0.014,53.5,217.9,13.5,0
899,0.77,0.01,49.5,204.1,7.8,0
900,1.47,0.029,63.1,202.9,13.0,0
901,1.41,0.024,62.2,210.2,21.2,0
902,0.61,0.001,58.3,209.0,9.7,0
903,1.48,0.031,55.8,210.8,21.7,0
904,1.82,0.054,62.5,205.5,5.5,0
905,2.06,0.024,56.1,184.8,14.1,1
906,1.27,0.001,62.4,233.2,21.8,0
907,1.32,0.024,58.2,213.9,21.1,0
908,1.16,0.042,60.1,199.1,16.6,0
909,1.88,0.007,61.1,216.6,18.9,0
910,1.41,0.016,56.2,208.6,16.9,0
911,0.82,0.03,56.3,199.7,9.7,0
912,1.54,0.025,49.5,210.9,10.9,0
913,0.95,0.04,57.9,223.2,9.6,1
914,1.44,0.026,54.6,217.6,14.7,0
915,0.69,0.012,60.5,228.1,10.8,0
916,1.15,0.027,58.3,218.0,18.5,0
917,2.18,0.03,50.0,196.3,23.8,0
918,0.72,0.008,59.3,224.3,11.5,0
919,1.3,0.028,52.2,222.0,17.2,0
920,1.67,0.023,55.3,210.5,17.3,0
921,1.11,0.042,54.2,225.8,10.3,0
922,1.63,0.014,59.0,210.8,5.7,0
923,1.39,0.046,59.5,221.4,13.5,0
924,0.95,0.036,59.2,223.9,11.6,1
925,0.88,0.018,61.7,200.4,14.5,0
926,1.28,0.01,61.0,195.7,16.8,0
927,0.48,0.01,62.4,204.4,15.1,0
928,0.69,0.03,60.5,214.1,21.6,0
929,1.28,0.015,57.8,220.8,13.9,0
930,0.71,0.032,59.8,217.1,6.4,0
931,1.1,0.045,59.9,181.8,11.5,0
932,0.71,0.048,55.6,215.6,14.0,0
933,1.7,0.036,51.2,220.8,19.9,0
934,1.56,0.017,58.9,190.3,18.6,0
935,1.38,0.003,56.8,211.5,6.2,0
936,1.28,0.0,54.3,206.3,6.4,0
937,0.99,0.041,59.8,199.4,11.5,0
938,0.74,0.023,52.9,193.4,17.2,0
939,2.05,0.006,61.5,223.8,24.0,0
940,1.45,0.04,59.8,197.2,8.8,0
941,1.14,0.0,62.2,238.8,22.1,0
942,1.38,0.0,64.0,224.1,10.0,0
943,1.58,0.048,57.3,213.4,13.6,0
944,1.73,0.0,61.2,200.0,18.2,0
945,1.88,0.023,54.1,204.5,12.9,0
946,1.5,0.005,56.3,210.7,20.0,0
947,0.87,0.039,59.3,215.2,14.4,0
948,1.23,0.021,58.2,221.0,12.1,0
949,1.4,0.017,63.5,213.9,6.0,0
950,1.17,0.017,65.4,205.3,14.7,0
951,1.23,0.036,62.8,234.6,7.8,0
952,0.2,0.036,55.3,237.6,5.0,0
953,1.87,0.02,53.1,213.4,16.4,0
954,1.14,0.007,58.7,226.7,8.3,0
955,1.89,0.0,60.1,219.9,16.4,0
956,1.58,0.019,52.8,220.2,8.7,0
957,1.37,0.021,55.1,210.7,6.4,0
958,2.02,0.038,52.0,197.1,9.6,0
959,0.92,0.034,57.0,220.0,19.8,0
960,2.31,0.031,62.6,201.1,19.2,0
961,1.24,0.025,59.4,209.0,13.2,0
962,0.45,0.014,54.2,193.2,9.1,0
963,0.92,0.019,57.0,221.3,22.1,0
964,1.25,0.028,52.7,211.0,16.5,0
965,0.47,0.011,60.4,222.0,17.5,0
966,1.14,0.013,64.8,227.8,9.9,0
967,1.01,0.027,63.2,210.5,17.9,0
968,0.91,0.025,60.3,216.1,17.6,0
969,0.98,0.037,56.1,200.2,11.1,0
970,0.88,0.013,51.5,233.7,9.4,0
971,1.28,0.008,57.0,212.9,8.7,0
972,1.31,0.018,54.9,195.4,15.1,0
973,1.15,0.014,59.1,222.3,14.3,0
974,1.23,0.056,61.0,210.7,6.1,0
975,1.32,0.011,56.1,215.3,7.8,0
976,1.43,0.042,57.0,235.1,10.3,1
977,1.29,0.024,57.6,206.9,17.4,0
978,1.95,0.015,51.5,195.5,12.3,0
979,1.89,0.022,51.8,206.0,8.6,0
980,0.78,0.008,54.8,222.4,10.1,0
981,0.77,0.038,55.0,220.6,14.6,1
982,0.79,0.016,52.1,215.9,22.4,0
983,1.51,0.019,51.3,206.0,18.3,0
984,0.96,0.037,56.0,218.1,22.3,0
985,1.68,0.023,59.8,211.3,10.8,0
986,0.83,0.041,54.6,215.2,13.5,0
987,0.62,0.036,50.5,178.7,11.0,0
988,0.51,0.029,62.3,219.4,24.2,0
989,0.53,0.05,62.4,216.9,24.6,0
990,1.03,0.022,54.2,203.1,12.2,0
991,2.02,0.026,53.2,225.7,21.4,0
992,1.49,0.001,61.2,196.1,22.2,0
993,1.25,0.011,63.9,195.8,12.3,0
994,0.91,0.05,59.6,218.3,10.1,1
995,1.06,0.037,62.0,205.7,6.9,0
996,0.89,0.0,56.7,211.0,7.8,0
997,1.04,0.03,57.6,199.0,21.0,0
998,1.28,0.042,65.6,209.9,18.5,0
999,1.46,0.057,60.5,215.1,8.0,1
1000,1.06,0.029,62.1,231.0,23.2,0
1001,1.46,0.026,62.2,220.5,7.0,0
1002,1.17,0.03,59.4,217.5,19.7,0
1003,1.05,0.036,57.6,203.9,6.2,0
1004,1.38,0.016,58.0,209.9,23.4,0
1005,1.0,0.031,52.0,207.2,11.0,0
1006,1.23,0.023,60.6,205.1,7.1,0
1007,1.19,0.016,50.2,203.2,13.3,0
1008,1.62,0.023,59.8,211.2,11.3,0
1009,1.17,0.006,59.7,231.5,12.4,0
1010,1.34,0.038,45.7,197.3,18.4,0
1011,0.79,0.0,60.6,223.3,5.8,0
1012,1.11,0.02,51.6,197.0,10.3,0
1013,1.72,0.029,58.6,205.8,12.5,1
1014,1.74,0.038,57.3,220.2,16.3,0
1015,1.47,0.012,57.4,201.2,13.8,0
1016,0.98,0.022,56.3,217.5,5.2,0
1017,0.88,0.009,65.1,225.3,14.5,0
1018,0.87,0.028,63.5,216.8,23.9,0
1019,0.98,0.028,62.9,220.9,20.4,0
1020,1.35,0.014,60.1,212.7,10.7,0
1021,0.91,0.021,56.6,196.5,11.6,0
1022,0.79,0.006,55.0,206.3,7.7,0
1023,0.73,0.013,45.0,226.1,24.4,0
1024,0.91,0.033,54.0,207.8,16.1,0
1025,0.37,0.014,55.8,224.4,17.4,0
1026,0.6,0.024,62.1,219.1,13.5,0
1027,0.81,0.008,62.6,219.2,6.4,0
1028,1.06,0.035,52.3,217.1,24.7,0
1029,1.85,0.031,51.1,201.2,12.5,0
1030,1.51,0.019,61.5,217.1,8.3,0
1031,1.29,0.028,51.3,204.9,9.1,0
1032,0.56,0.024,55.7,238.0,15.0,0
1033,0.99,0.0,50.6,181.3,24.2,0
1034,1.46,0.025,64.3,229.5,11.3,0
1035,1.71,0.045,58.4,238.6,23.3,1
1036,0.27,0.0,49.4,201.1,11.7,0
1037,1.75,0.014,56.8,189.7,5.4,1
1038,1.13,0.032,64.7,216.6,17.9,0
1039,1.57,0.025,50.4,232.3,18.7,0
1040,0.97,0.013,56.2,204.2,14.0,0
1041,1.18,0.026,59.3,218.9,8.2,0
1042,0.72,0.004,58.5,206.1,13.5,0
1043,1.24,0.018,49.9,218.7,12.1,0
1044,1.82,0.026,57.7,194.6,17.2,0
1045,1.73,0.004,53.1,224.0,13.7,0
1046,1.53,0.018,55.8,224.0,8.0,0
1047,0.88,0.005,48.7,206.7,18.2,0
1048,1.1,0.021,61.5,232.5,13.4,0
1049,0.96,0.011,56.7,225.9,11.6,0
1050,1.34,0.009,56.0,206.8,9.7,0
1051,1.59,0.019,57.5,224.4,14.5,0
1052,0.73,0.034,55.3,215.7,14.9,0
1053,0.99,0.022,57.1,201.1,9.5,0
1054,1.57,0.036,60.0,188.9,17.3,1
1055,1.64,0.032,53.8,196.9,13.5,0
1056,0.71,0.012,61.9,212.0,13.2,0
1057,1.17,0.017,54.8,226.1,6.0,0
1058,1.7,0.013,60.0,220.6,22.2,0
1059,1.69,0.036,53.3,212.5,19.3,0
1060,1.05,0.037,55.1,206.4,18.6,0
1061,1.63,0.025,63.2,229.6,23.0,0
1062,1.35,0.011,54.4,215.5,19.6,0
1063,0.82,0.0,51.9,198.1,14.0,0
1064,1.88,0.0,55.4,211.0,8.9,0
1065,1.04,0.047,48.8,227.1,13.9,0
1066,1.15,0.005,61.7,204.0,19.6,0
1067,0.57,0.029,54.9,211.2,16.7,0
1068,1.0,0.013,54.7,232.9,21.9,0
1069,0.91,0.019,60.5,242.3,17.1,0
1070,0.49,0.041,59.6,219.8,12.3,0
1071,1.37,0.029,60.7,204.2,11.4,0
1072,0.91,0.01,56.6,199.6,11.6,0
1073,1.57,0.02,57.1,215.8,23.0,0
1074,1.08,0.021,61.1,215.4,10.2,0
1075,1.65,0.048,61.0,227.1,20.5,0
1076,1.22,0.0,61.1,213.6,14.8,0
1077,1.12,0.006,53.7,210.7,9.4,0
1078,1.12,0.021,59.1,216.4,16.6,0
1079,0.86,0.007,50.4,211.2,9.6,0
1080,1.0,0.022,65.8,210.9,20.5,0
1081,1.53,0.01,52.1,205.8,23.5,0
1082,1.53,0.009,51.1,206.4,8.7,0
1083,1.15,0.009,68.3,196.0,15.0,0
1084,1.16,0.041,60.9,224.7,12.4,1
1085,0.65,0.027,53.5,206.1,22.6,0
1086,1.0,0.015,57.8,193.2,22.9,0
1087,0.99,0.041,58.0,205.1,17.6,0
1088,0.67,0.014,55.6,231.1,15.2,0
1089,1.68,0.0,51.4,216.0,23.0,0
1090,1.12,0.031,58.8,215.8,5.5,0
1091,1.15,0.037,61.6,204.0,14.0,0
1092,1.51,0.008,60.2,197.8,11.4,0
1093,0.83,0.02,52.3,214.9,22.3,0
1094,1.47,0.032,58.0,221.6,13.8,0
1095,0.29,0.019,59.9,201.9,8.4,0
1096,0.97,0.034,60.3,196.4,22.0,0
1097,0.4,0.008,56.4,199.7,5.6,0
1098,1.69,0.008,63.9,197.5,9.3,0
1099,1.5,0.025,66.3,201.3,8.2,0
1100,0.94,0.0,55.7,219.3,9.3,0
1101,1.2,0.03,54.0,218.1,18.5,0
1102,0.86,0.014,56.8,212.5,20.4,0
1103,1.36,0.013,60.2,196.0,14.5,0
1104,1.51,0.02,56.7,218.9,12.1,0
1105,0.96,0.016,62.6,197.8,18.9,0
1106,1.35,0.02,55.6,203.8,22.6,0
1107,0.86,0.016,56.7,197.9,22.9,0
1108,1.07,0.0,56.2,231.6,7.1,0
1109,1.29,0.0,63.6,188.9,5.1,0
1110,1.51,0.019,57.8,224.9,5.0,0
1111,0.94,0.036,55.9,223.8,19.0,0
1112,1.16,0.045,54.7,201.2,18.4,0
1113,1.38,0.026,59.2,213.1,9.9,0
1114,1.51,0.03,61.7,207.9,8.5,0
1115,1.76,0.01,55.8,235.5,6.9,0
1116,1.13,0.019,53.6,233.8,14.6,0
1117,1.97,0.009,59.0,213.5,18.6,0
1118,0.88,0.0,53.3,208.0,7.0,0
1119,1.54,0.0,59.4,211.6,8.4,0
1120,1.84,0.008,59.2,210.2,22.8,0
1121,1.95,0.019,54.6,212.9,19.5,0
1122,1.16,0.008,56.1,223.5,6.0,0
1123,0.78,0.029,54.0,189.7,20.4,0
1124,0.59,0.0,53.7,208.1,12.2,0
1125,1.03,0.044,59.3,217.0,12.8,0
1126,0.47,0.048,56.1,214.5,13.6,0
1127,0.89,0.037,56.6,221.3,7.3,0
1128,0.47,0.011,63.6,199.3,18.4,0
1129,1.34,0.032,58.7,216.5,17.6,0
1130,1.65,0.016,59.6,213.7,16.4,0
1131,1.14,0.053,59.3,233.1,17.2,1
1132,1.79,0.017,61.1,189.2,24.6,0
1133,1.07,0.0,54.8,229.2,18.0,0
1134,1.46,0.017,55.9,209.4,14.8,0
1135,0.82,0.0,57.8,209.0,9.8,0
1136,1.3,0.031,64.5,226.0,5.1,0
1137,1.53,0.057,54.5,208.0,13.5,0
1138,1.34,0.02,61.0,195.2,13.1,0
1139,1.62,0.031,58.0,207.2,10.3,0
1140,1.27,0.0,61.1,201.2,14.7,0
1141,1.24,0.032,62.3,212.2,8.2,0
1142,1.27,0.027,60.6,194.2,14.8,0
1143,1.69,0.009,54.3,193.4,12.2,0
1144,1.36,0.011,55.7,204.6,20.8,0
1145,1.39,0.028,52.2,211.0,13.3,0
1146,1.29,0.001,59.7,194.5,18.2,0
1147,1.68,0.002,56.7,206.1,10.5,0
1148,0.26,0.021,58.1,217.3,15.0,0
1149,0.95,0.025,59.8,193.2,23.4,0
1150,1.23,0.018,55.5,212.4,17.2,0
1151,1.26,0.034,61.5,221.0,23.1,0
1152,0.61,0.017,56.7,220.2,12.9,0
1153,1.83,0.013,62.3,187.2,8.3,0
1154,1.28,0.012,53.4,206.2,13.4,0
1155,0.99,0.011,61.6,225.1,5.6,0
1156,1.77,0.028,56.9,209.9,16.0,1
1157,1.59,0.0,61.1,226.6,16.1,0
1158,0.61,0.009,59.1,228.5,21.4,0
1159,0.32,0.018,61.3,211.6,12.0,0
1160,0.85,0.0,58.5,219.7,9.3,0
1161,1.55,0.005,57.3,217.5,13.3,0
1162,1.54,0.01,61.8,195.7,8.5,0
1163,1.34,0.0,59.3,217.9,19.7,0
1164,1.54,0.033,62.0,209.5,5.9,0
1165,1.12,0.006,56.0,230.6,20.0,0
1166,1.69,0.053,56.8,210.6,12.7,1
1167,1.55,0.024,60.2,202.5,23.4,0
1168,0.84,0.0,60.2,202.4,8.5,0
1169,1.18,0.022,56.2,201.4,24.8,0
1170,1.24,0.02,58.3,209.3,14.6,0
1171,1.55,0.0,53.0,224.4,10.6,0
1172,0.82,0.006,57.4,197.2,16.0,0
1173,1.17,0.059,55.1,220.3,18.3,1
1174,1.43,0.0,53.0,205.1,18.3,0
1175,1.01,0.037,62.8,208.5,15.8,0
1176,1.58,0.024,64.4,204.2,6.8,0
1177,1.51,0.036,60.3,218.4,16.0,0
1178,0.97,0.033,51.7,200.3,17.1,0
1179,1.19,0.014,58.2,215.6,11.7,0
1180,1.29,0.046,53.5,211.3,6.2,0
1181,1.19,0.04,54.7,197.2,24.1,0
1182,0.77,0.0,60.0,214.3,23.5,0
1183,0.89,0.004,51.0,211.8,5.4,0
1184,1.91,0.026,56.6,198.4,23.2,0
1185,1.03,0.03,54.9,218.9,14.0,0
1186,1.42,0.017,51.6,210.6,16.3,0
1187,1.0,0.028,58.5,198.4,16.3,0
1188,0.42,0.021,59.2,221.8,17.7,0
1189,2.03,0.042,55.0,217.2,24.6,0
1190,0.86,0.035,56.8,197.3,12.3,1
1191,1.24,0.011,63.4,202.2,14.2,0
1192,0.85,0.0,55.8,200.7,6.1,0
1193,1.03,0.025,62.6,209.4,12.3,0
1194,1.16,0.016,64.0,209.1,13.5,0
1195,1.01,0.0,60.1,210.8,15.2,0
1196,1.39,0.02,56.7,198.1,23.7,0
1197,1.88,0.033,60.7,184.9,22.1,1
1198,1.06,0.032,59.4,222.8,16.2,0
1199,1.69,0.026,56.3,237.4,7.2,0
1200,0.94,0.024,49.0,229.1,10.9,0
1201,1.37,0.022,61.2,195.9,21.8,0
1202,0.96,0.006,57.7,198.3,8.4,0
1203,1.18,0.031,57.0,212.0,19.6,0
1204,1.18,0.0,57.8,207.5,21.4,0
1205,1.72,0.032,58.6,198.3,11.7,0
1206,1.48,0.007,56.6,198.4,9.6,0
1207,1.39,0.024,62.9,211.1,10.3,0
1208,1.08,0.016,56.5,205.4,14.7,0
1209,1.56,0.017,49.7,219.6,16.0,0
1210,1.56,0.039,53.9,204.0,12.1,0
1211,1.28,0.027,55.2,211.8,18.3,0
1212,0.98,0.016,55.7,211.2,12.6,0
1213,1.3,0.019,58.4,198.7,5.8,0
1214,0.64,0.008,52.0,194.3,9.7,0
1215,1.63,0.027,56.4,211.7,9.9,0
1216,0.42,0.007,52.9,210.1,10.1,0
1217,1.68,0.04,55.8,228.1,9.0,0
1218,0.84,0.034,53.3,225.2,18.2,0
1219,0.94,0.044,54.7,207.9,13.8,0
1220,1.02,0.001,57.0,221.4,20.4,0
1221,1.48,0.02,55.6,217.3,22.9,0
1222,1.0,0.027,52.0,210.4,11.6,0
1223,1.56,0.026,56.9,214.1,17.8,0
1224,1.64,0.024,59.2,209.0,9.6,0
1225,1.59,0.032,58.6,202.1,14.8,0
1226,0.81,0.017,57.7,212.3,20.6,0
1227,1.72,0.024,55.6,224.4,6.1,0
1228,0.98,0.018,55.3,191.9,22.1,0
1229,2.06,0.0,59.8,204.5,23.9,0
1230,1.03,0.036,63.3,212.8,12.0,0
1231,0.31,0.034,59.6,198.6,22.8,0
1232,1.62,0.042,53.1,200.1,12.4,0
1233,1.11,0.026,52.3,218.1,20.4,0
1234,0.76,0.005,61.1,216.7,22.0,0
1235,0.79,0.013,55.3,194.6,9.5,0
1236,1.87,0.028,56.9,226.1,12.2,1
1237,1.12,0.006,56.8,189.8,23.9,0
1238,1.05,0.023,56.1,223.4,16.3,0
1239,1.28,0.032,56.0,224.4,17.3,1
1240,1.39,0.041,62.3,190.1,16.0,0
1241,0.73,0.028,61.1,191.7,8.7,0
1242,1.3,0.011,61.0,202.6,21.8,0
1243,0.9,0.0,55.7,204.7,14.3,0
1244,1.19,0.005,58.7,203.0,20.8,0
1245,1.24,0.011,58.7,201.4,22.4,0
1246,2.51,0.042,61.8,217.8,20.2,0
1247,1.71,0.0,53.0,207.4,12.7,0
1248,2.36,0.026,56.8,217.6,22.7,0
1249,1.09,0.018,57.8,208.7,14.2,0
1250,1.6,0.022,60.7,201.5,16.7,0
1251,1.3,0.036,61.9,216.4,19.9,0
1252,1.82,0.034,63.0,211.8,16.5,0
1253,0.38,0.042,61.1,218.0,7.0,0
1254,0.66,0.02,60.4,199.9,21.3,0
1255,0.51,0.011,63.7,210.0,9.4,0
1256,1.55,0.012,57.2,218.1,23.3,0
1257,0.87,0.023,56.1,240.8,7.7,0
1258,1.33,0.028,60.3,206.0,10.0,1
1259,1.34,0.0,62.2,214.3,14.3,0
1260,1.09,0.025,55.7,208.0,9.2,0
1261,1.57,0.026,58.1,215.6,22.7,0
1262,1.12,0.041,60.0,214.3,23.0,0
1263,1.61,0.008,61.8,205.0,6.4,0
1264,0.94,0.041,54.6,201.8,23.6,0
1265,1.39,0.046,62.2,220.9,23.3,0
1266,1.47,0.016,56.9,216.2,8.0,0
1267,0.57,0.0,59.1,186.6,14.4,0
1268,1.26,0.019,63.3,185.1,23.2,0
1269,1.07,0.01,52.4,213.2,15.2,0
1270,0.89,0.017,59.4,220.0,11.3,0
1271,2.19,0.045,64.0,202.0,8.7,0
1272,1.56,0.0,57.7,236.7,21.8,0
1273,1.65,0.028,61.7,231.5,22.9,0
1274,1.95,0.0,51.6,197.1,16.2,0
1275,1.48,0.035,60.9,220.0,23.8,0
1276,0.98,0.009,65.3,226.3,12.1,0
1277,1.79,0.016,65.9,205.7,10.9,0
1278,0.81,0.031,54.7,242.5,8.0,0
1279,0.71,0.034,57.2,194.6,8.8,0
1280,1.34,0.021,58.7,194.9,10.1,0
1281,1.48,0.009,63.7,204.3,17.8,0
1282,0.92,0.029,55.6,203.6,14.3,0
1283,1.03,0.008,59.6,228.5,5.5,0
1284,0.91,0.007,54.2,202.2,10.5,0
1285,1.39,0.023,55.6,219.9,8.6,0
1286,1.19,0.022,56.9,216.4,24.7,0
1287,1.03,0.039,60.8,201.7,13.7,0
1288,1.16,0.053,64.2,208.0,19.0,0
1289,1.63,0.025,57.3,186.0,23.0,0
1290,1.16,0.057,56.5,207.1,13.3,0
1291,1.14,0.034,57.1,196.9,7.7,0
1292,1.07,0.014,58.0,228.2,8.1,0
1293,1.82,0.012,59.3,198.9,21.1,0
1294,1.42,0.002,64.2,215.6,11.2,0
1295,1.69,0.0,53.5,201.2,10.6,0
1296,1.33,0.052,58.0,208.6,23.7,0
1297,0.58,0.003,53.2,199.0,20.3,0
1298,1.04,0.029,58.5,205.8,13.3,0
1299,1.27,0.021,57.2,196.2,14.6,0
1300,1.69,0.029,61.7,211.0,6.8,0
1301,0.25,0.003,58.0,189.9,23.6,0
1302,1.47,0.038,55.5,197.8,17.7,0
1303,1.66,0.015,57.5,213.4,8.6,0
1304,0.79,0.037,53.7,203.8,21.3,0
1305,0.6,0.021,59.4,223.3,22.0,0
1306,2.45,0.043,58.9,217.3,22.7,1
1307,1.19,0.057,58.7,214.2,18.8,0
1308,0.92,0.012,58.9,214.7,7.7,0
1309,1.25,0.024,53.8,202.6,7.5,0
1310,1.6,0.04,60.4,222.4,15.1,0
1311,0.91,0.007,58.5,211.1,9.5,0
1312,1.75,0.036,62.2,199.6,8.4,0
1313,0.54,0.009,57.9,205.4,13.9,0
1314,1.15,0.007,58.8,215.8,15.6,0
1315,1.21,0.005,56.5,222.9,15.9,0
1316,1.79,0.031,60.7,212.3,8.7,0
1317,1.15,0.039,59.1,214.4,17.6,1
1318,1.15,0.028,56.9,218.1,15.0,0
1319,1.07,0.036,53.7,215.3,11.5,0
1320,0.23,0.021,62.3,203.7,10.9,0
1321,1.0,0.036,52.9,227.0,24.2,0
1322,2.1,0.019,60.4,210.2,5.8,0
1323,1.14,0.01,53.5,186.4,12.4,0
1324,1.51,0.031,58.0,205.9,5.3,0
1325,1.07,0.014,59.6,209.5,12.1,0
1326,1.3,0.036,54.3,208.2,20.2,0
1327,1.09,0.016,62.9,203.6,10.8,0
1328,0.87,0.024,58.8,224.6,12.2,0
1329,1.37,0.006,63.6,207.1,13.7,0
1330,0.89,0.009,62.4,221.9,23.9,0
1331,1.6,0.0,60.4,229.1,18.3,0
1332,1.47,0.025,61.4,211.8,22.8,0
1333,0.88,0.018,56.1,193.7,17.1,0
1334,0.9,0.042,55.9,187.5,15.3,0
1335,1.69,0.016,57.5,201.8,16.1,0
1336,1.63,0.006,57.5,211.8,9.1,0
1337,1.05,0.0,59.3,223.0,22.5,0
1338,1.13,0.0,60.3,198.9,11.4,0
1339,1.08,0.01,63.9,228.3,7.9,0
1340,1.75,0.01,60.1,211.1,13.8,0
1341,1.53,0.016,62.8,216.7,23.8,0
1342,1.39,0.009,59.3,197.7,20.6,0
1343,0.84,0.016,50.1,220.6,7.8,0
1344,0.78,0.021,53.7,206.6,23.4,0
1345,1.58,0.012,50.6,233.4,14.7,0
1346,1.87,0.035,50.3,208.8,18.8,0
1347,0.2,0.034,53.3,223.3,5.7,0
1348,0.56,0.0,57.3,207.8,8.2,0
1349,1.45,0.022,55.8,208.2,24.2,0
1350,1.1,0.053,54.6,215.6,21.4,1
1351,0.82,0.0,60.5,199.6,11.6,0
1352,1.47,0.038,51.3,198.1,5.5,0
1353,0.67,0.038,55.3,201.7,16.8,0
1354,1.56,0.016,55.4,221.9,18.1,0
1355,1.02,0.011,61.0,223.0,12.8,0
1356,1.86,0.021,55.1,217.1,15.9,0
1357,1.12,0.003,57.1,196.8,23.0,0
1358,1.59,0.015,66.2,228.5,14.4,0
1359,1.02,0.023,63.6,226.0,16.3,0
1360,0.81,0.018,54.0,191.1,8.6,0
1361,0.96,0.013,56.3,185.7,5.3,0
1362,1.22,0.01,60.7,201.6,8.5,0
1363,0.59,0.032,60.4,197.4,13.1,0
1364,1.64,0.014,59.2,203.2,10.5,0
1365,1.19,0.007,58.7,204.2,18.5,0
1366,0.27,0.004,59.2,206.3,8.8,0
1367,0.61,0.026,51.2,205.0,14.9,0
1368,0.74,0.033,53.3,194.8,22.8,0
1369,0.75,0.0,62.4,213.3,14.8,0
1370,1.28,0.026,58.0,200.6,20.2,0
1371,1.12,0.02,45.0,199.7,19.9,0
1372,1.36,0.041,63.9,205.7,11.3,0
1373,0.91,0.026,59.6,201.9,12.1,1
1374,1.59,0.021,56.8,220.5,15.2,0
1375,0.92,0.022,56.6,226.9,17.9,0
1376,0.87,0.012,59.0,197.7,20.0,0
1377,1.39,0.018,53.3,200.9,20.3,0
1378,0.79,0.022,57.1,235.9,19.9,0
1379,1.57,0.023,56.4,218.3,22.7,0
1380,1.81,0.011,50.0,221.3,23.7,0
1381,1.58,0.038,59.0,212.1,11.4,0
1382,0.86,0.01,59.3,214.5,17.0,0
1383,0.99,0.0,59.3,191.4,16.1,0
1384,1.43,0.006,58.0,211.8,16.0,0
1385,1.12,0.04,63.7,220.3,15.7,0
1386,1.75,0.009,59.8,208.5,9.3,0
1387,1.76,0.015,63.9,194.8,15.8,0
1388,1.65,0.031,57.6,206.5,6.4,0
1389,1.85,0.029,61.2,228.5,12.4,0
1390,0.87,0.017,50.9,204.0,8.6,0
1391,0.95,0.032,51.3,190.7,24.5,0
1392,1.43,0.036,58.1,217.6,21.9,1
1393,1.92,0.007,56.4,212.3,22.7,0
1394,0.84,0.027,55.3,208.6,18.6,0
1395,1.11,0.03,54.4,214.2,14.9,0
1396,1.4,0.027,52.9,231.4,18.9,0
1397,1.16,0.025,65.3,220.9,13.9,0
1398,0.32,0.03,58.7,221.6,5.5,0
1399,0.98,0.014,58.9,197.2,15.2,0
1400,1.02,0.017,62.0,216.4,18.9,0
1401,1.05,0.049,60.1,185.3,21.6,0
1402,0.8,0.057,65.8,203.1,18.5,0
1403,1.1,0.034,59.9,222.6,23.4,0
1404,0.34,0.012,57.7,220.4,11.4,0
1405,0.83,0.041,57.3,202.2,10.2,0
1406,0.98,0.01,57.8,215.6,17.9,0
1407,1.18,0.024,59.6,198.2,20.9,0
1408,1.51,0.029,60.3,221.5,20.8,0
1409,0.96,0.015,63.2,190.5,13.9,0
1410,1.4,0.017,57.2,205.5,9.3,0
1411,1.07,0.0,59.6,240.9,7.3,0
1412,0.66,0.016,63.3,203.4,20.4,0
1413,1.26,0.013,64.1,204.9,20.1,0
1414,1.37,0.016,59.1,212.6,5.1,0
1415,1.78,0.041,57.0,179.4,6.6,1
1416,1.17,0.013,57.1,212.4,12.8,0
1417,1.32,0.034,61.9,204.2,6.1,0
1418,1.65,0.011,55.1,214.0,12.6,0
1419,1.27,0.022,52.9,220.3,21.5,0
1420,0.57,0.0,57.2,219.6,13.5,0
1421,0.94,0.025,70.0,218.2,19.4,0
1422,1.49,0.033,55.6,200.0,7.1,0
1423,1.17,0.003,56.1,220.5,20.9,0
1424,1.39,0.067,55.6,205.9,9.1,1
1425,1.65,0.012,57.8,200.2,24.0,0
1426,1.31,0.0,54.7,215.0,13.1,0
1427,1.27,0.013,60.6,197.7,9.5,0
1428,1.15,0.003,63.4,218.0,6.1,0
1429,1.31,0.02,57.6,221.2,11.0,0
1430,1.16,0.0,58.8,220.0,13.4,0
1431,1.42,0.026,56.9,208.4,9.5,0
1432,1.12,0.013,61.6,197.0,12.9,0
1433,1.22,0.045,59.1,190.6,13.4,1
1434,0.39,0.023,59.9,207.8,18.9,0
1435,1.16,0.018,54.6,213.9,19.1,0
1436,0.86,0.031,66.1,228.9,14.0,0
1437,0.94,0.019,58.6,218.8,14.0,0
1438,1.1,0.0,59.1,202.7,16.3,0
1439,1.1,0.022,61.0,213.2,24.8,0
1440,1.58,0.0,61.0,214.5,13.7,0
1441,1.36,0.033,57.2,190.6,9.3,0
1442,1.14,0.024,60.6,208.8,13.9,0
1443,0.83,0.0,65.8,226.6,12.7,0
1444,0.35,0.022,55.1,217.4,24.2,0
1445,1.21,0.02,55.1,211.2,22.0,0
1446,1.95,0.049,67.9,206.7,10.0,0
1447,0.7,0.016,51.5,212.1,19.5,0
1448,1.62,0.001,68.6,213.8,5.2,0
1449,1.02,0.01,56.6,182.9,16.0,0
1450,0.91,0.017,55.2,215.0,18.1,0
1451,1.8,0.028,55.2,225.6,5.3,0
1452,1.5,0.013,62.1,183.0,24.6,0
1453,0.97,0.005,54.5,221.5,17.5,0
1454,1.37,0.0,52.5,218.0,7.8,0
1455,0.84,0.013,64.1,206.7,9.8,0
1456,1.61,0.026,55.3,201.5,13.3,0
1457,1.83,0.02,56.6,201.0,17.7,0
1458,0.89,0.012,58.4,193.5,20.0,0
1459,1.78,0.018,55.4,206.9,21.1,0
1460,1.09,0.032,51.6,211.3,16.2,0
1461,1.29,0.026,58.0,225.2,23.5,0
1462,1.58,0.023,62.5,198.8,18.9,0
1463,1.36,0.039,60.2,204.9,10.1,0
1464,0.65,0.034,57.8,211.2,8.7,0
1465,1.08,0.032,55.9,223.9,8.6,0
1466,1.03,0.0,55.3,217.2,20.7,0
1467,1.32,0.018,57.5,220.7,10.3,0
1468,1.48,0.023,54.6,203.7,9.6,0
1469,1.96,0.053,57.8,208.6,9.8,1
1470,1.7,0.022,65.2,195.6,8.6,0
1471,1.08,0.046,58.2,214.9,13.2,1
1472,1.22,0.017,53.0,203.4,5.0,0
1473,1.68,0.032,57.2,227.0,24.8,1
1474,1.12,0.036,61.8,215.6,23.1,0
1475,0.39,0.04,50.4,207.3,21.8,0
1476,1.03,0.013,59.3,186.8,21.4,0
1477,1.0,0.009,57.5,208.1,17.9,0
1478,1.26,0.004,64.5,210.0,19.8,0
1479,0.9,0.029,68.0,217.7,24.4,0
1480,0.82,0.038,55.2,199.1,19.2,0
1481,1.0,0.019,55.8,229.9,15.0,0
1482,0.74,0.021,62.8,195.4,16.2,0
1483,1.81,0.014,64.4,196.9,6.7,0
1484,1.48,0.001,58.1,216.0,17.9,0
1485,0.48,0.013,65.8,207.2,24.2,0
1486,1.14,0.005,62.1,192.5,22.5,0
1487,1.66,0.002,60.6,187.9,16.1,0
1488,1.47,0.031,63.5,219.0,12.4,0
1489,1.29,0.017,58.0,200.8,5.2,0
1490,1.19,0.018,54.8,218.2,17.4,0
1491,0.91,0.013,61.8,213.2,9.1,0
1492,0.7,0.011,53.6,209.5,24.9,0
1493,1.23,0.0,55.2,206.0,15.1,0
1494,1.31,0.043,56.9,217.1,11.1,0
1495,1.46,0.036,58.5,206.5,17.1,0
1496,1.52,0.0,61.8,204.1,19.8,0
1497,1.46,0.009,49.9,221.4,5.0,0
1498,0.54,0.03,57.7,224.7,18.0,0
1499,0.63,0.008,59.0,207.4,9.3,0
1500,1.58,0.027,54.8,221.4,17.0,0
1501,1.57,0.005,54.8,178.5,6.7,0
1502,0.87,0.032,55.7,204.1,22.1,0
1503,0.87,0.03,61.4,211.5,5.4,1
1504,1.24,0.052,55.4,212.3,18.4,0
1505,0.61,0.014,53.6,201.3,17.7,0
1506,0.91,0.0,60.4,192.6,17.5,0
1507,1.4,0.027,57.0,209.3,20.4,0
1508,1.07,0.026,56.9,207.6,18.8,0
1509,1.43,0.025,57.3,219.0,12.6,0
1510,0.68,0.005,55.1,229.5,22.6,0
1511,1.53,0.013,56.8,206.5,13.0,0
1512,2.0,0.035,50.4,197.9,7.5,0
1513,0.92,0.024,59.6,205.9,23.3,0
1514,1.48,0.027,58.2,218.7,17.0,0
1515,0.71,0.03,54.6,205.3,14.1,0
1516,0.83,0.037,56.0,193.2,22.4,1
1517,1.48,0.022,61.9,212.7,8.3,0
1518,1.18,0.003,54.5,212.0,8.1,0
1519,0.96,0.023,56.1,186.1,19.8,0
1520,1.26,0.025,59.2,217.6,11.1,1
1521,0.66,0.009,59.2,218.2,10.6,0
1522,1.18,0.047,58.3,212.8,14.8,0
1523,1.74,0.02,52.7,222.8,10.7,0
1524,1.51,0.023,61.2,201.1,23.9,0
1525,1.53,0.03,64.8,211.0,19.6,0
1526,1.32,0.046,68.9,220.0,22.7,0
1527,1.83,0.014,57.9,201.1,6.1,0
1528,0.58,0.002,49.9,202.7,9.9,0
1529,0.81,0.008,55.5,197.8,8.2,0
1530,1.55,0.009,57.7,217.5,23.3,0
1531,1.94,0.005,59.0,220.9,5.2,0
1532,1.47,0.019,55.4,224.9,9.5,0
1533,0.93,0.0,64.9,204.2,11.6,0
1534,1.14,0.008,61.5,208.3,13.0,0
1535,1.23,0.019,56.7,208.3,14.2,0
1536,1.96,0.023,57.1,206.8,9.0,1
1537,1.88,0.032,53.3,231.1,14.3,0
1538,1.7,0.022,60.4,219.7,11.4,0
1539,1.69,0.006,52.9,218.8,13.0,0
1540,0.46,0.011,59.2,234.3,20.0,0
1541,0.73,0.033,59.9,217.2,11.9,0
1542,1.2,0.051,53.3,224.9,9.8,0
1543,1.14,0.038,62.4,207.5,11.9,0
1544,1.8,0.001,61.8,209.9,20.4,0
1545,1.57,0.031,57.4,202.7,5.5,1
1546,1.37,0.011,54.9,226.0,14.7,0
1547,1.42,0.008,61.9,208.8,11.1,0
1548,1.18,0.01,57.8,205.0,8.0,0
1549,1.17,0.037,54.6,179.7,19.3,1
1550,0.98,0.01,55.6,199.1,15.7,0
1551,1.24,0.029,59.1,208.8,11.2,0
1552,0.73,0.01,59.3,207.4,16.9,0
1553,1.63,0.005,60.1,225.0,6.5,0
1554,1.09,0.012,58.0,221.8,19.9,0
1555,1.22,0.049,57.6,209.2,14.6,0
1556,0.92,0.001,58.3,217.2,16.3,0
1557,0.68,0.025,53.8,201.3,20.0,0
1558,1.12,0.022,59.9,221.4,19.8,0
1559,1.16,0.002,58.5,195.4,14.1,0
1560,1.09,0.0,53.9,201.6,10.4,0
1561,1.81,0.04,62.0,204.1,6.8,0
1562,1.13,0.02,57.6,211.8,13.9,0
1563,0.92,0.051,54.8,216.9,18.6,0
1564,1.48,0.028,61.9,203.9,23.4,0
1565,1.23,0.042,57.4,218.9,7.6,0
1566,2.0,0.035,59.1,195.0,9.5,1
1567,1.27,0.034,60.4,223.8,12.0,0
1568,0.96,0.004,59.3,197.4,7.3,0
1569,1.43,0.063,60.6,209.4,14.5,0
1570,1.42,0.019,50.9,205.6,9.7,0
1571,0.2,0.045,55.6,184.9,23.7,0
1572,1.37,0.008,62.7,220.4,12.4,0
1573,0.72,0.023,61.0,205.9,24.4,0
1574,1.26,0.003,55.2,219.4,6.0,0
1575,1.34,0.003,64.8,194.3,9.6,0
1576,1.44,0.04,59.6,218.3,23.3,1
1577,0.89,0.017,61.3,209.3,14.9,0
1578,1.93,0.036,62.7,214.2,13.2,0
1579,0.83,0.029,62.5,204.3,22.1,0
1580,0.32,0.017,61.4,231.0,19.3,0
1581,1.43,0.0,60.2,195.7,15.5,0
1582,0.86,0.0,57.0,212.2,5.5,0
1583,0.71,0.01,63.2,198.8,15.7,0
1584,1.51,0.036,58.9,207.0,20.4,0
1585,0.83,0.029,53.9,210.2,12.3,0
1586,1.36,0.038,61.1,221.7,15.1,1
1587,1.11,0.033,59.8,191.1,7.8,0
1588,0.8,0.012,57.2,229.3,18.6,0
1589,0.56,0.05,61.9,219.3,5.9,0
1590,0.25,0.021,65.4,204.1,8.0,0
1591,1.88,0.014,59.1,196.1,5.9,0
1592,1.62,0.02,58.2,207.5,6.0,0
1593,1.32,0.064,59.9,201.2,17.6,1
1594,1.33,0.023,58.8,198.3,18.2,0
1595,1.43,0.023,57.2,210.2,21.1,0
1596,1.31,0.029,59.6,218.1,7.6,0
1597,1.64,0.008,58.9,220.1,23.1,0
1598,1.17,0.007,60.8,213.7,7.2,0
1599,1.56,0.021,63.8,192.9,19.5,0
1600,0.56,0.027,59.0,197.7,10.5,0
1601,0.84,0.041,57.2,213.2,9.9,0
1602,1.12,0.022,54.5,213.3,22.2,0
1603,1.64,0.002,56.9,239.7,6.2,0
1604,1.58,0.034,54.1,212.6,15.4,0
1605,0.87,0.02,61.4,190.0,8.6,0
1606,1.02,0.019,62.0,227.2,21.3,0
1607,0.92,0.0,60.4,189.0,13.7,0
1608,1.07,0.031,63.5,201.5,17.7,0
1609,1.25,0.039,50.1,221.3,5.1,0
1610,1.3,0.015,57.4,222.0,6.0,0
1611,1.2,0.015,54.0,196.3,9.1,0
1612,1.93,0.051,51.9,220.0,17.3,0
1613,0.96,0.023,69.8,230.7,22.0,0
1614,1.94,0.005,61.4,212.0,21.3,0
1615,0.81,0.017,49.9,223.8,17.1,0
1616,0.9,0.034,62.2,188.1,9.6,0
1617,1.27,0.0,59.7,194.9,21.9,0
1618,2.33,0.013,62.0,222.6,6.8,1
1619,1.06,0.043,54.2,188.0,11.3,0
1620,1.26,0.01,60.2,200.4,7.7,0
1621,0.2,0.056,54.8,193.6,9.8,0
1622,1.28,0.0,59.5,195.2,18.1,0
1623,1.04,0.038,54.3,200.4,11.3,0
1624,1.46,0.021,61.2,229.6,23.4,0
1625,1.75,0.024,60.5,212.4,19.3,0
1626,0.92,0.023,57.4,208.1,8.5,0
1627,0.6,0.046,55.7,209.0,12.6,0
1628,1.96,0.023,52.8,194.2,9.0,0
1629,1.05,0.022,54.1,220.8,12.8,0
1630,1.28,0.0,60.9,200.4,13.1,0
1631,0.91,0.037,51.6,220.6,13.3,0
1632,1.11,0.0,58.5,214.0,10.9,0
1633,0.81,0.008,65.6,194.8,6.4,0
1634,1.29,0.004,67.6,201.8,5.9,0
1635,1.14,0.009,54.3,221.1,9.6,0
1636,1.68,0.037,57.1,198.7,11.5,0
1637,0.59,0.0,55.1,211.1,8.5,0
1638,1.4,0.0,56.3,207.7,14.1,0
1639,0.91,0.042,57.5,212.4,18.9,0
1640,1.05,0.05,62.5,192.6,5.5,0
1641,0.97,0.03,53.7,202.9,7.2,0
1642,2.0,0.023,56.0,214.6,14.7,1
1643,1.51,0.038,61.3,201.8,12.1,0
1644,1.48,0.0,55.9,202.8,10.0,0
1645,1.63,0.018,64.3,223.4,9.0,0
1646,1.13,0.01,58.4,215.6,22.6,0
1647,0.88,0.019,64.7,215.4,11.8,0
1648,1.13,0.024,54.5,221.3,20.9,0
1649,0.9,0.035,52.0,212.1,21.7,0
1650,1.09,0.012,62.7,223.1,8.8,0
1651,1.43,0.029,59.6,199.8,18.8,0
1652,1.91,0.002,56.8,231.5,23.7,1
1653,1.39,0.005,62.1,202.6,20.2,0
1654,1.69,0.017,57.3,202.2,20.7,0
1655,1.66,0.0,59.1,213.6,22.2,0
1656,1.51,0.032,55.0,220.8,11.7,1
1657,1.46,0.033,68.0,194.9,22.4,0
1658,0.46,0.024,49.5,212.3,9.1,0
1659,1.17,0.002,59.0,200.1,13.0,0
1660,0.96,0.014,62.8,206.0,18.8,0
1661,1.9,0.044,53.7,213.2,22.2,0
1662,1.12,0.001,60.2,184.1,20.1,0
1663,1.92,0.004,57.2,207.2,7.6,0
1664,0.43,0.012,55.4,205.7,21.6,0
1665,1.52,0.038,57.7,222.3,9.8,0
1666,1.54,0.004,54.1,202.4,17.9,0
1667,1.27,0.037,63.5,221.5,12.1,0
1668,1.11,0.019,61.5,209.6,18.2,0
1669,1.48,0.018,57.6,209.7,22.6,0
1670,1.88,0.008,62.6,188.1,14.0,0
1671,1.06,0.02,52.2,216.6,20.0,0
1672,1.13,0.041,57.1,216.4,24.0,0
1673,1.3,0.019,53.6,228.9,12.8,0
1674,1.03,0.043,52.7,229.0,7.4,0
1675,1.61,0.018,60.6,218.7,22.3,0
1676,1.77,0.008,57.7,217.0,22.0,0
1677,1.51,0.0,53.4,216.5,24.8,0
1678,1.33,0.042,61.5,227.9,22.9,0
1679,1.4,0.044,60.4,219.1,14.2,0
1680,0.45,0.036,51.7,214.9,10.0,0
1681,0.85,0.031,56.4,221.1,8.5,0
1682,0.53,0.029,55.4,208.2,17.7,0
1683,1.66,0.009,55.2,214.6,12.5,0
1684,0.7,0.025,58.4,197.5,19.4,0
1685,1.28,0.016,65.6,216.3,8.3,0
1686,1.88,0.031,59.5,215.4,22.6,1
1687,1.55,0.024,51.1,207.5,14.8,0
1688,1.25,0.016,63.7,200.8,11.2,0
1689,0.92,0.011,54.1,193.5,5.1,0
1690,0.94,0.022,57.9,221.9,11.5,0
1691,1.3,0.043,57.6,208.6,6.9,0
1692,1.36,0.0,50.7,234.7,6.1,0
1693,1.14,0.01,59.3,213.1,17.2,0
1694,0.79,0.02,58.2,214.0,18.6,0
1695,0.54,0.013,55.9,223.4,23.2,0
1696,1.06,0.013,58.7,220.7,8.0,0
1697,0.92,0.0,56.5,191.5,6.4,0
1698,1.7,0.046,53.5,200.3,21.5,0
1699,1.79,0.014,59.2,203.8,20.1,0
1700,0.4,0.007,56.6,183.5,5.3,0
1701,1.26,0.007,54.3,196.7,12.7,0
1702,2.23,0.005,58.9,208.0,12.8,0
1703,1.78,0.006,53.5,200.0,10.3,0
1704,1.04,0.004,55.1,204.5,18.8,0
1705,1.6,0.034,55.2,216.4,11.0,0
1706,1.27,0.029,56.1,227.6,5.9,0
1707,1.3,0.03,54.4,223.4,7.6,0
1708,1.91,0.009,66.9,219.2,19.3,0
1709,0.87,0.016,55.7,204.3,24.0,0
1710,1.66,0.024,54.6,210.8,6.2,0
1711,0.92,0.042,50.5,220.9,18.3,0
1712,1.41,0.0,59.0,214.1,19.1,0
1713,1.16,0.022,55.3,207.6,16.0,0
1714,1.23,0.028,60.0,224.1,15.6,1
1715,2.21,0.033,62.4,201.4,5.3,0
1716,0.91,0.011,61.3,195.0,18.4,0
1717,1.87,0.035,52.5,229.5,21.9,0
1718,0.91,0.037,62.2,216.3,20.7,0
1719,1.21,0.043,58.9,193.5,21.4,0
1720,1.71,0.001,55.0,213.5,7.0,0
1721,1.23,0.021,61.1,192.7,24.2,0
1722,1.31,0.049,64.4,212.0,6.4,1
1723,1.18,0.021,63.0,214.3,5.7,0
1724,1.2,0.009,62.2,210.4,6.4,0
1725,1.56,0.022,59.0,188.4,10.4,0
1726,1.49,0.015,59.8,203.2,14.3,0
1727,0.93,0.045,57.3,216.2,17.5,0
1728,1.51,0.043,59.1,196.8,13.7,1
1729,1.36,0.052,65.8,181.1,11.1,0
1730,1.54,0.009,53.8,230.3,11.1,0
1731,1.46,0.029,54.1,198.5,20.5,0
1732,1.45,0.029,58.4,223.6,5.8,1
1733,1.0,0.0,59.4,229.2,22.2,0
1734,0.9,0.034,63.3,222.3,12.9,0
1735,1.5,0.016,62.7,196.5,7.3,0
1736,1.3,0.022,58.0,211.1,13.8,0
1737,1.69,0.0,66.0,214.1,7.4,0
1738,1.6,0.034,58.3,205.5,22.3,0
1739,1.84,0.012,54.4,195.7,19.6,0
1740,1.09,0.027,59.4,205.2,19.6,0
1741,1.1,0.004,57.5,205.5,9.7,0
1742,1.24,0.0,56.3,219.0,21.3,0
1743,0.88,0.0,57.2,200.8,5.3,0
1744,1.5,0.02,62.1,232.2,15.2,0
1745,2.09,0.011,54.3,226.7,5.9,0
1746,1.53,0.012,61.4,206.9,13.3,0
1747,1.75,0.022,47.4,221.1,9.5,0
1748,0.98,0.01,54.2,207.1,17.6,0
1749,1.58,0.004,58.6,225.1,10.2,0
1750,1.34,0.029,56.3,215.1,11.2,0
1751,0.62,0.016,53.8,233.2,23.8,0
1752,1.16,0.014,62.8,212.2,21.6,0
1753,0.91,0.012,56.7,192.4,18.3,0
1754,1.82,0.025,59.7,197.1,12.2,0
1755,0.29,0.047,53.3,216.9,17.6,0
1756,0.97,0.028,56.8,208.8,9.3,0
1757,1.28,0.022,64.6,215.6,22.8,0
1758,0.85,0.039,57.8,201.3,6.8,0
1759,1.74,0.013,57.7,199.8,5.6,0
1760,1.67,0.0,63.8,216.3,8.3,0
1761,1.39,0.021,59.7,211.4,19.6,0
1762,1.01,0.034,55.8,204.1,18.1,0
1763,0.82,0.027,53.4,208.9,12.4,0
1764,1.36,0.025,61.6,204.1,8.1,0
1765,1.41,0.031,59.7,194.6,17.7,0
1766,1.35,0.027,59.9,187.7,7.3,1
1767,1.16,0.025,63.3,196.5,18.8,0
1768,1.39,0.031,57.2,223.1,18.1,0
1769,1.05,0.009,63.7,192.3,13.8,0
1770,1.37,0.016,55.6,208.7,10.2,0
1771,1.35,0.015,57.1,197.0,7.7,0
1772,1.14,0.035,65.0,234.2,6.3,0
1773,0.84,0.029,60.8,217.9,11.4,0
1774,0.98,0.044,58.4,221.6,17.5,0
1775,1.39,0.023,56.2,203.6,24.3,0
1776,1.41,0.013,59.6,222.8,14.7,0
1777,1.59,0.035,57.8,223.2,22.0,0
1778,1.16,0.014,56.7,213.7,11.5,0
1779,0.9,0.0,57.1,210.0,11.2,0
1780,0.71,0.012,54.4,211.1,6.1,0
1781,1.25,0.019,52.1,223.4,8.4,0
1782,2.15,0.029,55.5,206.0,16.9,1
1783,0.91,0.021,53.0,227.0,18.9,0
1784,1.32,0.025,59.5,204.2,8.8,0
1785,0.9,0.047,51.1,208.8,17.9,0
1786,1.7,0.006,52.6,217.3,5.3,0
1787,1.17,0.01,52.4,223.7,6.5,0
1788,1.99,0.018,58.7,215.7,22.5,0
1789,1.31,0.025,64.1,191.8,13.5,0
1790,1.11,0.016,61.5,197.9,10.9,0
1791,1.14,0.032,63.2,224.1,6.6,0
1792,0.41,0.017,57.7,213.2,14.9,0
1793,1.17,0.013,60.9,214.2,21.2,0
1794,1.54,0.039,58.1,211.1,18.3,1
1795,1.02,0.0,59.4,210.3,19.3,0
1796,1.26,0.054,51.9,228.6,13.1,0
1797,0.89,0.026,57.8,203.6,18.6,0
1798,1.18,0.017,61.1,202.8,6.7,0
1799,0.96,0.0,55.4,236.5,7.9,0
1800,1.61,0.038,63.3,214.6,9.2,0
1801,0.83,0.008,59.5,221.6,13.6,0
1802,1.14,0.017,63.1,201.8,18.5,0
1803,2.5,0.037,57.1,216.0,6.8,1
1804,1.34,0.052,59.3,222.2,9.7,0
1805,1.19,0.012,52.1,213.7,17.1,0
1806,0.95,0.027,55.9,223.8,12.9,0
1807,1.1,0.05,57.3,216.8,19.0,1
1808,1.14,0.02,59.0,208.1,23.6,0
1809,1.77,0.018,56.2,225.2,15.8,0
1810,1.73,0.054,54.3,200.2,24.8,1
1811,1.85,0.027,61.4,219.6,12.5,0
1812,0.65,0.019,56.9,213.8,11.7,0
1813,1.12,0.027,52.8,211.3,9.2,0
1814,0.52,0.043,55.4,202.5,9.3,0
1815,2.39,0.016,60.6,206.9,12.3,0
1816,1.39,0.005,56.9,211.9,18.4,0
1817,0.84,0.013,56.3,214.9,25.0,0
1818,0.99,0.03,57.6,217.8,21.9,0
1819,1.65,0.028,48.1,198.2,12.3,0
1820,0.2,0.043,54.4,229.3,15.0,0
1821,0.74,0.045,59.9,210.1,12.0,0
1822,0.87,0.01,57.6,197.8,19.1,0
1823,0.4,0.023,53.5,219.8,11.5,0
1824,1.52,0.0,65.7,206.9,8.5,0
1825,0.83,0.003,52.6,201.3,15.0,0
1826,1.06,0.002,54.2,200.1,10.7,0
1827,1.55,0.021,55.5,221.9,6.1,0
1828,1.3,0.023,54.7,211.3,5.6,0
1829,1.66,0.011,56.9,204.9,8.2,0
1830,2.03,0.008,57.2,220.2,20.4,0
1831,1.32,0.01,52.8,210.4,14.4,0
1832,1.23,0.011,52.8,220.4,5.5,0
1833,1.75,0.021,54.1,224.5,12.4,1
1834,0.2,0.004,56.1,235.8,7.5,0
1835,0.92,0.018,59.0,192.0,15.4,0
1836,1.25,0.015,51.6,218.1,20.3,0
1837,0.47,0.025,53.6,222.8,14.6,0
1838,1.4,0.006,58.3,219.7,15.5,0
1839,1.68,0.015,58.6,186.7,8.7,0
1840,1.02,0.025,58.0,215.9,20.5,0
1841,0.68,0.04,59.8,220.8,12.1,0
1842,1.12,0.0,56.7,213.3,16.5,0
1843,1.18,0.025,58.8,200.9,12.5,0
1844,0.68,0.015,56.7,205.8,6.9,0
1845,0.37,0.018,55.4,213.5,20.6,0
1846,0.73,0.012,62.4,215.1,13.8,0
1847,0.35,0.021,57.2,222.0,13.4,0
1848,0.96,0.047,61.2,221.0,16.1,1
1849,1.39,0.021,61.2,211.1,24.5,0
1850,1.63,0.015,52.8,213.9,7.5,0
1851,1.87,0.023,60.0,222.6,13.7,0
1852,0.95,0.01,66.4,219.2,9.0,0
1853,0.68,0.008,56.7,196.8,7.2,0
1854,1.2,0.045,49.1,235.4,10.3,0
1855,0.31,0.019,54.4,226.1,5.4,0
1856,0.85,0.014,56.7,208.0,8.1,0
1857,1.48,0.023,56.0,190.2,16.6,0
1858,0.66,0.041,56.5,217.1,24.4,0
1859,0.77,0.032,62.6,193.3,24.8,0
1860,0.94,0.023,61.0,194.8,9.5,0
1861,1.01,0.021,58.4,206.0,14.0,0
1862,2.25,0.007,57.7,217.1,6.1,1
1863,0.96,0.028,57.6,204.9,20.6,0
1864,1.28,0.013,56.2,211.7,18.7,0
1865,1.24,0.009,53.6,229.6,24.4,0
1866,1.05,0.035,57.9,198.1,14.2,0
1867,1.04,0.038,57.3,205.9,5.2,0
1868,1.51,0.036,64.1,205.3,12.5,0
1869,1.42,0.0,52.1,211.8,7.5,0
1870,1.09,0.004,55.0,200.5,13.5,0
1871,1.76,0.016,55.8,189.8,24.7,0
1872,1.33,0.021,60.0,218.7,19.2,0
1873,1.0,0.021,56.1,222.0,16.2,0
1874,1.47,0.03,52.1,187.1,23.0,0
1875,1.55,0.006,55.6,195.4,22.2,0
1876,0.83,0.028,58.9,224.5,23.8,1
1877,1.23,0.027,55.2,198.2,11.0,0
1878,1.16,0.035,49.7,195.9,20.9,0
1879,2.23,0.007,57.9,207.4,15.2,0
1880,1.51,0.035,55.0,230.0,19.1,0
1881,1.04,0.059,57.4,216.5,8.4,1
1882,1.37,0.018,53.1,205.4,19.4,0
1883,2.02,0.018,58.1,199.6,14.5,1
1884,0.72,0.004,62.1,212.6,16.9,0
1885,1.55,0.008,57.6,224.4,17.5,0
1886,1.61,0.056,59.8,205.1,21.6,1
1887,1.05,0.0,58.0,213.2,21.5,0
1888,1.64,0.033,63.9,201.6,16.3,0
1889,1.07,0.041,60.9,209.8,20.1,0
1890,1.36,0.008,53.7,214.7,8.3,0
1891,1.53,0.012,55.2,236.4,6.5,0
1892,1.05,0.015,53.8,209.6,15.7,0
1893,1.16,0.025,49.8,211.0,9.2,0
1894,1.57,0.057,53.2,219.3,17.0,0
1895,1.05,0.012,57.8,199.3,12.1,1
1896,0.55,0.02,56.7,212.5,19.7,0
1897,0.69,0.039,52.8,200.2,12.5,0
1898,1.8,0.047,51.2,193.6,22.0,0
1899,1.23,0.02,57.1,199.1,20.4,1
1900,1.54,0.031,46.9,200.3,5.2,0
1901,1.05,0.0,63.4,213.8,23.9,0
1902,0.34,0.037,62.0,219.4,11.5,0
1903,0.96,0.033,57.4,204.3,16.3,0
1904,0.72,0.026,62.7,234.0,11.3,0
1905,1.21,0.04,59.6,192.5,16.2,0
1906,1.6,0.023,52.8,204.0,20.9,0
1907,1.16,0.033,50.8,196.5,17.2,0
1908,0.58,0.009,57.8,206.2,18.7,0
1909,1.01,0.031,56.3,226.3,17.1,0
1910,1.28,0.027,58.4,216.8,8.6,0
1911,1.22,0.032,53.4,226.5,8.6,0
1912,1.0,0.0,52.6,225.6,20.6,0
1913,1.11,0.0,58.4,203.8,7.0,0
1914,1.61,0.014,59.5,213.4,8.2,0
1915,1.33,0.006,60.1,231.8,14.5,0
1916,0.73,0.024,61.7,192.3,24.5,0
1917,0.68,0.042,61.0,216.5,14.8,0
1918,1.41,0.046,62.1,212.8,14.8,0
1919,1.53,0.037,61.3,216.3,7.9,0
1920,1.7,0.047,53.0,184.6,12.1,0
1921,1.34,0.0,54.0,205.8,13.6,0
1922,1.38,0.004,53.9,206.4,17.3,0
1923,1.32,0.021,56.4,217.5,11.4,0
1924,1.09,0.049,63.1,195.0,17.5,0
1925,0.72,0.023,58.0,208.9,8.7,0
1926,1.54,0.012,58.6,201.1,23.9,1
1927,1.02,0.016,57.1,223.5,22.7,0
1928,1.66,0.02,61.9,201.1,20.9,0
1929,1.06,0.008,66.3,193.1,12.2,0
1930,0.78,0.022,55.1,209.1,17.1,0
1931,1.36,0.001,61.8,214.1,14.0,0
1932,1.15,0.026,59.4,222.6,12.0,0
1933,0.76,0.023,55.9,201.1,14.0,0
1934,0.48,0.017,62.5,187.4,21.5,0
1935,1.38,0.011,67.1,198.4,5.3,0
1936,0.98,0.018,58.4,205.8,5.4,0
1937,1.35,0.04,61.6,236.8,8.8,0
1938,1.31,0.008,53.1,205.6,9.1,0
1939,1.45,0.031,59.9,194.6,24.2,1
1940,1.15,0.023,57.6,200.4,15.0,0
1941,1.31,0.004,60.6,207.3,19.5,0
1942,0.91,0.01,58.4,228.5,13.3,0
1943,1.78,0.03,58.1,189.1,18.5,1
1944,1.04,0.023,56.7,227.2,20.8,0
1945,1.69,0.004,62.8,206.9,7.1,0
1946,1.28,0.02,52.6,198.1,17.4,0
1947,1.52,0.023,57.2,194.6,20.4,0
1948,1.85,0.0,49.1,216.8,15.2,0
1949,0.93,0.018,54.8,195.6,22.8,1
1950,1.6,0.029,56.2,212.7,6.4,0
1951,1.03,0.011,65.5,196.2,14.7,0
1952,1.38,0.004,56.2,205.9,10.6,0
1953,1.13,0.004,57.5,202.7,8.3,0
1954,1.33,0.02,62.1,204.9,11.7,0
1955,0.73,0.0,53.0,213.3,5.7,0
1956,1.47,0.028,60.4,202.7,13.0,0
1957,0.87,0.009,57.3,225.4,10.2,0
1958,1.39,0.01,55.3,221.8,5.5,0
1959,1.25,0.051,60.8,208.4,5.1,0
1960,1.13,0.025,60.4,217.0,13.8,0
1961,1.58,0.042,62.0,204.4,8.7,1
1962,1.71,0.024,59.5,207.9,8.7,0
1963,1.84,0.031,53.8,216.8,17.9,0
1964,0.2,0.026,57.0,239.5,12.0,0
1965,1.69,0.032,62.5,210.2,17.9,0
1966,1.28,0.04,58.8,229.0,13.8,1
1967,1.2,0.0,55.4,199.8,5.3,0
1968,2.01,0.014,51.5,212.2,14.0,0
1969,1.86,0.04,59.2,203.9,22.0,1
1970,1.89,0.023,57.3,209.2,9.0,0
1971,1.05,0.007,58.5,208.6,9.4,0
1972,1.61,0.032,53.0,197.4,17.6,1
1973,0.45,0.03,57.7,206.1,12.8,0
1974,0.87,0.024,59.9,209.0,22.0,0
1975,1.07,0.036,58.4,222.4,22.0,0
1976,1.14,0.016,57.2,208.1,11.4,0
1977,0.83,0.012,66.5,194.5,23.0,0
1978,1.88,0.036,48.5,217.1,13.4,0
1979,1.22,0.033,64.0,194.2,12.0,0
1980,0.79,0.014,57.1,195.2,21.4,0
1981,0.75,0.024,56.6,232.9,24.0,0
1982,1.31,0.034,59.3,210.0,18.9,0
1983,1.1,0.015,63.1,218.5,19.0,0
1984,1.44,0.003,53.7,203.2,10.3,0
1985,1.01,0.0,56.7,248.8,8.9,0
1986,1.46,0.014,60.4,202.5,19.7,0
1987,1.7,0.037,60.8,208.6,14.7,0
1988,0.92,0.017,60.5,232.2,23.6,0
1989,1.54,0.024,57.9,217.6,24.7,0
1990,1.34,0.025,53.3,216.0,21.7,0
1991,1.39,0.016,53.7,194.8,14.7,0
1992,0.73,0.033,56.9,210.7,11.2,0
1993,1.67,0.029,58.5,224.8,16.7,1
1994,1.72,0.0,58.1,192.0,23.7,0
1995,0.59,0.018,55.4,210.4,12.6,0
1996,1.52,0.018,63.6,208.3,23.5,0
1997,2.9,0.035,57.2,218.7,15.4,1
1998,1.22,0.03,51.9,219.6,17.5,0
1999,1.72,0.015,59.2,204.6,9.1,0
2000,1.28,0.054,63.8,216.6,6.2,1
2001,0.59,0.019,59.8,213.5,9.0,0
2002,1.67,0.024,58.3,208.3,20.3,0
2003,1.56,0.026,55.3,224.4,20.6,0
2004,1.17,0.043,59.5,223.9,13.3,0
2005,1.12,0.048,60.0,211.4,8.1,0
2006,0.46,0.049,55.5,204.6,12.8,0
2007,1.86,0.044,54.6,226.4,19.2,1
2008,2.08,0.029,61.7,219.5,16.5,0
2009,1.06,0.054,61.5,195.7,22.4,0
2010,1.38,0.004,54.1,219.8,21.1,0
2011,0.38,0.011,56.5,216.4,20.0,0
2012,1.05,0.04,67.3,187.1,13.4,0
2013,1.42,0.0,48.7,207.7,13.0,0
2014,0.96,0.034,60.9,221.8,13.0,0
2015,0.96,0.026,62.5,185.7,24.0,0
2016,0.94,0.019,56.6,216.0,18.5,0
2017,1.25,0.013,55.0,209.6,22.9,0
2018,2.07,0.016,61.8,220.5,10.7,0
2019,1.61,0.021,59.2,195.8,7.0,0
2020,1.03,0.045,55.6,196.6,15.7,1
2021,1.43,0.038,65.7,225.7,23.8,0
2022,1.93,0.018,60.4,215.2,16.0,0
2023,1.1,0.026,60.2,212.7,21.8,0
2024,1.1,0.036,55.3,213.7,22.9,0
2025,1.59,0.013,56.1,206.9,7.4,0
2026,1.21,0.024,57.1,194.5,5.5,0
2027,1.44,0.051,62.1,204.0,19.0,0
2028,1.23,0.033,52.9,200.5,14.7,0
2029,1.13,0.012,53.5,231.7,6.3,0
2030,2.42,0.024,60.4,214.3,10.9,0
2031,0.86,0.01,63.0,217.3,19.7,0
2032,1.06,0.018,59.0,216.7,11.7,0
2033,1.45,0.0,59.1,198.8,10.3,0
2034,1.55,0.005,56.6,200.1,20.2,0
2035,1.18,0.021,60.7,228.7,22.6,0
2036,1.09,0.001,56.0,204.1,8.5,0
2037,1.22,0.001,61.7,214.8,5.5,0
2038,1.08,0.003,57.4,206.5,6.1,0
2039,1.43,0.018,57.3,214.1,16.2,0
2040,0.7,0.007,55.8,215.8,14.8,0
2041,1.08,0.019,56.0,216.2,9.8,0
2042,1.39,0.034,62.2,211.3,20.7,0
2043,1.46,0.029,55.8,194.3,6.0,1
2044,1.19,0.007,50.7,212.3,12.8,0
2045,1.52,0.02,65.3,203.5,9.9,0
2046,0.26,0.022,54.6,212.6,17.5,0
2047,1.2,0.02,61.0,209.2,9.5,0
2048,0.9,0.034,60.1,200.8,17.1,0
2049,1.45,0.007,63.8,197.9,8.0,0
2050,1.41,0.017,49.6,242.7,7.5,0
2051,1.9,0.017,60.8,197.8,24.3,0
2052,0.86,0.031,55.4,195.1,11.8,0
2053,0.48,0.039,62.3,201.8,14.1,0
2054,1.76,0.023,53.7,213.4,14.9,0
2055,1.22,0.033,53.8,195.0,10.1,0
2056,1.06,0.026,56.3,205.5,13.4,0
2057,1.52,0.047,63.1,221.3,8.5,0
2058,0.44,0.0,64.5,209.0,10.0,0
2059,0.96,0.03,63.1,200.4,7.5,0
2060,1.22,0.016,58.8,230.0,14.6,0
2061,1.18,0.03,56.3,202.0,22.6,0
2062,1.26,0.043,54.0,219.6,11.0,0
2063,1.5,0.033,54.7,202.9,8.4,1
2064,1.23,0.058,61.0,210.7,13.1,1
2065,0.9,0.01,57.8,228.0,18.9,0
2066,0.93,0.033,56.5,214.1,18.8,0
2067,1.37,0.029,55.0,218.9,22.6,0
2068,1.74,0.027,62.8,218.8,18.2,0
2069,1.13,0.015,48.2,219.2,5.8,0
2070,1.93,0.027,56.7,210.6,9.0,0
2071,1.04,0.019,59.8,207.1,11.1,0
2072,1.04,0.021,56.8,227.8,21.0,0
2073,1.21,0.009,59.4,215.9,18.8,0
2074,2.12,0.019,52.8,202.2,7.2,0
2075,0.95,0.047,60.1,197.7,10.5,1
2076,0.86,0.018,65.8,204.9,20.4,0
2077,1.63,0.025,63.2,220.3,22.1,0
2078,1.44,0.041,59.9,219.1,7.3,0
2079,0.8,0.023,57.2,196.2,5.4,0
2080,1.38,0.011,55.0,219.4,8.4,1
2081,1.58,0.006,63.2,205.5,24.0,0
2082,1.22,0.028,55.1,212.1,16.8,0
2083,1.43,0.0,61.3,199.9,18.8,0
2084,1.3,0.021,59.7,222.8,16.3,0
2085,1.12,0.016,57.8,194.3,5.3,0
2086,0.93,0.01,60.4,241.2,10.6,1
2087,1.34,0.011,61.0,214.2,22.2,0
2088,1.25,0.052,58.6,228.1,7.1,1
2089,0.93,0.011,49.9,196.4,12.7,0
2090,1.42,0.011,56.3,203.3,17.5,0
2091,1.01,0.023,60.3,211.5,9.0,0
2092,1.31,0.014,61.8,220.7,8.0,0
2093,1.95,0.014,60.3,197.9,9.5,0
2094,0.82,0.0,62.6,203.5,24.1,0
2095,1.12,0.026,56.5,201.6,22.1,0
2096,1.33,0.003,59.8,199.6,13.6,0
2097,1.05,0.028,57.1,201.8,18.2,0
2098,1.48,0.0,58.8,206.3,22.2,0
2099,0.91,0.021,57.0,232.5,15.4,0
2100,0.53,0.04,62.5,213.6,24.2,0
2101,0.76,0.014,59.9,216.3,17.3,0
2102,1.0,0.026,61.0,236.1,11.4,0
2103,1.76,0.01,62.8,209.6,14.0,0
2104,1.4,0.029,62.5,220.8,24.2,0
2105,0.51,0.033,60.3,186.6,17.0,0
2106,0.71,0.03,51.7,198.0,14.5,0
2107,1.23,0.0,55.8,200.7,12.6,0
2108,1.54,0.014,57.2,238.5,7.8,0
2109,0.81,0.043,56.9,200.6,6.5,0
2110,1.34,0.028,63.8,219.8,8.9,0
2111,0.96,0.033,60.3,228.8,20.0,0
2112,1.21,0.007,61.5,237.8,5.9,0
2113,1.16,0.049,55.1,198.4,6.6,0
2114,1.86,0.004,61.0,211.8,25.0,0
2115,0.91,0.003,60.9,185.4,13.6,0
2116,1.01,0.023,58.6,204.5,17.3,0
2117,1.72,0.023,63.4,228.7,19.1,0
2118,1.07,0.013,52.0,226.2,5.2,0
2119,1.56,0.033,62.7,217.5,18.3,0
2120,0.73,0.027,58.1,215.5,16.6,0
2121,0.76,0.016,54.5,194.0,9.0,0
2122,1.36,0.0,55.4,190.5,19.8,0
2123,1.21,0.037,57.6,212.4,19.3,0
2124,0.67,0.005,67.6,222.1,23.1,0
2125,1.2,0.003,63.1,214.7,11.8,0
2126,1.76,0.041,53.7,223.7,10.5,0
2127,1.5,0.016,56.6,211.1,17.9,0
2128,1.56,0.014,56.8,220.0,24.3,0
2129,0.9,0.013,57.1,223.1,7.6,0
2130,1.34,0.042,51.1,214.3,10.2,0
2131,1.48,0.024,61.7,201.2,12.1,0
2132,0.91,0.019,59.0,208.9,10.9,0
2133,1.39,0.0,60.9,224.7,9.8,0
2134,0.73,0.011,57.1,201.7,14.3,1
2135,1.31,0.019,64.2,203.3,23.3,0
2136,1.04,0.04,52.9,215.5,7.5,0
2137,1.99,0.007,53.3,206.8,24.4,0
2138,1.03,0.026,60.7,201.3,20.1,0
2139,1.2,0.032,55.3,210.9,12.9,0
2140,0.84,0.0,61.4,195.0,13.5,0
2141,1.75,0.019,58.9,203.5,18.8,0
2142,0.65,0.022,58.6,211.6,13.1,0
2143,0.99,0.0,56.6,214.2,9.9,0
2144,0.48,0.018,59.3,206.3,20.4,0
2145,0.68,0.005,48.7,207.7,22.8,0
2146,1.48,0.022,56.2,211.0,21.3,0
2147,1.39,0.032,57.6,210.3,12.0,0
2148,1.54,0.034,64.7,219.4,15.7,0
2149,1.53,0.031,59.3,213.8,13.8,0
2150,1.35,0.026,57.7,224.8,10.1,0
2151,1.26,0.021,61.9,210.8,11.3,0
2152,0.2,0.021,54.9,216.4,14.2,0
2153,1.2,0.023,52.4,229.4,16.6,0
2154,0.9,0.038,49.3,211.9,21.1,0
2155,1.42,0.025,58.2,192.5,22.2,0
2156,1.46,0.008,62.2,188.9,23.4,0
2157,1.04,0.013,59.5,205.5,10.9,0
2158,0.88,0.019,63.0,217.3,19.5,0
2159,1.63,0.022,60.8,208.9,8.0,0
2160,1.17,0.028,57.6,198.2,18.1,1
2161,0.9,0.024,51.6,229.5,15.0,0
2162,1.58,0.024,64.7,216.3,22.8,0
2163,1.39,0.008,55.1,169.5,15.1,0
2164,1.73,0.019,62.5,209.9,24.9,0
2165,1.01,0.016,57.0,200.4,13.5,0
2166,1.37,0.036,59.5,224.7,11.6,0
2167,1.4,0.055,55.0,223.4,16.3,1
2168,1.47,0.007,59.7,212.9,14.5,0
2169,0.41,0.015,58.6,222.5,10.7,0
2170,0.73,0.011,60.1,198.2,5.8,0
2171,1.6,0.011,54.7,195.3,24.8,0
2172,1.78,0.006,65.0,201.8,12.0,0
2173,1.19,0.013,53.9,211.9,18.8,0
2174,1.2,0.021,55.9,213.7,21.0,0
2175,1.76,0.01,55.0,222.2,11.2,1
2176,1.19,0.0,60.0,225.6,18.7,0
2177,1.39,0.002,60.2,212.4,5.8,0
2178,0.78,0.037,54.8,210.1,19.8,0
2179,0.83,0.0,47.6,215.5,23.5,0
2180,0.89,0.047,56.5,180.2,5.9,0
2181,1.47,0.026,55.8,218.0,14.7,0
2182,1.38,0.051,62.6,212.4,13.9,0
2183,1.98,0.08,61.4,224.0,21.3,1
2184,1.14,0.026,57.0,194.9,12.6,0
2185,0.91,0.021,58.0,224.4,11.9,0
2186,1.35,0.043,58.9,210.0,18.8,1
2187,1.65,0.02,53.6,202.1,24.9,0
2188,0.34,0.035,58.7,220.6,14.9,0
2189,1.79,0.026,50.7,229.4,13.0,0
2190,0.92,0.018,62.1,224.3,19.9,1
2191,1.02,0.0,54.3,211.0,10.4,0
2192,1.13,0.021,58.2,220.6,24.2,0
2193,1.03,0.011,56.5,188.2,17.8,0
2194,0.96,0.02,54.4,205.9,25.0,0
2195,0.81,0.039,63.3,207.3,8.2,0
2196,1.67,0.017,58.4,202.7,13.2,0
2197,1.26,0.044,55.7,201.4,23.3,0
2198,1.31,0.0,59.7,190.7,16.9,0
2199,1.22,0.025,58.2,201.9,18.2,0
2200,0.75,0.0,53.4,212.4,5.0,0
2201,1.71,0.006,57.5,200.6,22.3,0
2202,1.24,0.013,65.2,229.2,8.3,0
2203,1.16,0.029,56.5,195.4,18.1,0
2204,0.83,0.035,61.1,209.7,18.6,0
2205,1.38,0.023,57.7,221.0,23.4,0
2206,1.4,0.015,62.6,218.8,21.7,0
2207,0.52,0.016,57.4,189.3,9.2,0
2208,1.68,0.014,57.5,218.4,21.9,0
2209,1.52,0.022,68.8,215.3,9.2,0
2210,1.65,0.009,60.7,216.9,19.6,0
2211,1.34,0.005,62.9,239.1,23.6,0
2212,0.77,0.004,57.1,195.6,13.1,0
2213,1.24,0.016,61.3,223.4,13.5,0
2214,1.46,0.052,61.7,188.6,12.9,0
2215,1.25,0.014,49.3,226.1,13.1,0
2216,1.38,0.0,53.4,215.7,7.6,0
2217,1.16,0.021,61.3,201.1,5.9,0
2218,1.15,0.028,57.6,205.6,9.3,0
2219,1.8,0.024,54.1,196.9,15.0,0
2220,2.05,0.023,55.7,200.1,10.0,0
2221,0.99,0.044,55.3,208.4,18.2,1
2222,0.81,0.02,55.5,208.8,6.8,0
2223,2.26,0.005,57.6,228.7,6.4,0
2224,1.27,0.03,59.6,215.9,16.1,1
2225,1.04,0.002,56.1,221.7,6.4,0
2226,0.52,0.03,51.7,219.5,20.1,0
2227,2.2,0.039,61.1,181.7,16.1,0
2228,1.26,0.039,52.6,220.5,21.2,0
2229,1.51,0.0,54.3,209.2,17.8,0
2230,1.64,0.019,57.0,207.8,16.5,0
2231,1.3,0.034,59.5,224.0,17.9,0
2232,1.4,0.033,56.2,212.1,5.9,0
2233,1.67,0.004,55.5,201.8,20.7,0
2234,1.06,0.004,60.3,209.8,7.4,0
2235,1.25,0.025,58.2,189.7,21.4,0
2236,2.2,0.021,52.7,206.1,13.3,0
2237,1.08,0.054,55.3,208.8,13.9,1
2238,0.81,0.029,62.4,245.6,20.4,0
2239,1.18,0.024,61.1,217.9,12.9,0
2240,1.69,0.0,53.2,196.2,21.8,0
2241,0.55,0.016,56.9,215.0,22.4,0
2242,1.5,0.0,58.7,203.4,19.3,0
2243,0.76,0.029,56.1,209.5,16.8,0
2244,1.39,0.017,60.6,233.4,20.5,0
2245,0.95,0.036,63.7,212.0,11.2,0
2246,0.61,0.031,64.6,215.5,9.8,0
2247,1.13,0.049,59.0,203.6,17.6,1
2248,0.84,0.011,58.8,213.0,24.0,0
2249,0.85,0.0,54.0,222.0,14.3,0
2250,1.33,0.03,59.3,209.3,9.4,0
2251,1.47,0.012,56.5,213.9,21.2,0
2252,1.26,0.025,61.3,220.6,18.2,0
2253,2.09,0.016,53.5,196.8,12.4,0
2254,1.17,0.032,55.5,213.4,21.7,0
2255,0.8,0.026,56.6,214.2,13.5,0
2256,0.51,0.031,61.0,222.5,20.0,0
2257,1.17,0.0,51.8,200.4,8.2,0
2258,1.67,0.031,65.4,195.9,8.5,0
2259,1.36,0.022,69.9,215.7,24.3,0
2260,0.77,0.038,56.0,202.9,5.8,0
2261,1.16,0.021,55.5,212.9,18.0,0
2262,0.8,0.0,59.9,202.0,11.3,0
2263,1.21,0.024,63.2,225.5,9.3,0
2264,1.34,0.012,60.6,213.1,10.1,0
2265,1.67,0.033,60.6,195.5,19.3,0
2266,1.02,0.011,64.9,227.9,15.2,0
2267,1.12,0.011,56.3,217.4,17.9,0
2268,1.21,0.032,61.2,189.9,21.4,0
2269,1.1,0.032,49.6,198.4,12.5,0
2270,0.74,0.019,55.0,183.4,13.7,0
2271,0.98,0.03,54.3,197.7,21.7,0
2272,0.31,0.018,57.7,201.2,9.0,0
2273,0.69,0.02,57.3,246.6,24.2,1
2274,0.91,0.025,58.9,196.2,21.3,0
2275,1.25,0.051,53.9,204.2,12.6,0
2276,0.29,0.029,58.7,205.8,14.0,0
2277,0.84,0.02,55.8,210.3,17.0,0
2278,0.78,0.02,60.2,189.4,16.3,0
2279,2.26,0.0,64.1,222.4,18.1,0
2280,1.41,0.018,60.8,197.7,18.4,0
2281,1.39,0.02,55.4,227.1,19.4,0
2282,1.6,0.035,57.8,198.6,10.1,0
2283,0.9,0.0,56.3,204.0,9.6,0
2284,1.6,0.024,52.7,200.6,12.1,0
2285,1.32,0.013,55.7,202.8,11.0,0
2286,1.27,0.051,59.7,212.3,20.2,1
2287,1.49,0.043,58.3,202.2,15.3,0
2288,1.7,0.024,60.5,209.9,19.6,0
2289,0.45,0.022,53.1,200.0,17.4,0
2290,1.18,0.014,57.1,212.4,24.6,0
2291,2.35,0.031,61.9,191.3,19.7,1
2292,1.74,0.0,56.6,218.7,20.9,0
2293,1.32,0.04,53.4,205.5,12.4,0
2294,0.98,0.005,58.6,205.1,24.7,0
2295,0.94,0.006,53.4,215.9,24.9,0
2296,1.98,0.032,58.9,206.6,14.4,1
2297,1.39,0.019,63.7,187.6,22.3,0
2298,0.84,0.036,60.4,213.1,8.7,0
2299,1.51,0.028,69.2,208.9,16.1,0
2300,1.01,0.021,55.7,190.1,5.3,0
2301,0.9,0.016,58.7,219.8,5.4,0
2302,1.02,0.047,61.2,189.4,10.0,0
2303,0.88,0.026,48.6,190.1,14.8,0
2304,0.55,0.024,54.9,204.2,20.2,0
2305,1.49,0.015,56.8,222.6,23.8,0
2306,1.22,0.018,64.0,203.0,17.8,0
2307,0.36,0.042,62.1,207.4,23.6,0
2308,0.2,0.032,55.4,203.1,18.8,0
2309,1.43,0.016,59.8,207.8,7.7,0
2310,1.79,0.03,54.0,216.3,22.7,0
2311,2.24,0.03,57.7,219.1,9.1,1
2312,1.14,0.005,60.2,207.5,6.1,0
2313,1.29,0.0,55.9,214.5,6.8,0
2314,0.74,0.012,58.6,205.8,11.8,1
2315,0.48,0.021,58.7,190.2,12.6,0
2316,1.27,0.027,57.1,225.6,11.7,0
2317,0.94,0.02,56.4,176.3,15.7,0
2318,1.28,0.032,57.9,198.1,6.1,1
2319,1.36,0.046,57.4,213.2,13.5,0
2320,0.62,0.014,57.1,201.0,22.6,0
2321,1.63,0.034,63.4,215.6,8.6,0
2322,1.46,0.025,63.6,221.5,20.3,0
2323,1.9,0.031,61.7,235.4,8.3,0
2324,1.54,0.02,62.5,198.0,6.8,0
2325,0.92,0.059,63.6,225.2,18.0,0
2326,0.99,0.032,54.0,232.6,17.9,0
2327,1.17,0.038,52.1,200.3,23.9,0
2328,0.73,0.023,59.1,215.4,7.4,0
2329,1.5,0.041,56.1,202.5,24.4,0
2330,1.26,0.013,58.9,190.5,17.9,0
2331,2.02,0.026,61.8,207.2,9.2,0
2332,1.0,0.04,53.9,218.5,24.8,0
2333,1.01,0.006,59.5,209.1,24.8,0
2334,1.89,0.008,48.8,201.9,15.4,0
2335,1.54,0.035,54.5,203.9,6.1,0
2336,0.72,0.0,55.6,209.0,19.0,0
2337,0.87,0.011,64.3,209.0,24.8,0
2338,1.44,0.054,62.7,200.5,11.3,0
2339,1.02,0.034,55.5,221.6,9.7,1
2340,1.14,0.0,60.9,210.4,7.8,0
2341,1.04,0.008,64.4,230.9,24.1,0
2342,2.17,0.014,57.1,201.5,5.3,0
2343,0.69,0.032,54.3,226.2,6.4,0
2344,0.7,0.0,52.3,207.6,21.5,0
2345,1.15,0.033,58.1,222.7,12.3,0
2346,1.39,0.01,58.0,202.9,17.1,0
2347,1.04,0.024,58.6,215.5,24.0,1
2348,0.55,0.01,55.6,207.5,24.0,0
2349,1.1,0.015,56.6,208.1,24.2,0
2350,0.82,0.022,67.2,243.8,24.6,0
2351,1.69,0.015,63.5,193.3,7.2,0
2352,1.63,0.022,59.7,221.9,14.7,0
2353,0.91,0.037,56.6,194.6,9.7,0
2354,1.07,0.047,65.3,210.8,18.3,0
2355,1.58,0.019,60.3,193.2,24.1,0
2356,1.67,0.026,62.0,190.1,23.2,0
2357,0.85,0.003,62.7,190.1,14.0,0
2358,1.79,0.0,57.7,229.3,6.5,0
2359,1.6,0.044,62.4,198.8,15.9,0
2360,2.04,0.047,54.8,206.4,13.0,0
2361,1.59,0.0,58.6,182.4,8.8,0
2362,0.54,0.0,51.0,223.9,8.2,0
2363,1.25,0.009,59.4,207.0,9.7,0
2364,1.33,0.034,54.8,215.0,12.4,0
2365,1.37,0.009,54.8,215.4,9.0,0
2366,1.51,0.034,56.9,198.0,14.2,0
2367,1.1,0.021,54.8,207.4,8.0,0
2368,1.31,0.02,62.7,196.1,18.5,0
2369,1.11,0.012,60.3,226.1,19.9,0
2370,0.41,0.013,64.2,195.5,14.5,0
2371,1.08,0.0,59.1,216.4,15.4,0
2372,0.76,0.016,60.5,219.4,17.1,0
2373,1.42,0.045,57.4,210.6,5.0,1
2374,2.07,0.006,61.0,218.7,19.3,0
2375,1.24,0.051,56.9,206.9,14.5,1
2376,1.19,0.0,51.6,203.7,7.2,0
2377,1.17,0.012,55.3,218.7,16.9,0
2378,1.12,0.04,56.9,209.2,21.7,0
2379,1.16,0.0,54.6,204.5,11.5,0
2380,1.19,0.03,62.9,208.7,12.2,0
2381,1.59,0.013,59.9,206.1,18.8,0
2382,1.18,0.0,56.8,205.9,20.0,0
2383,1.08,0.028,64.2,221.0,23.1,0
2384,0.82,0.017,53.3,211.6,18.2,0
2385,1.04,0.007,54.2,205.7,12.8,0
2386,1.31,0.031,60.0,189.1,24.3,0
2387,1.66,0.025,56.2,205.8,6.0,0
2388,1.28,0.015,51.1,189.1,23.0,0
2389,1.37,0.025,55.2,199.2,15.0,0
2390,1.29,0.023,61.0,227.5,11.7,0
2391,0.61,0.028,67.2,202.2,18.9,0
2392,1.09,0.013,54.2,208.3,10.3,0
2393,1.48,0.01,49.6,199.8,13.4,0
2394,1.44,0.01,56.0,213.4,21.4,0
2395,1.31,0.016,57.4,222.2,25.0,0
2396,1.09,0.009,60.5,208.9,13.1,0
2397,1.57,0.007,60.0,235.0,21.0,0
2398,1.02,0.015,53.3,198.3,24.9,0
2399,1.92,0.011,54.7,217.3,9.3,0
2400,1.23,0.007,54.0,206.6,18.1,0
2401,1.61,0.032,51.2,194.7,22.6,0
2402,0.95,0.0,68.1,222.6,20.1,0
2403,1.15,0.011,62.0,215.9,23.7,0
2404,1.43,0.029,53.3,221.3,5.7,0
2405,1.18,0.0,59.5,193.2,8.2,0
2406,0.97,0.02,57.9,240.5,11.3,0
2407,2.06,0.013,65.4,213.4,10.8,0
2408,1.39,0.009,56.3,207.7,24.2,0
2409,1.48,0.0,52.9,202.5,7.6,0
2410,0.75,0.0,57.8,204.1,11.8,0
2411,1.11,0.002,63.4,215.9,5.1,0
2412,1.03,0.024,57.2,205.4,12.4,0
2413,1.06,0.0,56.3,204.6,16.9,0
2414,0.94,0.0,57.2,207.6,16.3,0
2415,1.61,0.0,51.5,222.0,17.4,0
2416,1.09,0.051,52.5,201.3,23.1,0
2417,1.88,0.02,55.5,215.4,12.6,0
2418,1.37,0.016,55.1,220.2,23.2,0
2419,1.12,0.0,58.6,206.2,9.7,0
2420,1.04,0.02,53.6,236.1,20.3,0
2421,0.34,0.027,60.8,207.4,14.2,0
2422,1.52,0.032,57.1,229.4,21.9,0
2423,0.39,0.014,59.8,213.3,13.5,0
2424,1.4,0.037,56.6,205.0,17.1,1
2425,1.2,0.013,54.9,229.9,11.3,0
2426,1.2,0.027,57.1,203.4,11.5,0
2427,1.5,0.024,57.1,214.8,19.5,0
2428,1.49,0.003,62.0,227.4,8.2,0
2429,0.97,0.029,57.5,205.6,5.3,0
2430,1.68,0.038,59.0,216.9,14.0,0
2431,1.05,0.018,67.0,221.7,10.8,0
2432,1.28,0.04,59.9,241.1,15.9,1
2433,1.36,0.041,58.2,209.6,11.0,0
2434,1.55,0.01,54.7,211.4,10.6,0
2435,1.49,0.017,66.9,231.4,23.2,0
2436,1.56,0.016,59.8,196.3,21.5,0
2437,1.39,0.003,58.0,216.3,11.2,0
2438,0.69,0.012,63.0,225.6,7.0,0
2439,1.15,0.0,46.6,215.5,6.0,0
2440,1.56,0.037,56.7,212.1,8.3,0
2441,0.37,0.009,56.1,215.9,6.9,0
2442,1.0,0.025,51.7,237.5,15.9,0
2443,0.74,0.012,56.5,226.9,12.9,0
2444,1.76,0.024,58.3,212.9,5.8,0
2445,1.48,0.023,60.6,210.2,17.6,0
2446,1.04,0.028,56.1,202.3,10.1,0
2447,1.85,0.045,50.2,206.2,19.2,0
2448,1.19,0.024,51.6,217.7,8.5,0
2449,1.8,0.012,57.6,211.8,24.2,0
2450,1.12,0.014,60.8,219.8,18.6,0
2451,1.14,0.002,61.4,232.2,24.3,0
2452,0.99,0.039,56.5,205.6,10.5,0
2453,1.8,0.0,58.3,222.0,23.4,0
2454,1.49,0.024,59.6,215.9,20.0,0
2455,1.22,0.062,61.2,209.1,11.7,0
2456,1.31,0.02,55.7,209.3,20.5,0
2457,1.47,0.015,56.9,208.8,16.8,0
2458,1.36,0.0,61.1,201.3,13.4,0
2459,2.48,0.009,65.8,197.6,7.3,0
2460,1.54,0.0,55.0,212.6,12.2,0
2461,1.57,0.025,55.7,212.2,18.7,0
2462,1.11,0.023,58.3,212.8,10.3,0
2463,1.11,0.023,57.8,183.8,24.7,0
2464,1.16,0.025,53.5,204.8,23.6,0
2465,0.62,0.005,58.8,216.2,20.4,0
2466,1.33,0.02,56.9,214.8,14.3,0
2467,1.09,0.044,56.0,191.5,13.3,0
2468,0.86,0.008,53.7,199.0,21.6,0
2469,1.26,0.029,53.5,205.2,19.9,0
2470,1.44,0.007,55.5,214.0,5.2,0
2471,1.43,0.014,57.2,207.4,12.4,0
2472,1.57,0.007,52.4,198.2,17.4,0
2473,0.45,0.006,58.2,210.6,23.5,0
2474,1.06,0.008,56.5,212.9,15.7,0
2475,1.1,0.022,66.2,197.2,9.5,0
2476,1.09,0.0,59.2,184.4,9.1,0
2477,1.54,0.018,50.9,225.8,10.4,0
2478,0.4,0.015,61.5,210.2,15.6,0
2479,1.16,0.041,67.4,210.9,18.2,0
2480,1.05,0.047,56.7,218.1,13.2,1
2481,2.11,0.008,62.0,231.7,19.9,0
2482,0.81,0.035,56.9,227.8,8.1,0
2483,1.11,0.0,54.7,194.3,20.6,0
2484,1.71,0.001,56.8,219.8,24.3,0
2485,0.59,0.029,63.3,206.1,18.7,0
2486,1.96,0.008,54.6,200.2,16.3,0
2487,1.5,0.044,56.2,205.6,17.9,1
2488,1.18,0.029,53.7,223.6,22.5,0
2489,1.75,0.013,57.1,192.2,9.9,0
2490,1.26,0.026,56.3,200.0,22.4,0
2491,0.59,0.031,67.2,218.7,12.2,0
2492,0.96,0.07,59.9,192.9,13.3,1
2493,0.81,0.003,55.7,204.6,12.4,0
2494,1.42,0.028,57.5,210.3,8.0,0
2495,1.51,0.008,59.0,201.0,8.1,0
2496,1.07,0.02,60.1,227.5,22.7,0
2497,1.18,0.005,51.6,215.1,12.0,0
2498,1.55,0.041,60.5,199.1,18.3,1
2499,0.89,0.006,58.6,235.9,15.9,0
2500,1.78,0.022,55.8,205.4,23.2,0
2501,1.33,0.0,60.4,205.2,20.6,0
2502,1.17,0.012,58.8,223.5,23.5,0
2503,0.7,0.007,58.1,221.0,10.6,0
2504,1.32,0.017,70.0,198.5,15.8,0
2505,1.41,0.011,57.1,211.5,20.6,0
2506,0.97,0.033,58.3,211.4,5.6,0
2507,1.62,0.012,58.7,212.6,7.3,0
2508,1.24,0.009,64.4,228.3,6.1,0
2509,1.44,0.024,58.1,225.3,11.3,0
2510,1.58,0.0,55.6,193.1,14.7,0
2511,0.2,0.035,59.2,214.0,13.6,0
2512,0.8,0.013,60.3,206.3,10.4,0
2513,1.39,0.008,61.4,227.6,10.9,0
2514,0.66,0.05,56.9,219.3,21.3,1
2515,1.2,0.037,59.9,197.4,12.8,0
2516,2.1,0.012,56.8,207.1,21.8,0
2517,1.21,0.0,69.6,231.4,9.4,0
2518,1.35,0.016,60.8,219.3,20.0,0
2519,1.24,0.027,59.5,204.3,21.9,0
2520,1.23,0.014,57.7,211.3,15.2,0
2521,0.66,0.006,54.1,206.4,23.0,0
2522,1.12,0.002,63.0,208.0,11.3,0
2523,1.79,0.03,55.8,207.0,13.4,0
2524,1.3,0.008,62.8,208.2,23.3,0
2525,1.59,0.048,55.7,183.7,15.0,0
2526,1.44,0.004,60.4,228.5,12.4,0
2527,1.85,0.011,55.9,213.7,10.2,0
2528,1.21,0.025,56.9,190.1,15.0,0
2529,1.27,0.015,56.9,203.7,23.5,0
2530,0.76,0.028,58.1,198.0,8.2,0
2531,1.03,0.013,57.7,225.0,23.0,0
2532,2.04,0.004,58.2,214.9,18.6,0
2533,1.36,0.015,57.8,216.2,6.5,0
2534,1.2,0.0,54.2,215.4,17.2,0
2535,0.69,0.031,52.6,240.8,17.6,0
2536,1.4,0.003,55.0,211.0,24.3,0
2537,1.17,0.019,64.4,223.0,21.5,0
2538,0.84,0.018,63.6,219.0,17.2,0
2539,0.92,0.0,70.0,206.9,12.3,0
2540,1.43,0.021,51.0,213.8,24.1,0
2541,1.43,0.003,52.1,227.4,10.9,0
2542,0.75,0.0,53.6,197.5,13.5,0
2543,1.71,0.021,57.7,204.3,18.4,0
2544,1.14,0.017,57.9,197.2,15.7,0
2545,1.56,0.037,54.0,219.8,22.8,1
2546,0.86,0.01,58.5,226.9,11.7,0
2547,0.81,0.025,62.4,205.9,10.2,0
2548,1.5,0.034,55.7,207.8,8.4,0
2549,1.49,0.032,55.7,190.9,14.3,0
2550,1.21,0.021,65.0,204.1,13.0,0
2551,0.92,0.015,60.7,218.1,22.0,0
2552,0.8,0.033,58.5,201.4,19.1,0
2553,0.87,0.022,58.4,208.2,6.9,0
2554,0.63,0.018,60.6,228.5,8.7,0
2555,1.63,0.033,60.6,205.8,15.2,0
2556,1.51,0.012,60.5,208.4,5.5,0
2557,1.2,0.004,58.0,212.7,19.7,0
2558,1.56,0.03,55.1,198.1,15.9,0
2559,0.69,0.033,55.1,208.1,15.5,0
2560,1.15,0.013,53.5,222.8,17.6,0
2561,1.2,0.047,56.2,205.3,18.9,0
2562,1.8,0.006,55.6,204.8,16.6,0
2563,1.64,0.007,56.6,214.0,21.9,0
2564,1.33,0.029,65.7,224.0,9.5,0
2565,1.03,0.018,61.4,235.0,8.7,0
2566,1.38,0.007,58.6,211.8,14.3,0
2567,1.3,0.023,64.4,215.3,6.7,0
2568,1.19,0.0,59.4,215.0,17.1,0
2569,0.31,0.018,64.6,212.5,21.0,0
2570,1.66,0.014,56.9,211.9,19.1,0
2571,1.52,0.026,58.1,214.5,10.2,0
2572,2.09,0.029,65.4,233.2,12.4,0
2573,0.78,0.039,54.3,199.2,11.3,0
2574,0.54,0.025,63.6,217.1,22.0,0
2575,1.22,0.022,55.2,227.0,24.2,0
2576,1.34,0.037,59.9,224.1,23.9,0
2577,1.7,0.007,61.5,230.6,13.3,0
2578,1.42,0.0,56.6,202.9,9.8,0
2579,1.11,0.009,60.0,205.3,15.2,0
2580,0.54,0.001,62.1,225.1,21.6,0
2581,1.4,0.001,59.0,195.3,24.9,0
2582,1.44,0.01,52.9,203.7,21.2,0
2583,0.98,0.031,60.3,216.6,22.3,0
2584,0.79,0.029,56.7,197.7,17.0,0
2585,1.08,0.013,53.3,209.7,10.7,0
2586,1.6,0.034,67.4,203.5,23.2,0
2587,0.76,0.013,61.5,227.5,19.2,0
2588,1.56,0.009,56.0,207.3,7.5,0
2589,1.44,0.031,50.6,195.2,16.9,0
2590,1.98,0.005,57.1,226.3,15.6,0
2591,1.83,0.026,66.0,200.7,16.1,0
2592,0.84,0.03,58.9,207.0,21.4,0
2593,0.83,0.038,53.8,205.7,18.8,0
2594,1.46,0.019,57.0,201.7,17.1,0
2595,1.44,0.024,61.3,212.3,15.0,0
2596,1.14,0.013,53.5,212.2,8.4,0
2597,0.35,0.028,56.4,188.8,19.2,1
2598,0.85,0.015,58.5,213.6,5.4,0
2599,1.8,0.024,53.6,215.0,24.9,0
2600,1.29,0.012,60.6,201.0,17.1,0
2601,0.21,0.01,57.6,203.4,16.9,0
2602,0.33,0.012,59.3,220.6,11.3,0
2603,1.13,0.015,59.5,185.9,12.6,0
2604,1.46,0.007,58.3,224.5,20.4,1
2605,1.24,0.028,60.3,234.1,24.6,0
2606,0.81,0.015,60.8,172.4,14.4,0
2607,0.74,0.04,61.6,208.8,19.0,0
2608,1.16,0.0,56.4,191.8,14.9,0
2609,1.0,0.012,54.7,195.2,10.7,0
2610,0.96,0.01,60.5,220.9,7.0,0
2611,1.34,0.037,65.1,188.5,14.2,0
2612,1.62,0.025,55.8,223.8,10.5,0
2613,0.69,0.0,61.8,206.4,24.5,0
2614,1.93,0.019,56.7,236.2,18.1,0
2615,1.14,0.027,63.6,219.2,11.3,0
2616,1.27,0.022,52.9,200.4,24.4,0
2617,1.09,0.028,59.7,214.9,12.7,0
2618,0.68,0.005,53.1,209.7,13.1,0
2619,1.15,0.013,55.1,219.7,19.4,0
2620,1.9,0.001,63.1,185.6,12.8,0
2621,1.2,0.01,57.7,228.3,20.7,0
2622,0.98,0.028,58.8,212.5,20.4,0
2623,1.21,0.012,57.1,215.0,11.3,0
2624,1.49,0.006,55.4,198.4,17.0,0
2625,1.02,0.033,52.4,223.3,16.1,0
2626,1.65,0.015,56.1,215.7,7.3,0
2627,1.38,0.027,57.9,193.4,7.5,0
2628,1.3,0.019,54.4,226.8,23.9,0
2629,1.02,0.022,59.8,209.7,13.6,0
2630,1.14,0.003,63.4,205.3,18.8,0
2631,1.2,0.015,60.8,201.7,6.4,0
2632,1.4,0.018,59.8,211.2,22.3,0
2633,1.44,0.011,57.3,202.1,11.7,0
2634,1.46,0.024,64.7,197.7,22.3,0
2635,1.25,0.019,51.3,213.4,16.8,0
2636,1.56,0.013,63.5,218.3,5.7,0
2637,0.91,0.011,54.9,212.1,16.4,0
2638,0.95,0.041,54.1,204.2,21.5,0
2639,1.44,0.0,59.3,208.3,22.8,0
2640,1.04,0.0,62.6,212.3,5.1,0
2641,1.39,0.018,63.3,199.7,18.7,0
2642,1.49,0.027,54.2,210.5,7.1,1
2643,1.61,0.016,58.3,218.0,23.4,0
2644,1.07,0.019,52.4,199.0,8.1,0
2645,1.32,0.054,59.5,219.4,21.9,1
2646,1.44,0.036,51.3,201.5,9.6,0
2647,1.53,0.02,58.3,202.5,22.6,0
2648,0.8,0.026,58.1,225.0,11.7,0
2649,1.86,0.014,53.0,191.6,21.6,0
2650,0.41,0.008,59.0,208.8,22.6,0
2651,1.14,0.0,62.2,211.1,23.2,0
2652,1.03,0.009,63.3,201.7,6.7,0
2653,1.0,0.002,57.6,215.0,18.1,0
2654,1.07,0.023,58.3,214.6,21.3,0
2655,1.21,0.021,59.4,219.4,21.0,0
2656,1.51,0.035,55.6,203.8,23.8,0
2657,1.84,0.022,56.2,201.1,14.7,0
2658,0.22,0.0,53.1,236.3,24.0,0
2659,1.52,0.0,57.1,220.2,24.9,0
2660,0.96,0.019,58.8,218.5,20.9,0
2661,1.11,0.008,56.3,222.0,15.6,0
2662,1.8,0.017,58.7,205.3,8.3,1
2663,1.11,0.025,59.8,213.4,10.6,0
2664,1.37,0.019,62.7,227.3,23.5,0
2665,1.53,0.013,52.3,227.6,21.5,0
2666,1.32,0.045,59.9,216.2,24.3,0
2667,1.64,0.0,57.9,236.2,5.1,0
2668,1.37,0.016,60.2,196.1,14.1,0
2669,1.14,0.035,61.0,200.6,10.6,0
2670,1.74,0.004,56.4,207.8,23.5,1
2671,1.35,0.029,58.0,200.1,18.8,1
2672,1.13,0.029,57.5,202.4,5.2,1
2673,1.05,0.008,65.3,217.7,13.6,0
2674,0.78,0.03,60.9,225.8,15.2,0
2675,1.61,0.0,53.0,201.8,8.0,0
2676,1.76,0.048,56.2,232.7,7.4,1
2677,1.8,0.038,59.2,223.2,16.1,1
2678,1.14,0.014,51.2,213.2,24.9,0
2679,1.68,0.015,58.8,231.6,11.0,0
2680,0.71,0.029,64.0,208.3,24.9,0
2681,1.0,0.033,57.4,219.8,24.6,0
2682,1.03,0.012,61.0,213.9,8.4,0
2683,0.68,0.0,60.2,193.2,13.0,0
2684,1.79,0.035,61.5,215.0,17.1,1
2685,1.23,0.016,65.9,208.2,22.1,0
2686,1.8,0.016,55.3,220.2,18.4,0
2687,1.81,0.003,59.2,217.0,22.8,0
2688,1.99,0.027,65.9,228.5,15.6,0
2689,1.79,0.001,61.3,199.4,24.8,0
2690,1.4,0.033,56.0,219.6,6.6,1
2691,0.5,0.014,60.4,227.6,17.5,0
2692,1.06,0.0,57.7,192.3,16.1,0
2693,1.31,0.034,53.2,214.7,9.7,0
2694,1.74,0.043,50.9,193.8,5.8,0
2695,1.0,0.026,58.9,216.1,19.9,0
2696,1.16,0.0,56.1,233.8,23.8,0
2697,1.64,0.026,61.1,202.8,8.4,0
2698,0.7,0.051,61.2,203.9,6.2,0
2699,1.09,0.034,57.4,203.9,15.9,1
2700,1.4,0.028,57.0,201.5,10.7,0
2701,1.63,0.02,57.1,192.5,6.6,0
2702,1.27,0.019,59.9,219.5,5.9,1
2703,1.78,0.024,52.7,220.6,7.2,0
2704,0.77,0.033,58.0,210.8,22.5,0
2705,0.44,0.005,61.2,209.0,11.1,0
2706,1.45,0.016,55.9,206.3,6.7,0
2707,1.43,0.036,59.2,208.0,16.5,0
2708,0.48,0.025,57.8,202.6,17.3,0
2709,0.92,0.069,55.0,195.5,13.8,1
2710,0.94,0.0,53.6,208.5,16.8,0
2711,0.78,0.039,54.1,214.9,16.2,0
2712,1.74,0.018,59.1,206.1,13.0,0
2713,0.38,0.0,64.4,226.5,12.2,0
2714,1.52,0.009,57.4,214.8,20.2,0
2715,1.77,0.03,61.4,219.7,6.0,0
2716,1.15,0.024,51.4,211.6,24.4,0
2717,1.49,0.007,62.4,224.9,5.9,0
2718,0.76,0.004,56.3,199.8,22.6,0
2719,1.47,0.027,63.2,203.7,16.2,0
2720,0.81,0.014,58.5,196.2,16.9,0
2721,1.82,0.0,53.5,195.8,11.4,0
2722,1.56,0.035,56.6,206.3,6.2,0
2723,1.15,0.019,56.6,208.7,10.3,0
2724,0.64,0.018,59.8,220.7,21.5,0
2725,1.6,0.0,67.8,225.8,17.0,0
2726,1.0,0.027,60.8,211.2,13.1,0
2727,1.32,0.013,64.8,213.3,13.0,0
2728,1.11,0.003,45.0,202.4,17.8,0
2729,1.35,0.014,54.8,209.4,21.1,0
2730,1.02,0.025,59.4,239.5,16.1,1
2731,0.39,0.067,55.6,217.0,11.0,0
2732,1.19,0.03,56.6,232.7,13.9,0
2733,1.71,0.0,52.9,209.9,18.0,0
2734,1.37,0.0,57.9,196.4,24.7,0
2735,0.92,0.031,56.9,196.9,13.2,0
2736,0.81,0.049,56.2,216.3,11.0,0
2737,1.03,0.0,57.1,218.1,9.4,0
2738,1.47,0.002,60.6,206.4,6.4,0
2739,0.59,0.051,53.2,204.9,15.8,0
2740,1.85,0.008,59.5,227.7,6.0,1
2741,0.94,0.021,51.6,219.2,13.6,0
2742,1.07,0.039,56.1,217.4,15.5,0
2743,1.88,0.0,57.7,208.4,8.7,0
2744,1.05,0.043,58.3,227.4,20.4,0
2745,1.07,0.014,51.8,197.2,5.9,0
2746,0.71,0.053,45.0,190.2,20.0,0
2747,0.74,0.031,53.7,202.1,19.4,0
2748,1.96,0.005,57.2,205.4,9.3,0
2749,1.42,0.033,60.6,202.0,10.0,0
2750,1.45,0.039,60.6,209.0,17.0,0
2751,1.19,0.016,61.5,205.8,24.1,1
2752,0.2,0.038,58.3,199.5,9.3,0
2753,2.13,0.022,58.9,210.3,22.8,0
2754,0.52,0.037,51.7,205.0,12.2,0
2755,1.14,0.0,56.2,216.3,24.4,0
2756,0.93,0.015,60.4,206.0,12.9,0
2757,1.48,0.008,56.5,199.7,19.2,0
2758,0.87,0.035,55.0,228.0,21.9,0
2759,0.96,0.047,61.1,205.5,9.6,0
2760,1.16,0.002,67.8,198.3,5.9,0
2761,1.56,0.043,61.9,200.8,15.8,1
2762,1.08,0.022,57.3,225.4,22.4,0
2763,1.0,0.0,61.1,198.6,22.1,0
2764,0.5,0.026,59.3,216.2,24.6,0
2765,0.51,0.049,62.1,198.4,18.5,0
2766,0.62,0.004,57.5,197.8,21.5,0
2767,1.02,0.04,57.2,198.4,21.3,0
2768,1.45,0.001,51.8,195.0,19.3,0
2769,0.84,0.031,55.0,221.0,24.8,0
2770,1.61,0.006,60.2,217.2,12.0,0
2771,1.69,0.025,54.3,206.2,11.7,0
2772,1.12,0.015,61.2,222.3,20.0,0
2773,1.65,0.015,56.9,211.7,9.9,0
2774,0.98,0.0,53.7,216.0,24.0,0
2775,0.29,0.012,57.9,213.4,15.0,0
2776,1.76,0.0,54.0,190.2,17.2,0
2777,0.87,0.044,58.1,204.4,6.5,1
2778,1.81,0.023,59.1,226.8,19.4,1
2779,0.84,0.006,64.1,179.1,19.0,0
2780,0.3,0.034,54.8,207.1,10.9,0
2781,1.28,0.011,58.3,213.8,12.5,0
2782,0.45,0.0,62.6,191.5,6.8,0
2783,1.5,0.0,58.1,221.1,21.7,0
2784,0.68,0.02,59.4,201.2,16.8,0
2785,1.09,0.044,58.9,205.9,16.8,0
2786,1.77,0.016,54.2,212.8,10.5,0
2787,0.92,0.02,55.3,206.3,14.2,0
2788,1.53,0.028,61.3,211.1,21.1,0
2789,1.59,0.0,58.8,210.7,18.2,0
2790,0.91,0.022,60.2,205.1,18.4,0
2791,1.24,0.031,61.5,225.8,9.7,0
2792,1.65,0.017,56.2,188.2,6.5,0
2793,1.18,0.025,52.4,204.3,15.1,0
2794,1.62,0.024,55.5,210.6,18.9,1
2795,1.74,0.02,59.2,219.9,11.2,0
2796,1.6,0.013,57.0,216.3,23.3,0
2797,1.55,0.023,59.8,219.4,22.3,1
2798,1.67,0.0,59.9,218.1,8.1,0
2799,0.91,0.02,58.8,219.7,21.1,0
2800,1.24,0.047,57.1,206.5,24.9,0
2801,0.83,0.051,58.8,195.3,9.4,0
2802,1.07,0.036,59.0,190.2,19.2,0
2803,1.03,0.016,55.1,224.5,13.7,0
2804,1.5,0.035,54.9,220.5,24.7,0
2805,1.07,0.039,57.4,203.1,6.2,0
2806,1.57,0.021,70.0,233.0,22.4,0
2807,0.2,0.0,62.0,211.4,12.3,0
2808,1.87,0.038,58.9,219.8,16.2,1
2809,0.96,0.035,57.6,205.8,16.8,0
2810,0.38,0.04,59.5,201.6,24.1,0
2811,1.45,0.017,57.5,201.4,8.4,0
2812,1.52,0.014,55.7,201.4,9.3,0
2813,1.44,0.0,68.1,200.2,13.7,0
2814,1.98,0.0,48.9,211.5,11.5,0
2815,1.14,0.0,57.1,200.4,13.0,0
2816,1.16,0.044,54.6,201.3,12.4,0
2817,1.24,0.0,59.7,208.5,16.0,0
2818,0.77,0.026,57.5,225.2,16.0,0
2819,0.81,0.028,58.8,215.0,22.2,0
2820,1.69,0.014,64.6,213.3,13.5,0
2821,1.35,0.043,58.6,205.0,8.1,1
2822,0.96,0.033,51.6,188.0,7.3,0
2823,1.26,0.003,61.1,203.0,17.4,0
2824,1.61,0.028,61.1,231.8,20.6,0
2825,0.98,0.012,60.2,191.3,5.2,0
2826,1.16,0.018,57.9,212.1,20.7,0
2827,1.55,0.0,59.0,188.7,21.2,0
2828,1.62,0.018,59.6,230.9,19.2,0
2829,0.22,0.038,57.7,220.1,14.6,0
2830,0.76,0.038,50.5,219.1,20.2,0
2831,1.66,0.0,58.3,223.7,20.7,0
2832,0.79,0.022,58.7,218.9,7.3,0
2833,1.2,0.015,59.1,203.7,16.5,0
2834,1.87,0.04,56.3,224.9,12.9,0
2835,1.42,0.007,56.0,195.7,18.5,0
2836,1.3,0.023,61.8,196.8,6.3,0
2837,1.3,0.015,56.6,222.4,24.4,0
2838,1.2,0.0,58.1,202.6,16.2,0
2839,1.31,0.038,63.6,208.8,18.5,0
2840,1.68,0.013,62.8,223.5,22.6,0
2841,0.66,0.041,58.9,214.1,16.5,0
2842,1.15,0.011,58.3,243.4,12.2,0
2843,1.29,0.007,60.8,221.8,16.2,0
2844,1.4,0.023,69.2,202.4,16.0,0
2845,1.27,0.021,53.5,190.6,12.0,0
2846,1.01,0.0,51.7,198.2,13.3,0
2847,1.82,0.037,53.9,191.5,17.5,0
2848,1.55,0.0,58.3,207.1,10.3,0
2849,1.29,0.0,64.2,216.2,10.4,0
2850,1.37,0.006,56.8,209.9,10.0,0
2851,1.98,0.023,57.5,194.3,11.0,1
2852,1.28,0.002,56.7,208.3,25.0,0
2853,1.38,0.045,49.1,208.0,18.8,0
2854,0.82,0.001,63.3,207.9,6.4,0
2855,1.5,0.034,59.2,211.6,14.6,0
2856,1.21,0.034,59.7,197.1,24.5,1
2857,0.72,0.017,54.5,204.3,7.5,0
2858,2.14,0.023,50.9,216.0,13.1,0
2859,1.13,0.041,59.0,207.8,20.2,0
2860,1.53,0.02,57.7,203.8,23.3,0
2861,0.85,0.035,55.7,216.5,16.3,0
2862,1.9,0.024,56.6,227.9,12.9,0
2863,1.47,0.0,54.5,212.5,12.4,0
2864,0.71,0.004,54.2,193.1,8.7,0
2865,0.92,0.033,66.4,217.7,22.9,0
2866,0.58,0.01,45.9,208.5,16.8,0
2867,0.99,0.001,54.1,234.2,7.2,0
2868,2.09,0.012,58.2,219.3,17.2,0
2869,0.23,0.019,56.1,225.8,21.7,0
2870,0.32,0.036,61.0,220.1,24.6,0
2871,0.83,0.023,53.7,203.7,8.2,0
2872,1.05,0.025,55.0,226.3,6.1,0
2873,1.22,0.025,55.0,202.1,17.6,0
2874,0.68,0.027,55.7,211.8,19.9,0
2875,1.47,0.024,53.2,202.5,15.8,0
2876,1.18,0.023,58.9,195.3,5.3,0
2877,0.62,0.0,60.4,192.8,11.1,0
2878,1.38,0.014,53.9,204.1,12.7,0
2879,1.28,0.028,62.9,202.4,22.2,0
2880,1.16,0.04,54.6,210.0,24.8,0
2881,0.56,0.011,53.0,215.7,19.1,0
2882,1.23,0.026,62.4,199.2,13.7,0
2883,0.81,0.008,55.5,198.8,21.6,0
2884,0.66,0.0,59.9,207.7,6.3,0
2885,1.15,0.022,56.0,217.3,23.3,0
2886,1.05,0.01,62.8,217.9,10.4,0
2887,1.58,0.011,63.4,216.9,24.0,0
2888,1.13,0.038,57.6,205.2,20.3,0
2889,2.4,0.0,57.2,192.8,23.1,0
2890,2.27,0.018,51.1,220.2,9.6,0
2891,0.84,0.012,54.9,215.3,9.1,0
2892,0.75,0.019,53.7,218.3,8.5,0
2893,1.47,0.025,49.1,216.4,17.8,0
2894,1.04,0.013,57.1,208.4,11.1,0
2895,1.45,0.016,49.4,201.1,12.1,0
2896,0.61,0.0,54.5,181.5,16.1,0
2897,1.48,0.0,57.5,203.5,15.7,0
2898,1.44,0.009,59.7,217.0,20.9,0
2899,1.13,0.011,59.2,194.6,11.8,0
2900,1.43,0.047,56.2,218.2,5.5,0
2901,0.79,0.041,61.2,197.8,22.3,0
2902,1.07,0.027,55.5,212.2,14.8,0
2903,0.89,0.019,62.6,218.7,8.2,0
2904,1.53,0.014,56.3,220.7,25.0,0
2905,0.73,0.014,58.7,207.3,9.5,0
2906,0.63,0.016,52.2,208.9,22.1,0
2907,0.96,0.025,58.4,226.8,17.3,0
2908,1.89,0.021,58.0,204.5,14.6,1
2909,0.97,0.007,52.2,233.4,20.6,0
2910,1.07,0.006,61.0,201.7,15.8,0
2911,0.82,0.017,53.4,214.4,7.7,0
2912,1.55,0.037,56.1,214.7,6.3,0
2913,0.97,0.047,50.4,213.5,18.9,0
2914,0.82,0.015,53.5,207.1,18.2,0
2915,1.38,0.031,56.1,179.0,19.1,1
2916,1.05,0.02,53.5,220.0,20.7,0
2917,0.84,0.043,56.3,217.5,16.3,0
2918,1.29,0.039,61.5,227.4,14.9,0
2919,1.42,0.003,60.0,221.6,10.4,0
2920,1.52,0.036,53.7,207.1,17.5,0
2921,1.24,0.028,60.2,216.7,24.9,0
2922,1.56,0.035,62.3,228.0,12.3,0
2923,0.94,0.028,57.5,230.5,19.7,0
2924,1.36,0.044,60.4,210.3,7.1,0
2925,0.7,0.034,54.0,218.6,17.2,0
2926,0.53,0.018,53.4,237.6,12.7,0
2927,1.02,0.01,57.5,211.0,13.6,0
2928,1.39,0.0,54.7,204.9,7.2,0
2929,1.23,0.037,65.6,202.8,18.8,0
2930,0.96,0.034,56.5,210.8,9.0,0
2931,0.45,0.0,57.5,202.1,11.2,0
2932,0.93,0.035,54.4,202.0,8.2,0
2933,1.68,0.026,63.6,222.4,23.5,0
2934,1.53,0.0,54.4,202.2,8.1,0
2935,1.19,0.014,57.6,228.0,14.7,0
2936,1.28,0.03,53.8,212.2,13.6,0
2937,0.94,0.024,62.9,218.6,22.3,0
2938,1.41,0.011,53.0,211.7,18.1,0
2939,1.35,0.015,53.1,197.1,15.9,0
2940,0.6,0.034,57.1,214.8,8.4,0
2941,0.88,0.006,63.0,189.7,17.0,0
2942,1.92,0.006,67.7,219.3,5.3,0
2943,1.31,0.053,56.2,185.3,21.7,0
2944,1.63,0.005,58.4,227.6,24.1,0
2945,1.33,0.045,57.6,205.0,8.1,1
2946,0.81,0.006,60.4,200.0,21.1,0
2947,1.46,0.0,55.2,194.3,6.9,0
2948,1.44,0.003,60.3,213.8,13.4,0
2949,1.62,0.014,54.1,194.9,21.2,0
2950,1.54,0.004,61.9,215.1,15.7,0
2951,0.8,0.034,55.0,188.3,15.1,0
2952,1.43,0.001,58.0,220.8,9.9,0
2953,1.81,0.0,66.8,223.3,11.9,0
2954,0.59,0.011,61.0,220.2,22.1,0
2955,1.25,0.002,57.2,218.2,8.1,0
2956,1.22,0.052,51.5,197.3,16.9,0
2957,0.78,0.044,58.0,203.1,17.1,0
2958,1.01,0.036,64.9,217.4,20.9,0
2959,1.38,0.031,55.4,205.7,9.4,0
2960,1.97,0.032,63.7,222.5,22.9,0
2961,1.15,0.005,61.1,196.5,9.1,0
2962,1.24,0.017,60.8,215.3,23.0,0
2963,1.0,0.018,64.0,223.8,8.0,0
2964,0.36,0.058,55.1,209.7,6.1,0
2965,1.13,0.05,57.0,204.5,6.7,1
2966,0.85,0.0,65.0,214.0,10.5,0
2967,1.6,0.025,52.0,205.1,9.0,0
2968,0.54,0.029,57.1,213.0,20.3,0
2969,0.76,0.037,55.4,201.3,8.8,0
2970,1.43,0.04,58.8,209.5,13.2,1
2971,1.12,0.03,61.9,213.5,6.1,0
2972,1.3,0.024,65.9,205.9,24.8,0
2973,1.45,0.001,55.7,207.7,14.0,0
2974,0.92,0.04,57.5,203.8,23.6,0
2975,1.35,0.018,61.3,186.0,5.5,0
2976,1.12,0.017,52.8,222.4,5.4,0
2977,0.94,0.021,59.4,200.5,23.7,0
2978,1.12,0.005,53.5,228.0,11.7,0
2979,1.69,0.025,55.3,184.5,6.6,0
2980,0.66,0.031,63.5,230.9,12.5,0
2981,2.54,0.012,63.0,215.2,11.6,0
2982,1.78,0.025,58.3,187.8,12.0,0
2983,0.96,0.007,61.0,208.5,7.0,0
2984,1.14,0.038,56.1,216.0,14.8,0
2985,1.06,0.033,60.1,197.3,19.7,0
2986,1.28,0.013,56.1,195.0,8.8,0
2987,1.25,0.005,49.7,203.9,9.0,0
2988,1.73,0.007,57.6,202.0,16.8,0
2989,1.81,0.01,54.6,195.7,19.2,0
2990,1.64,0.048,58.7,189.7,23.3,0
2991,1.13,0.003,56.8,186.7,5.5,0
2992,1.27,0.005,53.4,214.7,18.4,0
2993,0.93,0.007,59.5,202.7,21.6,0
2994,0.95,0.018,59.3,212.0,17.2,0
2995,1.79,0.023,57.8,218.6,14.6,0
2996,1.44,0.043,63.2,196.6,15.9,0
2997,0.83,0.003,59.4,195.7,20.5,0
2998,1.64,0.029,55.7,216.8,15.9,0
2999,1.27,0.023,57.6,196.7,23.6,0
3000,1.75,0.008,56.9,216.2,16.0,0
3001,0.99,0.007,61.9,191.9,19.3,0
3002,1.0,0.04,55.5,204.0,24.0,0
3003,1.36,0.016,58.6,199.1,5.9,0
3004,1.38,0.0,54.0,212.6,10.4,0
3005,1.1,0.027,53.2,207.5,15.9,0
3006,0.5,0.043,56.2,214.4,16.3,0
3007,1.55,0.026,60.5,211.5,11.6,0
3008,1.01,0.025,53.1,205.4,18.8,0
3009,2.27,0.014,55.2,212.7,5.4,0
3010,0.72,0.01,59.1,200.3,24.2,0
3011,1.4,0.033,59.7,213.3,8.9,0
3012,1.14,0.027,55.4,224.6,24.6,0
3013,1.47,0.013,52.9,193.4,12.1,0
3014,1.01,0.028,53.7,209.2,24.5,0
3015,1.6,0.004,60.9,213.1,9.8,0
3016,1.32,0.039,56.0,216.1,13.5,0
3017,0.69,0.03,57.1,206.5,17.2,0
3018,0.86,0.005,54.1,202.0,8.6,0
3019,0.9,0.065,59.2,227.2,12.0,0
3020,1.38,0.02,62.8,235.0,23.6,0
3021,1.37,0.015,60.6,212.8,17.3,0
3022,1.46,0.017,58.3,199.0,17.4,0
3023,0.89,0.026,57.7,194.5,10.5,0
3024,1.05,0.004,54.8,208.4,19.6,0
3025,1.1,0.037,50.9,205.9,10.7,0
3026,1.08,0.018,59.6,228.4,14.5,0
3027,1.3,0.011,54.9,185.0,15.6,0
3028,1.71,0.013,54.2,220.6,10.6,0
3029,1.35,0.039,59.2,185.5,23.3,1
3030,1.82,0.028,54.8,235.1,18.6,0
3031,1.3,0.0,54.3,211.6,22.4,0
3032,0.66,0.03,57.8,202.7,22.4,0
3033,1.49,0.011,52.5,216.2,21.8,0
3034,1.01,0.036,59.9,220.2,17.7,0
3035,0.56,0.0,61.3,225.2,6.0,0
3036,1.6,0.036,55.3,195.1,5.1,0
3037,1.19,0.018,62.5,192.2,19.8,0
3038,0.47,0.041,60.5,233.8,14.3,0
3039,0.7,0.018,64.6,197.1,15.8,0
3040,1.37,0.005,58.7,207.0,18.8,0
3041,0.82,0.0,55.3,210.1,15.8,0
3042,1.48,0.02,50.1,201.2,5.2,0
3043,1.51,0.022,53.9,214.3,9.1,0
3044,1.13,0.016,65.2,209.7,23.2,0
3045,1.39,0.055,62.0,202.8,21.7,0
3046,1.22,0.027,65.5,210.2,20.3,0
3047,1.29,0.0,56.7,214.6,23.7,0
3048,2.2,0.028,63.2,206.1,8.6,1
3049,1.0,0.036,53.8,195.8,12.9,0
3050,1.42,0.009,55.9,212.2,9.5,0
3051,1.6,0.036,53.0,197.3,13.2,0
3052,1.81,0.026,63.5,217.5,18.3,0
3053,1.31,0.047,56.1,179.2,22.1,0
3054,1.56,0.005,62.5,206.7,23.3,0
3055,1.48,0.03,59.0,217.9,23.0,0
3056,1.13,0.027,54.8,206.5,19.7,0
3057,1.32,0.034,60.8,210.3,11.6,0
3058,1.26,0.037,54.0,203.9,14.5,0
3059,1.14,0.042,55.0,208.2,20.0,0
3060,1.24,0.044,56.3,219.6,20.1,1
3061,0.28,0.031,61.1,209.0,12.1,0
3062,1.83,0.018,55.3,198.2,21.0,0
3063,1.17,0.007,64.3,226.9,11.4,0
3064,1.07,0.01,56.3,194.8,21.5,0
3065,1.42,0.002,61.5,208.6,16.3,0
3066,0.98,0.026,56.9,211.7,24.1,0
3067,1.5,0.006,53.0,191.1,19.3,0
3068,0.95,0.017,57.2,229.3,15.9,0
3069,1.68,0.027,55.2,197.2,25.0,0
3070,1.67,0.002,54.4,221.8,18.5,0
3071,1.21,0.029,59.4,197.7,10.6,0
3072,1.14,0.018,60.6,202.0,12.9,0
3073,0.9,0.035,57.9,194.4,11.7,1
3074,0.91,0.027,58.2,218.1,13.6,1
3075,1.27,0.0,51.1,223.1,21.0,0
3076,0.4,0.016,57.3,219.8,16.7,0
3077,1.46,0.025,62.0,209.9,18.4,0
3078,1.64,0.034,62.3,188.4,12.6,0
3079,1.27,0.022,60.8,225.3,15.9,0
3080,1.31,0.016,54.5,216.7,18.1,0
3081,1.1,0.025,60.3,219.7,8.0,0
3082,0.48,0.037,55.2,219.0,18.9,0
3083,1.65,0.005,61.0,209.1,9.4,0
3084,0.87,0.039,56.0,214.1,10.4,0
3085,0.7,0.026,54.3,222.7,22.3,0
3086,1.51,0.023,56.6,202.3,7.2,0
3087,0.94,0.0,57.3,227.3,22.8,0
3088,1.01,0.007,58.4,203.8,22.2,0
3089,1.2,0.04,57.2,229.4,21.3,0
3090,1.18,0.034,59.3,209.8,14.5,0
3091,1.26,0.029,65.2,201.2,11.0,0
3092,1.5,0.0,54.6,212.9,9.1,0
3093,1.45,0.02,53.7,219.0,5.0,0
3094,0.88,0.004,59.9,214.9,21.7,0
3095,0.85,0.036,59.2,204.5,12.3,0
3096,0.83,0.045,51.5,239.2,17.6,0
3097,0.44,0.052,52.2,202.4,19.7,0
3098,1.0,0.033,62.2,202.3,13.3,0
3099,0.69,0.02,60.3,221.3,8.7,0
3100,1.25,0.02,58.5,187.4,16.6,0
3101,1.05,0.047,56.7,196.1,17.5,0
3102,1.64,0.021,55.7,206.4,5.9,0
3103,1.11,0.005,58.7,222.6,24.4,0
3104,1.23,0.039,64.8,202.7,11.0,0
3105,1.07,0.02,55.3,209.0,6.2,1
3106,0.57,0.025,59.0,187.5,24.9,0
3107,0.85,0.021,60.4,219.1,12.4,0
3108,0.8,0.028,59.8,208.5,21.7,0
3109,1.11,0.042,57.7,231.7,10.6,0
3110,1.1,0.024,57.8,201.1,22.6,0
3111,1.55,0.03,58.7,193.7,16.5,0
3112,0.92,0.015,56.3,194.0,13.0,0
3113,0.87,0.0,55.6,203.1,12.0,0
3114,1.31,0.017,61.9,227.0,23.7,0
3115,0.59,0.026,54.0,199.3,5.4,0
3116,1.98,0.017,52.9,195.5,5.3,0
3117,1.82,0.001,57.5,203.4,22.1,0
3118,1.59,0.039,61.5,207.4,23.9,0
3119,0.74,0.0,54.7,209.9,22.2,0
3120,1.39,0.012,58.9,199.1,13.7,0
3121,1.22,0.022,58.5,201.8,13.6,0
3122,0.59,0.01,53.1,207.4,24.1,0
3123,1.47,0.035,57.5,220.0,16.2,0
3124,0.93,0.0,67.1,209.4,17.1,0
3125,0.88,0.01,56.9,195.3,15.7,0
3126,1.12,0.01,54.1,215.1,15.0,0
3127,1.54,0.007,60.4,193.4,24.8,0
3128,1.33,0.026,60.7,202.3,21.5,0
3129,1.62,0.029,60.4,190.0,17.9,0
3130,0.35,0.01,65.9,201.3,17.3,0
3131,1.0,0.012,52.4,214.9,15.8,0
3132,1.14,0.01,55.4,198.0,6.6,0
3133,0.91,0.023,56.5,203.9,24.2,0
3134,1.02,0.027,66.2,221.7,6.4,0
3135,0.73,0.017,57.8,220.2,22.9,0
3136,1.71,0.058,61.7,210.6,6.0,0
3137,1.48,0.028,52.0,219.0,24.5,0
3138,1.47,0.031,58.7,187.0,6.7,0
3139,0.8,0.033,48.7,223.0,19.8,0
3140,1.18,0.026,58.3,217.0,17.6,0
3141,1.16,0.023,59.8,191.1,12.8,0
3142,0.67,0.038,67.8,207.9,13.6,0
3143,1.11,0.034,56.3,204.6,16.8,0
3144,0.88,0.037,58.9,212.9,16.2,0
3145,0.8,0.018,53.9,195.9,6.7,0
3146,0.85,0.026,53.1,208.8,19.5,0
3147,0.97,0.028,52.1,217.5,12.0,0
3148,1.42,0.006,53.7,187.6,19.2,0
3149,1.73,0.0,56.9,213.8,20.8,0
3150,1.34,0.043,62.7,204.9,11.6,0
3151,2.42,0.017,59.3,195.4,8.7,1
3152,0.68,0.046,58.7,213.8,6.5,0
3153,0.83,0.031,57.6,204.9,7.7,0
3154,1.37,0.009,54.1,219.9,18.4,0
3155,1.76,0.0,56.9,208.9,14.2,0
3156,0.52,0.009,56.6,213.9,7.1,0
3157,1.45,0.021,65.5,218.5,13.0,0
3158,0.85,0.027,58.8,220.9,11.4,0
3159,1.1,0.022,58.4,216.0,21.7,0
3160,0.97,0.031,66.1,207.7,11.6,0
3161,1.0,0.029,58.5,209.7,7.1,0
3162,0.78,0.034,58.2,215.2,17.7,0
3163,2.14,0.031,52.0,216.1,19.0,0
3164,1.24,0.027,58.5,217.8,18.5,0
3165,0.99,0.004,61.9,225.4,17.2,0
3166,0.2,0.053,58.1,233.6,5.1,0
3167,1.54,0.028,55.1,226.8,5.7,0
3168,1.32,0.021,60.9,209.3,8.9,0
3169,0.48,0.028,59.3,200.0,16.2,0
3170,0.99,0.0,56.1,220.0,19.8,0
3171,1.13,0.024,54.8,204.3,17.6,0
3172,1.45,0.0,49.8,194.3,24.0,0
3173,0.3,0.022,58.1,212.8,23.0,0
3174,1.1,0.033,59.7,234.3,22.6,0
3175,1.24,0.034,60.9,218.9,5.5,0
3176,0.47,0.0,61.4,193.4,12.1,0
3177,1.35,0.029,61.1,196.0,18.9,0
3178,1.17,0.044,53.7,206.2,9.3,0
3179,0.59,0.008,56.3,186.4,11.5,0
3180,1.06,0.027,57.8,208.4,21.2,0
3181,1.04,0.009,65.0,189.5,8.5,0
3182,1.11,0.014,57.2,226.8,18.4,0
3183,0.95,0.017,60.6,222.2,22.1,0
3184,1.44,0.001,59.1,220.1,15.3,0
3185,0.32,0.026,57.9,216.2,21.9,0
3186,1.01,0.023,56.3,187.9,21.4,0
3187,1.46,0.04,58.4,206.6,18.8,0
3188,1.39,0.031,58.7,198.3,6.9,0
3189,1.16,0.027,59.4,198.6,13.9,0
3190,0.97,0.012,49.4,231.3,9.7,0
3191,1.09,0.005,59.8,216.4,24.5,0
3192,0.68,0.043,58.3,244.0,7.1,0
3193,1.55,0.026,53.4,203.4,8.9,0
3194,1.34,0.013,59.0,204.5,22.0,0
3195,0.9,0.038,56.2,209.3,24.0,0
3196,1.33,0.011,63.8,214.1,18.4,0
3197,0.44,0.036,52.4,207.6,21.9,0
3198,0.74,0.0,60.2,206.4,13.7,0
3199,1.65,0.029,60.5,193.2,9.5,0
3200,1.74,0.031,55.0,215.8,23.2,0
3201,0.89,0.009,60.0,204.2,6.7,0
3202,0.95,0.0,55.1,193.3,8.4,0
3203,0.89,0.045,55.5,198.7,22.7,0
3204,1.04,0.023,59.7,198.8,18.6,0
3205,1.11,0.021,58.4,225.6,12.8,1
3206,1.29,0.033,55.5,210.4,17.3,0
3207,1.61,0.04,62.0,211.7,22.8,0
3208,1.09,0.027,59.1,210.1,5.5,0
3209,1.25,0.029,63.0,217.6,15.2,0
3210,0.7,0.015,56.8,212.5,9.3,0
3211,0.45,0.014,62.8,203.2,5.1,0
3212,1.85,0.001,61.2,205.9,21.8,0
3213,1.5,0.031,54.8,196.5,22.8,0
3214,0.94,0.0,59.8,218.1,14.4,0
3215,1.12,0.03,54.8,231.7,6.3,0
3216,1.1,0.02,57.1,209.7,25.0,0
3217,2.01,0.026,53.2,224.1,20.5,0
3218,0.9,0.024,58.6,209.2,20.0,0
3219,1.44,0.003,59.7,210.2,13.0,0
3220,1.03,0.017,60.1,182.1,14.5,0
3221,1.56,0.049,59.6,205.3,9.7,0
3222,2.03,0.037,70.0,216.5,21.1,0
3223,1.44,0.037,58.2,206.4,14.1,0
3224,0.49,0.039,48.7,225.3,16.5,0
3225,0.91,0.005,56.4,217.4,23.1,0
3226,1.38,0.015,56.4,227.1,8.8,0
3227,1.57,0.017,54.0,207.7,16.3,0
3228,1.07,0.032,57.3,190.1,15.8,0
3229,0.87,0.032,57.5,210.8,24.9,0
3230,0.53,0.004,58.9,225.7,16.2,0
3231,0.57,0.013,52.3,223.8,9.6,0
3232,1.99,0.035,54.6,208.8,19.3,0
3233,1.0,0.0,59.1,214.5,11.2,0
3234,0.95,0.017,62.6,194.7,16.0,0
3235,0.96,0.0,57.6,202.1,5.8,1
3236,1.56,0.016,62.5,213.6,14.6,0
3237,0.8,0.009,57.9,206.9,21.3,0
3238,1.71,0.028,48.4,231.4,20.6,0
3239,2.21,0.0,64.7,211.3,9.1,0
3240,1.42,0.018,59.1,205.3,21.5,0
3241,0.31,0.0,57.1,197.1,13.6,0
3242,0.77,0.009,57.6,220.1,21.0,0
3243,1.26,0.007,52.1,201.3,19.9,0
3244,1.7,0.0,54.4,197.8,11.6,0
3245,0.99,0.018,57.7,211.7,20.0,0
3246,1.34,0.022,60.1,219.4,12.3,0
3247,1.6,0.024,55.4,209.4,10.3,0
3248,0.74,0.044,61.9,201.5,18.2,0
3249,1.09,0.028,54.5,222.8,18.3,0
3250,1.19,0.038,61.6,199.3,5.4,1
3251,0.41,0.009,57.4,236.7,16.3,0
3252,0.49,0.026,55.6,204.6,6.4,0
3253,1.38,0.044,58.5,204.4,9.5,1
3254,1.89,0.018,57.8,196.3,16.8,0
3255,1.57,0.023,53.0,206.3,10.9,0
3256,1.0,0.013,58.7,213.0,7.7,0
3257,1.37,0.029,62.0,237.6,21.0,0
3258,1.21,0.0,54.4,214.5,20.4,0
3259,1.44,0.024,53.1,203.9,8.9,0
3260,1.39,0.02,63.3,208.1,17.4,0
3261,0.67,0.014,59.5,208.3,12.4,0
3262,0.47,0.016,56.4,220.5,16.5,0
3263,1.47,0.029,56.5,206.5,5.1,0
3264,1.58,0.044,60.1,196.1,15.3,0
3265,0.99,0.0,56.7,201.9,17.5,0
3266,1.11,0.015,53.7,199.7,19.7,0
3267,1.41,0.025,51.7,227.8,5.2,0
3268,1.35,0.04,57.5,208.7,15.4,0
3269,0.87,0.034,65.6,213.5,10.3,0
3270,1.36,0.018,51.0,224.2,11.8,0
3271,1.12,0.027,61.7,230.0,9.4,0
3272,0.81,0.0,59.0,200.6,9.6,0
3273,1.08,0.005,58.6,194.2,24.0,0
3274,1.29,0.0,58.7,201.7,5.3,0
3275,1.48,0.029,62.7,224.6,9.9,0
3276,1.55,0.016,48.8,207.1,23.3,0
3277,0.86,0.011,54.8,227.3,12.7,0
3278,1.17,0.03,55.9,209.2,15.2,0
3279,0.9,0.014,61.4,207.0,23.8,0
3280,1.57,0.007,55.4,231.6,8.4,0
3281,1.39,0.01,64.4,215.3,15.0,0
3282,1.23,0.015,50.2,205.6,13.6,0
3283,0.74,0.032,55.3,205.4,16.0,0
3284,1.76,0.017,58.5,204.4,5.7,0
3285,0.9,0.003,55.7,213.5,22.9,0
3286,0.88,0.012,59.1,222.1,12.5,0
3287,1.23,0.006,54.2,206.0,19.0,0
3288,1.48,0.033,56.7,201.0,9.2,0
3289,1.32,0.021,60.7,218.8,12.4,0
3290,0.92,0.03,54.8,192.0,11.9,0
3291,0.94,0.003,54.8,206.5,5.1,0
3292,1.3,0.042,57.3,208.6,15.5,1
3293,1.32,0.003,50.4,168.3,14.7,0
3294,1.18,0.027,58.1,211.4,5.3,0
3295,0.9,0.022,53.7,206.9,13.2,0
3296,0.91,0.021,61.0,199.0,10.7,0
3297,0.8,0.0,62.4,211.7,8.9,0
3298,1.68,0.007,63.2,202.0,12.0,0
3299,0.74,0.006,54.0,230.6,20.3,0
3300,1.43,0.028,53.6,212.0,24.8,0
3301,1.05,0.013,56.4,214.1,13.5,0
3302,0.54,0.031,62.0,210.5,24.0,0
3303,1.64,0.003,62.4,219.8,20.7,0
3304,0.84,0.001,60.0,205.0,22.6,0
3305,1.38,0.001,57.7,220.0,21.5,0
3306,1.12,0.022,61.9,205.1,7.1,0
3307,1.46,0.031,58.6,219.6,6.5,0
3308,0.82,0.005,58.7,215.7,18.5,0
3309,1.31,0.028,54.1,221.4,17.5,0
3310,1.78,0.01,52.3,202.4,18.8,0
3311,0.97,0.008,63.6,204.7,12.7,0
3312,2.01,0.018,49.3,199.9,20.2,0
3313,1.43,0.037,59.1,207.3,19.6,0
3314,0.2,0.006,59.5,218.1,7.2,0
3315,1.42,0.031,61.2,206.5,24.6,0
3316,1.0,0.027,57.1,228.5,19.8,0
3317,1.54,0.0,58.0,191.8,5.3,0
3318,1.71,0.01,56.6,211.5,8.7,0
3319,1.38,0.001,55.0,219.1,22.8,0
3320,0.74,0.019,59.9,214.6,12.0,0
3321,0.97,0.005,58.9,207.2,14.7,0
3322,1.75,0.014,55.0,188.4,8.4,0
3323,0.97,0.028,56.6,204.9,22.9,0
3324,1.3,0.029,56.8,219.7,23.3,0
3325,1.11,0.002,54.0,210.4,23.4,0
3326,0.27,0.027,57.2,230.7,8.1,1
3327,0.73,0.039,69.9,191.5,5.6,0
3328,1.54,0.019,58.9,200.3,6.3,0
3329,1.14,0.014,60.9,202.5,14.5,0
3330,1.65,0.0,53.3,201.2,20.2,1
3331,0.44,0.029,55.8,232.2,9.3,1
3332,1.12,0.028,60.8,210.4,10.5,0
3333,1.84,0.0,56.6,213.2,11.7,0
3334,1.71,0.019,61.2,170.4,6.6,0
3335,1.35,0.019,53.1,199.2,16.9,0
3336,1.56,0.035,51.9,207.9,15.8,0
3337,2.06,0.01,54.4,216.2,6.0,0
3338,1.13,0.019,55.3,173.4,7.3,0
3339,1.45,0.0,53.6,209.0,17.8,0
3340,0.8,0.005,56.2,199.1,11.5,0
3341,1.27,0.027,59.3,198.4,17.9,0
3342,0.85,0.052,56.9,208.0,21.4,0
3343,1.37,0.011,57.2,183.5,5.5,0
3344,1.1,0.014,63.9,230.5,22.1,0
3345,1.99,0.028,60.4,215.3,23.2,0
3346,0.83,0.003,59.7,211.9,12.6,0
3347,1.88,0.035,55.9,212.4,13.7,0
3348,0.97,0.027,57.0,211.2,23.9,0
3349,1.15,0.036,58.2,200.5,12.8,0
3350,1.53,0.007,56.4,208.6,15.6,0
3351,0.38,0.02,58.8,212.1,16.9,0
3352,1.89,0.007,61.5,202.4,17.3,0
3353,0.35,0.014,64.8,218.9,20.4,0
3354,1.53,0.012,60.3,208.2,22.7,0
3355,1.25,0.028,63.0,193.5,11.2,0
3356,1.34,0.021,52.1,191.3,9.9,0
3357,1.52,0.0,59.4,215.7,21.0,0
3358,1.26,0.018,59.1,218.2,17.9,0
3359,1.5,0.004,61.5,200.9,11.2,0
3360,1.51,0.027,60.5,212.6,12.1,0
3361,1.69,0.0,58.9,202.1,15.8,0
3362,1.47,0.02,58.7,210.4,20.1,0
3363,1.7,0.004,61.9,198.8,13.4,0
3364,0.96,0.023,54.5,209.1,13.4,0
3365,0.91,0.0,58.1,199.4,10.6,0
3366,0.82,0.01,57.8,200.4,8.0,0
3367,0.83,0.03,59.9,205.9,8.7,0
3368,0.86,0.016,60.5,201.4,10.0,0
3369,1.09,0.027,54.5,221.7,5.7,0
3370,0.22,0.036,60.3,205.5,24.5,0
3371,0.68,0.026,61.6,205.4,8.1,0
3372,1.22,0.018,58.2,210.7,19.3,0
3373,1.48,0.051,68.5,227.6,10.5,0
3374,0.85,0.051,53.3,228.3,16.5,0
3375,0.91,0.035,59.2,203.9,18.2,0
3376,1.11,0.037,61.1,206.7,16.7,0
3377,1.24,0.0,54.3,185.9,8.9,0
3378,1.27,0.002,62.3,229.3,14.0,0
3379,1.17,0.027,60.7,204.8,17.9,0
3380,1.6,0.025,59.3,199.1,13.8,0
3381,0.91,0.033,59.7,203.7,10.9,0
3382,1.27,0.017,61.6,209.9,19.3,0
3383,1.57,0.016,56.3,209.4,21.5,0
3384,1.86,0.024,54.5,205.1,10.8,0
3385,2.03,0.037,58.6,209.6,23.7,0
3386,1.31,0.013,58.6,194.1,18.1,0
3387,0.75,0.029,52.4,221.8,21.4,0
3388,2.39,0.012,58.4,237.2,8.7,0
3389,0.2,0.012,58.1,207.9,10.8,0
3390,1.52,0.015,49.9,202.4,24.4,0
3391,1.39,0.0,55.5,205.5,5.2,0
3392,1.63,0.002,56.0,206.2,21.9,0
3393,1.24,0.017,54.7,202.5,18.5,0
3394,1.41,0.038,61.2,228.8,20.9,0
3395,1.51,0.025,52.1,214.4,18.1,0
3396,1.3,0.042,54.4,201.7,14.9,0
3397,1.35,0.021,58.7,215.1,10.1,0
3398,1.14,0.005,55.3,234.1,18.8,0
3399,1.47,0.019,60.7,211.5,15.1,0
3400,1.56,0.019,59.5,197.6,6.9,1
3401,1.33,0.023,60.1,209.8,17.5,0
3402,0.55,0.013,55.0,225.4,16.5,0
3403,0.87,0.003,60.8,211.7,6.9,0
3404,1.32,0.022,55.2,209.5,13.8,0
3405,0.87,0.05,64.4,193.3,10.2,1
3406,2.19,0.0,53.2,214.6,23.9,0
3407,1.27,0.004,56.0,230.9,24.9,0
3408,1.67,0.012,56.6,205.3,8.6,0
3409,1.47,0.039,58.8,209.5,10.5,0
3410,1.3,0.024,58.6,194.7,11.4,1
3411,1.05,0.029,66.9,209.0,16.4,0
3412,1.21,0.021,60.3,228.3,9.0,0
3413,1.19,0.022,54.3,221.1,11.6,0
3414,1.13,0.03,58.5,207.4,24.1,0
3415,1.93,0.019,60.6,205.0,24.3,0
3416,0.5,0.009,49.7,198.4,5.6,0
3417,0.21,0.02,61.4,203.3,10.6,0
3418,0.71,0.029,61.8,230.2,17.6,0
3419,0.57,0.026,56.4,214.9,21.1,0
3420,1.5,0.035,55.1,231.9,5.9,0
3421,0.68,0.016,55.2,207.3,16.4,0
3422,1.25,0.007,57.2,216.4,21.5,0
3423,1.5,0.008,55.4,214.8,8.7,0
3424,1.45,0.008,58.8,197.5,24.3,0
3425,1.68,0.018,65.4,201.2,21.1,0
3426,1.2,0.03,55.6,216.0,21.5,0
3427,1.32,0.032,59.0,210.9,21.6,0
3428,1.47,0.033,56.3,211.5,18.2,0
3429,0.81,0.017,54.8,195.1,23.8,0
3430,1.03,0.009,59.4,216.0,10.0,0
3431,0.77,0.049,58.7,209.4,23.3,0
3432,0.8,0.028,56.1,210.0,5.7,0
3433,1.23,0.009,59.4,199.4,9.1,0
3434,1.8,0.021,50.6,200.8,11.4,0
3435,1.79,0.022,66.6,205.3,23.1,0
3436,0.86,0.033,69.9,202.8,11.1,0
3437,1.74,0.038,58.8,211.0,24.3,1
3438,0.38,0.008,56.0,225.5,13.9,0
3439,1.22,0.029,53.7,216.4,24.1,0
3440,1.62,0.019,55.2,204.7,22.6,0
3441,0.72,0.042,53.0,206.0,8.7,0
3442,1.66,0.0,55.1,224.9,18.4,0
3443,1.44,0.021,56.5,197.6,6.9,0
3444,0.89,0.015,60.0,220.3,19.5,1
3445,0.83,0.02,57.5,196.4,6.7,0
3446,1.73,0.002,65.2,206.1,11.5,0
3447,1.35,0.003,60.2,217.9,14.0,0
3448,1.79,0.022,49.0,220.6,21.5,0
3449,1.47,0.003,52.7,222.5,23.3,0
3450,1.9,0.0,49.2,217.2,19.1,0
3451,0.86,0.007,60.5,202.3,20.9,0
3452,1.22,0.005,60.0,208.1,24.9,0
3453,0.87,0.037,61.1,195.9,17.2,0
3454,1.53,0.007,59.3,203.6,5.3,0
3455,1.88,0.0,58.1,222.3,14.7,0
3456,0.93,0.013,57.4,212.5,17.8,0
3457,1.1,0.0,67.4,193.8,12.0,0
3458,1.33,0.004,59.8,215.3,15.6,0
3459,0.54,0.008,65.7,205.2,18.3,0
3460,1.34,0.034,57.4,203.5,12.8,0
3461,1.16,0.021,56.5,224.0,14.3,0
3462,1.6,0.027,56.5,221.7,16.9,0
3463,1.51,0.033,56.1,206.1,6.8,0
3464,0.74,0.011,57.5,200.9,14.7,0
3465,1.83,0.023,52.1,207.3,24.4,0
3466,1.55,0.026,58.8,212.1,18.0,0
3467,1.63,0.0,61.5,200.5,22.0,0
3468,2.28,0.002,67.8,192.9,9.4,0
3469,1.37,0.023,64.1,208.2,17.4,0
3470,1.48,0.011,56.9,196.9,20.4,0
3471,1.59,0.003,46.3,222.4,15.8,0
3472,1.22,0.028,49.4,181.5,21.2,0
3473,0.9,0.028,60.3,211.2,21.2,0
3474,1.29,0.017,53.5,193.1,19.0,1
3475,1.05,0.043,61.1,208.7,10.4,0
3476,1.15,0.013,50.5,192.9,17.6,0
3477,1.53,0.025,63.3,208.9,24.7,0
3478,1.3,0.006,56.6,192.7,15.8,1
3479,1.09,0.022,59.5,186.1,6.7,0
3480,1.09,0.014,60.7,202.6,19.0,0
3481,1.66,0.045,56.0,210.8,7.9,0
3482,1.14,0.016,56.9,216.2,8.8,0
3483,0.9,0.0,51.7,207.1,24.5,0
3484,0.7,0.019,59.1,215.4,6.2,0
3485,1.1,0.0,59.8,197.1,10.7,0
3486,1.27,0.0,53.5,211.5,19.0,0
3487,1.56,0.021,58.0,222.0,19.3,0
3488,1.79,0.019,60.8,208.1,21.2,0
3489,0.94,0.042,52.4,216.3,15.4,0
3490,1.61,0.018,58.4,220.1,12.6,1
3491,1.99,0.0,57.1,215.5,15.0,0
3492,1.37,0.035,53.2,215.8,22.7,0
3493,0.88,0.047,55.0,195.2,12.6,0
3494,1.1,0.024,59.0,213.7,12.3,0
3495,1.53,0.053,51.1,204.9,7.9,0
3496,0.54,0.015,61.3,221.2,23.2,0
3497,1.46,0.013,60.4,218.9,23.5,0
3498,1.23,0.015,57.0,219.6,16.4,0
3499,0.86,0.025,56.3,222.3,24.0,0
3500,1.78,0.03,59.0,193.9,16.0,1
3501,0.91,0.026,53.0,220.6,8.5,0
3502,2.01,0.008,56.6,205.1,9.3,0
3503,1.24,0.015,61.0,202.5,11.2,0
3504,1.32,0.012,60.5,197.5,14.4,0
3505,0.6,0.017,56.2,211.9,14.2,0
3506,0.7,0.033,59.7,189.8,12.7,1
3507,0.4,0.058,54.3,208.0,6.9,0
3508,1.04,0.023,62.1,189.0,23.3,0
3509,1.74,0.014,60.4,220.0,23.0,0
3510,0.95,0.016,59.6,216.1,24.1,0
3511,1.31,0.041,55.4,216.7,9.1,0
3512,1.51,0.027,54.1,205.0,12.3,0
3513,0.82,0.0,56.8,208.0,10.3,0
3514,1.46,0.022,58.7,213.6,13.9,0
3515,1.31,0.027,57.6,193.5,6.5,0
3516,1.52,0.009,65.8,201.6,22.8,0
3517,1.02,0.0,62.4,207.3,14.9,0
3518,1.38,0.04,51.9,194.2,11.6,0
3519,1.51,0.013,50.0,210.5,17.9,0
3520,1.07,0.011,63.5,205.1,19.1,0
3521,1.19,0.003,62.0,201.2,11.6,0
3522,1.54,0.0,57.1,207.0,10.5,0
3523,1.39,0.018,59.6,195.7,24.1,0
3524,0.82,0.015,56.6,203.2,22.8,1
3525,1.08,0.024,61.0,202.0,18.0,0
3526,1.19,0.0,63.9,211.5,16.4,0
3527,0.8,0.022,59.3,206.6,7.5,0
3528,0.83,0.024,52.5,202.2,20.4,0
3529,1.04,0.036,54.6,198.0,14.3,0
3530,0.69,0.014,58.6,223.5,11.9,0
3531,1.44,0.003,59.6,192.6,10.8,0
3532,1.33,0.062,51.1,220.8,6.2,0
3533,1.72,0.028,58.1,211.5,8.7,0
3534,1.54,0.013,62.6,218.4,20.3,0
3535,1.15,0.001,63.8,188.7,23.7,0
3536,0.93,0.012,60.3,199.5,12.9,0
3537,0.83,0.006,53.7,225.5,11.8,0
3538,0.71,0.041,59.0,190.1,16.1,0
3539,1.25,0.015,52.9,197.4,15.3,0
3540,1.04,0.029,57.4,219.0,9.3,0
3541,2.26,0.008,63.3,216.9,7.3,0
3542,1.57,0.037,62.9,227.9,9.8,0
3543,1.21,0.022,55.6,183.3,10.8,1
3544,1.44,0.046,61.0,198.5,18.4,0
3545,0.34,0.033,56.5,220.2,19.7,0
3546,1.48,0.0,61.4,195.3,6.2,0
3547,1.75,0.015,66.2,220.1,7.9,0
3548,1.5,0.034,58.9,209.3,22.9,0
3549,1.15,0.0,66.3,218.7,18.8,0
3550,1.12,0.017,62.3,231.0,21.3,0
3551,1.54,0.047,56.9,190.1,19.0,1
3552,1.24,0.002,56.6,212.7,7.3,0
3553,0.47,0.015,60.4,212.8,21.3,0
3554,1.86,0.031,52.1,197.8,20.7,0
3555,1.43,0.016,52.3,214.6,15.3,0
3556,1.11,0.038,58.2,223.9,9.3,0
3557,1.6,0.007,62.6,211.6,18.7,0
3558,1.34,0.036,64.1,211.2,5.5,0
3559,2.14,0.018,55.0,206.0,12.0,0
3560,1.46,0.0,60.4,210.9,20.6,0
3561,0.38,0.014,62.4,188.1,20.6,0
3562,0.67,0.037,57.4,212.9,12.1,0
3563,1.41,0.01,56.7,200.7,12.4,0
3564,1.01,0.011,59.0,204.3,22.9,0
3565,0.73,0.024,55.4,222.4,11.8,0
3566,1.56,0.0,60.7,196.8,6.1,0
3567,1.37,0.036,54.7,231.4,17.6,0
3568,0.56,0.012,63.8,227.2,7.1,0
3569,1.09,0.017,54.4,230.5,6.1,0
3570,1.41,0.0,55.8,208.8,15.0,0
3571,1.07,0.025,60.5,197.2,18.3,1
3572,1.1,0.025,49.0,230.7,7.4,0
3573,1.92,0.046,53.7,212.1,24.9,1
3574,1.01,0.033,60.3,200.2,6.9,0
3575,1.3,0.0,52.7,226.1,16.4,0
3576,0.8,0.026,56.4,204.3,12.9,0
3577,1.6,0.023,54.4,220.5,17.3,0
3578,1.14,0.034,58.4,207.6,7.8,0
3579,0.72,0.041,57.4,200.0,5.4,0
3580,2.02,0.004,54.6,209.0,24.1,0
3581,1.63,0.0,57.0,199.4,9.3,0
3582,1.09,0.023,60.9,199.7,18.9,0
3583,0.86,0.021,58.4,203.7,17.9,0
3584,0.27,0.024,56.5,210.2,20.3,0
3585,1.4,0.032,56.7,207.1,11.9,0
3586,1.04,0.026,58.9,201.1,11.5,0
3587,0.79,0.006,57.6,214.4,23.4,0
3588,0.93,0.03,57.7,212.5,18.1,0
3589,0.8,0.001,57.7,208.1,17.0,0
3590,1.37,0.015,54.2,223.0,7.7,0
3591,1.05,0.008,55.3,206.3,17.1,0
3592,0.67,0.0,57.6,225.6,9.4,0
3593,1.79,0.023,54.7,221.3,24.2,0
3594,1.14,0.0,58.8,212.6,11.2,0
3595,1.44,0.016,59.4,202.5,11.4,0
3596,1.02,0.009,53.4,187.8,24.9,0
3597,0.66,0.014,51.4,208.4,23.6,0
3598,1.22,0.037,57.2,223.7,6.3,0
3599,1.01,0.003,58.3,209.2,15.9,0
3600,2.13,0.015,52.4,197.2,15.9,0
3601,1.88,0.001,57.7,224.0,23.2,0
3602,2.31,0.036,56.1,221.0,8.8,1
3603,1.22,0.035,62.6,220.0,13.1,0
3604,0.79,0.038,60.6,196.9,16.3,0
3605,0.83,0.043,57.1,200.6,8.5,1
3606,0.74,0.044,60.9,215.5,24.8,0
3607,0.85,0.032,56.1,198.3,8.4,0
3608,0.87,0.035,56.0,181.8,23.5,0
3609,1.49,0.006,54.2,212.4,8.9,0
3610,1.87,0.012,59.2,208.8,15.7,0
3611,0.9,0.041,60.9,197.7,18.3,0
3612,1.3,0.04,55.3,203.1,7.4,1
3613,0.62,0.026,64.9,211.4,9.4,0
3614,0.75,0.008,57.9,233.3,7.8,0
3615,1.8,0.027,51.3,199.4,23.1,0
3616,1.23,0.024,58.2,196.0,20.4,0
3617,1.69,0.07,58.0,202.5,6.4,1
3618,0.53,0.0,53.8,210.5,8.4,0
3619,1.17,0.025,62.6,216.8,11.9,0
3620,0.85,0.009,51.7,242.7,12.3,0
3621,0.56,0.021,56.2,206.4,9.2,0
3622,0.93,0.0,56.6,201.8,23.0,0
3623,0.96,0.025,60.6,203.7,20.3,0
3624,1.29,0.021,60.6,218.9,15.0,0
3625,2.17,0.018,65.1,201.5,19.4,0
3626,2.24,0.025,56.9,215.4,23.9,0
3627,1.22,0.041,62.5,203.2,14.6,0
3628,1.1,0.023,54.4,223.5,17.0,1
3629,0.65,0.03,56.3,199.4,21.9,0
3630,1.32,0.015,52.1,202.2,15.4,0
3631,1.28,0.012,58.6,223.5,23.7,0
3632,1.13,0.05,59.8,234.3,22.9,0
3633,1.4,0.023,58.9,218.0,13.4,0
3634,1.12,0.041,66.2,192.5,15.4,0
3635,1.24,0.024,65.1,191.7,7.3,0
3636,0.36,0.001,57.0,203.6,6.6,0
3637,1.08,0.007,54.5,211.5,13.1,1
3638,0.93,0.01,53.5,184.1,12.4,0
3639,1.91,0.017,56.3,200.0,22.4,0
3640,1.41,0.033,57.9,219.3,14.3,1
3641,1.18,0.019,59.4,201.2,14.0,0
3642,1.3,0.031,61.8,201.5,22.0,0
3643,1.87,0.054,59.5,224.9,15.2,0
3644,1.5,0.008,64.2,208.4,19.6,0
3645,1.5,0.029,59.2,213.6,7.1,0
3646,1.12,0.028,61.6,222.3,21.7,0
3647,0.78,0.016,62.9,219.2,23.5,0
3648,2.16,0.0,63.6,219.1,8.9,0
3649,1.54,0.036,59.0,196.8,19.3,0
3650,1.32,0.0,57.4,206.4,23.0,0
3651,1.55,0.013,60.8,216.2,19.5,0
3652,1.05,0.011,58.4,209.5,13.5,0
3653,0.39,0.012,57.9,206.3,12.6,0
3654,1.33,0.027,65.1,207.9,9.1,0
3655,1.32,0.022,58.4,194.4,16.6,0
3656,1.29,0.0,54.4,211.2,16.2,0
3657,1.64,0.0,58.8,223.0,14.0,0
3658,0.96,0.026,67.4,213.0,17.5,0
3659,1.93,0.006,56.7,223.6,14.9,0
3660,1.56,0.021,61.9,189.9,15.5,0
3661,1.63,0.032,52.9,200.5,11.7,0
3662,1.9,0.004,63.4,206.6,20.4,0
3663,1.44,0.039,58.9,222.8,13.9,0
3664,0.65,0.018,51.7,222.3,23.6,0
3665,1.73,0.0,61.2,194.4,8.5,0
3666,0.94,0.001,56.3,218.8,23.9,0
3667,1.09,0.021,56.9,209.2,23.4,0
3668,1.53,0.016,55.7,195.6,6.4,0
3669,1.21,0.011,60.2,199.9,6.9,0
3670,1.33,0.028,58.9,205.9,9.2,0
3671,1.42,0.015,56.8,212.5,12.9,0
3672,0.71,0.013,65.9,198.3,20.6,0
3673,1.1,0.011,56.8,197.4,16.7,0
3674,1.17,0.014,62.8,205.8,19.0,0
3675,1.85,0.028,58.2,213.4,18.9,0
3676,0.96,0.013,55.3,221.5,9.5,0
3677,1.74,0.014,60.4,214.0,8.1,0
3678,1.54,0.023,58.4,211.2,14.2,0
3679,1.13,0.027,56.7,213.1,10.2,0
3680,1.0,0.015,57.9,209.7,12.9,0
3681,1.04,0.03,59.3,225.0,16.7,0
3682,0.89,0.011,60.4,201.3,23.2,0
3683,1.18,0.022,50.7,213.9,20.1,0
3684,1.54,0.033,58.8,201.7,12.0,0
3685,1.47,0.008,58.1,198.5,22.8,0
3686,1.14,0.03,59.6,192.6,19.4,0
3687,1.25,0.0,62.5,204.7,11.4,0
3688,1.44,0.009,56.9,188.0,22.5,0
3689,0.75,0.037,62.1,188.2,8.7,0
3690,1.3,0.03,54.6,189.1,12.2,0
3691,0.62,0.01,50.6,203.8,19.9,0
3692,1.1,0.018,62.4,204.5,17.0,0
3693,0.6,0.0,55.4,203.2,6.1,0
3694,0.96,0.022,51.5,202.4,12.7,0
3695,0.99,0.026,55.8,221.3,12.1,0
3696,1.08,0.018,56.4,206.9,17.9,0
3697,1.62,0.017,57.1,198.2,10.8,0
3698,1.04,0.0,53.3,198.1,8.5,0
3699,1.6,0.03,55.0,212.2,15.0,0
3700,1.51,0.001,62.0,195.8,6.8,0
3701,0.93,0.021,63.0,222.4,16.2,0
3702,1.24,0.006,58.6,207.8,11.9,0
3703,1.18,0.024,57.4,226.4,16.5,1
3704,0.94,0.019,59.3,233.8,22.0,0
3705,1.2,0.003,55.0,195.8,8.7,0
3706,0.36,0.049,46.0,220.6,18.5,0
3707,1.33,0.015,64.9,206.8,13.5,0
3708,1.68,0.022,63.0,219.9,21.9,0
3709,1.32,0.006,54.0,224.1,23.9,0
3710,1.26,0.035,58.5,202.3,14.8,0
3711,0.62,0.04,54.5,200.7,12.9,0
3712,1.53,0.028,61.9,222.4,8.7,0
3713,1.44,0.041,53.7,206.4,22.7,0
3714,1.69,0.022,61.5,229.2,11.4,0
3715,1.73,0.019,50.9,196.1,14.2,0
3716,0.98,0.007,55.8,213.8,6.2,0
3717,1.13,0.025,57.4,208.0,8.7,0
3718,1.76,0.03,59.4,198.8,20.2,0
3719,0.56,0.015,62.2,224.9,14.0,0
3720,1.33,0.034,60.6,231.1,19.8,0
3721,0.84,0.036,54.4,208.6,13.2,0
3722,0.88,0.03,55.4,205.2,22.9,0
3723,1.52,0.024,57.7,200.5,16.7,0
3724,1.16,0.029,57.0,209.6,14.3,0
3725,1.27,0.006,54.6,218.0,5.1,0
3726,1.68,0.025,54.0,192.5,11.6,0
3727,1.64,0.028,59.9,196.7,7.4,1
3728,1.39,0.013,58.4,202.0,19.9,0
3729,1.41,0.017,49.3,230.1,8.0,0
3730,1.56,0.011,67.3,215.4,20.2,0
3731,0.82,0.007,61.9,210.8,18.4,0
3732,0.62,0.017,62.1,239.7,19.4,0
3733,1.19,0.032,64.2,203.1,15.4,0
3734,1.48,0.038,54.4,193.2,15.5,0
3735,1.7,0.013,60.7,214.1,15.9,0
3736,1.23,0.015,55.8,224.1,13.1,0
3737,1.64,0.031,62.4,216.2,8.5,0
3738,1.36,0.0,70.0,207.4,11.6,0
3739,0.67,0.032,61.4,217.0,14.0,0
3740,1.34,0.027,53.8,208.7,6.4,0
3741,1.67,0.017,51.2,224.0,7.4,0
3742,0.96,0.005,59.3,207.9,19.4,0
3743,1.37,0.025,58.7,213.4,17.7,0
3744,1.04,0.038,59.3,203.0,23.9,1
3745,1.13,0.03,56.5,209.6,12.3,0
3746,1.09,0.0,64.4,193.2,9.1,0
3747,1.24,0.021,63.7,198.6,18.4,0
3748,0.71,0.022,57.1,201.7,19.5,0
3749,1.58,0.045,58.4,208.0,8.8,0
3750,1.63,0.011,58.7,221.5,6.5,0
3751,1.61,0.001,58.5,242.8,22.3,0
3752,0.83,0.023,61.2,215.8,9.0,0
3753,1.46,0.007,62.8,199.0,23.8,0
3754,1.59,0.018,57.1,209.1,10.2,0
3755,1.37,0.029,66.2,223.1,13.3,0
3756,0.89,0.021,58.4,211.0,15.3,0
3757,1.0,0.004,56.5,222.4,13.1,0
3758,1.77,0.028,55.9,196.0,14.7,0
3759,1.15,0.002,56.6,191.0,19.1,0
3760,0.92,0.014,61.3,204.7,6.7,0
3761,0.89,0.014,58.8,198.0,6.0,0
3762,0.95,0.039,52.6,202.7,15.4,0
3763,1.43,0.037,58.2,218.8,8.3,0
3764,0.4,0.063,56.8,228.6,15.7,1
3765,0.65,0.012,55.9,207.9,12.2,0
3766,0.58,0.019,53.9,208.8,9.6,0
3767,1.47,0.025,54.4,223.8,21.2,0
3768,0.78,0.032,54.6,200.6,14.9,0
3769,0.45,0.006,61.2,194.4,19.0,0
3770,1.11,0.03,60.4,218.3,7.5,0
3771,1.33,0.038,61.2,239.9,12.9,0
3772,0.94,0.038,64.2,208.0,22.7,0
3773,0.97,0.023,60.0,197.2,24.4,0
3774,1.69,0.0,55.6,222.6,24.4,0
3775,1.78,0.013,59.1,196.2,13.3,0
3776,1.33,0.036,54.2,220.4,11.7,1
3777,1.01,0.003,52.6,217.6,6.0,0
3778,1.45,0.011,70.0,196.4,22.0,0
3779,1.25,0.018,52.4,193.9,16.7,0
3780,1.18,0.019,55.5,227.0,7.5,0
3781,1.64,0.02,59.9,207.2,20.2,0
3782,0.65,0.015,59.2,228.6,16.0,0
3783,1.25,0.015,53.6,213.8,14.4,0
3784,1.24,0.025,54.9,226.8,6.0,0
3785,2.21,0.0,59.4,233.2,20.4,0
3786,0.99,0.0,57.8,178.8,13.4,0
3787,1.51,0.0,55.8,208.6,24.0,0
3788,1.28,0.024,58.8,214.3,18.1,0
3789,1.16,0.011,56.4,206.8,14.4,0
3790,1.27,0.012,63.4,238.1,7.5,0
3791,1.91,0.011,54.8,213.4,6.2,0
3792,1.3,0.011,55.7,197.2,14.7,0
3793,0.78,0.007,63.5,216.1,18.3,0
3794,0.85,0.0,57.4,214.2,16.4,0
3795,1.74,0.026,59.9,194.0,25.0,1
3796,1.19,0.042,54.7,212.4,6.2,0
3797,1.53,0.019,52.2,227.7,5.5,0
3798,0.83,0.011,54.1,183.1,12.5,0
3799,1.05,0.023,55.8,198.2,6.0,0
3800,0.56,0.055,53.0,233.7,9.6,0
3801,1.76,0.023,55.5,222.2,17.8,0
3802,0.66,0.018,57.8,215.9,17.9,0
3803,1.45,0.019,60.5,234.3,22.2,0
3804,0.88,0.027,66.0,213.1,11.8,0
3805,1.26,0.037,58.9,235.9,23.7,0
3806,1.28,0.027,53.9,212.1,18.5,0
3807,1.02,0.03,53.0,222.8,6.3,0
3808,1.03,0.025,52.5,224.8,20.5,0
3809,1.01,0.0,57.5,219.2,22.0,0
3810,1.56,0.01,59.9,206.9,10.1,0
3811,1.79,0.041,51.6,205.7,21.7,0
3812,0.35,0.03,58.7,223.2,7.1,0
3813,1.15,0.03,54.2,196.4,16.4,0
3814,0.95,0.001,56.5,202.4,21.3,0
3815,1.39,0.022,52.8,218.4,18.2,0
3816,1.4,0.038,57.8,201.0,12.3,1
3817,1.31,0.02,52.5,212.9,17.4,0
3818,1.71,0.031,58.6,203.7,18.8,0
3819,0.93,0.05,61.2,194.8,14.5,1
3820,1.11,0.003,68.4,214.8,6.5,0
3821,2.04,0.025,60.7,203.3,24.0,0
3822,0.81,0.038,51.4,210.0,20.8,0
3823,1.92,0.027,63.9,175.9,24.5,0
3824,1.62,0.013,66.6,214.9,10.0,0
3825,0.83,0.048,57.4,200.7,7.6,0
3826,1.11,0.023,52.4,214.3,9.1,0
3827,1.32,0.017,56.6,198.7,9.5,0
3828,1.22,0.033,58.9,221.5,24.0,1
3829,1.68,0.008,59.9,223.0,14.5,0
3830,1.18,0.037,53.8,199.5,12.2,0
3831,0.82,0.001,61.6,199.8,16.7,0
3832,1.44,0.018,59.3,205.9,8.1,0
3833,0.59,0.02,49.5,215.7,25.0,0
3834,0.2,0.056,57.8,210.6,22.2,0
3835,1.22,0.008,57.1,216.7,24.4,0
3836,0.9,0.042,62.7,215.5,7.8,0
3837,1.45,0.005,54.6,211.8,8.0,0
3838,0.99,0.042,51.9,218.7,17.2,0
3839,0.87,0.027,52.4,219.6,5.1,0
3840,0.71,0.0,58.7,231.0,11.8,0
3841,1.29,0.023,54.0,219.2,13.7,0
3842,1.41,0.008,62.3,205.6,13.7,0
3843,0.84,0.026,52.9,226.8,23.2,0
3844,0.81,0.022,61.3,214.2,8.9,0
3845,1.4,0.043,58.9,196.8,6.0,0
3846,1.44,0.008,52.2,233.4,6.8,0
3847,0.75,0.0,61.2,212.8,15.3,0
3848,1.7,0.06,58.1,201.8,17.8,1
3849,1.3,0.022,57.2,217.9,21.9,0
3850,1.13,0.006,50.8,211.9,5.4,0
3851,1.39,0.005,57.1,192.4,15.4,0
3852,0.81,0.051,62.4,200.1,22.4,0
3853,1.56,0.047,52.1,192.7,21.3,0
3854,1.87,0.029,56.0,217.4,5.2,0
3855,0.67,0.015,53.7,225.4,21.4,0
3856,0.78,0.028,62.8,193.0,13.9,0
3857,1.23,0.009,62.1,237.8,24.5,0
3858,0.46,0.019,55.5,210.2,24.1,0
3859,1.08,0.034,57.9,232.5,24.4,0
3860,0.95,0.038,53.3,221.6,14.6,0
3861,1.5,0.041,57.7,217.0,11.2,1
3862,2.06,0.024,67.8,195.7,23.7,0
3863,1.88,0.012,51.6,224.5,23.2,0
3864,0.96,0.014,64.0,221.4,6.5,0
3865,0.63,0.034,61.1,221.9,25.0,0
3866,1.78,0.0,49.3,232.3,20.0,0
3867,1.13,0.01,56.1,206.4,20.8,0
3868,0.93,0.009,60.8,237.5,14.3,0
3869,0.7,0.011,56.1,189.1,10.7,0
3870,0.84,0.046,57.4,224.1,8.7,0
3871,1.25,0.027,55.7,204.3,8.5,0
3872,1.33,0.027,62.0,206.1,5.3,0
3873,1.45,0.0,62.3,213.5,15.0,0
3874,1.41,0.02,64.9,209.9,20.0,0
3875,1.68,0.033,57.0,198.2,12.3,0
3876,1.44,0.045,49.2,197.6,24.7,0
3877,0.98,0.02,65.0,196.8,7.6,0
3878,1.43,0.013,49.8,221.1,7.5,0
3879,1.56,0.014,58.9,207.3,13.2,1
3880,0.57,0.024,46.8,193.8,25.0,0
3881,1.52,0.026,56.7,210.2,13.7,0
3882,1.32,0.005,57.7,218.7,11.0,0
3883,1.0,0.007,59.5,202.4,10.3,0
3884,1.08,0.049,55.8,204.0,7.1,0
3885,1.21,0.032,58.8,239.2,5.0,0
3886,1.35,0.015,57.1,214.5,12.4,0
3887,1.48,0.006,58.0,212.7,12.1,0
3888,0.95,0.034,62.9,206.9,14.5,0
3889,1.68,0.024,62.1,195.5,21.3,0
3890,1.46,0.021,53.3,209.8,6.4,0
3891,1.21,0.012,53.1,215.6,10.9,0
3892,1.3,0.014,50.3,220.8,21.7,0
3893,0.78,0.008,65.6,199.3,16.2,0
3894,1.61,0.024,58.9,203.9,24.6,1
3895,1.7,0.008,59.5,195.8,8.6,0
3896,0.79,0.007,58.3,215.9,8.5,0
3897,1.47,0.036,58.8,212.5,11.6,0
3898,1.73,0.014,60.1,219.1,16.6,0
3899,0.78,0.014,59.6,203.1,24.3,0
3900,1.01,0.026,55.4,218.6,17.2,0
3901,1.4,0.024,61.1,218.7,21.4,0
3902,1.61,0.017,50.0,200.6,9.7,0
3903,0.31,0.019,61.4,211.0,11.9,0
3904,1.13,0.006,58.9,221.3,22.9,0
3905,1.03,0.049,47.1,219.1,15.7,0
3906,0.73,0.004,59.2,217.0,15.7,0
3907,1.46,0.017,52.2,194.2,13.3,0
3908,1.09,0.024,53.0,213.5,17.8,0
3909,0.2,0.011,52.8,207.5,22.0,0
3910,1.3,0.026,62.9,216.1,20.6,0
3911,1.53,0.0,64.6,206.3,19.4,0
3912,1.04,0.013,58.3,216.9,10.7,0
3913,0.96,0.036,63.4,207.9,17.6,0
3914,0.9,0.002,52.7,199.6,8.0,0
3915,1.24,0.0,56.7,228.5,23.0,0
3916,0.79,0.069,57.0,195.4,14.9,0
3917,1.51,0.05,61.3,200.5,6.3,0
3918,1.19,0.05,55.3,208.7,17.5,0
3919,1.07,0.002,55.4,206.9,5.4,0
3920,0.77,0.008,59.8,217.2,17.3,0
3921,0.98,0.011,49.3,226.1,13.4,0
3922,0.2,0.027,61.3,208.1,11.8,0
3923,1.35,0.045,60.4,206.4,6.6,0
3924,1.47,0.008,56.0,210.3,18.3,0
3925,0.96,0.041,50.1,219.9,16.9,0
3926,1.95,0.012,61.8,215.8,24.0,0
3927,1.24,0.025,57.6,197.4,19.9,0
3928,1.36,0.045,62.2,218.1,24.5,0
3929,0.79,0.003,63.2,193.7,21.2,0
3930,0.9,0.03,56.7,214.8,8.1,0
3931,1.12,0.019,63.0,223.6,8.2,0
3932,1.88,0.048,63.2,232.0,24.0,0
3933,1.07,0.02,60.2,196.4,17.6,0
3934,1.02,0.065,62.0,215.8,8.6,0
3935,1.29,0.041,54.1,229.8,15.4,0
3936,1.58,0.01,60.4,195.9,10.3,0
3937,1.19,0.035,57.3,205.3,15.9,0
3938,0.89,0.061,51.1,216.7,24.3,0
3939,1.21,0.026,52.1,188.2,13.9,0
3940,1.0,0.032,57.3,225.5,6.1,0
3941,1.18,0.019,66.7,204.8,11.6,0
3942,1.43,0.016,52.8,231.5,11.8,0
3943,1.22,0.017,60.1,212.2,8.7,0
3944,1.51,0.02,60.6,231.7,20.2,0
3945,1.4,0.024,58.0,204.3,15.0,0
3946,1.1,0.026,61.5,222.9,12.2,0
3947,1.02,0.021,50.2,194.1,6.0,0
3948,1.64,0.037,62.2,203.5,9.8,0
3949,1.84,0.001,58.8,197.6,9.7,0
3950,0.84,0.01,54.2,200.3,22.5,0
3951,1.17,0.015,59.3,203.1,11.4,0
3952,1.23,0.021,56.5,215.7,12.0,0
3953,0.47,0.018,50.1,205.9,16.5,0
3954,1.2,0.038,59.1,203.1,15.2,0
3955,1.2,0.034,49.7,231.7,16.7,0
3956,1.64,0.016,60.9,197.7,23.7,0
3957,1.51,0.022,60.3,209.8,9.3,0
3958,1.72,0.0,56.6,191.6,19.5,0
3959,1.31,0.006,58.2,218.0,19.2,0
3960,1.71,0.047,56.2,181.4,18.2,1
3961,0.65,0.029,57.8,217.9,18.2,0
3962,1.32,0.004,59.5,204.6,24.0,0
3963,1.03,0.017,58.1,203.8,7.8,0
3964,0.62,0.02,59.0,206.6,15.0,0
3965,1.4,0.0,53.8,215.6,24.9,0
3966,1.04,0.046,56.5,210.9,7.2,0
3967,1.16,0.026,51.7,213.9,8.1,0
3968,0.76,0.019,59.2,219.7,5.6,0
3969,0.68,0.024,59.2,224.2,17.2,0
3970,2.08,0.006,55.5,216.4,22.9,0
3971,1.27,0.002,61.3,213.6,18.8,0
3972,0.89,0.015,55.3,212.0,16.3,0
3973,0.53,0.01,63.8,205.1,22.0,0
3974,1.0,0.063,59.8,198.7,21.5,0
3975,1.06,0.021,56.5,217.5,7.0,0
3976,0.66,0.025,59.9,209.9,6.9,0
3977,1.21,0.0,58.1,219.5,17.2,0
3978,0.99,0.0,54.1,192.1,15.0,0
3979,1.45,0.032,53.6,212.2,23.6,0
3980,1.12,0.022,58.2,218.5,14.1,0
3981,1.32,0.037,53.9,215.3,7.6,0
3982,1.38,0.03,55.5,223.0,21.9,0
3983,1.2,0.0,58.3,209.2,24.2,0
3984,1.2,0.005,59.7,204.5,10.7,0
3985,1.9,0.028,53.3,211.6,22.1,0
3986,1.5,0.024,65.8,222.7,13.2,0
3987,1.89,0.0,59.6,223.2,12.2,0
3988,0.82,0.015,60.0,226.4,16.9,0
3989,0.72,0.017,54.1,223.2,13.2,0
3990,1.35,0.023,62.1,210.9,11.0,0
3991,1.2,0.013,51.1,209.7,18.7,0
3992,0.84,0.0,56.5,186.6,19.9,0
3993,0.77,0.0,61.7,195.4,15.6,0
3994,1.48,0.02,63.1,230.8,6.6,0
3995,1.38,0.05,54.3,215.6,12.9,0
3996,0.61,0.031,56.9,204.8,12.5,0
3997,1.81,0.026,50.2,218.7,13.5,0
3998,1.67,0.019,58.0,222.0,10.7,1
3999,1.4,0.015,54.8,226.7,23.4,0
4000,0.9,0.024,59.6,210.8,7.5,0
4001,0.38,0.007,57.2,220.1,10.0,0
4002,1.78,0.006,55.5,194.9,17.9,0
4003,1.88,0.012,59.6,205.3,23.6,0
4004,0.97,0.011,59.3,208.1,7.9,0
4005,1.58,0.0,60.7,192.8,5.4,0
4006,1.41,0.04,54.2,220.3,18.6,1
4007,1.59,0.012,58.6,240.6,16.8,1
4008,1.35,0.035,59.7,201.6,21.2,0
4009,1.31,0.003,57.8,212.9,14.2,0
4010,1.13,0.025,54.1,210.7,21.4,0
4011,1.03,0.021,64.2,193.7,22.1,0
4012,0.63,0.013,58.2,229.1,14.7,0
4013,0.32,0.029,57.8,199.7,17.3,0
4014,1.75,0.007,57.5,196.3,20.0,0
4015,1.62,0.001,59.9,223.7,23.6,0
4016,1.7,0.0,55.4,202.8,11.0,0
4017,0.87,0.0,61.8,195.9,14.8,0
4018,0.72,0.0,55.2,219.1,11.6,0
4019,1.21,0.0,55.4,200.0,5.3,0
4020,1.43,0.0,51.2,175.2,19.1,0
4021,0.51,0.015,59.7,219.9,13.1,0
4022,0.39,0.034,62.7,204.6,10.9,0
4023,1.17,0.02,59.4,197.3,16.9,0
4024,0.97,0.057,61.5,228.3,23.1,1
4025,1.6,0.0,53.4,200.1,15.4,0
4026,0.73,0.018,52.2,213.1,18.5,0
4027,1.98,0.003,57.0,209.1,15.3,0
4028,1.72,0.007,55.9,223.3,17.2,0
4029,1.41,0.008,57.3,212.5,17.0,0
4030,1.21,0.038,55.2,203.6,21.5,0
4031,1.26,0.011,59.3,228.7,12.7,0
4032,1.13,0.0,53.6,224.3,7.6,0
4033,1.26,0.011,61.5,209.3,7.7,0
4034,1.14,0.022,54.1,205.4,5.7,0
4035,1.15,0.018,58.8,221.0,20.8,0
4036,1.07,0.05,55.0,199.3,16.2,0
4037,0.89,0.004,62.9,202.8,17.7,0
4038,1.47,0.02,54.4,223.5,18.9,0
4039,1.15,0.029,54.3,197.4,10.0,0
4040,1.13,0.032,59.4,204.7,13.5,1
4041,0.47,0.02,57.8,195.9,6.2,0
4042,0.83,0.025,56.6,213.5,24.1,0
4043,1.99,0.005,59.2,217.9,23.6,0
4044,1.17,0.006,58.7,208.3,23.8,0
4045,0.82,0.05,61.2,213.6,8.8,0
4046,1.47,0.011,51.5,215.2,15.2,0
4047,0.22,0.02,56.5,208.2,22.0,0
4048,0.75,0.029,59.9,192.1,11.2,0
4049,1.41,0.023,56.5,232.9,10.4,0
4050,1.62,0.024,58.8,219.9,19.9,0
4051,1.04,0.02,49.9,217.6,8.7,0
4052,1.43,0.047,56.2,227.8,18.2,0
4053,0.5,0.002,54.1,203.9,7.2,0
4054,0.62,0.021,69.8,210.7,14.3,0
4055,2.0,0.02,55.4,198.7,8.1,0
4056,0.49,0.001,55.6,206.4,10.8,0
4057,1.89,0.013,56.0,199.5,22.1,0
4058,1.2,0.015,53.3,217.0,17.3,0
4059,1.35,0.027,63.0,195.8,23.5,0
4060,0.71,0.026,58.1,204.3,10.8,0
4061,0.72,0.031,62.4,210.3,8.3,0
4062,0.69,0.025,64.3,230.8,8.2,0
4063,1.33,0.025,64.6,210.7,13.6,0
4064,0.99,0.036,66.1,217.5,10.1,0
4065,0.6,0.0,58.7,215.6,9.0,0
4066,1.08,0.026,56.5,201.8,20.7,1
4067,1.34,0.0,51.1,215.2,24.4,0
4068,0.74,0.03,64.6,216.2,10.0,0
4069,1.18,0.009,54.6,213.5,15.3,0
4070,1.45,0.026,55.7,188.9,13.0,0
4071,0.3,0.001,59.5,213.1,20.7,0
4072,1.2,0.041,63.4,190.4,23.0,0
4073,1.8,0.014,63.3,209.5,19.2,0
4074,1.19,0.023,60.5,206.7,6.0,0
4075,1.12,0.021,56.9,211.8,19.3,0
4076,1.1,0.006,53.8,227.4,24.9,0
4077,0.74,0.031,60.0,203.3,20.8,0
4078,1.15,0.0,53.9,211.8,23.1,0
4079,1.82,0.009,59.7,186.5,16.4,0
4080,1.24,0.025,56.6,210.1,9.3,0
4081,1.43,0.013,55.6,191.3,7.9,0
4082,1.02,0.0,55.0,209.9,21.2,0
4083,0.88,0.017,57.9,195.4,18.5,0
4084,1.38,0.005,53.4,212.4,11.2,0
4085,0.81,0.064,56.5,196.3,22.0,0
4086,0.7,0.0,59.8,210.1,14.0,0
4087,0.98,0.029,53.0,207.5,18.0,0
4088,0.33,0.014,64.0,217.2,23.8,0
4089,0.94,0.009,60.2,203.1,12.7,0
4090,1.03,0.046,53.8,209.1,12.0,0
4091,1.52,0.046,60.0,197.2,9.6,0
4092,1.99,0.025,62.5,186.0,22.2,0
4093,1.14,0.047,57.8,220.6,19.7,0
4094,0.77,0.01,54.7,217.0,19.0,0
4095,1.16,0.039,55.6,205.6,13.5,1
4096,1.27,0.0,64.4,205.9,18.5,0
4097,1.26,0.024,54.0,206.2,22.1,0
4098,1.85,0.013,63.1,208.0,16.4,0
4099,1.55,0.03,58.4,208.3,21.5,0
4100,1.51,0.03,57.3,199.1,12.8,0
4101,1.22,0.031,61.3,219.2,5.2,0
4102,1.51,0.026,62.8,222.0,18.0,0
4103,0.86,0.027,61.9,220.2,15.8,0
4104,1.23,0.029,60.7,223.5,6.2,0
4105,1.71,0.019,59.3,218.8,17.7,1
4106,1.94,0.017,54.3,218.4,12.8,0
4107,1.16,0.0,58.2,204.9,21.4,0
4108,1.52,0.02,54.7,207.1,9.7,0
4109,0.56,0.027,57.2,198.2,12.7,0
4110,1.04,0.013,58.1,229.5,7.5,0
4111,1.62,0.018,60.7,217.4,22.6,0
4112,2.4,0.017,62.4,212.7,13.7,0
4113,1.12,0.013,63.3,199.7,9.0,0
4114,1.76,0.018,54.2,211.5,18.7,0
4115,1.06,0.001,51.0,215.4,6.1,0
4116,1.1,0.013,65.0,205.8,20.5,0
4117,1.38,0.028,56.2,235.8,20.2,0
4118,1.48,0.022,55.0,216.9,7.6,0
4119,0.94,0.029,61.6,214.6,24.5,0
4120,1.38,0.023,61.4,209.3,19.7,0
4121,1.49,0.047,51.8,219.5,18.1,0
4122,1.2,0.014,57.0,212.4,10.4,0
4123,0.29,0.032,61.9,221.4,17.2,0
4124,1.05,0.015,58.0,216.7,16.1,0
4125,1.36,0.001,55.9,197.1,23.0,0
4126,0.94,0.0,62.4,215.1,8.9,0
4127,2.14,0.024,58.1,226.7,19.3,1
4128,1.22,0.009,57.6,216.9,16.3,0
4129,1.43,0.026,65.9,210.7,6.7,0
4130,1.8,0.046,57.1,217.4,13.7,1
4131,0.43,0.0,61.0,206.6,10.4,0
4132,1.54,0.019,51.6,207.7,17.7,0
4133,0.2,0.014,49.1,209.3,13.9,0
4134,1.59,0.0,57.3,199.7,13.6,0
4135,1.27,0.014,57.9,192.6,11.1,0
4136,0.91,0.011,54.6,214.5,15.1,0
4137,1.38,0.005,57.8,229.9,22.6,0
4138,2.01,0.021,54.7,234.5,19.0,0
4139,1.5,0.008,60.8,221.3,21.5,0
4140,2.14,0.0,58.2,217.3,20.9,0
4141,1.6,0.017,53.4,198.9,6.8,1
4142,0.92,0.005,54.8,194.2,6.6,0
4143,1.49,0.025,54.6,217.6,9.6,0
4144,1.9,0.0,56.3,223.4,18.0,0
4145,0.87,0.022,56.9,211.4,10.7,0
4146,1.98,0.016,54.3,203.3,19.1,0
4147,1.06,0.019,52.0,207.7,8.0,0
4148,1.56,0.0,55.5,228.7,23.4,0
4149,1.38,0.029,58.4,213.2,9.8,0
4150,0.93,0.015,55.0,209.2,10.3,0
4151,0.65,0.044,58.2,212.3,15.0,0
4152,1.26,0.016,69.7,202.4,15.0,0
4153,0.97,0.041,56.4,203.3,14.4,0
4154,0.92,0.012,62.1,232.4,17.8,0
4155,1.37,0.052,60.8,199.9,15.7,0
4156,1.54,0.0,58.1,238.3,18.2,0
4157,0.78,0.037,59.0,202.8,18.9,1
4158,1.02,0.0,62.1,221.0,19.2,0
4159,1.31,0.028,59.4,196.8,12.4,1
4160,1.79,0.038,56.5,214.7,17.7,0
4161,0.88,0.004,55.2,196.7,5.7,0
4162,0.82,0.024,61.4,209.3,18.6,0
4163,1.5,0.033,60.5,202.6,16.3,0
4164,1.32,0.04,57.8,217.0,7.0,0
4165,1.06,0.023,60.0,224.0,11.3,0
4166,0.9,0.027,59.3,201.8,21.7,0
4167,1.97,0.01,57.0,200.3,23.3,0
4168,1.23,0.025,56.4,230.2,19.6,0
4169,1.91,0.036,58.9,212.5,23.6,0
4170,1.23,0.007,61.8,207.3,24.8,0
4171,1.28,0.026,63.3,223.9,20.2,0
4172,2.2,0.012,54.6,216.7,19.1,0
4173,1.76,0.032,58.2,191.8,24.7,1
4174,1.09,0.026,62.5,230.1,12.6,0
4175,0.62,0.027,60.8,192.1,9.1,0
4176,1.29,0.038,59.5,231.2,12.5,0
4177,0.88,0.03,60.9,212.3,23.8,0
4178,1.15,0.023,59.3,192.7,18.6,0
4179,0.88,0.007,53.0,221.0,9.8,0
4180,1.52,0.005,56.3,198.2,19.2,0
4181,1.64,0.021,55.8,201.2,10.8,0
4182,1.43,0.024,57.9,187.4,16.8,0
4183,2.24,0.025,56.1,222.1,18.2,0
4184,1.48,0.043,46.8,199.0,22.8,0
4185,1.13,0.012,54.2,203.2,24.5,0
4186,1.01,0.03,60.3,214.8,11.8,0
4187,1.55,0.043,57.3,222.2,16.2,1
4188,1.16,0.021,57.3,200.5,9.1,0
4189,0.82,0.027,57.2,230.0,11.3,0
4190,0.92,0.001,61.9,186.6,9.9,0
4191,1.23,0.011,64.9,216.4,14.4,0
4192,1.13,0.006,56.5,206.2,23.6,0
4193,1.21,0.016,60.1,215.3,9.9,0
4194,1.49,0.024,57.3,206.1,10.5,0
4195,0.92,0.025,52.3,224.2,5.5,0
4196,1.39,0.027,58.4,203.4,9.1,0
4197,1.55,0.025,62.4,211.8,21.1,0
4198,1.67,0.035,60.1,198.3,20.8,0
4199,0.44,0.024,64.9,221.3,18.9,0
4200,0.77,0.021,62.1,206.3,20.4,0
4201,1.35,0.035,60.8,205.2,10.4,0
4202,1.94,0.013,63.8,230.7,7.1,0
4203,0.87,0.016,57.3,193.4,22.3,0
4204,1.68,0.015,60.9,212.8,22.3,0
4205,1.0,0.014,54.0,230.8,20.5,0
4206,0.3,0.029,57.4,194.1,23.8,0
4207,1.18,0.017,51.7,202.1,21.9,0
4208,1.33,0.048,64.1,210.5,20.4,0
4209,1.37,0.025,54.6,212.9,15.8,0
4210,1.25,0.004,65.0,206.3,17.3,0
4211,1.08,0.009,56.6,185.6,13.6,0
4212,1.08,0.031,58.2,230.6,9.8,1
4213,1.65,0.055,58.3,218.6,7.1,1
4214,0.69,0.018,59.9,202.7,10.8,0
4215,0.26,0.028,55.1,198.3,16.8,0
4216,1.04,0.045,63.7,220.5,6.5,0
4217,1.11,0.027,58.7,214.9,14.9,0
4218,1.34,0.007,62.0,221.3,14.4,0
4219,0.98,0.022,59.5,213.4,10.1,0
4220,1.51,0.03,58.7,218.2,9.2,0
4221,0.62,0.023,61.8,222.1,19.5,0
4222,1.45,0.03,55.8,211.4,20.6,0
4223,1.01,0.035,60.8,220.2,23.7,0
4224,1.58,0.0,58.3,218.9,9.9,0
4225,0.95,0.016,59.8,217.8,5.1,0
4226,0.84,0.035,48.7,209.5,17.0,0
4227,1.25,0.023,60.2,210.4,9.3,0
4228,0.89,0.046,61.9,219.3,19.5,0
4229,1.48,0.044,58.8,209.7,13.8,1
4230,1.62,0.028,57.7,205.5,14.7,0
4231,1.01,0.009,61.8,218.0,20.3,0
4232,1.9,0.054,66.1,209.0,8.8,0
4233,0.53,0.024,57.4,219.4,10.6,0
4234,0.85,0.029,55.7,198.9,10.4,0
4235,1.34,0.018,55.5,194.4,23.5,0
4236,0.2,0.016,63.9,199.5,22.5,0
4237,0.68,0.021,64.2,207.5,24.0,0
4238,1.02,0.013,63.0,228.4,8.8,0
4239,1.33,0.048,64.2,222.8,14.7,0
4240,1.59,0.0,57.9,216.8,14.2,0
4241,1.07,0.0,54.3,225.1,19.7,0
4242,1.08,0.015,57.1,203.0,8.1,0
4243,1.43,0.0,57.8,221.4,9.5,0
4244,0.66,0.001,58.7,222.7,16.6,0
4245,1.01,0.024,53.8,212.3,7.8,0
4246,1.44,0.014,65.6,192.4,22.8,0
4247,1.17,0.027,58.7,187.6,5.0,0
4248,2.13,0.004,53.1,247.1,11.0,0
4249,0.8,0.018,56.7,205.2,18.9,0
4250,0.64,0.03,51.6,206.6,5.2,0
4251,1.36,0.01,59.9,211.2,7.7,0
4252,0.67,0.006,51.9,218.9,18.8,0
4253,1.32,0.039,58.2,205.9,22.7,0
4254,0.76,0.029,55.9,210.0,12.5,0
4255,1.25,0.025,51.4,221.6,8.8,0
4256,1.47,0.04,62.9,213.1,6.1,0
4257,1.14,0.025,70.0,207.8,20.7,0
4258,1.33,0.035,56.1,214.2,10.3,0
4259,0.63,0.027,61.7,222.1,19.1,0
4260,1.63,0.012,59.0,202.5,24.2,0
4261,2.09,0.004,59.3,216.4,23.0,0
4262,1.57,0.026,63.9,224.0,12.8,0
4263,1.94,0.03,56.7,215.4,14.4,0
4264,1.17,0.004,53.0,209.4,6.8,0
4265,1.39,0.0,54.0,208.1,5.7,0
4266,1.73,0.017,55.6,197.0,21.9,0
4267,0.77,0.021,52.9,202.0,20.6,0
4268,1.06,0.02,51.8,209.9,5.9,0
4269,0.98,0.012,51.9,210.1,19.7,0
4270,1.41,0.025,58.7,183.7,17.0,0
4271,1.29,0.036,56.5,200.6,17.2,0
4272,0.82,0.02,58.5,203.7,12.8,0
4273,1.08,0.015,56.4,225.2,12.8,0
4274,1.07,0.006,64.6,205.6,20.4,0
4275,1.5,0.02,50.9,226.8,18.0,0
4276,1.52,0.01,52.0,196.5,13.6,0
4277,0.7,0.035,59.8,218.8,20.3,0
4278,1.0,0.022,56.3,214.7,15.1,0
4279,0.75,0.023,59.4,211.6,10.1,0
4280,1.55,0.031,68.0,206.4,23.2,0
4281,2.01,0.015,58.5,196.2,12.1,0
4282,0.81,0.05,52.0,202.9,22.8,0
4283,1.08,0.042,54.1,231.0,12.7,0
4284,1.23,0.025,59.2,214.5,8.6,0
4285,0.67,0.039,50.6,221.8,19.5,0
4286,1.77,0.02,55.4,204.2,19.7,0
4287,0.98,0.031,57.6,235.1,18.4,0
4288,1.52,0.013,55.7,210.8,17.7,0
4289,1.5,0.047,55.0,193.7,12.3,1
4290,0.89,0.002,53.8,210.4,21.4,0
4291,1.86,0.028,59.4,222.0,11.6,1
4292,1.43,0.028,65.5,206.9,7.1,0
4293,1.6,0.026,55.6,217.3,6.0,0
4294,0.65,0.014,56.9,210.9,6.4,0
4295,1.24,0.041,54.4,188.8,12.4,0
4296,0.69,0.035,58.2,230.7,18.1,0
4297,2.22,0.02,60.9,201.9,7.6,0
4298,1.26,0.008,60.2,204.6,15.5,0
4299,0.92,0.023,57.1,208.3,18.0,0
4300,0.5,0.069,61.7,215.3,21.2,0
4301,2.04,0.002,58.8,205.5,11.6,0
4302,1.7,0.039,58.1,205.7,12.9,1
4303,0.68,0.024,59.5,216.1,20.4,0
4304,1.28,0.033,56.7,207.2,20.6,0
4305,0.96,0.018,55.0,205.4,8.9,0
4306,1.72,0.01,57.7,223.3,12.7,0
4307,1.29,0.005,58.0,199.3,6.3,0
4308,0.46,0.009,63.8,190.8,7.7,0
4309,1.44,0.022,56.8,231.0,10.4,0
4310,1.71,0.02,57.8,213.2,7.7,0
4311,1.33,0.01,56.0,198.8,18.4,0
4312,1.73,0.012,58.5,221.7,21.3,0
4313,0.52,0.01,63.3,190.8,14.5,0
4314,1.59,0.013,62.9,181.7,12.7,0
4315,0.48,0.0,56.2,209.9,9.5,0
4316,1.5,0.02,57.7,228.1,21.0,0
4317,0.77,0.002,60.2,222.1,11.3,0
4318,0.94,0.018,55.7,218.6,22.4,0
4319,1.13,0.034,54.6,214.7,11.0,0
4320,2.03,0.028,62.3,209.8,20.7,0
4321,1.5,0.035,52.3,203.8,18.9,0
4322,1.72,0.01,55.2,202.1,16.5,0
4323,1.14,0.015,51.7,222.8,13.9,0
4324,0.68,0.024,61.1,214.1,17.9,0
4325,0.77,0.027,60.9,193.8,24.3,0
4326,0.49,0.002,57.9,202.6,12.5,0
4327,1.77,0.024,53.8,203.7,14.2,0
4328,1.06,0.028,56.8,199.5,17.6,0
4329,1.67,0.024,55.2,203.5,24.4,0
4330,0.72,0.036,59.4,213.8,16.7,0
4331,1.3,0.018,49.7,203.5,9.9,0
4332,0.65,0.026,63.5,217.2,19.3,0
4333,1.33,0.039,61.2,215.1,19.1,0
4334,1.3,0.013,50.6,232.6,22.4,0
4335,0.86,0.056,53.2,213.6,24.8,0
4336,2.02,0.015,61.0,222.0,19.4,0
4337,1.43,0.029,55.1,204.1,21.4,0
4338,1.47,0.027,53.8,213.0,18.8,0
4339,1.17,0.018,61.2,223.2,23.5,0
4340,1.26,0.032,61.3,199.5,17.8,0
4341,1.7,0.017,58.1,216.4,15.6,0
4342,1.63,0.001,59.0,185.6,13.1,0
4343,1.15,0.027,54.3,217.2,16.3,0
4344,1.41,0.039,60.7,223.1,13.4,1
4345,1.45,0.015,56.6,210.2,7.3,0
4346,0.98,0.03,55.6,207.2,13.6,0
4347,1.22,0.0,54.6,213.4,13.4,0
4348,1.52,0.009,60.6,199.9,20.9,0
4349,1.16,0.039,58.8,199.7,20.3,0
4350,0.56,0.025,59.0,214.5,24.0,0
4351,1.06,0.025,58.0,215.9,16.8,0
4352,1.52,0.0,59.6,215.0,23.6,0
4353,1.26,0.035,59.3,234.5,23.4,0
4354,0.77,0.0,59.4,227.1,17.9,0
4355,1.39,0.0,55.6,214.1,15.2,0
4356,0.25,0.0,59.6,215.1,12.9,0
4357,1.54,0.018,58.0,211.7,23.8,0
4358,0.76,0.018,62.2,212.7,16.3,0
4359,1.42,0.023,60.4,227.7,22.0,0
4360,1.26,0.014,51.8,204.8,15.0,0
4361,1.76,0.039,55.5,212.4,17.2,0
4362,1.14,0.027,57.6,200.0,16.3,0
4363,1.17,0.0,56.6,218.3,14.7,0
4364,1.49,0.008,52.9,220.4,17.4,0
4365,1.36,0.046,53.9,212.2,16.7,0
4366,0.8,0.0,59.3,212.1,20.9,0
4367,0.84,0.0,63.1,197.7,24.3,0
4368,1.21,0.028,49.6,198.0,24.1,0
4369,1.16,0.0,56.0,203.7,5.8,0
4370,1.91,0.02,59.9,229.1,14.1,0
4371,1.53,0.023,54.9,224.3,9.4,0
4372,1.29,0.01,53.8,204.1,11.5,0
4373,0.98,0.031,58.0,198.6,12.1,0
4374,0.81,0.0,61.3,208.1,14.2,0
4375,1.24,0.017,61.7,226.1,7.1,0
4376,0.94,0.022,57.4,224.2,14.0,0
4377,1.18,0.023,56.6,223.6,15.0,0
4378,1.13,0.026,56.0,219.7,22.4,0
4379,1.24,0.03,61.0,188.2,16.4,0
4380,1.17,0.032,59.8,212.7,13.0,0
4381,1.32,0.012,51.9,200.3,15.3,0
4382,1.24,0.012,57.3,212.7,8.9,0
4383,1.23,0.02,59.6,221.0,24.5,0
4384,0.54,0.021,56.0,198.7,22.6,0
4385,1.12,0.037,52.6,171.9,10.3,0
4386,1.39,0.005,62.1,210.6,18.1,0
4387,0.84,0.016,61.0,207.6,10.1,0
4388,0.89,0.016,60.3,215.8,11.5,0
4389,1.29,0.021,55.9,194.0,23.9,0
4390,0.2,0.044,61.9,200.2,17.3,0
4391,1.63,0.005,56.9,217.1,11.9,0
4392,1.09,0.025,61.2,204.4,21.4,0
4393,0.51,0.034,59.6,224.1,13.4,0
4394,1.34,0.034,57.5,211.5,7.0,0
4395,1.16,0.02,65.5,198.2,9.8,0
4396,0.8,0.01,56.6,201.0,13.6,0
4397,1.2,0.0,51.8,207.6,19.8,0
4398,1.22,0.02,60.4,215.3,20.7,0
4399,1.44,0.026,60.4,215.7,18.0,1
4400,1.45,0.006,61.1,242.8,9.9,0
4401,1.07,0.025,51.4,217.5,23.2,0
4402,0.71,0.026,60.3,213.7,19.8,0
4403,1.24,0.022,62.3,210.2,5.9,0
4404,1.47,0.01,51.3,212.4,9.0,0
4405,1.4,0.039,45.0,208.5,16.6,0
4406,1.56,0.0,59.7,195.0,19.6,0
4407,1.56,0.032,53.4,238.9,12.0,0
4408,1.51,0.02,58.3,200.2,16.2,0
4409,0.66,0.006,61.0,211.0,17.0,0
4410,0.84,0.024,57.8,210.8,23.9,0
4411,1.24,0.002,63.1,210.3,21.7,0
4412,0.65,0.02,61.7,200.6,20.9,0
4413,1.9,0.0,54.3,191.6,19.5,0
4414,1.04,0.033,54.0,216.3,15.7,0
4415,0.91,0.0,53.2,209.1,15.7,0
4416,0.98,0.005,54.0,202.1,20.1,0
4417,0.89,0.025,67.6,226.9,10.2,0
4418,1.0,0.016,59.1,186.8,22.5,0
4419,0.91,0.025,58.8,209.7,18.7,0
4420,0.43,0.01,56.0,194.6,18.4,0
4421,0.83,0.0,56.6,221.6,22.8,0
4422,2.2,0.024,59.2,216.5,21.3,0
4423,1.22,0.036,58.8,194.8,10.3,0
4424,2.16,0.027,52.9,212.3,16.8,0
4425,0.92,0.026,61.4,218.4,14.8,0
4426,0.58,0.029,56.3,217.3,9.1,0
4427,0.94,0.009,60.5,200.3,10.1,0
4428,1.94,0.011,58.9,212.1,20.0,0
4429,1.6,0.056,54.3,192.3,11.9,0
4430,0.61,0.021,63.2,214.8,15.6,0
4431,1.48,0.01,56.5,215.4,23.1,0
4432,1.41,0.031,53.2,192.9,15.9,0
4433,1.58,0.028,50.5,205.0,6.2,0
4434,1.44,0.03,57.3,216.2,6.9,0
4435,1.42,0.037,50.9,206.0,18.4,0
4436,0.99,0.007,55.2,225.6,6.9,0
4437,1.11,0.007,56.0,204.8,21.6,0
4438,0.55,0.028,62.4,216.9,20.4,0
4439,0.97,0.012,58.8,218.9,22.3,0
4440,1.12,0.012,60.0,220.2,5.6,0
4441,1.65,0.026,63.2,209.9,23.2,0
4442,1.29,0.0,63.6,208.5,23.5,0
4443,1.46,0.006,64.7,217.6,23.8,0
4444,1.49,0.0,57.3,215.7,16.1,0
4445,0.86,0.017,59.3,208.0,24.3,0
4446,0.89,0.016,54.1,223.5,15.9,0
4447,0.42,0.02,62.7,211.8,21.1,0
4448,1.36,0.026,54.4,217.0,9.9,0
4449,1.24,0.024,65.4,228.6,5.0,0
4450,1.08,0.016,60.7,209.2,8.9,0
4451,1.08,0.009,53.1,211.4,22.4,0
4452,0.91,0.036,52.9,211.3,19.6,0
4453,1.24,0.033,57.3,211.7,14.7,0
4454,1.25,0.011,57.5,214.8,5.8,0
4455,1.06,0.038,60.7,174.9,21.8,0
4456,1.12,0.0,56.7,204.5,23.0,0
4457,1.11,0.0,50.8,219.0,18.4,0
4458,0.55,0.001,55.3,216.2,8.6,0
4459,1.8,0.014,57.2,218.1,14.2,0
4460,1.5,0.038,57.5,229.0,15.7,0
4461,1.81,0.01,59.8,176.6,21.9,1
4462,0.64,0.0,58.8,201.8,15.6,0
4463,1.3,0.021,45.4,196.6,18.3,0
4464,1.28,0.017,57.1,203.4,24.9,0
4465,0.85,0.003,51.9,198.7,6.1,0
4466,1.51,0.004,60.6,227.2,6.4,0
4467,1.05,0.023,62.9,228.8,5.6,0
4468,0.8,0.027,53.0,194.0,18.1,0
4469,1.03,0.013,61.6,221.1,15.0,0
4470,0.71,0.035,54.9,195.3,24.3,0
4471,1.09,0.018,53.8,204.6,15.1,0
4472,0.93,0.046,57.6,202.1,23.4,0
4473,0.87,0.003,58.0,198.4,15.6,0
4474,1.22,0.007,60.7,215.8,17.9,0
4475,1.69,0.021,58.9,218.5,23.8,0
4476,1.67,0.014,55.7,206.5,8.1,0
4477,1.35,0.02,64.4,209.2,23.7,0
4478,1.77,0.026,56.1,205.5,13.5,0
4479,0.7,0.016,56.7,211.1,17.9,0
4480,1.16,0.022,53.5,191.8,24.9,0
4481,1.33,0.043,56.0,216.7,20.4,0
4482,1.25,0.0,57.3,203.8,13.5,0
4483,1.99,0.033,63.4,214.0,15.7,0
4484,0.31,0.016,56.5,205.7,5.7,0
4485,0.84,0.039,59.6,216.5,22.9,0
4486,1.97,0.019,59.3,200.8,19.9,0
4487,1.21,0.021,62.5,198.0,9.2,0
4488,1.06,0.04,51.9,210.3,6.0,0
4489,1.03,0.037,61.5,212.1,8.9,0
4490,1.62,0.051,58.7,202.7,6.6,1
4491,1.72,0.022,55.9,198.6,24.3,0
4492,1.45,0.039,55.8,239.9,23.3,0
4493,1.07,0.039,58.4,201.5,15.8,0
4494,1.14,0.039,53.3,235.1,25.0,0
4495,0.97,0.019,56.6,205.2,18.5,0
4496,0.91,0.024,59.1,211.3,12.6,0
4497,1.25,0.033,48.3,221.5,16.2,0
4498,1.44,0.022,59.4,214.5,10.3,0
4499,1.66,0.011,58.9,216.2,18.5,0
4500,1.58,0.016,56.5,206.3,23.7,0
4501,1.32,0.024,58.2,195.7,15.7,1
4502,0.8,0.014,58.4,223.0,13.9,0
4503,1.09,0.016,57.7,211.0,18.1,0
4504,0.85,0.041,55.1,211.6,9.3,0
4505,1.29,0.003,60.0,202.5,5.1,0
4506,0.6,0.031,55.1,191.2,23.0,0
4507,1.41,0.028,59.4,219.2,13.1,0
4508,0.95,0.003,56.5,221.7,21.5,0
4509,0.6,0.034,53.2,216.2,13.7,0
4510,1.83,0.006,58.9,200.6,7.8,0
4511,1.56,0.034,57.3,205.3,12.5,0
4512,1.26,0.011,62.0,208.4,7.7,0
4513,1.4,0.022,55.8,202.6,17.0,0
4514,1.4,0.028,57.1,210.6,24.7,0
4515,0.85,0.021,59.1,197.0,12.0,0
4516,1.55,0.018,58.3,202.3,20.6,0
4517,0.56,0.018,60.0,207.9,12.9,0
4518,0.68,0.05,53.9,192.7,18.4,0
4519,1.62,0.02,54.2,186.8,6.0,0
4520,1.82,0.038,62.5,232.7,17.7,0
4521,0.82,0.029,61.2,213.5,12.2,0
4522,0.9,0.014,55.2,216.6,18.8,0
4523,1.5,0.021,54.9,201.9,23.3,0
4524,1.3,0.02,56.7,220.8,9.6,0
4525,0.71,0.021,58.9,210.3,24.8,0
4526,2.02,0.02,62.3,203.2,10.4,0
4527,1.18,0.032,60.6,186.1,12.0,0
4528,2.15,0.017,55.9,206.9,12.1,0
4529,1.33,0.022,52.8,228.4,17.8,0
4530,1.92,0.0,53.3,220.9,14.1,0
4531,0.97,0.03,51.3,217.6,22.9,0
4532,0.97,0.024,63.9,218.4,13.4,0
4533,0.67,0.012,56.8,219.9,11.0,0
4534,1.61,0.014,60.4,208.6,21.4,0
4535,1.05,0.062,61.7,213.4,22.8,0
4536,1.18,0.024,54.9,222.2,13.3,0
4537,1.19,0.015,52.0,215.0,9.3,0
4538,0.99,0.009,61.3,199.8,9.3,0
4539,0.91,0.011,54.7,212.1,9.0,0
4540,1.6,0.031,54.5,205.0,13.5,0
4541,0.56,0.011,63.1,205.1,8.7,0
4542,1.15,0.009,54.9,212.6,13.5,0
4543,1.83,0.039,59.1,189.4,15.8,1
4544,0.76,0.037,60.1,208.7,18.4,0
4545,0.64,0.0,53.9,212.6,20.5,0
4546,1.07,0.0,55.7,212.2,13.7,0
4547,0.2,0.003,53.3,214.2,6.8,0
4548,0.71,0.033,58.5,229.0,11.5,0
4549,1.0,0.03,65.6,197.5,20.6,0
4550,0.38,0.032,61.1,209.2,8.3,0
4551,1.42,0.019,55.9,210.3,11.4,0
4552,1.29,0.015,54.6,204.7,7.5,0
4553,1.22,0.015,65.9,224.8,20.5,0
4554,0.99,0.007,62.7,203.1,24.3,0
4555,1.51,0.023,58.5,197.1,16.5,0
4556,0.94,0.0,55.0,184.3,24.9,0
4557,0.31,0.017,56.3,183.4,15.5,0
4558,1.13,0.064,56.6,212.7,24.1,1
4559,1.28,0.001,57.4,201.7,14.6,0
4560,0.4,0.03,55.6,207.3,8.1,0
4561,1.12,0.016,56.8,227.5,22.8,0
4562,1.17,0.006,60.8,206.9,13.6,0
4563,1.24,0.016,59.6,205.2,16.5,0
4564,1.18,0.03,56.6,212.0,18.7,0
4565,1.2,0.006,56.9,210.8,9.5,0
4566,1.89,0.032,60.1,198.4,17.8,1
4567,0.96,0.0,60.6,214.6,10.0,0
4568,1.04,0.0,57.0,213.8,20.0,0
4569,1.46,0.02,54.9,229.2,16.1,1
4570,1.58,0.015,61.0,205.8,13.2,0
4571,1.22,0.009,64.9,216.5,12.3,0
4572,1.7,0.021,57.7,208.8,10.9,0
4573,1.39,0.02,57.4,216.0,22.9,0
4574,0.92,0.047,62.3,204.3,7.4,0
4575,1.56,0.021,55.5,200.0,10.1,0
4576,1.46,0.031,57.6,208.9,16.4,0
4577,1.78,0.007,63.1,198.1,22.9,0
4578,0.82,0.012,56.9,203.8,11.2,0
4579,1.56,0.0,60.7,211.8,22.5,0
4580,0.83,0.015,50.8,229.2,13.3,0
4581,0.93,0.017,60.4,208.4,8.1,0
4582,1.45,0.015,55.6,209.8,14.8,0
4583,1.42,0.0,61.3,224.8,7.6,0
4584,1.62,0.028,56.6,230.8,9.6,1
4585,1.22,0.025,59.9,221.6,20.9,0
4586,1.34,0.02,55.9,219.8,17.2,0
4587,0.63,0.029,55.4,198.8,11.8,0
4588,0.74,0.014,54.2,215.4,20.9,0
4589,1.29,0.053,56.6,189.1,11.8,1
4590,1.48,0.009,56.2,210.0,18.1,0
4591,1.08,0.022,56.6,211.5,22.1,0
4592,1.14,0.008,58.9,222.9,10.5,0
4593,0.91,0.004,59.5,213.6,10.5,0
4594,0.85,0.0,58.1,202.4,15.4,0
4595,1.41,0.032,59.8,241.9,9.1,0
4596,1.31,0.022,60.7,183.8,15.8,0
4597,1.36,0.037,57.0,212.4,23.8,0
4598,0.88,0.017,58.4,221.4,11.2,0
4599,1.72,0.023,51.3,171.8,19.0,0
4600,0.93,0.028,51.1,209.4,8.9,0
4601,1.11,0.003,63.4,198.6,24.2,0
4602,0.39,0.032,58.8,214.4,14.2,0
4603,1.05,0.009,54.4,196.1,10.3,0
4604,1.21,0.013,55.7,223.1,15.7,0
4605,1.08,0.027,57.7,211.7,6.6,0
4606,1.75,0.002,45.9,192.3,16.5,0
4607,1.14,0.03,59.8,207.2,11.4,0
4608,0.2,0.03,62.5,217.6,21.8,0
4609,0.88,0.006,56.4,217.1,14.6,0
4610,1.58,0.032,59.6,191.6,10.2,0
4611,1.26,0.025,55.7,193.1,22.2,0
4612,1.59,0.025,59.1,223.5,23.9,0
4613,1.46,0.03,56.3,189.2,12.6,1
4614,1.15,0.006,57.0,220.6,23.9,0
4615,1.45,0.008,56.5,199.4,20.9,0
4616,1.37,0.009,56.2,210.8,17.6,0
4617,1.08,0.035,52.9,195.1,24.4,0
4618,0.82,0.005,57.6,206.1,19.9,0
4619,1.13,0.018,64.1,215.9,23.4,0
4620,1.43,0.021,59.2,200.9,19.4,0
4621,1.41,0.009,59.6,207.6,12.2,0
4622,1.89,0.018,60.6,212.6,9.4,1
4623,1.22,0.026,57.5,218.9,21.1,0
4624,1.82,0.003,57.0,208.5,8.3,0
4625,1.99,0.043,59.5,204.9,24.8,0
4626,1.57,0.018,55.2,214.3,19.1,0
4627,1.12,0.005,55.1,206.5,6.5,0
4628,1.05,0.042,50.8,221.3,14.4,0
4629,1.15,0.017,65.7,214.5,15.4,0
4630,1.58,0.0,58.6,237.5,10.5,0
4631,1.3,0.011,55.7,203.5,23.3,0
4632,1.78,0.017,60.5,206.4,11.7,0
4633,1.23,0.029,64.1,212.7,20.2,0
4634,1.32,0.017,64.4,213.8,22.7,0
4635,1.2,0.048,59.0,220.3,9.9,0
4636,1.41,0.022,57.7,217.4,22.7,0
4637,1.65,0.039,56.9,213.5,13.0,1
4638,0.41,0.037,59.8,205.6,15.7,0
4639,1.27,0.022,62.3,213.5,15.7,0
4640,0.86,0.044,54.6,229.0,7.6,1
4641,0.87,0.037,58.1,213.6,21.0,0
4642,2.01,0.045,59.8,213.3,19.6,0
4643,1.36,0.021,57.9,218.8,17.2,0
4644,0.62,0.02,54.1,212.2,21.1,0
4645,0.85,0.042,60.5,217.6,7.8,0
4646,1.39,0.029,59.1,216.5,8.5,0
4647,1.19,0.016,61.9,214.9,11.8,0
4648,1.37,0.033,58.4,188.0,15.0,0
4649,1.19,0.0,61.0,181.6,23.9,0
4650,1.2,0.0,62.2,209.5,21.4,0
4651,1.03,0.0,60.7,199.0,22.0,0
4652,0.89,0.017,60.9,198.5,21.7,0
4653,1.23,0.011,60.4,198.8,21.5,0
4654,1.6,0.023,50.4,218.4,21.4,0
4655,1.29,0.018,64.4,191.5,23.6,0
4656,0.96,0.02,58.6,215.4,5.6,0
4657,1.76,0.0,65.7,214.3,9.7,0
4658,0.48,0.022,53.9,196.1,10.1,0
4659,0.87,0.008,57.5,194.8,18.4,0
4660,1.5,0.042,52.5,224.5,11.6,0
4661,1.86,0.0,56.6,220.6,8.7,0
4662,1.31,0.018,56.5,226.4,24.2,0
4663,0.71,0.037,64.1,225.8,18.8,0
4664,1.15,0.003,61.9,213.4,20.1,0
4665,0.46,0.01,54.7,218.6,19.3,0
4666,1.33,0.016,54.7,217.4,12.2,0
4667,1.09,0.03,62.8,212.6,23.7,0
4668,0.82,0.0,48.9,235.3,19.7,0
4669,1.5,0.001,52.9,180.6,18.8,0
4670,1.19,0.038,50.4,215.0,11.7,0
4671,1.51,0.02,53.7,223.4,11.5,0
4672,0.47,0.019,52.9,207.0,12.8,0
4673,1.46,0.057,59.5,213.2,8.3,0
4674,1.54,0.018,61.2,189.1,11.1,0
4675,0.66,0.035,60.7,216.7,8.2,0
4676,1.36,0.051,54.3,221.1,8.5,1
4677,1.21,0.019,57.4,212.3,24.8,0
4678,1.19,0.0,62.9,201.0,9.6,0
4679,1.61,0.01,58.7,200.0,19.8,0
4680,1.42,0.031,58.5,216.1,12.5,1
4681,1.02,0.012,56.8,183.7,18.8,0
4682,1.53,0.034,62.9,193.1,18.5,0
4683,0.31,0.048,58.3,205.9,19.9,0
4684,0.89,0.03,54.7,211.6,12.5,0
4685,1.14,0.018,59.5,217.4,24.7,0
4686,1.49,0.007,63.1,206.2,14.7,0
4687,0.89,0.011,55.5,196.8,6.2,0
4688,1.35,0.027,60.9,207.3,25.0,0
4689,1.64,0.0,60.8,217.7,16.8,0
4690,0.58,0.026,63.0,181.3,8.5,0
4691,0.83,0.039,58.2,229.0,7.1,0
4692,1.15,0.027,63.3,187.8,16.1,0
4693,1.54,0.002,63.9,189.1,5.6,0
4694,1.84,0.015,57.4,208.6,15.6,0
4695,0.9,0.023,60.7,222.4,17.6,0
4696,1.29,0.03,52.5,212.6,14.6,0
4697,0.9,0.02,58.0,221.1,6.7,0
4698,1.84,0.042,57.7,216.4,20.1,0
4699,1.17,0.016,61.1,206.1,15.8,0
4700,0.67,0.0,57.9,210.0,17.9,0
4701,1.07,0.007,57.3,199.7,8.1,0
4702,1.57,0.028,60.5,230.0,23.0,1
4703,1.44,0.039,56.5,192.5,12.6,0
4704,1.0,0.029,57.6,218.4,9.9,0
4705,0.64,0.003,58.9,210.4,13.3,0
4706,1.08,0.028,55.7,219.9,20.8,0
4707,0.68,0.037,60.9,198.8,19.3,0
4708,1.68,0.04,54.1,214.1,5.2,0
4709,1.79,0.013,55.9,225.2,12.1,0
4710,1.4,0.0,65.0,212.9,9.3,0
4711,1.05,0.016,67.5,219.6,17.4,0
4712,0.85,0.025,57.7,205.3,15.4,0
4713,1.5,0.023,52.5,203.7,6.0,0
4714,1.32,0.03,57.8,224.7,8.0,0
4715,1.58,0.034,51.6,191.3,13.6,0
4716,0.34,0.011,55.2,196.4,19.0,0
4717,1.37,0.016,56.8,230.5,16.8,0
4718,1.85,0.029,60.2,221.8,5.2,1
4719,1.4,0.016,57.9,199.7,24.6,0
4720,0.96,0.0,52.3,224.0,17.8,0
4721,1.6,0.021,54.8,220.7,15.4,0
4722,1.02,0.043,58.1,203.0,20.8,0
4723,1.11,0.02,64.2,211.8,8.7,0
4724,1.99,0.038,56.3,206.5,13.2,1
4725,1.18,0.022,52.1,209.2,22.9,0
4726,1.02,0.041,56.9,214.4,21.4,1
4727,0.71,0.018,55.7,209.6,22.6,0
4728,0.94,0.013,57.8,202.7,16.3,0
4729,1.21,0.035,59.3,210.9,23.9,0
4730,1.63,0.02,58.6,203.6,6.1,0
4731,0.78,0.032,63.3,216.0,24.1,0
4732,1.36,0.005,63.7,212.7,19.7,0
4733,1.26,0.024,57.7,211.0,11.1,0
4734,1.04,0.004,56.8,228.4,18.6,0
4735,1.04,0.007,65.3,200.9,23.5,0
4736,1.55,0.004,62.8,213.3,10.0,0
4737,1.07,0.032,56.6,209.5,21.6,0
4738,0.87,0.028,56.5,221.2,19.8,0
4739,1.26,0.037,61.2,226.3,14.4,1
4740,1.84,0.014,60.9,221.6,10.4,0
4741,0.68,0.001,59.1,210.4,8.2,0
4742,0.52,0.015,49.9,215.5,7.4,0
4743,1.52,0.017,58.3,199.0,6.5,0
4744,1.0,0.011,62.2,199.3,20.1,0
4745,1.06,0.025,61.3,218.9,9.9,0
4746,1.11,0.041,60.5,222.4,8.7,0
4747,1.15,0.036,59.5,190.8,12.6,0
4748,1.44,0.009,58.2,216.2,7.0,0
4749,1.26,0.012,55.9,209.2,13.6,0
4750,1.7,0.054,57.7,204.2,6.4,1
4751,1.02,0.017,57.1,192.0,9.1,0
4752,1.71,0.021,59.8,227.5,22.8,0
4753,0.8,0.022,56.8,209.2,18.1,0
4754,0.54,0.035,61.7,208.0,22.6,0
4755,0.86,0.018,60.6,216.0,19.1,0
4756,0.86,0.012,55.1,197.2,10.5,0
4757,0.61,0.02,64.3,229.9,8.5,0
4758,1.21,0.019,56.8,221.5,13.7,0
4759,1.17,0.006,56.1,225.6,13.2,0
4760,1.64,0.047,60.2,202.9,17.7,0
4761,1.0,0.004,56.3,225.0,15.7,0
4762,1.06,0.023,63.0,184.3,9.7,0
4763,1.8,0.046,50.4,209.9,12.1,0
4764,0.52,0.007,54.3,234.9,9.6,0
4765,1.69,0.02,51.0,223.1,23.3,0
4766,1.03,0.038,58.9,208.2,13.0,0
4767,0.77,0.025,60.4,205.5,8.3,0
4768,1.6,0.0,61.6,202.5,17.8,0
4769,1.05,0.03,61.8,211.2,15.9,0
4770,1.12,0.053,56.7,213.5,21.3,0
4771,1.77,0.022,54.4,209.0,24.6,0
4772,1.77,0.035,55.7,230.4,7.1,0
4773,1.45,0.0,61.9,226.2,12.6,0
4774,1.38,0.041,53.4,218.2,11.7,0
4775,1.4,0.0,59.9,187.2,22.0,0
4776,1.62,0.014,60.1,217.8,10.6,0
4777,1.26,0.009,64.5,214.2,12.3,0
4778,0.52,0.015,53.5,219.3,7.6,0
4779,1.43,0.01,55.3,215.7,11.1,0
4780,1.83,0.022,63.3,181.6,16.2,0
4781,1.04,0.026,55.9,218.2,17.2,0
4782,1.73,0.041,60.0,207.0,14.0,0
4783,1.6,0.026,56.9,217.1,24.3,0
4784,1.09,0.01,54.9,197.5,21.9,0
4785,0.91,0.028,57.2,203.5,13.1,0
4786,1.11,0.016,52.3,202.8,20.3,0
4787,0.7,0.0,53.7,192.5,7.1,0
4788,1.34,0.022,58.8,196.9,5.4,0
4789,1.2,0.045,60.7,197.1,15.2,0
4790,0.62,0.029,62.3,209.3,8.4,0
4791,1.3,0.026,59.4,196.3,5.2,0
4792,1.56,0.002,59.3,210.2,20.7,0
4793,1.15,0.025,65.2,210.1,18.6,0
4794,0.68,0.004,62.8,217.2,5.2,0
4795,1.64,0.011,60.3,189.5,10.7,0
4796,1.35,0.017,61.9,227.2,24.9,0
4797,1.18,0.022,58.0,204.6,21.9,0
4798,1.64,0.015,50.3,180.5,18.7,0
4799,1.51,0.026,59.7,227.0,25.0,0
4800,1.44,0.068,51.3,201.1,17.2,0
4801,1.91,0.012,57.9,227.7,15.5,0
4802,1.29,0.0,67.5,182.5,17.1,0
4803,0.32,0.011,57.4,224.4,15.5,0
4804,1.42,0.0,51.9,222.2,22.1,0
4805,1.18,0.033,58.9,214.3,17.3,1
4806,1.29,0.015,54.5,202.2,17.5,0
4807,1.71,0.026,58.6,217.8,10.8,0
4808,1.49,0.02,54.7,210.3,18.8,0
4809,1.2,0.021,59.9,210.1,17.9,0
4810,1.24,0.01,61.4,216.3,10.0,0
4811,1.26,0.013,56.6,215.7,11.1,0
4812,1.61,0.007,54.5,213.8,13.8,0
4813,1.75,0.017,65.1,218.4,5.4,0
4814,0.61,0.0,54.5,210.1,24.4,0
4815,0.79,0.025,60.8,209.5,12.1,0
4816,1.12,0.02,49.0,208.3,7.3,0
4817,0.69,0.029,60.6,226.3,13.7,0
4818,1.9,0.036,60.4,202.9,24.3,0
4819,1.63,0.024,66.0,204.4,9.9,0
4820,1.68,0.021,55.0,204.6,23.2,0
4821,1.27,0.049,63.7,191.3,17.8,0
4822,1.54,0.021,55.5,229.1,15.9,0
4823,0.41,0.019,55.8,184.6,11.4,0
4824,1.89,0.041,54.0,204.0,24.5,1
4825,0.2,0.017,61.9,205.0,16.3,0
4826,1.39,0.029,62.4,211.1,7.1,0
4827,1.16,0.018,62.2,201.7,9.0,0
4828,1.18,0.015,58.3,205.5,23.1,0
4829,1.49,0.015,52.8,215.1,19.5,0
4830,1.22,0.044,60.4,204.8,16.8,0
4831,1.69,0.049,54.5,220.8,18.6,1
4832,0.97,0.0,60.2,208.3,7.2,0
4833,0.88,0.0,58.9,193.8,13.6,0
4834,0.94,0.044,56.3,222.5,15.1,0
4835,0.91,0.004,52.0,218.7,11.1,0
4836,1.04,0.038,60.3,218.0,12.7,0
4837,0.73,0.007,54.5,187.4,25.0,0
4838,1.72,0.0,49.9,213.5,10.6,0
4839,1.43,0.02,67.4,203.2,7.5,0
4840,1.31,0.025,59.5,214.2,16.9,0
4841,0.99,0.024,58.2,187.7,19.2,1
4842,1.81,0.031,53.4,220.9,8.3,0
4843,1.17,0.032,61.6,223.4,23.9,0
4844,0.71,0.023,57.1,223.9,21.2,0
4845,0.72,0.014,56.3,223.8,24.7,0
4846,1.58,0.03,64.0,215.8,13.4,0
4847,1.79,0.021,61.6,214.0,5.4,0
4848,0.87,0.022,62.4,207.2,17.8,0
4849,1.48,0.005,56.3,212.6,16.4,0
4850,1.83,0.001,53.6,183.6,6.7,0
4851,1.4,0.035,58.0,219.1,21.9,0
4852,1.66,0.0,57.5,224.4,15.0,1
4853,0.75,0.03,59.8,217.0,15.8,1
4854,1.43,0.024,56.4,211.4,5.9,1
4855,1.45,0.01,60.5,218.2,5.8,0
4856,1.23,0.014,55.4,199.8,19.0,0
4857,0.6,0.0,54.7,202.4,18.2,0
4858,1.63,0.023,57.2,220.5,18.2,0
4859,1.38,0.013,57.5,215.4,24.9,0
4860,0.87,0.046,53.1,220.6,8.4,0
4861,1.52,0.012,59.5,209.0,19.3,0
4862,1.25,0.0,54.0,197.8,19.8,0
4863,0.68,0.003,53.9,228.4,15.4,0
4864,0.51,0.0,56.7,201.3,12.2,0
4865,1.64,0.007,57.7,189.3,8.1,0
4866,1.92,0.022,53.1,201.8,18.7,0
4867,0.82,0.003,59.4,201.1,6.9,0
4868,0.91,0.003,51.5,212.4,22.5,0
4869,1.1,0.023,51.9,229.9,11.0,0
4870,1.46,0.019,56.3,191.1,6.2,0
4871,1.51,0.018,51.8,223.9,19.1,0
4872,2.29,0.024,62.0,205.6,11.0,0
4873,1.4,0.013,63.3,209.3,11.4,0
4874,1.55,0.015,62.3,207.5,10.9,0
4875,0.58,0.0,56.0,200.1,20.6,0
4876,0.2,0.02,53.3,234.1,6.9,0
4877,0.86,0.027,54.8,193.9,19.4,0
4878,0.22,0.047,54.9,190.8,10.3,0
4879,1.5,0.0,54.7,214.8,7.6,0
4880,1.78,0.049,57.7,208.9,17.5,1
4881,1.3,0.002,60.7,202.9,5.0,0
4882,0.8,0.001,60.7,184.0,21.8,0
4883,0.84,0.03,54.0,214.9,18.7,0
4884,1.61,0.026,58.4,199.6,23.2,0
4885,1.73,0.0,54.8,212.8,16.8,0
4886,1.66,0.036,58.0,195.6,21.3,0
4887,0.62,0.024,57.6,219.0,10.9,0
4888,0.97,0.0,57.4,186.0,8.8,0
4889,0.92,0.029,50.7,221.5,20.5,0
4890,1.78,0.002,53.5,219.3,16.8,0
4891,1.49,0.041,54.4,184.2,14.7,1
4892,0.66,0.041,53.5,210.5,14.4,0
4893,1.85,0.025,51.3,201.8,9.6,0
4894,0.92,0.006,60.5,221.1,14.6,0
4895,0.96,0.011,66.0,210.0,8.9,0
4896,1.27,0.007,54.6,204.6,19.1,0
4897,0.98,0.02,57.7,200.8,10.7,0
4898,0.69,0.032,60.4,233.6,23.6,0
4899,1.81,0.013,58.5,208.7,6.5,0
4900,1.48,0.006,49.7,216.3,13.6,0
4901,0.96,0.007,63.6,223.2,15.8,0
4902,1.91,0.011,58.3,192.7,14.4,0
4903,1.31,0.008,58.0,198.3,24.2,0
4904,0.88,0.024,53.2,207.1,18.9,0
4905,0.62,0.02,55.9,215.0,9.0,0
4906,0.94,0.006,56.4,205.8,7.1,0
4907,0.89,0.013,55.1,225.5,15.0,0
4908,1.43,0.046,53.6,192.6,17.4,0
4909,0.88,0.006,64.3,208.4,9.8,0
4910,0.74,0.031,56.5,215.0,5.1,0
4911,1.46,0.017,60.0,218.8,15.2,0
4912,0.78,0.002,57.0,224.8,7.6,0
4913,0.84,0.016,57.3,228.6,22.4,0
4914,1.52,0.022,59.6,217.9,7.3,0
4915,0.8,0.0,64.4,210.1,21.2,0
4916,1.08,0.014,64.7,199.2,24.1,0
4917,1.6,0.0,58.0,205.1,11.2,0
4918,1.91,0.022,57.5,194.8,10.1,1
4919,0.93,0.008,57.0,206.4,24.3,0
4920,1.47,0.003,56.6,227.0,5.2,0
4921,1.04,0.003,60.8,201.8,15.9,0
4922,1.11,0.027,57.9,223.8,7.4,0
4923,0.53,0.013,57.5,196.2,12.9,0
4924,1.68,0.032,61.2,222.0,9.2,0
4925,1.24,0.0,56.4,222.9,13.9,0
4926,0.79,0.027,56.1,194.8,16.4,0
4927,1.07,0.0,53.6,203.1,21.2,0
4928,2.23,0.019,64.4,184.2,7.5,0
4929,1.49,0.026,59.5,224.9,6.6,0
4930,0.96,0.039,57.5,217.5,10.4,0
4931,1.62,0.015,65.2,212.1,9.3,0
4932,0.88,0.04,53.6,206.1,16.9,0
4933,1.53,0.007,62.1,215.1,10.9,0
4934,1.57,0.037,54.5,217.3,14.1,0
4935,1.25,0.035,53.7,205.4,20.8,0
4936,1.09,0.026,58.9,207.1,16.2,0
4937,2.01,0.011,64.0,208.5,8.8,0
4938,0.64,0.012,57.7,213.5,19.7,0
4939,1.83,0.015,60.9,208.8,21.5,0
4940,0.54,0.014,59.3,208.8,13.3,0
4941,1.21,0.02,52.2,215.8,11.8,0
4942,1.13,0.009,55.4,210.0,21.6,0
4943,1.7,0.008,57.1,200.8,8.0,0
4944,0.67,0.006,62.6,189.9,20.7,0
4945,1.08,0.014,55.2,197.3,14.1,0
4946,0.51,0.029,53.7,212.9,6.6,0
4947,0.96,0.031,62.2,185.9,22.4,0
4948,1.19,0.0,58.7,220.0,17.5,0
4949,1.28,0.024,62.6,206.8,19.8,0
4950,1.8,0.024,62.8,207.2,16.3,0
4951,0.7,0.003,61.7,215.8,19.0,0
4952,1.13,0.025,58.2,201.6,22.3,0
4953,1.88,0.018,57.5,191.5,15.3,1
4954,0.61,0.012,64.9,236.6,15.5,0
4955,0.71,0.015,59.4,224.8,23.3,0
4956,0.91,0.036,52.1,216.7,18.1,0
4957,1.42,0.017,56.7,218.8,22.5,0
4958,1.06,0.005,55.9,215.8,13.3,0
4959,1.63,0.022,57.3,213.1,21.2,0
4960,1.31,0.005,56.3,180.7,11.5,0
4961,0.7,0.014,63.7,210.9,24.4,0
4962,1.2,0.032,60.9,222.9,13.6,0
4963,0.81,0.003,54.3,205.9,12.0,0
4964,0.75,0.053,53.7,195.2,6.8,0
4965,1.57,0.03,62.9,207.7,24.1,0
4966,1.52,0.01,58.6,216.1,19.0,0
4967,1.28,0.021,59.0,209.6,24.6,0
4968,1.26,0.007,55.4,212.0,18.7,0
4969,1.59,0.009,56.4,215.5,13.3,0
4970,1.37,0.0,59.9,192.5,20.4,0
4971,1.93,0.017,52.1,190.5,18.0,0
4972,0.89,0.0,62.4,207.7,9.2,0
4973,1.36,0.036,61.3,217.2,11.7,0
4974,1.33,0.018,59.7,211.5,8.1,1
4975,0.83,0.011,54.8,200.4,12.5,0
4976,1.4,0.008,60.2,223.7,13.2,1
4977,1.08,0.019,54.8,196.3,7.6,0
4978,1.18,0.025,58.8,192.1,24.1,0
4979,1.34,0.021,56.3,215.0,18.0,0
4980,1.14,0.0,61.2,231.3,20.8,0
4981,1.21,0.016,59.5,218.5,15.1,0
4982,0.58,0.033,60.2,219.2,12.3,0
4983,1.41,0.038,58.0,203.2,13.4,1
4984,0.8,0.008,57.4,206.5,13.5,0
4985,1.16,0.025,53.4,197.8,21.9,0
4986,0.81,0.007,54.5,181.2,17.4,0
4987,0.56,0.048,54.0,208.0,21.3,1
4988,1.59,0.026,65.0,223.9,12.5,0
4989,2.54,0.022,51.0,207.7,10.8,0
4990,1.14,0.023,52.3,217.0,7.6,0
4991,1.64,0.035,62.5,197.8,5.5,0
4992,1.37,0.011,57.4,198.2,20.5,0
4993,1.18,0.041,52.7,208.8,24.5,0
4994,1.83,0.02,64.7,222.8,14.1,0
4995,1.2,0.021,59.5,210.4,13.1,0
4996,1.61,0.025,59.5,244.8,20.8,0
4997,1.98,0.011,59.4,199.1,5.7,0
4998,0.9,0.046,54.3,211.1,12.5,0
4999,1.8,0.052,57.5,186.1,22.9,1
5000,0.69,0.014,62.8,227.8,6.3,0
5001,0.68,0.017,50.7,220.0,10.4,0
5002,1.14,0.032,61.3,217.2,10.6,0
5003,1.43,0.015,54.0,216.7,8.1,0
5004,1.3,0.003,59.7,219.3,7.0,0
5005,0.88,0.018,59.5,213.0,6.0,0
5006,1.47,0.016,60.6,214.3,16.6,0
5007,0.94,0.04,56.2,215.5,5.0,0
5008,0.9,0.03,62.8,213.6,8.7,0
5009,1.22,0.026,59.0,209.1,5.0,0
5010,1.58,0.004,55.9,198.3,24.2,0
5011,1.33,0.039,53.6,213.0,18.9,0
5012,1.57,0.066,62.1,198.7,11.0,0
5013,1.39,0.022,52.0,231.6,21.9,0
5014,0.4,0.04,61.1,219.3,24.3,0
5015,1.07,0.035,59.1,213.0,23.4,0
5016,0.81,0.026,57.3,196.5,8.1,0
5017,0.95,0.039,59.4,211.8,11.9,0
5018,1.4,0.017,63.6,203.0,10.0,0
5019,1.04,0.034,68.2,218.0,25.0,0
5020,1.45,0.044,56.9,217.8,13.8,0
5021,0.68,0.016,57.3,210.2,21.5,0
5022,0.89,0.041,60.6,224.6,21.6,0
5023,1.21,0.034,59.3,205.0,22.5,0
5024,1.05,0.039,58.6,213.8,24.6,0
5025,1.29,0.0,55.4,213.3,23.0,0
5026,1.76,0.032,58.6,221.6,9.7,1
5027,0.98,0.004,64.2,224.9,15.0,0
5028,0.49,0.027,60.7,217.1,21.7,0
5029,0.96,0.052,63.0,198.0,9.6,0
5030,1.58,0.038,58.0,223.0,9.3,0
5031,2.07,0.007,49.9,220.8,7.9,0
5032,1.03,0.03,57.8,199.3,22.9,0
5033,1.61,0.036,63.5,222.1,9.9,0
5034,1.3,0.007,56.2,226.3,24.6,0
5035,1.38,0.039,56.6,221.7,5.6,0
5036,1.1,0.025,65.0,231.5,8.8,0
5037,1.03,0.006,58.5,208.4,12.6,0
5038,1.64,0.021,55.8,222.3,14.9,0
5039,1.12,0.037,57.2,202.5,5.7,1
5040,1.18,0.023,63.0,204.2,20.1,0
5041,1.11,0.024,66.5,200.0,16.1,0
5042,1.75,0.027,61.7,210.8,21.7,1
5043,0.96,0.023,62.3,194.7,5.3,0
5044,1.42,0.035,57.1,210.6,12.7,0
5045,1.23,0.011,60.6,206.5,22.3,0
5046,1.18,0.025,60.7,219.5,11.2,0
5047,1.8,0.028,56.4,207.1,20.5,0
5048,1.62,0.017,54.6,236.2,18.9,0
5049,0.8,0.023,61.5,229.8,7.3,0
5050,1.35,0.02,59.0,207.3,11.4,0
5051,0.58,0.035,57.3,200.3,5.9,0
5052,1.5,0.02,65.4,213.8,6.4,0
5053,0.91,0.019,59.2,213.1,16.0,0
5054,0.85,0.006,53.8,214.1,21.5,0
5055,1.18,0.009,58.9,202.0,18.6,0
5056,0.89,0.026,63.3,212.1,20.8,0
5057,0.71,0.0,59.2,211.6,12.0,0
5058,1.25,0.026,60.0,192.1,14.8,0
5059,0.49,0.0,61.3,214.8,14.2,0
5060,1.06,0.001,55.4,200.3,15.7,0
5061,0.99,0.019,63.7,195.5,14.0,0
5062,1.08,0.028,57.5,215.2,5.0,0
5063,1.67,0.043,58.4,209.8,15.5,0
5064,0.74,0.019,63.0,220.2,24.5,0
5065,1.6,0.045,58.3,227.5,24.3,1
5066,1.3,0.016,55.4,214.0,14.6,0
5067,1.04,0.018,52.8,220.4,17.6,0
5068,1.19,0.028,61.2,218.7,24.9,0
5069,1.89,0.028,65.8,220.6,15.3,0
5070,1.45,0.025,61.7,201.9,14.2,0
5071,0.66,0.02,49.5,204.9,10.3,0
5072,1.87,0.01,56.1,201.3,15.1,0
5073,0.55,0.02,60.3,202.7,14.5,0
5074,1.79,0.055,64.3,196.9,10.1,0
5075,1.26,0.025,55.6,217.2,21.6,0
5076,1.58,0.047,52.8,205.9,13.1,0
5077,1.28,0.034,60.7,204.6,21.7,0
5078,0.59,0.052,58.7,205.4,19.7,1
5079,1.5,0.008,56.0,205.0,6.2,0
5080,1.12,0.039,56.8,209.8,5.0,0
5081,1.16,0.032,50.2,201.5,23.7,0
5082,1.61,0.0,56.6,231.1,7.2,0
5083,1.88,0.032,55.2,188.6,6.1,1
5084,1.03,0.011,61.0,225.0,15.1,0
5085,0.63,0.013,58.1,215.2,24.5,0
5086,1.24,0.016,56.0,204.8,20.9,0
5087,0.37,0.0,55.5,217.4,16.8,0
5088,0.96,0.024,58.6,190.5,7.2,0
5089,1.66,0.025,63.5,217.8,6.9,0
5090,1.39,0.031,51.8,185.8,13.8,0
5091,1.51,0.0,55.8,222.1,18.9,0
5092,1.71,0.0,61.7,210.8,9.2,0
5093,1.74,0.024,56.4,194.5,22.4,0
5094,1.29,0.01,61.3,197.1,21.8,0
5095,1.55,0.025,60.6,205.3,21.0,0
5096,1.21,0.0,59.2,198.5,5.7,0
5097,1.12,0.023,62.7,202.1,16.2,0
5098,1.4,0.014,53.2,206.5,17.8,0
5099,0.99,0.013,56.0,201.4,7.6,0
5100,1.03,0.046,54.7,205.5,21.0,0
5101,1.53,0.028,61.1,208.8,9.5,0
5102,1.81,0.0,61.3,200.7,18.2,0
5103,1.06,0.004,56.6,203.0,7.2,0
5104,1.67,0.004,56.0,205.7,7.2,0
5105,1.72,0.02,52.8,213.5,21.4,0
5106,1.62,0.019,55.3,214.4,7.1,0
5107,1.35,0.016,49.7,209.0,9.9,0
5108,0.83,0.0,61.9,218.8,13.6,0
5109,1.94,0.02,62.0,192.2,5.7,0
5110,1.03,0.028,57.4,207.4,13.2,0
5111,1.37,0.028,62.7,201.6,18.7,0
5112,0.52,0.044,57.2,198.4,14.2,0
5113,1.04,0.026,58.8,191.2,6.0,0
5114,0.79,0.022,53.5,187.6,15.6,0
5115,0.83,0.01,56.4,199.2,11.9,0
5116,1.51,0.026,55.9,215.9,8.3,0
5117,1.28,0.018,55.9,203.3,13.4,0
5118,1.54,0.021,56.6,211.0,5.4,0
5119,1.18,0.048,55.0,222.0,21.0,0
5120,0.5,0.027,58.8,191.8,14.9,0
5121,0.68,0.036,52.7,225.7,19.9,0
5122,0.99,0.0,52.8,225.9,19.5,0
5123,0.85,0.003,66.2,219.1,20.9,0
5124,1.4,0.011,57.9,211.2,14.1,0
5125,0.36,0.005,48.8,214.9,19.7,0
5126,0.75,0.01,62.2,213.6,10.0,0
5127,1.38,0.0,57.9,225.3,12.1,0
5128,1.65,0.002,55.3,215.3,18.2,0
5129,1.73,0.036,55.1,211.3,10.3,0
5130,0.84,0.011,55.7,210.6,10.0,0
5131,1.31,0.003,57.0,221.1,18.6,0
5132,0.97,0.051,54.1,204.6,20.8,0
5133,1.27,0.01,51.8,205.4,11.4,0
5134,1.59,0.022,59.2,213.1,7.3,0
5135,1.08,0.015,57.6,204.2,15.2,0
5136,1.33,0.01,48.9,208.3,12.2,0
5137,2.06,0.032,58.7,196.0,6.8,0
5138,1.44,0.007,62.2,212.1,18.5,0
5139,1.21,0.023,54.6,209.3,8.5,0
5140,1.46,0.0,58.8,216.2,8.7,0
5141,1.54,0.039,60.8,231.2,17.7,0
5142,0.24,0.009,61.4,215.3,21.5,0
5143,1.04,0.016,52.5,219.9,11.5,0
5144,1.84,0.025,50.6,222.9,5.1,0
5145,0.91,0.0,60.9,206.8,12.0,0
5146,1.26,0.041,56.3,226.4,7.1,0
5147,0.57,0.001,58.4,216.9,9.4,1
5148,0.7,0.018,57.8,201.8,13.1,0
5149,0.82,0.001,53.6,208.1,22.4,0
5150,1.32,0.021,58.7,223.1,8.5,1
5151,1.1,0.007,56.5,209.8,15.0,1
5152,1.1,0.011,57.7,213.0,15.5,0
5153,1.12,0.0,54.0,207.8,14.0,0
5154,0.98,0.012,55.9,229.5,24.4,0
5155,1.18,0.018,53.6,202.9,10.0,0
5156,1.41,0.014,54.2,205.1,14.7,0
5157,1.57,0.05,60.5,201.9,14.7,0
5158,0.78,0.021,66.8,221.9,11.3,0
5159,1.7,0.034,57.2,208.7,20.0,1
5160,0.84,0.032,58.5,204.0,5.4,0
5161,1.25,0.006,64.8,196.0,22.2,0
5162,0.62,0.007,54.2,219.0,20.5,0
5163,0.98,0.026,49.6,217.3,10.4,0
5164,0.2,0.0,54.2,210.6,23.1,0
5165,0.75,0.031,62.9,218.3,20.2,0
5166,0.72,0.034,57.5,217.0,6.8,1
5167,1.51,0.025,61.1,208.4,10.1,0
5168,1.15,0.034,48.4,198.1,14.4,0
5169,1.7,0.033,57.9,201.9,19.5,0
5170,0.95,0.028,59.1,200.8,15.7,0
5171,0.82,0.032,58.0,219.1,24.4,0
5172,1.59,0.027,63.3,216.4,8.4,0
5173,1.27,0.022,57.7,215.3,17.1,0
5174,1.6,0.028,55.6,205.3,12.3,0
5175,1.03,0.027,57.9,179.8,11.0,0
5176,1.24,0.022,60.1,206.4,11.1,0
5177,1.4,0.003,57.9,212.8,14.5,0
5178,1.42,0.076,56.1,236.6,5.5,1
5179,1.44,0.033,55.9,207.4,7.9,0
5180,0.73,0.025,58.9,210.8,23.8,0
5181,1.48,0.018,60.8,213.9,8.6,0
5182,2.06,0.008,59.3,224.4,14.4,1
5183,1.42,0.001,56.7,193.3,9.1,0
5184,1.61,0.048,57.3,211.2,20.6,1
5185,1.34,0.004,64.6,209.8,20.2,0
5186,0.47,0.017,54.9,218.5,9.2,0
5187,1.12,0.028,58.9,204.0,9.9,0
5188,1.1,0.037,58.8,216.7,6.7,0
5189,1.25,0.018,54.7,208.1,22.6,0
5190,0.94,0.03,67.4,209.4,14.8,0
5191,0.59,0.054,56.2,209.9,10.3,0
5192,1.09,0.029,51.8,204.8,14.0,0
5193,0.99,0.012,58.7,184.2,8.8,0
5194,1.5,0.054,54.6,195.6,24.7,0
5195,1.56,0.027,54.3,208.9,20.1,0
5196,1.27,0.023,59.1,209.0,7.9,0
5197,2.02,0.006,52.7,212.7,20.9,0
5198,1.13,0.014,52.0,219.0,15.1,0
5199,0.99,0.02,50.1,232.6,12.0,0
5200,2.04,0.014,66.9,213.5,23.2,0
5201,1.38,0.014,54.1,219.8,16.0,0
5202,0.98,0.017,61.2,210.5,17.4,0
5203,1.16,0.033,58.3,209.3,17.2,0
5204,1.12,0.042,58.4,227.5,21.1,1
5205,0.82,0.018,53.4,202.4,13.4,0
5206,1.9,0.025,55.8,207.9,13.9,0
5207,1.12,0.0,56.9,208.5,24.5,0
5208,1.56,0.0,68.1,196.6,7.7,0
5209,0.9,0.019,61.7,193.0,16.2,0
5210,1.45,0.009,59.3,218.1,8.3,0
5211,1.75,0.025,56.0,208.5,14.4,0
5212,1.33,0.02,58.8,193.5,6.5,0
5213,1.72,0.028,64.5,198.7,19.2,0
5214,1.27,0.027,54.7,206.1,21.5,0
5215,1.45,0.039,54.1,206.7,12.1,0
5216,1.16,0.037,60.4,222.2,22.4,0
5217,1.25,0.011,61.5,218.1,6.5,0
5218,1.13,0.023,54.6,207.9,22.9,0
5219,1.11,0.023,53.6,209.7,22.0,0
5220,1.49,0.0,59.3,199.8,7.0,0
5221,1.38,0.018,54.0,219.1,23.6,0
5222,1.55,0.017,59.3,214.9,18.8,0
5223,1.36,0.035,55.9,212.1,16.3,0
5224,1.81,0.0,62.7,210.2,23.4,0
5225,1.37,0.024,66.3,198.6,10.7,0
5226,1.06,0.037,51.7,194.8,23.3,0
5227,1.14,0.006,54.5,210.1,18.8,0
5228,0.9,0.023,53.8,200.3,5.5,0
5229,0.86,0.042,57.5,214.6,17.7,1
5230,1.8,0.021,63.3,207.5,8.1,0
5231,1.7,0.009,52.0,221.0,10.3,0
5232,1.64,0.013,60.3,191.2,10.0,0
5233,0.48,0.015,57.9,210.3,22.9,0
5234,1.11,0.023,60.0,215.5,14.6,0
5235,1.14,0.011,57.8,211.1,5.9,0
5236,1.47,0.023,62.3,216.2,14.5,0
5237,0.95,0.026,65.0,222.2,21.3,0
5238,1.58,0.028,61.3,218.0,18.5,0
5239,0.92,0.004,60.9,225.0,16.4,0
5240,1.83,0.023,60.6,217.0,14.0,0
5241,2.23,0.0,59.5,208.1,14.0,0
5242,0.86,0.025,58.8,219.0,19.8,0
5243,1.02,0.054,54.8,214.7,11.0,0
5244,1.34,0.011,57.2,215.5,13.6,0
5245,1.35,0.018,69.4,208.4,15.5,0
5246,1.3,0.016,57.3,233.2,12.4,0
5247,1.35,0.033,60.6,212.4,21.0,0
5248,1.09,0.003,51.6,208.2,24.4,0
5249,1.03,0.011,58.3,220.0,21.9,0
5250,1.24,0.0,54.3,217.6,6.3,0
5251,1.55,0.04,57.9,212.4,8.8,0
5252,0.76,0.052,48.3,202.2,12.5,0
5253,0.85,0.012,58.4,217.0,23.6,0
5254,0.77,0.002,50.9,201.6,7.9,0
5255,0.98,0.006,66.2,213.8,18.9,0
5256,1.42,0.002,56.8,216.5,21.4,0
5257,1.25,0.003,64.1,208.1,8.9,0
5258,0.92,0.031,64.5,203.0,22.3,0
5259,1.27,0.014,54.8,215.3,15.7,0
5260,1.4,0.014,57.6,242.9,17.6,1
5261,0.98,0.026,60.7,203.0,21.5,0
5262,1.15,0.021,52.0,186.0,7.5,0
5263,1.12,0.008,57.9,180.2,23.0,0
5264,0.28,0.03,54.7,198.6,5.9,0
5265,1.48,0.014,63.3,191.0,19.5,0
5266,1.26,0.029,59.2,200.9,22.5,0
5267,1.59,0.033,62.1,209.5,7.8,0
5268,1.26,0.041,54.7,222.5,11.2,0
5269,1.67,0.045,58.5,225.5,11.1,0
5270,0.8,0.021,47.4,227.0,24.8,0
5271,1.47,0.032,58.1,220.0,16.6,1
5272,1.05,0.01,59.3,166.3,21.6,0
5273,1.3,0.028,62.5,204.0,24.8,0
5274,1.39,0.004,60.9,199.9,14.3,0
5275,1.08,0.0,64.4,212.9,21.5,0
5276,1.47,0.027,55.4,215.2,17.8,0
5277,1.01,0.027,60.5,211.6,22.2,0
5278,1.34,0.029,63.3,209.1,13.5,0
5279,1.09,0.015,62.9,205.6,11.4,0
5280,1.17,0.042,54.7,201.9,9.2,0
5281,1.55,0.024,54.7,217.1,7.9,0
5282,0.74,0.024,59.2,229.7,18.6,0
5283,0.86,0.021,61.9,213.3,6.0,0
5284,1.38,0.046,67.8,235.1,17.0,0
5285,1.53,0.018,57.7,209.7,8.9,0
5286,1.03,0.0,55.6,200.1,19.6,0
5287,1.52,0.0,64.9,199.1,15.3,0
5288,1.77,0.032,64.4,210.3,7.5,0
5289,2.06,0.0,52.6,200.5,14.1,0
5290,1.18,0.021,59.0,207.4,5.6,0
5291,1.63,0.028,55.7,221.6,22.6,0
5292,1.47,0.036,58.2,218.0,10.7,0
5293,1.44,0.02,64.8,222.7,23.5,0
5294,1.07,0.009,51.8,223.0,14.1,0
5295,0.66,0.019,61.1,204.4,5.8,0
5296,1.32,0.022,51.0,217.5,19.5,0
5297,1.02,0.006,61.1,187.2,24.1,0
5298,0.88,0.004,57.9,204.0,23.7,0
5299,1.07,0.007,62.0,203.5,11.6,0
5300,1.83,0.005,55.1,219.2,13.9,0
5301,1.53,0.017,52.5,220.3,9.0,0
5302,1.0,0.042,63.3,209.3,15.0,0
5303,1.99,0.019,59.3,211.9,20.3,0
5304,1.14,0.0,59.9,201.9,13.4,0
5305,1.07,0.047,54.9,199.5,19.8,1
5306,1.4,0.013,57.4,195.8,10.9,0
5307,1.22,0.022,55.7,236.4,19.9,0
5308,1.52,0.033,56.8,201.3,5.0,0
5309,0.58,0.037,53.8,214.1,23.2,0
5310,0.6,0.046,66.6,227.2,10.8,0
5311,1.64,0.01,63.2,211.1,11.3,0
5312,0.73,0.023,60.7,188.2,8.0,0
5313,0.78,0.025,68.2,206.2,6.7,0
5314,0.98,0.03,49.8,185.8,17.7,0
5315,1.28,0.011,57.1,201.3,15.1,0
5316,1.15,0.011,53.4,207.9,6.6,0
5317,1.61,0.007,58.0,188.0,14.9,0
5318,1.04,0.025,59.5,213.8,8.7,1
5319,0.2,0.013,54.4,206.6,21.3,0
5320,1.18,0.019,53.2,226.5,9.7,0
5321,0.95,0.038,62.2,233.2,21.3,1
5322,0.99,0.002,59.0,239.3,17.2,0
5323,0.83,0.017,63.9,181.1,12.3,0
5324,0.72,0.029,57.6,197.0,5.6,0
5325,1.54,0.02,59.1,198.7,17.3,1
5326,1.82,0.029,59.4,210.9,11.4,0
5327,1.83,0.016,64.3,212.2,21.0,0
5328,0.8,0.014,55.8,199.4,22.4,0
5329,1.0,0.045,60.5,212.2,12.6,0
5330,1.04,0.014,62.2,212.8,23.3,0
5331,1.47,0.031,63.5,235.2,23.0,0
5332,1.65,0.009,53.3,209.4,14.7,0
5333,1.44,0.03,50.1,185.6,19.8,0
5334,2.0,0.022,61.3,203.6,7.9,0
5335,1.2,0.026,57.5,201.9,22.2,0
5336,1.37,0.023,54.1,218.0,12.2,0
5337,1.05,0.039,55.3,194.4,9.2,0
5338,0.79,0.037,63.9,218.2,7.7,0
5339,1.0,0.039,60.0,190.3,14.1,0
5340,0.99,0.016,59.0,227.8,23.0,0
5341,1.8,0.037,57.3,214.3,12.8,0
5342,0.58,0.022,62.7,206.1,11.7,0
5343,1.21,0.026,55.9,229.4,6.9,0
5344,0.72,0.022,57.6,200.2,14.7,0
5345,1.37,0.0,58.4,208.1,15.0,0
5346,1.34,0.027,56.5,223.8,9.5,1
5347,0.86,0.0,57.9,186.3,11.9,0
5348,1.59,0.029,57.9,203.9,17.2,1
5349,1.23,0.045,61.1,224.9,22.3,0
5350,1.11,0.014,60.3,192.8,22.4,0
5351,0.93,0.033,57.6,225.2,13.5,0
5352,1.29,0.02,55.8,199.8,18.4,0
5353,0.91,0.0,58.7,188.5,19.1,0
5354,1.43,0.033,64.5,210.0,12.5,0
5355,1.2,0.017,59.2,200.1,15.3,0
5356,0.92,0.02,55.3,228.0,16.1,0
5357,1.41,0.045,58.1,207.0,21.0,1
5358,1.21,0.018,56.0,230.9,19.7,0
5359,2.1,0.027,54.9,223.0,5.2,1
5360,0.91,0.052,64.4,197.9,20.2,0
5361,1.2,0.0,55.2,212.1,15.4,0
5362,1.39,0.033,50.3,202.9,23.2,0
5363,0.98,0.008,51.1,192.5,11.6,0
5364,1.56,0.045,47.0,222.9,16.8,0
5365,1.11,0.014,61.6,205.6,17.2,0
5366,1.67,0.029,59.4,216.5,18.9,1
5367,1.02,0.04,57.2,213.8,8.2,0
5368,1.35,0.017,58.0,221.3,14.4,0
5369,1.8,0.029,57.1,218.2,21.9,1
5370,0.92,0.033,59.4,205.2,13.8,0
5371,1.74,0.026,67.2,223.1,21.3,0
5372,1.02,0.037,62.2,220.3,6.7,0
5373,0.96,0.023,67.1,192.3,16.9,0
5374,1.03,0.003,51.5,217.7,7.1,0
5375,0.68,0.0,64.0,210.6,10.6,0
5376,1.88,0.0,58.6,193.1,14.0,0
5377,1.11,0.0,66.0,213.2,21.1,0
5378,0.8,0.032,59.6,209.7,14.2,0
5379,1.02,0.038,56.1,240.2,10.5,0
5380,1.39,0.029,60.8,246.9,10.8,1
5381,1.38,0.02,60.2,203.4,13.9,0
5382,0.6,0.021,52.8,214.7,6.0,0
5383,1.92,0.045,50.5,210.0,24.6,0
5384,1.42,0.017,56.4,228.5,13.4,0
5385,0.87,0.001,56.0,218.4,6.3,0
5386,1.17,0.019,67.5,204.8,5.9,0
5387,1.13,0.027,61.1,216.5,21.2,0
5388,0.92,0.03,57.4,199.7,20.3,1
5389,0.88,0.011,55.8,198.4,20.0,0
5390,1.91,0.022,62.8,191.7,11.3,0
5391,0.83,0.01,59.7,216.8,13.9,0
5392,1.34,0.022,63.0,225.0,23.7,0
5393,0.99,0.041,56.1,197.7,20.7,0
5394,0.83,0.055,59.2,203.5,22.7,0
5395,1.3,0.011,52.2,197.9,19.8,0
5396,1.28,0.016,49.7,210.1,19.6,0
5397,0.85,0.02,61.1,192.0,8.9,0
5398,1.42,0.008,63.2,219.2,21.9,0
5399,1.23,0.002,67.9,230.1,23.3,0
5400,1.1,0.031,61.1,200.0,10.8,0
5401,0.78,0.035,56.1,226.8,24.1,0
5402,1.08,0.021,62.2,223.0,6.4,0
5403,0.25,0.007,57.1,232.5,10.3,0
5404,1.02,0.001,52.4,201.6,22.5,0
5405,1.61,0.026,55.5,224.4,19.7,0
5406,1.05,0.013,53.3,190.8,20.2,0
5407,1.22,0.005,59.0,199.0,23.6,0
5408,1.42,0.015,58.9,215.2,6.4,0
5409,1.44,0.003,54.1,235.5,7.8,0
5410,1.23,0.04,52.8,206.9,23.7,0
5411,1.05,0.05,58.5,209.7,9.9,0
5412,0.9,0.025,52.4,223.7,11.5,0
5413,0.99,0.035,58.7,216.5,23.9,0
5414,0.95,0.026,55.2,211.4,13.4,0
5415,0.73,0.017,57.4,208.0,14.2,0
5416,1.88,0.015,60.9,222.4,18.5,0
5417,1.41,0.007,57.5,213.0,13.7,0
5418,1.14,0.044,59.0,194.9,9.1,1
5419,1.71,0.0,65.1,211.8,21.4,0
5420,1.02,0.013,58.5,227.6,6.1,0
5421,0.97,0.022,48.5,205.5,6.4,0
5422,1.86,0.015,60.0,204.5,22.0,0
5423,1.25,0.031,53.4,198.9,7.1,0
5424,1.37,0.029,61.1,213.6,15.2,0
5425,1.24,0.035,58.1,221.0,24.8,0
5426,1.39,0.04,60.8,209.1,8.4,0
5427,1.29,0.02,58.7,189.8,15.7,0
5428,0.97,0.012,50.7,201.2,17.0,0
5429,0.89,0.04,57.5,222.0,20.2,0
5430,1.78,0.033,56.3,203.6,12.8,0
5431,1.35,0.023,55.2,213.0,14.0,0
5432,1.44,0.019,61.8,186.3,20.1,0
5433,1.31,0.005,54.7,217.5,23.4,0
5434,1.59,0.038,59.1,210.2,19.4,0
5435,1.54,0.032,58.5,232.4,13.8,0
5436,0.55,0.016,54.8,220.1,9.7,0
5437,1.21,0.002,49.2,209.2,14.6,0
5438,1.42,0.011,56.2,216.9,12.9,0
5439,0.97,0.011,60.7,216.4,22.3,0
5440,1.45,0.0,57.8,197.6,11.0,0
5441,0.74,0.031,60.1,212.7,14.6,0
5442,1.37,0.02,63.0,205.4,20.6,0
5443,1.18,0.0,60.7,232.7,20.8,0
5444,1.06,0.0,50.8,199.5,15.4,0
5445,1.68,0.0,59.4,212.7,11.5,0
5446,0.53,0.026,50.9,222.5,22.5,0
5447,1.41,0.033,61.5,189.6,10.9,0
5448,0.94,0.01,52.5,211.5,14.3,0
5449,1.01,0.04,59.3,210.5,9.7,0
5450,1.32,0.008,53.1,198.5,14.1,0
5451,1.17,0.047,56.7,226.7,7.3,0
5452,1.95,0.017,60.6,179.6,19.2,0
5453,1.44,0.0,53.0,214.8,5.2,0
5454,1.34,0.012,54.9,220.2,17.0,0
5455,1.32,0.04,53.4,198.2,19.1,0
5456,1.01,0.012,60.8,198.8,11.5,0
5457,2.1,0.033,55.0,206.3,19.0,1
5458,1.76,0.016,52.0,221.7,20.6,0
5459,0.91,0.0,55.8,218.1,8.3,0
5460,1.29,0.038,58.5,214.4,12.4,0
5461,0.98,0.016,57.3,218.0,23.2,1
5462,0.66,0.006,55.1,216.4,6.9,0
5463,1.89,0.006,62.5,225.3,24.6,0
5464,0.43,0.043,57.7,212.1,22.8,0
5465,1.59,0.02,47.9,201.3,25.0,0
5466,1.35,0.001,51.8,216.8,10.3,0
5467,0.35,0.019,58.5,218.2,7.3,0
5468,1.28,0.008,60.2,208.8,11.1,0
5469,0.91,0.0,55.8,233.0,24.3,0
5470,1.04,0.031,54.3,206.3,15.4,0
5471,0.87,0.017,57.6,207.4,10.4,0
5472,1.22,0.007,56.9,185.7,13.0,0
5473,1.28,0.023,62.9,215.6,7.2,0
5474,1.46,0.004,48.7,219.7,17.4,0
5475,1.44,0.026,55.6,213.1,7.1,1
5476,1.64,0.02,57.6,196.2,19.9,0
5477,1.59,0.028,56.4,199.9,20.1,0
5478,1.12,0.01,57.1,219.2,22.1,0
5479,1.47,0.013,55.4,187.9,19.5,0
5480,1.01,0.008,52.8,209.3,15.0,0
5481,1.43,0.015,53.0,189.5,10.5,0
5482,1.66,0.021,58.8,219.5,18.4,0
5483,0.85,0.041,58.6,203.4,10.6,1
5484,1.46,0.007,54.6,218.0,18.6,0
5485,1.11,0.018,54.1,193.1,13.0,0
5486,1.31,0.022,57.5,208.6,9.3,0
5487,1.67,0.015,55.9,194.4,14.3,0
5488,1.06,0.011,51.4,218.1,23.2,0
5489,1.1,0.028,56.1,221.1,21.5,0
5490,2.06,0.017,62.0,212.1,12.1,0
5491,0.4,0.006,60.8,234.2,23.5,0
5492,2.05,0.009,56.2,214.9,17.1,0
5493,2.08,0.013,57.6,205.7,24.2,0
5494,0.65,0.019,61.4,218.4,10.0,0
5495,1.94,0.023,54.1,201.5,23.5,0
5496,1.16,0.018,62.6,223.3,25.0,0
5497,0.9,0.035,58.3,215.4,24.6,0
5498,1.35,0.012,60.7,196.7,8.6,0
5499,0.71,0.023,56.1,206.6,13.6,0
5500,1.31,0.011,62.8,230.5,12.9,0
5501,1.66,0.024,64.5,199.3,14.6,0
5502,1.33,0.008,52.8,212.7,19.0,0
5503,1.97,0.042,56.5,198.0,18.1,0
5504,1.29,0.021,57.7,191.4,7.8,0
5505,0.89,0.004,51.9,217.4,12.2,0
5506,1.63,0.029,60.5,205.3,24.8,1
5507,1.0,0.038,62.4,214.0,21.0,0
5508,1.21,0.03,63.6,234.8,18.1,0
5509,1.33,0.046,55.2,214.6,13.1,0
5510,1.58,0.001,58.9,195.3,11.3,0
5511,0.68,0.013,58.3,193.6,24.5,0
5512,1.68,0.0,56.1,219.3,20.8,0
5513,0.87,0.023,60.9,207.7,23.5,0
5514,1.8,0.0,55.2,191.0,7.1,0
5515,0.88,0.017,60.4,221.1,8.1,0
5516,2.05,0.006,58.2,210.8,8.1,0
5517,0.81,0.026,57.3,221.3,19.8,0
5518,1.06,0.028,60.7,204.9,8.8,0
5519,1.56,0.011,62.9,226.2,17.5,0
5520,1.66,0.015,58.4,200.8,8.2,0
5521,1.17,0.032,64.7,229.3,18.1,0
5522,1.75,0.022,48.0,210.9,14.4,0
5523,1.27,0.015,61.4,214.3,22.9,0
5524,1.56,0.021,57.0,204.5,15.7,0
5525,1.2,0.045,58.6,203.5,9.9,0
5526,1.34,0.026,52.4,202.8,13.8,0
5527,1.23,0.028,53.6,194.6,7.1,0
5528,0.46,0.018,57.9,228.3,10.9,0
5529,1.18,0.005,50.6,226.3,9.7,0
5530,0.93,0.0,54.1,205.8,21.3,0
5531,1.79,0.021,59.5,234.3,23.5,1
5532,0.82,0.03,54.9,198.6,17.7,0
5533,0.77,0.046,52.2,197.1,7.3,0
5534,1.49,0.005,55.0,208.6,13.2,0
5535,0.98,0.032,54.0,224.2,18.3,0
5536,1.04,0.015,50.0,199.2,17.5,0
5537,0.82,0.0,56.2,221.5,19.6,0
5538,1.28,0.025,62.5,207.1,17.9,0
5539,1.23,0.028,56.9,219.1,20.1,0
5540,1.04,0.009,64.0,202.2,5.7,0
5541,1.29,0.022,62.7,201.6,5.4,0
5542,0.82,0.05,54.7,213.9,5.6,0
5543,0.52,0.023,63.3,208.6,9.0,0
5544,0.41,0.043,53.8,217.2,9.1,0
5545,1.15,0.008,56.2,217.3,8.9,0
5546,0.99,0.008,61.7,202.7,12.9,0
5547,1.02,0.0,50.8,218.4,9.7,0
5548,1.55,0.003,55.1,221.0,5.7,0
5549,0.99,0.027,61.7,220.2,20.9,0
5550,1.66,0.01,53.4,203.3,7.2,0
5551,1.22,0.018,60.8,197.9,11.5,0
5552,1.4,0.0,60.4,238.6,22.7,0
5553,1.44,0.017,62.1,187.3,18.9,0
5554,1.04,0.018,64.9,216.2,16.9,0
5555,0.76,0.018,52.6,227.8,7.6,0
5556,0.2,0.0,61.8,225.2,11.6,0
5557,0.42,0.019,50.8,204.4,5.4,0
5558,1.32,0.035,63.1,201.5,12.3,0
5559,1.59,0.029,59.3,229.5,8.2,0
5560,0.56,0.032,53.9,232.3,19.4,0
5561,1.27,0.018,63.1,215.7,12.7,0
5562,1.04,0.02,51.1,202.0,13.8,0
5563,1.45,0.023,58.2,213.9,5.5,0
5564,1.45,0.013,60.9,203.9,24.4,0
5565,1.04,0.023,60.8,191.6,6.5,0
5566,1.25,0.041,60.8,219.5,13.3,0
5567,1.34,0.0,56.8,197.9,16.4,0
5568,1.12,0.019,61.1,195.4,13.1,0
5569,0.21,0.01,57.5,201.5,6.4,0
5570,1.21,0.027,50.2,183.0,12.2,0
5571,0.86,0.041,60.6,196.4,19.2,1
5572,0.85,0.037,64.0,226.0,9.7,0
5573,1.15,0.037,59.8,229.7,9.4,0
5574,1.36,0.041,55.9,202.1,7.9,0
5575,0.63,0.012,51.1,230.2,5.2,0
5576,1.34,0.022,60.1,204.8,16.0,0
5577,1.21,0.0,58.8,228.6,12.7,0
5578,1.5,0.003,53.4,218.4,5.2,0
5579,0.94,0.006,57.2,200.4,22.3,0
5580,1.12,0.025,59.6,201.8,22.3,0
5581,1.2,0.021,58.3,188.8,23.9,0
5582,0.79,0.0,56.6,213.8,22.2,0
5583,1.21,0.018,63.1,237.1,11.6,0
5584,0.89,0.036,56.0,200.5,11.0,0
5585,0.88,0.0,53.9,208.1,19.1,0
5586,0.86,0.043,53.6,193.6,21.3,0
5587,1.1,0.007,52.3,226.1,13.5,0
5588,1.18,0.032,54.7,212.3,8.5,0
5589,1.81,0.0,60.3,229.1,8.4,0
5590,1.41,0.0,66.1,211.1,11.7,0
5591,1.15,0.009,58.2,208.3,23.6,0
5592,0.84,0.012,56.1,202.3,20.4,0
5593,0.8,0.032,61.7,203.6,21.7,0
5594,1.52,0.01,57.1,200.8,6.9,0
5595,1.39,0.035,58.5,199.3,9.9,0
5596,1.44,0.0,61.3,209.6,24.9,0
5597,1.49,0.017,55.4,208.6,5.2,0
5598,1.96,0.026,56.5,193.7,14.8,0
5599,1.71,0.0,59.0,209.1,23.7,0
5600,1.55,0.032,63.3,207.0,19.4,0
5601,0.81,0.0,54.2,197.0,9.2,0
5602,0.75,0.023,58.1,191.1,19.4,0
5603,1.61,0.02,56.5,211.7,5.4,0
5604,1.16,0.03,59.4,207.6,9.7,0
5605,2.14,0.017,61.9,213.0,9.1,0
5606,0.91,0.008,53.1,217.6,6.2,0
5607,1.41,0.031,47.3,200.8,9.2,0
5608,1.97,0.024,57.9,209.5,17.6,0
5609,1.02,0.004,56.3,200.7,6.8,0
5610,1.28,0.03,57.3,216.2,17.6,0
5611,0.93,0.029,60.1,208.9,22.5,0
5612,1.34,0.0,54.0,214.0,18.4,0
5613,1.12,0.02,58.4,219.8,13.7,0
5614,1.26,0.014,55.2,216.5,23.9,0
5615,0.8,0.03,61.2,208.6,13.8,0
5616,1.54,0.0,54.0,199.7,7.3,0
5617,1.2,0.032,54.6,224.2,19.7,0
5618,1.06,0.008,62.8,191.4,24.1,0
5619,0.94,0.022,63.3,195.4,8.7,0
5620,1.55,0.0,57.5,201.3,7.9,0
5621,1.31,0.035,54.7,191.3,13.3,0
5622,1.23,0.033,56.3,200.2,5.8,0
5623,1.56,0.048,63.1,202.1,15.5,0
5624,1.31,0.001,51.9,208.9,24.9,0
5625,0.78,0.03,54.5,207.9,8.9,0
5626,0.77,0.003,64.9,205.3,22.8,0
5627,1.23,0.038,55.8,214.3,15.5,0
5628,1.13,0.0,49.2,199.5,6.7,0
5629,0.93,0.02,51.0,208.1,8.1,0
5630,1.73,0.036,62.0,207.5,11.0,0
5631,1.57,0.0,52.5,220.6,24.0,0
5632,1.57,0.018,59.6,213.3,6.7,1
5633,1.51,0.02,58.6,203.2,10.6,0
5634,1.4,0.012,56.7,212.9,11.6,0
5635,1.42,0.025,61.6,203.1,12.5,0
5636,1.61,0.031,56.1,216.1,21.7,0
5637,0.69,0.034,58.8,213.2,9.0,0
5638,0.79,0.035,64.8,213.7,23.8,0
5639,0.73,0.018,52.6,202.9,20.4,0
5640,0.55,0.0,65.6,212.6,22.1,0
5641,0.97,0.04,59.6,221.1,16.1,0
5642,1.87,0.022,54.0,208.0,7.0,0
5643,0.26,0.037,59.9,201.9,11.5,0
5644,0.77,0.028,54.8,214.7,22.6,0
5645,1.4,0.04,54.6,202.6,11.1,0
5646,1.02,0.011,51.0,198.0,15.6,0
5647,1.19,0.059,64.6,191.2,9.9,0
5648,1.18,0.017,52.5,200.6,5.6,0
5649,1.31,0.018,56.6,211.5,11.5,0
5650,1.04,0.048,62.0,213.2,21.0,0
5651,0.89,0.044,64.4,217.3,15.4,0
5652,0.86,0.044,57.3,210.4,15.1,0
5653,0.45,0.003,56.3,216.9,15.5,0
5654,0.55,0.027,50.0,192.2,22.7,0
5655,2.29,0.033,56.2,198.8,24.8,0
5656,1.16,0.015,50.0,206.3,6.2,0
5657,2.18,0.027,55.4,212.0,6.1,0
5658,0.85,0.008,60.4,206.2,12.0,0
5659,1.19,0.021,59.9,203.3,11.9,0
5660,2.09,0.01,56.6,195.1,14.7,0
5661,1.28,0.025,53.8,219.9,19.3,0
5662,1.58,0.007,53.4,190.1,15.2,0
5663,0.86,0.016,55.8,223.8,16.0,0
5664,1.82,0.023,57.4,218.3,7.1,0
5665,1.09,0.0,56.8,199.9,10.8,0
5666,1.36,0.012,53.0,226.1,20.1,0
5667,1.23,0.007,56.3,206.7,9.2,0
5668,0.89,0.046,57.0,219.3,7.1,1
5669,1.44,0.021,55.2,207.4,14.4,0
5670,1.84,0.012,53.1,201.2,7.3,0
5671,1.21,0.02,62.7,207.0,19.9,0
5672,0.92,0.015,53.4,215.4,6.5,0
5673,0.79,0.014,55.9,214.1,13.7,0
5674,1.83,0.0,55.4,194.8,23.3,0
5675,1.94,0.026,60.5,221.8,20.2,0
5676,1.28,0.0,58.8,217.7,24.2,0
5677,0.85,0.038,61.3,229.3,18.0,0
5678,1.28,0.035,58.2,210.7,11.4,1
5679,0.37,0.034,61.8,222.2,19.7,0
5680,1.54,0.035,61.5,206.3,16.9,0
5681,1.64,0.0,62.4,220.2,12.8,0
5682,0.51,0.014,59.1,211.4,21.0,0
5683,0.8,0.013,58.2,214.3,11.0,0
5684,1.0,0.041,62.9,226.4,18.6,0
5685,1.24,0.022,59.8,219.4,23.3,0
5686,0.99,0.021,55.8,194.5,11.8,0
5687,1.45,0.019,65.1,193.5,20.7,0
5688,0.7,0.009,65.3,225.6,18.7,0
5689,1.49,0.017,65.4,219.5,17.5,0
5690,0.89,0.02,62.2,217.8,5.7,0
5691,0.65,0.011,60.5,230.3,21.9,0
5692,0.93,0.029,56.3,226.5,17.5,0
5693,1.44,0.0,55.6,181.8,14.9,0
5694,0.84,0.009,62.8,205.6,8.1,0
5695,1.99,0.007,61.0,209.7,7.4,0
5696,1.11,0.0,54.3,201.1,19.4,0
5697,0.96,0.012,67.1,208.4,8.4,0
5698,1.23,0.03,55.0,224.4,9.6,0
5699,0.89,0.043,64.6,222.2,20.4,0
5700,1.41,0.022,56.1,213.8,22.3,0
5701,1.48,0.004,57.3,211.7,13.0,0
5702,1.27,0.018,64.3,223.8,11.6,0
5703,0.87,0.008,57.2,205.8,10.9,0
5704,0.77,0.04,58.7,211.4,12.7,0
5705,0.55,0.009,63.9,212.9,8.6,0
5706,0.66,0.0,53.3,201.5,24.2,0
5707,1.49,0.02,55.6,218.0,10.7,1
5708,1.18,0.0,59.4,215.2,15.9,0
5709,0.79,0.008,60.4,213.8,20.1,0
5710,1.31,0.01,49.0,221.3,10.6,0
5711,2.07,0.022,55.2,208.2,18.3,0
5712,1.59,0.028,57.7,227.5,18.2,0
5713,1.22,0.031,66.4,227.1,24.4,0
5714,0.71,0.027,59.0,210.1,12.3,1
5715,1.12,0.014,56.5,212.3,12.5,0
5716,2.23,0.019,61.7,181.3,6.7,0
5717,2.07,0.043,53.6,200.1,11.6,0
5718,1.74,0.057,55.0,182.3,15.8,1
5719,1.34,0.013,60.0,223.6,11.3,0
5720,1.04,0.031,53.9,208.5,10.4,0
5721,1.39,0.026,56.8,187.4,8.9,0
5722,0.75,0.038,56.4,202.6,10.1,0
5723,1.54,0.029,52.7,213.8,14.3,0
5724,0.93,0.028,58.0,218.5,15.3,0
5725,1.54,0.009,62.3,201.4,10.9,0
5726,0.72,0.03,57.1,199.6,5.2,0
5727,0.86,0.008,57.6,227.1,6.1,0
5728,1.21,0.033,54.0,205.3,9.7,0
5729,1.53,0.036,65.9,213.6,10.2,0
5730,1.07,0.014,61.7,209.2,14.8,0
5731,0.26,0.008,60.1,233.4,18.2,0
5732,0.35,0.061,61.9,219.6,12.5,0
5733,0.2,0.027,59.9,208.8,22.4,0
5734,1.58,0.008,54.1,205.5,5.4,0
5735,1.93,0.005,53.9,193.3,13.0,0
5736,1.62,0.0,59.4,208.6,12.9,0
5737,1.49,0.028,50.8,225.6,6.4,0
5738,1.74,0.03,60.5,197.5,11.3,0
5739,1.76,0.01,59.5,223.6,6.4,1
5740,1.36,0.009,64.6,207.2,11.4,0
5741,1.67,0.025,55.2,201.1,6.7,0
5742,1.46,0.015,61.7,199.7,21.2,0
5743,1.63,0.032,58.1,207.1,18.3,0
5744,0.53,0.012,57.3,213.7,17.3,0
5745,1.24,0.034,60.4,233.1,22.2,1
5746,1.44,0.004,50.1,227.9,23.6,0
5747,0.36,0.037,51.6,197.0,21.2,0
5748,0.67,0.024,56.2,211.3,7.8,0
5749,1.14,0.044,55.0,203.5,15.9,0
5750,1.18,0.007,56.2,191.1,23.7,0
5751,0.73,0.028,59.5,214.3,20.9,0
5752,1.01,0.03,58.9,194.6,7.2,0
5753,1.31,0.041,55.2,202.6,23.5,0
5754,1.41,0.027,65.9,205.7,7.8,0
5755,1.73,0.015,67.9,221.6,12.5,0
5756,0.62,0.022,61.1,188.2,18.9,0
5757,1.69,0.0,52.7,212.9,7.7,0
5758,0.97,0.0,60.1,207.9,6.5,0
5759,0.36,0.0,52.4,216.4,23.1,0
5760,1.52,0.007,54.5,224.0,11.4,0
5761,1.28,0.001,59.2,211.0,11.9,0
5762,1.52,0.005,55.9,217.6,17.1,0
5763,0.71,0.021,56.3,220.9,5.3,0
5764,0.87,0.0,61.3,203.8,23.9,0
5765,1.0,0.037,65.6,213.3,6.4,0
5766,1.52,0.013,51.5,209.7,20.6,0
5767,0.56,0.034,67.6,201.1,8.1,0
5768,1.44,0.028,61.3,205.4,15.8,0
5769,1.06,0.021,62.1,217.6,18.5,0
5770,1.27,0.007,66.0,202.0,20.1,0
5771,1.42,0.029,56.5,223.4,22.2,0
5772,0.82,0.023,62.3,213.3,9.8,0
5773,1.5,0.031,57.4,212.3,21.7,1
5774,1.79,0.027,55.2,214.7,15.9,0
5775,1.33,0.027,58.2,197.1,16.2,0
5776,1.55,0.027,56.8,209.9,12.1,0
5777,0.99,0.031,48.2,229.4,16.1,0
5778,0.47,0.027,58.8,205.0,12.9,0
5779,1.54,0.029,52.2,198.9,9.4,0
5780,0.81,0.021,59.0,201.5,14.6,0
5781,1.08,0.028,60.1,201.8,9.1,0
5782,1.72,0.016,58.4,195.9,22.7,0
5783,1.23,0.011,55.0,207.1,23.3,0
5784,1.66,0.001,60.3,194.7,24.7,0
5785,1.92,0.012,65.9,223.5,24.0,0
5786,1.45,0.007,59.9,202.1,24.2,0
5787,1.25,0.017,61.3,203.5,6.8,0
5788,2.07,0.023,52.3,203.1,15.2,0
5789,0.51,0.022,56.8,218.7,11.1,0
5790,1.35,0.002,58.2,220.6,19.0,0
5791,0.99,0.013,63.4,209.7,5.1,0
5792,1.9,0.009,58.9,210.0,10.6,0
5793,1.07,0.018,59.9,222.6,6.0,0
5794,1.32,0.019,64.5,204.4,23.0,0
5795,1.84,0.033,60.3,224.3,14.7,0
5796,1.25,0.026,50.1,220.9,12.4,0
5797,1.18,0.0,61.2,203.4,24.4,0
5798,0.95,0.023,62.6,232.0,12.7,0
5799,0.74,0.025,52.8,209.7,20.6,0
5800,0.55,0.021,55.3,227.7,11.0,0
5801,1.37,0.034,58.2,216.9,5.9,0
5802,0.46,0.035,56.2,237.0,16.8,0
5803,0.67,0.03,54.3,214.1,22.8,0
5804,1.19,0.013,59.1,233.6,9.5,0
5805,1.11,0.012,56.5,202.1,21.6,0
5806,1.45,0.011,63.1,198.0,11.3,0
5807,0.89,0.026,67.0,202.8,11.8,0
5808,2.1,0.045,56.3,203.7,17.3,1
5809,1.19,0.029,46.5,209.9,10.1,0
5810,1.27,0.04,58.1,216.3,20.3,0
5811,1.66,0.014,55.5,211.5,19.0,0
5812,1.09,0.017,57.9,229.1,12.7,0
5813,1.23,0.025,53.6,185.2,18.4,0
5814,1.31,0.035,57.2,220.5,17.0,0
5815,0.9,0.022,66.8,187.9,6.6,0
5816,0.97,0.025,55.4,200.8,8.6,0
5817,1.2,0.037,57.9,222.9,11.4,0
5818,1.09,0.002,49.3,195.7,24.1,0
5819,1.07,0.043,59.3,249.2,11.7,1
5820,0.44,0.01,60.2,226.3,22.9,0
5821,1.22,0.0,58.8,215.9,14.0,0
5822,0.33,0.018,54.4,195.5,7.1,0
5823,1.3,0.038,55.9,189.7,7.0,1
5824,1.2,0.036,61.0,215.5,10.6,0
5825,1.14,0.0,63.4,219.0,24.7,0
5826,1.23,0.03,55.8,213.4,16.9,0
5827,1.39,0.039,61.9,180.3,10.8,1
5828,0.86,0.016,57.0,211.0,13.8,0
5829,0.96,0.011,59.6,208.0,6.9,0
5830,1.76,0.015,53.8,212.3,17.2,0
5831,0.8,0.016,58.0,224.3,15.6,0
5832,0.98,0.011,63.8,194.0,20.0,0
5833,1.25,0.028,58.7,203.9,9.3,0
5834,1.15,0.022,65.1,209.1,15.7,0
5835,1.26,0.0,63.9,200.3,10.2,0
5836,1.27,0.024,55.1,224.1,23.4,0
5837,0.98,0.049,57.4,207.0,19.4,1
5838,1.28,0.006,56.3,201.4,13.6,0
5839,2.04,0.0,51.2,238.6,5.6,0
5840,1.35,0.0,62.3,212.9,23.3,0
5841,1.25,0.028,65.0,208.3,14.7,0
5842,1.19,0.006,63.9,198.3,13.3,0
5843,0.9,0.043,57.5,184.1,8.4,1
5844,1.65,0.009,58.7,222.2,23.2,0
5845,1.28,0.016,51.6,219.6,7.6,0
5846,0.63,0.01,52.6,215.9,19.1,0
5847,1.24,0.001,65.0,226.9,11.6,0
5848,1.41,0.0,60.9,220.5,22.8,0
5849,1.0,0.0,56.8,205.5,21.6,0
5850,1.21,0.003,60.1,180.5,24.5,0
5851,0.7,0.003,54.5,232.8,19.7,0
5852,1.18,0.021,61.8,210.4,18.6,0
5853,1.32,0.016,58.8,208.3,12.6,0
5854,1.67,0.043,52.3,215.3,13.4,0
5855,1.28,0.051,56.4,226.4,11.5,1
5856,0.9,0.018,59.0,214.8,18.2,0
5857,0.89,0.018,66.4,223.8,11.6,0
5858,1.93,0.042,61.7,213.4,23.1,1
5859,1.22,0.018,58.0,202.0,18.2,0
5860,1.1,0.015,56.0,214.4,24.7,0
5861,1.81,0.004,58.1,188.6,7.4,0
5862,1.8,0.032,54.8,195.8,15.6,0
5863,1.67,0.043,53.1,227.2,14.7,0
5864,1.2,0.022,59.7,193.0,19.5,0
5865,1.02,0.0,61.5,214.7,12.5,0
5866,1.27,0.02,57.7,198.8,22.1,0
5867,0.37,0.062,57.9,220.1,11.8,0
5868,1.03,0.035,60.7,210.4,21.4,0
5869,1.87,0.039,54.6,214.1,11.6,0
5870,1.08,0.022,61.7,219.0,8.1,0
5871,1.42,0.019,57.3,219.3,15.6,0
5872,1.5,0.038,59.0,212.6,17.3,0
5873,0.3,0.012,50.2,200.1,16.3,0
5874,1.83,0.0,57.9,210.4,23.1,0
5875,0.57,0.017,63.3,211.1,22.5,0
5876,0.71,0.027,53.9,201.8,9.8,0
5877,0.85,0.0,57.9,209.1,17.9,0
5878,1.61,0.049,62.0,222.0,13.6,0
5879,1.71,0.004,65.0,225.4,13.4,0
5880,0.41,0.03,54.2,213.5,19.2,0
5881,1.74,0.021,62.1,228.9,15.7,0
5882,1.42,0.0,61.0,213.8,9.9,0
5883,1.13,0.019,56.2,217.4,18.5,0
5884,1.47,0.037,63.5,209.4,9.3,0
5885,0.77,0.009,61.4,218.5,21.8,0
5886,1.61,0.027,59.1,196.4,17.4,0
5887,1.96,0.025,62.3,193.3,22.9,0
5888,0.5,0.003,59.9,205.7,10.2,0
5889,1.18,0.011,53.6,216.4,17.5,0
5890,0.94,0.023,65.4,195.5,7.7,0
5891,1.03,0.013,61.4,193.0,6.1,0
5892,1.29,0.006,54.3,219.0,18.3,0
5893,1.5,0.024,62.2,202.8,22.6,0
5894,1.62,0.023,58.2,207.4,23.1,0
5895,1.77,0.038,53.2,208.4,20.4,0
5896,0.83,0.036,61.5,211.0,14.6,0
5897,1.33,0.056,58.1,214.6,13.8,1
5898,1.45,0.002,60.7,206.3,19.3,0
5899,0.96,0.034,62.5,200.1,8.0,0
5900,1.68,0.008,58.6,204.1,7.0,0
5901,1.59,0.018,54.9,201.6,10.8,0
5902,1.12,0.0,54.8,199.0,21.5,0
5903,0.54,0.02,61.6,209.8,12.3,0
5904,2.16,0.033,53.1,217.7,14.9,0
5905,0.61,0.016,59.6,195.0,11.5,0
5906,1.9,0.03,59.6,209.8,6.5,1
5907,0.85,0.032,55.1,206.2,6.4,0
5908,1.31,0.023,58.3,225.4,8.0,0
5909,1.39,0.024,58.2,200.8,16.1,0
5910,0.87,0.009,54.1,211.8,23.1,0
5911,0.77,0.0,58.2,220.5,9.1,0
5912,1.34,0.028,57.3,215.3,23.2,0
5913,1.25,0.02,49.4,226.6,21.2,0
5914,0.98,0.0,61.7,229.5,6.6,0
5915,1.15,0.012,55.3,212.0,19.3,0
5916,0.72,0.024,62.7,187.1,7.9,0
5917,0.94,0.011,58.0,216.8,14.1,0
5918,0.7,0.024,63.8,210.4,21.8,0
5919,1.29,0.008,57.2,194.2,13.8,0
5920,0.73,0.005,58.3,220.7,14.9,0
5921,1.12,0.038,62.6,202.2,13.3,0
5922,1.78,0.026,53.1,234.1,15.4,0
5923,1.61,0.0,60.1,240.1,8.4,0
5924,1.3,0.04,57.2,218.6,6.4,0
5925,1.63,0.017,56.1,225.0,24.1,0
5926,0.62,0.0,57.7,213.7,17.5,0
5927,0.62,0.009,54.1,217.6,22.0,0
5928,0.68,0.014,61.9,205.2,20.1,0
5929,1.27,0.004,61.3,207.2,12.7,0
5930,0.95,0.001,53.3,195.7,18.6,0
5931,0.49,0.024,63.0,214.8,17.2,0
5932,1.57,0.025,57.6,191.2,24.7,1
5933,1.5,0.027,58.8,215.6,21.8,0
5934,1.17,0.021,52.9,213.7,16.8,0
5935,1.88,0.008,63.2,220.5,9.5,0
5936,1.42,0.0,54.4,219.4,19.4,0
5937,1.1,0.038,56.6,216.7,10.9,0
5938,0.58,0.009,45.7,210.6,16.6,0
5939,1.29,0.019,57.1,200.5,21.5,0
5940,1.24,0.021,55.7,205.2,6.5,0
5941,0.56,0.026,58.8,199.3,10.4,0
5942,1.45,0.007,56.2,207.5,17.2,0
5943,0.95,0.0,51.2,226.5,21.9,0
5944,1.06,0.025,56.1,222.0,18.2,0
5945,1.03,0.025,53.7,225.8,5.0,0
5946,1.03,0.038,68.5,213.5,21.2,0
5947,1.31,0.028,61.2,220.7,11.5,0
5948,1.25,0.03,58.5,223.6,9.9,0
5949,1.63,0.03,62.5,213.6,11.5,0
5950,0.86,0.035,67.4,213.6,11.7,0
5951,1.28,0.011,52.1,205.6,11.1,0
5952,1.21,0.04,54.5,206.6,23.5,0
5953,0.76,0.027,63.7,197.2,23.6,0
5954,1.14,0.008,58.4,228.2,16.8,0
5955,0.82,0.023,61.3,213.4,14.1,0
5956,0.95,0.005,59.3,220.8,14.9,0
5957,1.4,0.041,52.2,187.4,6.7,0
5958,1.26,0.018,59.4,199.7,22.7,1
5959,1.81,0.025,57.3,218.4,10.0,0
5960,1.02,0.043,61.2,197.0,13.6,0
5961,1.32,0.018,58.9,223.4,16.0,0
5962,1.13,0.018,61.7,198.8,23.2,0
5963,0.97,0.01,54.3,201.4,15.4,0
5964,0.8,0.029,50.8,199.7,19.1,0
5965,1.69,0.037,53.7,200.0,11.8,0
5966,0.61,0.015,59.3,218.2,18.8,0
5967,2.04,0.038,56.7,219.9,20.3,1
5968,1.22,0.035,57.4,219.9,10.4,1
5969,0.3,0.021,64.6,216.5,15.1,0
5970,1.27,0.0,60.5,207.7,22.7,0
5971,1.54,0.0,58.6,193.1,5.7,0
5972,1.15,0.01,56.2,215.0,8.6,0
5973,2.57,0.027,59.1,204.6,23.6,1
5974,1.23,0.037,62.3,213.6,5.2,0
5975,0.91,0.01,61.3,196.5,14.4,0
5976,0.56,0.021,52.6,215.4,10.3,0
5977,0.94,0.017,61.7,204.4,22.8,0
5978,1.48,0.0,56.0,215.3,19.1,0
5979,1.06,0.029,55.7,224.0,12.8,0
5980,0.78,0.022,57.6,217.3,12.6,0
5981,1.05,0.033,66.3,209.5,12.7,0
5982,1.07,0.024,60.4,225.5,9.5,0
5983,0.99,0.003,62.3,201.0,13.3,0
5984,2.21,0.021,62.2,192.0,18.9,0
5985,1.3,0.034,67.6,217.1,10.1,0
5986,2.07,0.039,55.4,221.1,23.0,1
5987,0.52,0.006,54.4,221.0,22.7,0
5988,1.14,0.02,61.0,192.0,6.2,0
5989,1.39,0.02,60.9,210.9,16.9,0
5990,1.26,0.042,60.4,204.8,12.0,1
5991,1.02,0.031,59.5,213.9,19.7,0
5992,0.83,0.026,62.6,215.1,18.2,0
5993,1.36,0.018,59.9,216.4,13.8,0
5994,1.33,0.043,60.1,215.5,6.2,0
5995,1.83,0.016,57.0,210.1,23.8,0
5996,1.56,0.039,59.5,215.7,22.7,0
5997,1.17,0.003,57.5,207.2,20.8,0
5998,1.39,0.037,67.2,212.5,24.9,0
5999,1.1,0.012,56.6,195.4,13.8,0
6000,1.23,0.008,57.9,200.2,17.3,0
6001,2.21,0.021,62.2,208.3,20.5,0
6002,0.73,0.031,59.9,226.9,20.9,1
6003,0.65,0.022,53.7,196.1,15.5,0
6004,1.84,0.001,59.4,222.5,20.1,0
6005,1.06,0.041,49.5,213.1,6.8,0
6006,0.91,0.02,55.9,227.3,21.3,1
6007,1.49,0.009,59.4,205.0,19.7,0
6008,0.95,0.028,61.3,206.8,11.8,0
6009,0.81,0.013,59.1,221.4,15.9,0
6010,1.29,0.035,56.3,216.0,5.9,0
6011,1.8,0.005,52.7,225.2,21.5,0
6012,1.58,0.0,51.9,213.1,9.0,0
6013,1.05,0.028,56.7,220.9,12.2,0
6014,1.36,0.019,52.0,204.1,14.3,0
6015,1.24,0.022,54.9,213.4,14.9,0
6016,0.72,0.013,56.0,210.8,15.3,0
6017,0.92,0.029,47.7,216.0,7.9,0
6018,1.51,0.0,56.3,195.5,19.8,0
6019,1.84,0.034,56.0,200.5,9.5,0
6020,1.75,0.018,55.4,211.3,9.4,0
6021,1.42,0.013,56.2,204.4,22.0,0
6022,1.39,0.02,60.1,220.6,17.1,0
6023,0.81,0.0,59.4,209.0,23.8,0
6024,1.6,0.02,59.6,225.7,9.9,0
6025,1.33,0.0,63.0,227.5,8.9,0
6026,1.04,0.009,57.8,218.3,16.9,0
6027,0.97,0.02,60.9,220.7,24.7,0
6028,0.94,0.018,57.4,210.0,18.6,0
6029,1.09,0.026,59.8,205.5,13.9,0
6030,1.52,0.025,59.3,224.4,24.4,0
6031,1.77,0.046,58.7,200.3,10.7,0
6032,1.23,0.037,59.5,212.5,8.7,0
6033,1.11,0.0,58.8,197.8,19.7,0
6034,1.69,0.0,57.9,222.3,8.5,0
6035,1.42,0.027,58.1,211.7,6.0,0
6036,0.6,0.0,54.7,204.8,5.3,0
6037,1.22,0.008,57.3,213.0,17.4,0
6038,2.15,0.024,57.2,216.2,24.2,0
6039,1.08,0.032,56.6,196.9,13.6,1
6040,0.89,0.018,60.5,215.2,21.7,0
6041,1.47,0.013,62.5,212.3,8.9,0
6042,1.47,0.014,65.6,223.2,6.7,0
6043,0.4,0.035,61.5,231.6,15.8,0
6044,0.92,0.03,63.2,201.6,6.7,0
6045,0.51,0.021,63.5,211.3,16.6,0
6046,1.61,0.03,57.9,208.3,15.8,0
6047,0.56,0.03,62.5,224.0,24.2,0
6048,0.95,0.023,55.2,209.1,16.1,0
6049,1.49,0.018,67.9,191.8,19.2,0
6050,1.13,0.026,56.0,209.0,7.8,0
6051,1.4,0.044,61.6,212.6,22.1,1
6052,1.19,0.031,62.2,203.7,17.4,0
6053,1.11,0.028,56.9,227.6,7.3,0
6054,0.75,0.054,53.9,212.5,20.1,0
6055,1.06,0.0,54.7,194.7,17.9,0
6056,1.21,0.023,57.7,217.6,10.4,0
6057,1.53,0.022,62.4,206.1,11.1,0
6058,0.41,0.01,63.1,217.1,13.8,0
6059,1.75,0.0,56.8,215.2,7.9,0
6060,1.46,0.022,59.8,202.9,8.5,0
6061,0.82,0.009,55.7,207.5,15.8,0
6062,1.83,0.003,59.1,206.9,14.7,0
6063,1.17,0.038,54.2,195.5,12.8,0
6064,0.68,0.018,59.2,192.0,17.4,0
6065,0.75,0.0,57.5,197.3,14.1,0
6066,1.4,0.025,58.3,224.2,13.6,0
6067,1.22,0.009,60.1,200.3,7.7,0
6068,1.23,0.0,54.0,206.2,7.1,0
6069,0.75,0.011,62.4,219.2,7.5,0
6070,0.81,0.034,52.0,192.2,16.3,0
6071,1.03,0.002,57.4,244.3,13.3,0
6072,1.11,0.02,58.7,212.3,20.3,0
6073,1.63,0.02,62.6,213.1,16.0,0
6074,1.3,0.021,54.3,207.6,11.6,0
6075,1.42,0.036,51.1,226.3,10.0,0
6076,0.57,0.002,61.1,223.3,17.1,0
6077,1.23,0.027,58.7,217.3,18.3,0
6078,1.16,0.031,60.0,233.1,20.1,0
6079,1.77,0.001,57.3,186.4,17.1,0
6080,0.87,0.021,63.3,210.0,22.3,0
6081,1.26,0.022,59.8,208.1,24.5,0
6082,1.23,0.019,53.4,198.4,20.9,0
6083,1.62,0.046,61.2,216.3,8.0,0
6084,1.89,0.01,64.5,213.9,22.2,0
6085,1.25,0.009,60.3,200.4,14.6,0
6086,1.32,0.002,58.5,206.6,12.1,0
6087,1.01,0.022,60.3,230.2,8.9,0
6088,0.4,0.016,55.6,198.3,23.3,0
6089,0.96,0.012,59.3,181.1,10.8,0
6090,1.15,0.043,63.9,223.4,10.5,0
6091,1.4,0.014,57.4,184.9,6.7,0
6092,0.36,0.014,57.3,216.4,12.8,0
6093,1.12,0.0,58.4,222.3,12.2,0
6094,1.58,0.031,52.7,204.7,15.1,0
6095,1.19,0.032,59.6,208.0,16.4,0
6096,0.96,0.038,61.0,217.6,11.0,0
6097,1.6,0.014,55.4,207.6,22.4,0
6098,1.48,0.0,56.1,207.2,11.1,0
6099,0.63,0.028,50.2,205.7,18.0,0
6100,0.47,0.013,53.0,201.4,23.0,0
6101,1.12,0.024,55.4,230.8,23.0,0
6102,1.53,0.009,60.7,197.2,12.7,0
6103,0.88,0.025,56.0,205.3,22.7,0
6104,1.46,0.023,64.4,207.3,5.5,0
6105,1.4,0.02,61.1,221.8,9.0,0
6106,0.63,0.015,48.9,188.8,5.6,0
6107,1.22,0.036,58.5,197.0,18.6,0
6108,0.72,0.027,55.2,216.1,17.9,0
6109,0.98,0.017,60.7,217.1,9.8,0
6110,1.48,0.055,61.9,215.2,8.4,1
6111,2.36,0.029,54.0,215.7,23.6,0
6112,1.37,0.026,59.4,198.0,15.5,0
6113,0.2,0.019,59.9,199.0,18.2,0
6114,1.3,0.013,53.8,219.7,20.4,0
6115,1.32,0.005,58.3,205.4,15.8,0
6116,1.27,0.034,60.5,210.1,22.1,0
6117,0.83,0.01,60.9,214.6,5.7,0
6118,1.38,0.01,60.8,212.6,6.0,0
6119,0.75,0.036,64.5,203.2,8.7,0
6120,0.5,0.0,52.0,224.2,19.3,0
6121,0.91,0.016,56.7,192.0,13.4,0
6122,1.14,0.023,54.0,200.2,23.3,0
6123,1.12,0.001,65.8,228.1,17.0,0
6124,1.76,0.031,55.2,217.5,7.8,0
6125,1.61,0.041,56.9,204.5,24.1,1
6126,0.93,0.0,55.1,205.0,19.5,0
6127,1.48,0.038,63.5,226.7,7.2,0
6128,0.92,0.031,58.7,192.8,17.0,0
6129,1.72,0.018,57.8,200.9,15.9,0
6130,0.83,0.016,64.3,211.8,8.9,0
6131,2.0,0.042,58.1,234.4,13.1,0
6132,1.59,0.033,57.2,218.2,11.3,0
6133,1.33,0.023,58.4,196.0,17.0,0
6134,1.12,0.003,57.7,190.6,5.2,0
6135,1.11,0.034,58.8,217.4,8.5,0
6136,1.14,0.022,61.6,222.1,24.1,0
6137,1.38,0.0,55.8,196.1,13.5,0
6138,1.01,0.017,59.0,221.9,11.0,0
6139,0.9,0.008,55.0,204.5,19.1,0
6140,1.75,0.01,52.4,211.1,21.9,0
6141,1.16,0.032,46.0,209.1,8.1,0
6142,0.39,0.018,62.1,183.8,21.2,0
6143,0.55,0.033,61.1,216.3,15.4,0
6144,1.53,0.028,66.4,218.5,11.7,0
6145,1.06,0.007,52.9,211.1,20.5,0
6146,1.36,0.034,57.2,214.0,13.0,0
6147,1.19,0.009,55.0,202.4,14.5,0
6148,1.56,0.031,55.4,202.0,18.8,0
6149,1.22,0.016,58.6,210.8,19.0,0
6150,1.47,0.033,58.2,212.8,13.0,0
6151,0.59,0.036,54.6,202.0,7.5,0
6152,1.21,0.006,55.7,215.3,6.5,0
6153,0.91,0.021,55.1,222.8,11.0,0
6154,0.59,0.056,66.9,197.3,18.6,0
6155,1.09,0.011,59.8,208.9,6.5,0
6156,1.64,0.02,45.4,214.2,22.1,0
6157,1.57,0.018,57.5,220.0,11.5,0
6158,1.45,0.015,60.0,220.2,18.9,0
6159,0.87,0.009,60.3,232.6,5.9,0
6160,1.28,0.016,55.1,226.9,10.2,0
6161,0.79,0.026,51.3,216.4,8.8,0
6162,0.97,0.023,58.7,188.8,15.2,0
6163,2.0,0.0,61.7,208.0,22.1,0
6164,0.74,0.011,57.6,215.7,15.8,0
6165,1.3,0.035,56.0,189.6,22.5,0
6166,0.43,0.032,56.4,209.3,12.0,0
6167,0.74,0.017,55.4,229.5,16.2,0
6168,1.0,0.025,57.9,211.0,20.6,0
6169,1.04,0.007,61.3,211.1,13.3,0
6170,1.32,0.0,56.4,192.1,22.8,0
6171,0.81,0.011,58.1,195.3,22.3,0
6172,1.38,0.009,61.7,196.1,8.3,0
6173,0.91,0.012,55.8,214.4,8.6,0
6174,1.43,0.033,59.7,195.9,13.0,0
6175,0.47,0.02,56.7,224.3,24.4,0
6176,1.03,0.024,58.2,193.9,14.8,0
6177,1.48,0.006,54.7,218.1,25.0,0
6178,1.14,0.007,67.5,207.0,14.3,0
6179,0.65,0.025,56.1,205.7,12.7,0
6180,1.74,0.031,51.5,217.5,5.2,0
6181,0.97,0.001,58.9,191.3,15.2,0
6182,1.63,0.033,60.9,226.4,6.2,0
6183,1.68,0.049,48.0,203.6,11.9,0
6184,1.39,0.038,58.4,222.7,18.1,0
6185,1.31,0.031,58.1,198.4,13.9,0
6186,0.99,0.01,53.8,214.2,9.7,0
6187,1.48,0.004,53.1,210.9,22.0,0
6188,0.62,0.016,69.2,194.8,11.3,0
6189,0.77,0.017,60.3,188.8,19.8,0
6190,0.69,0.045,55.3,212.9,5.0,0
6191,0.9,0.024,55.5,216.9,17.6,0
6192,1.78,0.039,56.7,214.3,18.2,0
6193,0.6,0.025,57.8,207.1,19.4,0
6194,0.6,0.002,59.7,217.8,19.1,0
6195,1.4,0.027,57.6,206.5,14.0,1
6196,1.23,0.021,62.0,211.4,22.5,0
6197,0.72,0.032,55.7,202.8,6.2,0
6198,0.89,0.004,60.6,198.7,7.7,0
6199,1.02,0.0,57.9,191.0,22.5,0
6200,1.37,0.015,59.2,202.9,14.1,0
6201,1.09,0.028,58.7,209.9,20.0,0
6202,1.74,0.006,59.1,208.8,13.9,0
6203,1.38,0.031,60.2,207.3,10.5,0
6204,1.27,0.011,59.2,236.0,18.7,0
6205,0.89,0.026,63.0,217.0,8.9,0
6206,0.56,0.009,60.5,217.6,9.6,0
6207,1.01,0.028,61.0,203.4,22.1,0
6208,0.2,0.019,52.6,208.0,23.2,0
6209,0.95,0.046,53.9,185.9,15.4,0
6210,1.85,0.025,59.2,198.6,15.3,0
6211,1.63,0.023,52.1,198.9,21.9,0
6212,1.4,0.028,56.4,239.3,19.0,1
6213,1.11,0.002,58.5,202.7,8.4,0
6214,1.61,0.037,57.6,226.9,11.0,1
6215,1.39,0.018,51.0,191.0,19.2,0
6216,0.81,0.0,57.8,238.8,12.8,0
6217,1.53,0.0,57.9,179.0,7.5,0
6218,1.23,0.012,59.4,199.7,6.9,0
6219,1.0,0.012,67.4,199.9,13.6,0
6220,1.13,0.038,63.5,230.1,20.6,0
6221,1.2,0.053,60.2,199.9,21.7,0
6222,1.01,0.043,52.8,209.5,19.3,0
6223,1.07,0.017,63.9,202.3,11.2,0
6224,0.96,0.0,54.3,193.1,20.9,0
6225,0.89,0.079,61.7,206.2,21.0,1
6226,1.36,0.013,48.2,233.9,15.3,0
6227,1.31,0.015,53.8,229.7,11.0,0
6228,1.42,0.03,54.5,208.4,17.2,0
6229,0.38,0.018,57.4,219.3,13.5,0
6230,0.98,0.012,60.2,191.1,10.1,0
6231,2.05,0.0,53.7,218.6,11.7,0
6232,0.86,0.0,53.2,226.1,22.9,0
6233,1.22,0.02,58.4,212.4,9.2,1
6234,1.1,0.055,59.6,193.7,20.7,0
6235,1.39,0.015,61.3,214.9,24.8,0
6236,1.29,0.042,60.8,211.7,7.7,0
6237,0.55,0.039,55.2,237.2,15.3,0
6238,1.45,0.003,56.1,231.3,12.0,0
6239,1.77,0.023,68.2,207.7,17.4,0
6240,0.93,0.005,55.9,232.5,21.0,0
6241,1.34,0.0,53.3,195.0,14.4,0
6242,1.69,0.027,61.5,205.7,21.5,1
6243,1.77,0.038,59.8,198.1,15.6,0
6244,1.63,0.002,61.8,214.1,17.6,0
6245,1.02,0.006,55.8,198.1,6.2,0
6246,1.67,0.009,60.2,206.3,12.6,0
6247,1.02,0.03,56.3,183.9,16.7,0
6248,1.07,0.0,58.4,219.1,24.6,0
6249,1.16,0.014,63.0,229.6,14.9,0
6250,1.54,0.02,59.8,212.1,20.2,0
6251,1.15,0.003,58.7,192.2,6.8,0
6252,0.95,0.022,58.1,212.9,20.3,0
6253,1.06,0.049,59.3,218.8,5.1,0
6254,0.86,0.01,60.8,201.6,8.3,0
6255,0.72,0.026,57.4,212.3,20.5,0
6256,1.32,0.032,46.5,201.2,19.3,0
6257,1.27,0.007,56.0,202.4,23.6,0
6258,0.67,0.028,45.6,216.4,6.1,0
6259,1.17,0.001,59.0,221.6,13.1,0
6260,0.89,0.019,65.0,221.9,21.7,0
6261,0.68,0.008,58.2,207.9,23.9,0
6262,1.04,0.042,60.7,194.8,12.8,0
6263,1.48,0.026,59.1,235.6,6.5,0
6264,1.26,0.043,58.9,200.7,9.2,1
6265,2.38,0.022,65.9,212.9,12.0,0
6266,1.05,0.005,54.9,224.6,17.2,0
6267,1.43,0.006,56.7,208.4,10.7,0
6268,1.36,0.018,54.2,210.0,7.5,0
6269,0.25,0.035,61.0,204.1,21.7,0
6270,1.99,0.013,62.0,224.3,21.0,0
6271,1.65,0.013,57.7,209.8,24.2,0
6272,0.7,0.056,59.9,219.8,7.8,1
6273,0.68,0.033,65.2,224.2,8.4,0
6274,1.01,0.023,64.8,194.3,8.6,0
6275,0.93,0.027,58.8,210.1,7.2,0
6276,1.25,0.025,57.9,193.4,14.4,0
6277,1.59,0.065,64.3,201.5,11.1,0
6278,1.32,0.023,58.9,200.0,6.3,0
6279,1.01,0.045,60.2,222.1,16.5,0
6280,1.0,0.012,57.8,204.5,17.0,0
6281,1.07,0.053,65.3,200.2,22.5,0
6282,1.39,0.026,54.4,201.2,13.2,0
6283,0.92,0.044,59.3,217.7,11.8,0
6284,0.86,0.041,62.9,242.4,17.1,0
6285,1.03,0.012,63.5,210.7,5.2,0
6286,1.58,0.029,57.4,193.6,21.9,0
6287,0.88,0.02,51.6,206.1,18.2,0
6288,0.2,0.003,59.5,192.9,15.6,0
6289,0.46,0.032,59.0,182.5,19.6,0
6290,1.3,0.008,63.6,193.5,17.8,0
6291,1.02,0.048,63.0,227.6,17.7,0
6292,1.67,0.026,63.8,207.0,9.3,0
6293,0.39,0.012,62.0,216.5,10.4,0
6294,1.38,0.0,52.8,229.5,7.7,0
6295,1.07,0.0,51.6,212.2,15.7,0
6296,1.46,0.022,52.6,201.5,18.7,0
6297,1.09,0.0,66.1,220.5,11.2,0
6298,1.83,0.001,61.1,212.7,23.3,0
6299,1.17,0.048,52.2,202.9,23.9,0
6300,1.89,0.036,52.7,198.4,15.7,0
6301,1.63,0.01,65.1,204.1,24.9,0
6302,0.88,0.022,57.6,221.8,5.6,0
6303,1.21,0.008,62.3,242.9,13.3,0
6304,0.81,0.024,54.5,199.9,13.7,0
6305,1.76,0.024,59.3,211.2,8.3,0
6306,0.97,0.002,62.2,217.5,20.2,0
6307,1.12,0.013,60.5,211.5,14.7,0
6308,1.78,0.029,57.4,207.2,20.2,0
6309,0.67,0.011,52.4,180.2,12.6,0
6310,0.35,0.0,59.9,217.7,21.4,0
6311,0.44,0.041,60.4,213.2,22.8,0
6312,1.88,0.048,53.6,193.9,14.8,0
6313,1.68,0.023,58.5,214.4,14.5,0
6314,1.09,0.014,63.5,206.9,23.4,0
6315,0.46,0.026,50.1,216.0,16.4,0
6316,1.62,0.007,64.5,201.2,14.9,0
6317,0.78,0.009,56.3,216.4,16.5,0
6318,1.4,0.032,58.3,213.2,20.2,0
6319,0.63,0.0,58.1,216.7,21.0,0
6320,1.88,0.024,61.0,203.5,14.9,0
6321,1.27,0.018,60.5,196.1,10.2,0
6322,1.85,0.036,53.9,219.0,22.4,0
6323,1.13,0.023,53.6,223.1,24.5,0
6324,0.79,0.0,54.6,196.2,6.8,0
6325,1.47,0.041,64.6,188.4,14.2,0
6326,1.4,0.03,56.7,222.0,11.7,0
6327,1.72,0.025,55.9,223.8,14.7,0
6328,0.89,0.0,57.2,216.5,10.1,0
6329,1.34,0.0,53.0,231.9,10.9,0
6330,0.75,0.034,58.8,229.4,10.4,1
6331,0.2,0.021,54.6,212.2,22.2,0
6332,0.21,0.031,62.5,218.9,16.9,0
6333,1.83,0.033,55.1,213.2,5.8,0
6334,0.2,0.01,53.6,217.2,23.1,0
6335,1.27,0.029,60.2,223.2,12.4,0
6336,1.13,0.024,62.8,204.0,21.7,0
6337,1.08,0.035,57.8,208.1,17.4,0
6338,1.29,0.012,60.2,211.1,21.6,0
6339,1.24,0.001,57.8,214.0,9.1,0
6340,0.88,0.022,56.6,205.4,22.2,0
6341,1.28,0.03,55.2,189.9,24.0,0
6342,1.43,0.013,58.4,224.9,10.5,0
6343,0.95,0.01,60.5,198.7,9.6,0
6344,0.91,0.034,58.2,205.5,16.0,0
6345,1.1,0.049,58.3,203.5,5.6,1
6346,0.94,0.019,59.0,214.3,20.9,0
6347,0.68,0.024,59.5,223.1,20.6,0
6348,0.47,0.017,63.7,204.5,11.5,0
6349,1.08,0.014,57.5,183.8,7.7,0
6350,0.95,0.0,58.1,202.6,18.2,0
6351,1.76,0.011,54.4,209.5,7.8,0
6352,0.95,0.015,60.8,202.7,21.5,0
6353,0.77,0.017,50.2,218.5,23.2,0
6354,1.13,0.037,58.7,208.7,15.7,1
6355,1.74,0.0,57.8,206.1,14.5,0
6356,0.67,0.002,56.2,214.1,8.2,0
6357,1.62,0.028,53.5,184.2,9.6,0
6358,1.51,0.028,59.0,223.5,17.4,1
6359,1.57,0.036,55.4,213.2,15.8,0
6360,0.98,0.026,58.2,228.8,24.0,0
6361,0.99,0.003,59.5,210.0,6.5,0
6362,0.72,0.005,55.3,223.1,17.4,0
6363,1.44,0.008,56.8,193.1,15.8,0
6364,0.87,0.024,63.7,214.2,8.9,0
6365,1.08,0.018,62.2,204.6,7.9,0
6366,0.85,0.026,59.9,206.7,13.3,0
6367,1.24,0.014,54.7,220.1,24.5,0
6368,1.31,0.034,58.8,221.9,15.9,0
6369,1.49,0.017,57.1,206.7,5.4,0
6370,1.45,0.0,60.7,208.0,17.7,0
6371,1.57,0.0,58.7,220.4,5.1,1
6372,0.93,0.036,60.6,204.1,14.3,0
6373,1.59,0.038,54.1,205.5,24.2,0
6374,0.97,0.0,53.6,214.3,10.5,0
6375,1.47,0.003,58.9,200.0,8.6,0
6376,1.73,0.035,56.2,194.7,22.3,0
6377,1.66,0.038,63.6,213.7,6.7,0
6378,1.04,0.001,60.0,220.5,19.4,0
6379,0.76,0.013,56.8,217.5,18.2,0
6380,1.2,0.0,62.0,200.4,8.2,0
6381,1.86,0.018,53.8,207.7,24.5,0
6382,0.96,0.021,59.6,214.4,8.8,0
6383,1.12,0.0,65.0,198.7,7.5,0
6384,1.4,0.01,60.5,221.8,23.9,0
6385,1.57,0.042,65.0,212.8,19.7,0
6386,1.06,0.0,63.9,182.1,7.9,0
6387,1.51,0.015,57.9,181.5,20.4,0
6388,1.12,0.039,51.1,226.6,7.1,0
6389,1.72,0.038,55.3,207.1,17.4,0
6390,1.72,0.015,53.3,204.3,13.7,0
6391,1.42,0.021,59.0,204.1,13.6,0
6392,1.05,0.011,56.6,208.3,21.8,0
6393,1.13,0.039,57.1,188.3,21.4,1
6394,1.64,0.015,62.2,205.5,12.6,0
6395,1.05,0.0,60.6,192.7,6.8,0
6396,1.46,0.024,54.5,202.8,11.3,0
6397,0.87,0.026,50.0,214.2,13.7,0
6398,0.68,0.019,63.1,218.5,12.4,0
6399,0.73,0.026,60.1,232.9,12.6,0
6400,1.56,0.046,53.5,193.6,15.9,0
6401,0.86,0.016,58.6,211.5,16.1,0
6402,1.26,0.0,63.3,205.5,8.8,0
6403,1.0,0.019,63.4,239.3,19.3,0
6404,1.34,0.017,56.4,201.6,22.9,0
6405,1.56,0.017,57.3,190.0,8.3,0
6406,0.97,0.028,54.2,191.8,6.0,0
6407,1.19,0.041,55.9,213.8,19.4,0
6408,0.96,0.035,56.1,194.2,23.1,1
6409,1.35,0.009,59.6,216.4,7.1,0
6410,0.98,0.014,60.5,187.3,6.5,0
6411,0.61,0.0,61.6,219.2,20.2,0
6412,1.82,0.022,63.2,210.7,5.7,0
6413,1.4,0.043,54.8,186.2,14.9,0
6414,1.34,0.0,63.4,213.0,20.5,0
6415,0.92,0.011,66.6,219.6,21.4,0
6416,1.11,0.007,57.1,227.1,6.0,0
6417,1.14,0.015,63.7,216.9,21.4,0
6418,0.78,0.007,54.8,220.7,14.6,0
6419,1.49,0.014,55.9,208.7,13.8,0
6420,1.28,0.02,57.3,185.0,5.9,0
6421,1.61,0.031,56.4,227.6,5.7,0
6422,1.43,0.021,55.6,227.8,23.8,0
6423,1.3,0.0,61.1,212.4,5.2,0
6424,0.56,0.008,63.8,227.0,12.0,0
6425,0.57,0.022,59.7,186.4,9.0,0
6426,0.9,0.035,67.6,206.6,7.4,0
6427,1.96,0.0,58.6,209.8,14.6,1
6428,1.05,0.04,56.0,210.3,6.0,0
6429,1.17,0.02,59.8,197.6,20.8,0
6430,1.95,0.022,53.4,206.2,17.2,0
6431,1.09,0.003,51.8,219.1,21.8,0
6432,1.24,0.003,67.6,215.7,8.0,0
6433,1.35,0.012,60.0,216.6,13.2,0
6434,1.14,0.025,53.0,205.1,23.9,0
6435,1.48,0.045,54.4,215.9,20.9,0
6436,0.96,0.018,54.2,216.6,24.4,0
6437,2.26,0.017,57.4,199.4,5.5,0
6438,0.94,0.02,59.2,218.6,24.8,0
6439,1.0,0.03,55.8,208.8,21.0,0
6440,1.44,0.002,57.4,212.0,19.4,0
6441,1.49,0.016,58.8,220.4,11.7,0
6442,0.82,0.015,59.4,211.0,22.0,0
6443,1.39,0.022,63.5,226.5,20.4,0
6444,1.06,0.055,56.1,207.5,9.7,0
6445,1.27,0.02,54.3,220.8,9.2,0
6446,1.13,0.008,56.4,212.9,9.3,0
6447,0.92,0.016,56.5,214.7,14.7,0
6448,1.32,0.033,61.8,210.9,24.9,0
6449,1.1,0.018,60.0,204.9,11.6,0
6450,0.98,0.003,52.7,211.0,17.9,0
6451,0.75,0.034,59.4,219.1,14.5,0
6452,1.46,0.014,59.7,230.8,24.7,0
6453,1.25,0.009,61.9,203.4,5.8,0
6454,0.82,0.04,51.7,211.3,22.3,0
6455,1.33,0.018,61.3,210.7,9.5,0
6456,0.92,0.026,52.4,230.3,14.7,0
6457,1.67,0.047,62.3,208.5,13.8,0
6458,1.52,0.0,56.4,201.8,21.0,0
6459,1.0,0.005,56.9,212.7,18.8,0
6460,1.18,0.028,53.1,188.5,17.8,0
6461,1.41,0.029,56.2,214.8,14.3,0
6462,0.89,0.028,55.4,202.9,7.2,0
6463,1.17,0.009,58.2,199.2,12.9,0
6464,1.34,0.045,58.8,226.5,20.7,1
6465,1.52,0.027,56.8,198.1,11.0,0
6466,1.77,0.001,62.0,202.7,8.5,0
6467,1.48,0.019,63.4,224.5,21.7,0
6468,1.4,0.005,60.1,203.7,24.9,0
6469,1.98,0.0,64.2,210.6,19.9,0
6470,0.77,0.003,64.6,189.1,21.0,0
6471,0.2,0.038,56.9,209.2,14.4,1
6472,1.1,0.043,54.9,205.3,18.9,0
6473,1.29,0.012,53.8,228.7,10.8,0
6474,0.62,0.034,61.3,211.6,20.6,0
6475,1.27,0.008,53.2,217.1,17.7,0
6476,0.89,0.017,57.4,221.2,22.4,0
6477,1.36,0.029,53.7,210.6,6.7,0
6478,0.7,0.032,57.7,209.7,16.4,0
6479,1.11,0.013,57.4,201.3,16.6,0
6480,1.19,0.046,56.8,197.6,25.0,0
6481,1.65,0.015,55.9,208.7,8.4,0
6482,1.49,0.011,59.8,201.2,13.7,0
6483,0.81,0.021,63.8,215.5,12.5,0
6484,0.55,0.021,56.9,205.6,19.2,0
6485,0.91,0.024,57.5,201.6,21.6,0
6486,0.7,0.001,51.4,212.3,22.3,0
6487,1.45,0.043,53.9,201.2,18.6,0
6488,1.0,0.0,54.0,207.7,14.6,0
6489,1.24,0.017,58.3,220.9,23.3,1
6490,1.41,0.0,54.5,235.0,13.2,0
6491,0.6,0.027,53.6,213.4,8.5,0
6492,0.76,0.021,54.0,218.8,5.7,0
6493,1.2,0.018,55.9,216.8,20.0,0
6494,0.74,0.026,59.2,217.2,17.5,0
6495,1.09,0.025,60.3,219.8,16.2,0
6496,1.37,0.018,58.9,209.5,21.0,0
6497,1.67,0.021,60.1,220.8,21.6,0
6498,1.01,0.002,52.9,214.6,12.3,0
6499,1.34,0.022,61.3,226.9,6.4,0
6500,1.94,0.022,50.8,219.5,21.4,0
6501,0.92,0.02,59.8,223.5,8.4,0
6502,1.01,0.016,63.7,209.1,23.9,0
6503,1.22,0.031,57.0,185.9,13.9,1
6504,1.17,0.01,56.2,199.4,20.1,0
6505,1.28,0.019,52.3,199.2,6.3,0
6506,1.01,0.006,57.7,226.8,13.9,0
6507,1.73,0.024,55.5,223.9,14.4,0
6508,1.15,0.043,52.0,197.7,21.6,0
6509,0.93,0.03,58.6,214.1,17.6,0
6510,1.24,0.02,58.1,207.0,20.9,0
6511,1.27,0.015,55.0,218.3,22.9,0
6512,0.78,0.021,58.4,230.1,8.2,0
6513,1.31,0.008,51.7,197.0,8.3,0
6514,0.76,0.011,56.4,211.9,20.2,0
6515,1.0,0.048,56.1,224.9,11.8,0
6516,0.64,0.014,51.1,237.6,6.1,0
6517,0.85,0.02,61.0,210.3,5.7,0
6518,1.02,0.028,55.3,216.5,22.5,0
6519,0.46,0.001,56.7,200.1,16.3,0
6520,1.39,0.006,58.9,206.9,12.1,0
6521,1.45,0.022,58.4,203.1,7.9,0
6522,1.83,0.011,55.5,195.9,9.3,0
6523,1.46,0.028,65.3,202.9,6.0,0
6524,1.36,0.0,58.8,202.3,16.3,0
6525,0.55,0.03,46.5,224.9,11.4,0
6526,1.37,0.017,59.6,218.8,20.8,0
6527,0.9,0.012,52.2,224.9,18.1,0
6528,0.84,0.012,61.6,219.9,24.8,0
6529,0.88,0.029,59.6,225.2,14.8,0
6530,1.76,0.0,62.4,197.6,8.7,0
6531,1.22,0.031,55.5,223.5,21.8,0
6532,1.43,0.037,57.6,181.6,20.1,0
6533,1.31,0.044,58.5,208.1,9.0,0
6534,1.43,0.02,61.0,200.4,10.0,0
6535,1.34,0.014,60.5,211.3,7.1,0
6536,1.37,0.027,51.3,195.5,10.7,0
6537,1.52,0.0,60.5,191.3,8.9,1
6538,1.74,0.013,55.7,221.6,19.1,0
6539,1.29,0.013,65.0,180.9,6.0,0
6540,1.4,0.008,58.0,193.0,9.7,0
6541,1.17,0.051,57.1,215.5,8.0,0
6542,1.43,0.03,60.6,209.6,10.7,0
6543,1.36,0.0,59.4,194.7,20.6,0
6544,0.59,0.039,63.4,203.5,23.5,0
6545,1.2,0.027,63.2,220.7,5.6,0
6546,0.92,0.031,64.0,194.6,6.9,0
6547,0.58,0.031,53.3,207.1,8.7,0
6548,1.15,0.01,58.0,209.9,9.4,0
6549,1.12,0.012,59.5,231.4,23.1,0
6550,2.03,0.042,58.3,216.3,10.8,1
6551,0.96,0.02,52.5,205.2,20.7,0
6552,1.08,0.033,58.0,200.5,22.1,0
6553,1.13,0.01,59.6,213.7,22.7,0
6554,1.0,0.013,60.6,222.7,22.8,0
6555,1.17,0.017,58.9,214.2,9.8,0
6556,0.68,0.008,48.0,224.4,12.7,0
6557,1.65,0.039,58.9,200.7,20.3,1
6558,1.4,0.036,58.1,220.1,17.3,0
6559,1.51,0.015,66.0,208.6,12.9,0
6560,0.89,0.03,61.3,219.9,5.8,0
6561,1.29,0.021,51.4,211.6,23.3,0
6562,0.83,0.015,56.9,192.4,7.0,0
6563,1.18,0.009,65.4,216.3,9.8,0
6564,1.23,0.015,60.0,233.9,24.0,0
6565,0.73,0.0,52.1,210.0,7.2,0
6566,0.38,0.008,61.9,216.2,6.0,0
6567,1.16,0.034,56.0,200.2,16.0,0
6568,1.54,0.034,54.1,200.6,14.8,0
6569,1.16,0.036,63.1,215.7,20.2,0
6570,1.72,0.0,49.3,217.2,20.4,0
6571,1.93,0.03,56.2,225.5,22.4,1
6572,1.06,0.031,67.5,217.5,20.0,0
6573,0.65,0.025,55.6,199.5,23.9,0
6574,1.4,0.023,59.4,216.3,21.5,0
6575,0.92,0.018,54.9,220.8,24.0,0
6576,0.74,0.032,55.7,205.6,8.4,0
6577,1.28,0.029,57.3,202.6,19.2,0
6578,1.7,0.026,56.3,224.8,5.3,1
6579,1.06,0.024,60.9,195.3,14.5,0
6580,0.86,0.013,67.8,217.3,16.9,0
6581,1.03,0.018,63.3,199.2,16.3,0
6582,1.36,0.0,59.3,180.0,8.5,0
6583,1.67,0.028,52.4,204.3,19.9,0
6584,1.36,0.023,55.7,218.1,22.8,0
6585,0.88,0.022,54.3,213.8,5.7,0
6586,1.37,0.011,52.9,198.9,18.2,0
6587,1.92,0.016,60.5,218.2,21.7,0
6588,1.9,0.036,61.8,224.1,11.8,0
6589,1.04,0.001,49.7,220.4,5.5,0
6590,1.48,0.0,54.4,204.5,22.5,0
6591,1.12,0.017,61.3,198.9,19.1,0
6592,0.91,0.009,53.8,182.9,21.0,0
6593,0.8,0.02,58.9,195.3,24.3,0
6594,1.78,0.018,54.4,209.1,11.7,0
6595,0.88,0.026,64.1,197.2,18.6,0
6596,1.1,0.0,66.1,219.3,5.5,0
6597,1.73,0.044,65.0,220.9,13.5,0
6598,0.75,0.023,59.5,200.3,16.5,0
6599,1.32,0.016,51.0,190.2,10.0,0
6600,0.77,0.023,52.2,207.9,15.9,0
6601,1.78,0.012,53.8,203.1,11.7,0
6602,1.36,0.034,54.7,220.0,6.0,0
6603,1.13,0.048,58.0,198.3,5.2,0
6604,1.35,0.031,59.5,200.3,9.4,0
6605,0.74,0.038,63.2,173.2,15.7,0
6606,0.95,0.013,59.6,193.1,15.0,0
6607,1.17,0.019,50.9,221.8,11.6,0
6608,1.59,0.0,58.1,202.7,10.2,0
6609,1.28,0.002,62.0,201.0,19.7,0
6610,1.39,0.01,55.1,199.0,17.9,0
6611,1.0,0.008,59.3,202.4,15.5,0
6612,1.17,0.016,55.1,211.1,5.5,0
6613,0.82,0.034,51.9,217.1,8.8,0
6614,1.47,0.019,62.2,229.8,22.6,0
6615,1.39,0.034,56.2,201.1,22.2,0
6616,1.51,0.0,58.6,221.6,17.4,0
6617,1.79,0.071,53.4,200.7,15.0,0
6618,0.97,0.017,60.7,214.0,14.3,0
6619,0.69,0.023,59.9,208.0,19.1,0
6620,1.38,0.037,55.1,207.0,7.2,0
6621,1.17,0.024,54.8,217.6,15.5,0
6622,0.92,0.01,69.7,227.9,11.7,0
6623,1.11,0.027,63.8,219.0,17.5,0
6624,0.97,0.0,54.1,191.0,12.2,0
6625,1.5,0.031,56.3,210.6,19.5,0
6626,0.64,0.013,57.0,212.8,9.7,0
6627,1.1,0.043,57.0,210.8,10.0,0
6628,1.35,0.002,54.6,204.8,15.6,0
6629,1.37,0.018,56.4,208.9,5.8,0
6630,1.5,0.028,55.3,193.0,24.0,0
6631,1.07,0.019,56.2,206.2,8.2,0
6632,0.79,0.013,54.5,207.6,10.3,0
6633,1.13,0.022,65.1,217.4,6.1,0
6634,1.17,0.038,57.4,209.8,13.9,0
6635,1.28,0.008,58.8,208.2,19.0,0
6636,0.74,0.0,59.9,226.8,6.7,0
6637,1.25,0.014,59.6,194.7,14.0,0
6638,0.96,0.008,60.5,218.2,14.3,0
6639,1.42,0.017,56.5,197.3,11.9,0
6640,0.67,0.031,62.0,205.8,7.1,0
6641,0.93,0.036,60.2,209.9,5.9,0
6642,1.07,0.01,67.2,182.2,21.0,0
6643,1.95,0.028,56.0,208.5,23.0,0
6644,1.33,0.002,68.3,185.3,19.9,0
6645,1.26,0.026,58.2,237.1,22.0,0
6646,0.73,0.021,62.1,204.7,13.4,0
6647,1.51,0.027,53.4,205.2,5.5,0
6648,1.04,0.007,51.6,208.0,16.0,0
6649,1.54,0.015,57.2,234.9,8.2,0
6650,1.1,0.04,60.2,195.8,7.7,0
6651,1.45,0.016,62.1,203.5,19.6,0
6652,1.06,0.024,62.6,215.0,7.8,0
6653,1.24,0.019,50.6,226.4,7.8,0
6654,1.22,0.016,57.7,225.4,23.4,0
6655,0.38,0.054,51.7,212.4,18.1,0
6656,1.19,0.022,59.0,193.1,22.3,0
6657,0.67,0.026,56.7,220.9,5.1,0
6658,1.36,0.035,56.0,197.2,8.0,0
6659,1.27,0.01,59.6,205.0,9.2,0
6660,0.21,0.027,51.8,215.6,10.6,0
6661,1.65,0.039,61.8,204.0,7.5,1
6662,1.76,0.013,58.3,202.5,24.0,0
6663,1.35,0.044,58.8,201.7,21.1,0
6664,0.71,0.016,55.0,184.6,23.3,0
6665,1.4,0.006,55.4,188.9,23.4,0
6666,1.03,0.029,52.5,225.8,13.3,0
6667,0.9,0.011,55.3,224.5,22.1,0
6668,1.4,0.006,57.3,213.5,9.1,0
6669,2.3,0.045,59.0,193.0,23.6,1
6670,0.48,0.0,56.0,204.1,11.6,0
6671,0.55,0.0,59.3,213.7,21.0,0
6672,0.9,0.016,58.7,219.1,9.2,0
6673,0.64,0.037,58.7,205.4,8.7,0
6674,1.6,0.022,58.8,218.3,24.1,0
6675,0.5,0.035,59.5,215.0,12.2,0
6676,1.0,0.035,61.8,197.3,8.1,0
6677,1.34,0.034,60.1,205.6,20.2,0
6678,1.28,0.0,61.0,217.6,19.9,0
6679,0.83,0.017,59.0,211.1,24.6,0
6680,1.5,0.038,54.0,206.1,17.1,0
6681,0.37,0.018,60.7,209.4,18.5,0
6682,1.88,0.038,59.7,224.7,23.2,1
6683,1.29,0.029,59.5,206.2,12.2,0
6684,1.26,0.004,59.1,199.0,16.8,0
6685,1.51,0.028,56.4,200.1,22.4,1
6686,0.97,0.024,56.5,205.4,19.6,0
6687,1.07,0.0,58.7,206.3,6.3,0
6688,1.27,0.037,65.4,226.8,6.6,0
6689,0.72,0.001,61.8,212.1,7.6,0
6690,1.39,0.054,68.5,203.2,5.8,0
6691,1.51,0.006,55.8,223.7,14.2,0
6692,1.0,0.043,52.4,206.2,22.5,0
6693,0.77,0.0,55.1,215.7,18.6,0
6694,0.87,0.031,55.7,219.2,13.9,0
6695,1.85,0.047,53.8,209.5,5.1,0
6696,0.2,0.042,60.6,198.4,10.5,0
6697,0.92,0.02,56.8,199.3,19.8,0
6698,1.18,0.005,63.1,204.1,13.3,0
6699,1.07,0.021,58.8,209.5,8.7,0
6700,1.9,0.0,58.8,229.2,10.1,0
6701,1.38,0.022,62.2,207.6,16.7,0
6702,1.44,0.016,55.3,213.8,7.3,0
6703,1.39,0.026,58.8,217.1,11.7,0
6704,1.26,0.029,61.7,199.1,21.4,0
6705,2.21,0.007,53.0,213.4,14.0,0
6706,1.1,0.024,54.3,186.7,21.4,0
6707,1.51,0.033,61.0,207.9,19.2,0
6708,1.24,0.03,56.9,203.2,7.3,0
6709,1.11,0.008,51.6,213.4,17.3,0
6710,0.69,0.026,58.4,189.3,11.7,0
6711,1.27,0.018,50.8,224.4,24.6,0
6712,1.49,0.022,60.1,204.8,7.3,0
6713,0.99,0.036,54.5,182.2,16.0,0
6714,1.51,0.018,57.4,203.1,8.8,0
6715,1.09,0.016,60.6,216.2,17.4,0
6716,0.68,0.006,58.4,193.1,13.3,0
6717,1.49,0.015,63.0,193.0,5.3,0
6718,1.04,0.024,55.2,229.0,12.9,0
6719,2.08,0.035,56.9,197.9,20.0,1
6720,1.19,0.011,60.0,203.3,19.9,0
6721,1.87,0.002,61.7,219.7,8.4,0
6722,1.83,0.007,58.4,208.3,24.0,0
6723,0.73,0.02,54.3,203.3,18.3,0
6724,1.03,0.021,56.2,203.3,8.9,0
6725,1.37,0.037,57.4,194.5,23.6,0
6726,1.03,0.035,53.3,204.0,14.4,0
6727,1.27,0.027,61.4,211.9,16.7,0
6728,1.03,0.012,58.3,198.2,8.3,0
6729,1.33,0.005,55.5,191.4,10.3,0
6730,1.37,0.022,64.9,207.9,14.6,0
6731,0.74,0.021,61.4,176.5,14.0,0
6732,1.57,0.014,53.5,201.4,18.7,0
6733,1.43,0.017,56.3,199.4,19.6,0
6734,1.8,0.012,59.7,205.4,23.9,0
6735,0.72,0.0,58.1,180.1,16.1,0
6736,1.77,0.011,56.9,219.2,8.5,0
6737,1.03,0.031,47.7,186.6,16.2,0
6738,1.61,0.026,61.2,207.4,24.7,0
6739,0.89,0.027,54.9,192.6,8.3,0
6740,1.58,0.0,59.2,203.8,24.7,0
6741,2.03,0.0,55.6,193.2,11.6,0
6742,0.92,0.04,63.8,221.6,23.7,0
6743,0.7,0.0,57.4,223.5,19.3,0
6744,1.53,0.007,57.7,210.8,22.1,0
6745,1.07,0.018,62.9,186.5,6.0,0
6746,0.68,0.046,52.0,194.9,16.9,0
6747,1.28,0.031,56.1,236.1,24.4,0
6748,1.19,0.018,61.1,218.7,18.0,0
6749,1.16,0.001,57.8,187.7,12.2,0
6750,1.58,0.034,63.6,201.0,13.5,0
6751,1.12,0.011,66.5,218.1,8.6,0
6752,1.87,0.016,57.3,219.6,21.1,0
6753,1.08,0.036,66.8,223.4,13.5,0
6754,1.7,0.016,57.0,210.6,6.5,0
6755,1.36,0.022,58.2,220.2,20.6,0
6756,0.69,0.071,58.5,209.1,5.0,1
6757,0.75,0.019,56.7,205.8,24.2,0
6758,1.41,0.034,59.1,219.3,17.2,0
6759,1.44,0.032,57.9,215.0,11.5,0
6760,0.97,0.02,52.3,194.9,21.2,0
6761,1.42,0.024,57.2,184.4,16.6,1
6762,1.3,0.01,60.3,208.0,6.7,0
6763,1.47,0.02,57.7,216.4,5.9,0
6764,1.29,0.034,62.2,191.9,18.9,0
6765,0.96,0.016,61.9,197.6,11.8,0
6766,1.45,0.025,59.1,201.8,6.2,0
6767,1.97,0.0,53.9,209.4,9.6,0
6768,1.36,0.014,57.6,216.8,19.1,0
6769,1.38,0.023,60.7,218.8,15.7,0
6770,0.77,0.026,56.1,222.5,24.4,0
6771,0.9,0.04,63.3,199.8,23.6,0
6772,1.03,0.025,62.6,204.9,9.5,0
6773,1.45,0.036,63.0,198.5,8.7,0
6774,1.94,0.024,56.9,222.2,24.8,0
6775,1.83,0.01,62.4,214.0,17.8,0
6776,1.62,0.039,57.8,226.8,20.0,0
6777,1.31,0.007,58.4,213.4,11.6,0
6778,0.63,0.036,56.1,200.7,23.4,0
6779,1.05,0.036,52.9,210.8,12.7,0
6780,0.68,0.0,52.6,219.8,13.0,0
6781,1.76,0.035,49.5,197.4,6.5,0
6782,0.55,0.031,55.5,226.5,21.3,0
6783,1.14,0.008,64.4,208.0,22.7,0
6784,1.83,0.035,59.0,217.1,24.4,1
6785,1.54,0.019,61.8,191.4,10.5,0
6786,0.79,0.052,60.6,207.1,12.3,0
6787,1.14,0.026,57.9,213.7,12.8,0
6788,2.02,0.036,51.3,206.2,7.8,0
6789,1.45,0.014,54.1,212.5,17.5,0
6790,1.28,0.024,54.9,204.8,7.2,0
6791,1.8,0.035,52.5,227.6,14.3,0
6792,1.5,0.01,56.9,193.3,6.2,0
6793,1.4,0.019,55.0,205.0,10.7,0
6794,0.62,0.001,57.1,206.4,13.3,0
6795,1.27,0.001,62.6,214.8,14.4,0
6796,1.39,0.033,55.0,212.3,5.5,0
6797,1.31,0.021,58.1,228.7,14.9,0
6798,1.37,0.007,60.6,207.4,21.2,0
6799,1.56,0.032,62.9,216.0,20.4,0
6800,0.75,0.017,55.2,214.0,17.5,0
6801,1.27,0.0,61.4,207.8,12.6,0
6802,1.02,0.024,62.5,218.8,13.0,0
6803,1.7,0.026,51.8,207.9,5.9,0
6804,1.22,0.007,56.2,211.4,24.3,0
6805,1.76,0.007,58.3,211.9,5.3,0
6806,0.33,0.025,59.3,196.4,16.8,0
6807,1.61,0.0,53.8,220.8,19.9,0
6808,2.05,0.017,49.1,206.4,16.7,0
6809,1.2,0.026,57.6,202.3,8.9,0
6810,1.64,0.019,50.0,203.0,6.2,0
6811,1.6,0.035,59.4,207.1,10.1,0
6812,1.38,0.037,58.5,205.0,23.8,0
6813,0.66,0.029,55.9,206.6,16.6,0
6814,0.78,0.045,57.3,218.5,10.3,0
6815,1.49,0.0,57.1,200.9,6.4,0
6816,1.2,0.023,57.1,195.7,8.0,0
6817,0.9,0.034,63.1,201.7,7.0,0
6818,1.0,0.023,56.8,199.9,20.3,0
6819,0.93,0.016,62.8,223.2,17.1,0
6820,1.07,0.027,53.2,208.4,17.1,0
6821,1.87,0.028,55.8,207.8,13.3,0
6822,1.54,0.025,55.8,207.0,8.3,0
6823,0.91,0.038,57.3,222.1,5.2,0
6824,0.84,0.023,55.4,211.0,6.8,0
6825,1.32,0.023,56.7,203.7,5.3,0
6826,1.44,0.047,63.3,224.6,15.8,1
6827,1.03,0.028,59.3,214.7,20.5,0
6828,1.22,0.051,67.3,211.6,13.0,0
6829,1.71,0.032,59.7,225.8,6.0,0
6830,1.57,0.016,65.1,215.0,24.9,0
6831,0.57,0.02,58.1,184.8,9.0,0
6832,1.13,0.024,59.6,207.1,17.8,0
6833,0.92,0.007,56.0,200.7,8.9,1
6834,1.52,0.031,60.8,221.9,10.8,0
6835,1.09,0.0,57.9,216.6,9.2,0
6836,0.88,0.048,62.2,235.9,12.2,0
6837,1.56,0.037,59.2,224.7,20.0,0
6838,1.47,0.029,58.6,211.5,11.2,0
6839,1.28,0.023,56.5,213.6,19.3,0
6840,2.04,0.025,60.3,201.0,7.9,0
6841,1.63,0.025,55.8,208.6,5.0,0
6842,1.31,0.023,59.1,185.6,15.6,0
6843,1.3,0.03,60.7,239.3,14.0,0
6844,0.64,0.029,57.7,203.1,13.1,0
6845,0.76,0.023,55.7,217.8,14.8,0
6846,1.43,0.023,63.7,208.4,24.3,0
6847,1.11,0.012,54.5,200.3,15.8,0
6848,1.53,0.017,57.8,215.3,19.4,0
6849,0.57,0.022,55.5,201.1,24.9,0
6850,1.2,0.014,57.9,206.3,5.5,0
6851,1.37,0.044,56.4,186.4,21.0,1
6852,1.16,0.034,52.5,206.3,13.8,0
6853,1.92,0.024,57.7,209.0,5.7,0
6854,0.83,0.0,56.5,204.6,10.6,0
6855,1.43,0.024,59.6,206.4,19.2,0
6856,1.35,0.004,62.4,208.8,16.4,0
6857,0.84,0.022,56.9,206.7,19.7,0
6858,1.19,0.036,59.6,216.0,6.5,0
6859,0.68,0.022,57.5,190.5,16.2,0
6860,1.16,0.02,60.3,200.8,17.7,0
6861,0.58,0.02,60.1,209.8,20.6,0
6862,1.67,0.051,51.7,198.5,11.5,0
6863,1.24,0.042,55.8,206.4,11.7,0
6864,0.62,0.023,61.7,213.0,18.8,0
6865,1.2,0.02,53.7,224.5,14.3,0
6866,0.95,0.024,63.5,201.1,17.8,0
6867,1.18,0.0,60.3,214.7,24.5,0
6868,0.81,0.014,52.1,209.7,21.2,0
6869,1.52,0.007,58.9,214.8,13.3,0
6870,1.48,0.021,59.2,203.0,22.2,0
6871,1.19,0.035,58.0,210.7,15.2,1
6872,1.47,0.005,61.3,207.5,5.6,0
6873,1.17,0.013,60.2,211.0,6.8,0
6874,0.89,0.027,60.4,194.9,8.9,0
6875,1.46,0.022,64.1,208.2,20.4,0
6876,1.53,0.039,55.4,205.0,20.9,0
6877,1.72,0.015,57.0,199.0,24.9,0
6878,1.34,0.022,57.9,203.8,10.6,0
6879,1.32,0.047,54.1,222.4,14.1,0
6880,1.05,0.029,59.4,196.6,23.7,0
6881,1.1,0.009,58.1,216.5,7.7,0
6882,0.81,0.023,59.9,206.4,22.5,0
6883,1.15,0.035,57.0,222.5,22.0,1
6884,1.87,0.01,57.7,207.5,14.3,0
6885,0.69,0.001,58.1,176.8,17.4,0
6886,0.94,0.017,54.0,207.0,12.8,0
6887,1.57,0.015,57.1,222.9,20.7,0
6888,1.34,0.012,56.0,210.9,11.6,0
6889,1.07,0.0,57.4,209.5,18.7,0
6890,1.19,0.028,58.8,212.6,23.2,0
6891,1.55,0.011,55.0,218.6,11.0,0
6892,1.25,0.008,55.7,210.7,22.5,0
6893,1.72,0.033,61.5,186.4,15.8,0
6894,1.79,0.028,62.2,202.4,13.6,0
6895,1.71,0.019,60.5,212.1,22.2,0
6896,1.01,0.007,51.9,218.3,15.1,0
6897,2.02,0.0,52.6,211.2,16.4,0
6898,1.3,0.043,55.2,224.6,24.7,1
6899,1.74,0.022,61.3,216.0,14.2,0
6900,1.72,0.019,57.3,206.4,23.1,0
6901,1.37,0.033,55.6,176.7,15.7,0
6902,1.07,0.027,59.2,222.0,12.9,0
6903,1.08,0.0,57.9,224.9,18.9,0
6904,1.63,0.0,54.9,201.7,19.5,0
6905,1.31,0.041,56.4,217.6,9.1,0
6906,1.81,0.004,66.0,209.2,13.9,0
6907,1.0,0.035,52.9,210.1,22.0,0
6908,1.93,0.0,62.7,201.6,13.8,0
6909,0.92,0.014,56.4,216.5,10.6,0
6910,1.75,0.041,56.9,210.4,19.9,0
6911,1.72,0.031,58.0,197.3,23.1,1
6912,0.71,0.03,61.3,207.8,7.3,0
6913,1.27,0.0,59.5,183.9,11.9,0
6914,0.29,0.0,64.2,214.5,14.7,0
6915,0.92,0.044,54.6,202.3,11.8,1
6916,1.53,0.005,56.6,209.7,20.6,0
6917,1.66,0.04,57.0,204.2,9.3,0
6918,1.08,0.037,62.5,217.3,10.4,0
6919,0.77,0.001,55.7,189.5,24.4,0
6920,1.37,0.028,48.2,203.5,7.5,0
6921,1.97,0.005,65.4,213.4,8.9,0
6922,0.58,0.005,61.0,211.8,5.9,0
6923,1.5,0.026,55.8,224.0,21.9,0
6924,1.57,0.005,61.2,213.0,22.4,0
6925,1.11,0.008,55.3,223.0,6.4,0
6926,1.47,0.019,52.1,226.6,17.8,0
6927,0.73,0.038,62.3,210.9,8.2,0
6928,1.33,0.008,57.2,226.7,8.4,0
6929,0.63,0.039,56.4,238.0,12.3,0
6930,1.02,0.03,59.3,206.2,23.6,0
6931,0.98,0.022,61.0,211.6,10.6,0
6932,1.18,0.017,61.5,200.7,10.1,0
6933,1.46,0.022,55.9,203.0,13.4,0
6934,1.52,0.005,55.8,226.9,22.6,0
6935,1.11,0.038,63.6,229.7,6.9,0
6936,0.94,0.009,61.3,206.1,19.0,0
6937,1.05,0.005,56.3,232.9,18.8,0
6938,1.28,0.029,57.2,195.7,14.8,1
6939,1.6,0.035,52.3,208.5,12.6,0
6940,2.07,0.005,56.1,202.9,8.7,0
6941,0.92,0.009,55.1,193.1,9.8,0
6942,1.46,0.026,57.1,227.8,16.7,0
6943,0.88,0.025,50.3,212.1,16.6,0
6944,2.04,0.013,60.2,219.7,11.3,0
6945,1.3,0.012,60.9,221.8,21.3,0
6946,1.15,0.0,59.4,222.7,17.4,0
6947,1.26,0.017,53.2,217.5,12.4,0
6948,0.43,0.028,59.1,192.7,7.7,0
6949,1.13,0.017,63.5,192.5,25.0,0
6950,1.81,0.049,61.3,213.4,18.5,0
6951,1.11,0.008,60.5,212.7,7.3,0
6952,1.78,0.031,60.3,202.6,24.0,1
6953,1.66,0.026,57.0,204.9,5.8,0
6954,1.5,0.032,61.9,219.3,16.1,0
6955,1.43,0.012,53.6,202.5,20.9,0
6956,0.8,0.019,69.1,204.8,13.4,0
6957,1.65,0.045,54.7,218.3,21.9,0
6958,0.9,0.033,62.2,202.2,13.0,0
6959,1.9,0.011,59.9,205.9,10.5,0
6960,1.43,0.032,62.4,199.8,9.2,0
6961,1.32,0.047,54.2,224.0,23.4,0
6962,1.13,0.038,61.0,226.3,8.5,0
6963,0.22,0.034,58.9,193.4,20.9,0
6964,1.23,0.01,55.7,216.0,5.4,0
6965,1.77,0.001,57.4,219.3,14.5,0
6966,1.67,0.0,55.7,190.1,17.4,0
6967,1.43,0.004,58.9,204.0,20.6,0
6968,2.23,0.014,66.2,183.8,10.2,0
6969,1.62,0.0,56.8,219.0,7.9,0
6970,1.7,0.009,61.8,210.7,18.3,0
6971,1.15,0.02,58.2,218.7,23.0,0
6972,1.45,0.002,57.9,215.9,15.1,0
6973,1.73,0.035,61.2,215.4,20.6,0
6974,1.16,0.01,60.3,201.9,16.1,0
6975,0.9,0.024,68.1,196.2,16.7,0
6976,1.04,0.021,58.4,221.9,21.4,0
6977,0.8,0.032,55.2,221.4,15.9,0
6978,1.14,0.004,60.7,226.6,5.4,0
6979,0.7,0.005,56.3,179.8,15.7,0
6980,1.02,0.021,56.6,224.8,10.0,0
6981,0.6,0.0,56.7,215.5,5.3,0
6982,1.15,0.02,58.7,207.0,14.2,0
6983,1.46,0.0,66.2,205.7,15.4,0
6984,0.44,0.035,59.8,221.3,19.7,0
6985,1.45,0.041,60.4,243.5,13.7,1
6986,1.04,0.0,55.3,206.9,12.4,0
6987,1.07,0.039,57.3,214.5,7.5,1
6988,0.52,0.035,61.7,202.0,13.0,0
6989,1.58,0.027,57.5,205.5,10.7,0
6990,1.3,0.023,53.3,195.6,14.6,0
6991,0.83,0.03,56.5,221.2,7.4,0
6992,1.63,0.008,55.7,209.8,8.0,0
6993,0.2,0.029,56.0,217.9,16.1,0
6994,2.0,0.025,55.9,215.5,14.5,0
6995,1.44,0.024,54.0,203.3,16.8,1
6996,0.2,0.035,61.8,211.0,12.0,0
6997,1.31,0.0,56.6,212.7,21.4,0
6998,1.59,0.033,53.4,216.7,17.6,0
6999,1.74,0.021,58.8,230.9,5.5,0
7000,1.03,0.023,57.8,196.4,8.8,0
7001,2.1,0.032,63.8,187.7,10.5,0
7002,1.54,0.017,62.5,231.0,9.5,0
7003,1.53,0.015,58.1,218.6,14.9,0
7004,1.01,0.013,64.4,198.9,7.9,0
7005,0.75,0.027,59.5,230.9,14.7,1
7006,1.2,0.001,57.5,196.1,15.0,0
7007,1.09,0.032,62.6,199.0,20.6,0
7008,0.99,0.002,54.8,182.2,12.1,0
7009,1.37,0.0,59.3,209.8,17.0,0
7010,0.51,0.025,55.6,237.5,15.2,0
7011,1.45,0.005,58.7,215.9,9.3,0
7012,1.14,0.028,62.4,210.9,21.9,0
7013,1.58,0.046,57.5,234.5,14.9,1
7014,1.78,0.013,60.9,211.9,22.0,0
7015,0.81,0.043,59.5,220.5,13.5,0
7016,0.84,0.01,55.6,217.1,5.2,0
7017,1.36,0.003,55.6,215.3,14.4,0
7018,0.78,0.0,56.2,191.6,21.3,0
7019,1.09,0.025,59.1,203.9,19.9,0
7020,1.35,0.031,67.1,211.2,16.0,0
7021,2.02,0.025,59.8,223.6,16.0,1
7022,1.1,0.036,52.7,204.0,8.5,0
7023,1.31,0.0,58.5,228.0,21.1,0
7024,1.35,0.043,55.9,192.8,5.9,1
7025,1.34,0.01,55.9,192.5,12.8,0
7026,0.66,0.008,54.6,219.5,12.4,0
7027,1.11,0.027,57.3,209.4,20.8,0
7028,1.42,0.007,57.6,218.7,19.1,1
7029,0.97,0.044,53.0,220.3,16.0,0
7030,0.69,0.023,63.9,218.5,19.4,0
7031,1.5,0.021,51.3,209.6,13.4,0
7032,0.76,0.026,58.1,225.1,10.4,0
7033,0.83,0.02,54.1,195.3,19.5,0
7034,1.74,0.017,59.1,214.4,19.2,0
7035,0.78,0.048,56.6,214.2,10.5,0
7036,0.98,0.051,58.9,219.9,5.2,0
7037,1.03,0.015,56.5,205.3,8.5,0
7038,0.2,0.038,51.6,215.9,13.2,0
7039,1.06,0.024,51.2,210.7,19.5,0
7040,1.28,0.0,55.1,234.7,9.3,0
7041,1.58,0.047,59.9,221.5,22.8,0
7042,1.01,0.015,55.5,226.1,13.1,0
7043,1.31,0.029,64.4,218.9,20.7,0
7044,1.19,0.018,62.2,197.0,7.5,0
7045,0.52,0.019,54.8,227.0,11.2,0
7046,1.09,0.017,62.3,233.0,21.0,0
7047,1.66,0.046,60.1,213.0,9.8,0
7048,1.97,0.013,57.3,205.5,22.7,0
7049,1.19,0.011,50.8,200.4,9.9,0
7050,1.07,0.015,55.6,215.1,16.4,0
7051,1.23,0.037,56.0,219.1,12.3,0
7052,1.47,0.041,58.1,211.4,19.6,1
7053,1.19,0.023,63.3,220.3,6.7,0
7054,1.26,0.001,57.8,223.9,9.6,0
7055,1.49,0.0,54.7,199.1,17.5,0
7056,2.5,0.041,55.5,198.5,16.1,0
7057,0.55,0.045,52.4,209.7,12.1,0
7058,1.03,0.014,69.5,209.5,23.0,0
7059,0.31,0.03,63.2,193.4,11.0,0
7060,1.64,0.02,56.0,211.5,8.9,0
7061,1.46,0.033,56.7,225.5,10.0,0
7062,1.44,0.016,58.1,210.9,21.2,0
7063,0.68,0.017,58.0,198.4,6.3,0
7064,0.96,0.033,55.2,213.5,21.4,0
7065,1.02,0.027,52.0,197.9,8.3,0
7066,0.88,0.011,55.5,221.1,18.5,0
7067,1.48,0.007,60.5,209.8,18.9,0
7068,1.26,0.004,54.7,188.5,11.6,0
7069,1.13,0.0,62.2,206.7,10.0,0
7070,1.24,0.008,54.4,218.7,19.2,0
7071,1.43,0.014,56.8,199.0,11.6,0
7072,0.82,0.032,56.7,216.1,12.1,0
7073,0.66,0.038,54.9,214.8,18.3,0
7074,1.99,0.019,58.7,188.1,9.7,0
7075,1.62,0.043,52.1,200.5,5.0,0
7076,0.62,0.0,58.7,214.4,5.4,0
7077,0.99,0.018,63.0,227.9,7.2,0
7078,1.06,0.025,56.2,195.0,17.5,0
7079,0.76,0.016,57.6,186.6,20.3,0
7080,0.99,0.023,62.8,204.8,20.7,0
7081,2.2,0.026,58.2,230.6,13.0,1
7082,1.57,0.024,63.7,229.4,8.7,0
7083,1.52,0.014,57.1,219.0,15.0,0
7084,1.18,0.023,54.6,235.0,12.3,0
7085,1.33,0.0,55.9,230.3,9.3,0
7086,0.61,0.022,53.6,197.0,17.1,0
7087,1.67,0.029,64.8,191.0,12.3,0
7088,0.8,0.04,51.0,213.8,10.3,0
7089,1.15,0.0,64.9,201.2,12.5,0
7090,1.05,0.015,64.0,224.7,10.6,0
7091,1.44,0.027,61.4,215.2,15.7,0
7092,0.77,0.0,56.5,226.2,15.5,0
7093,0.93,0.005,56.2,219.9,16.3,0
7094,0.86,0.026,63.8,208.4,17.8,0
7095,0.68,0.0,59.9,213.7,13.5,0
7096,1.21,0.0,51.8,224.0,22.9,0
7097,1.8,0.014,62.1,216.1,19.3,0
7098,1.89,0.027,53.2,207.2,19.8,0
7099,1.51,0.036,51.2,206.8,19.5,0
7100,1.55,0.008,54.6,214.3,14.3,0
7101,0.78,0.005,56.6,200.5,8.8,0
7102,1.47,0.025,60.7,203.0,20.2,0
7103,0.88,0.014,57.0,198.3,13.4,0
7104,1.07,0.031,58.5,198.5,19.2,0
7105,1.53,0.008,55.3,204.9,16.7,0
7106,0.46,0.022,46.9,190.1,14.8,0
7107,1.28,0.034,58.7,215.9,9.6,0
7108,1.26,0.022,53.9,206.1,24.1,0
7109,0.61,0.041,65.5,211.3,23.8,0
7110,1.26,0.015,58.9,226.8,6.2,0
7111,1.53,0.027,60.9,224.3,22.8,0
7112,0.8,0.008,59.2,212.1,23.5,0
7113,2.35,0.02,53.6,220.7,6.3,0
7114,1.66,0.025,64.5,209.1,20.6,0
7115,1.23,0.022,68.5,215.4,19.1,0
7116,0.95,0.008,59.2,194.8,6.2,0
7117,1.74,0.02,58.9,226.1,23.5,0
7118,1.43,0.017,60.6,201.1,18.6,0
7119,1.4,0.019,52.1,226.5,24.5,0
7120,1.16,0.019,51.8,198.9,7.6,0
7121,1.04,0.025,62.0,215.2,24.4,0
7122,1.29,0.022,60.1,198.7,21.7,0
7123,1.24,0.0,56.4,215.2,21.8,0
7124,1.2,0.029,69.0,208.3,20.6,0
7125,0.89,0.007,62.1,215.0,15.0,0
7126,1.38,0.006,54.4,214.4,10.7,0
7127,1.82,0.016,57.5,210.4,8.6,0
7128,0.71,0.016,62.2,210.4,23.6,0
7129,1.29,0.0,63.1,217.5,20.7,0
7130,1.14,0.037,59.6,204.1,7.8,0
7131,1.81,0.0,60.6,214.5,18.4,0
7132,1.25,0.026,63.9,213.0,6.6,0
7133,1.02,0.0,53.2,222.6,22.3,0
7134,1.44,0.029,64.1,172.2,5.5,0
7135,0.67,0.014,58.4,225.7,15.3,0
7136,1.53,0.019,57.1,232.9,20.9,0
7137,1.27,0.004,58.6,208.9,17.4,0
7138,1.76,0.028,63.9,201.7,9.0,0
7139,0.56,0.025,54.2,207.2,6.5,0
7140,1.24,0.056,63.0,208.0,5.8,0
7141,0.9,0.016,66.4,200.3,22.2,0
7142,1.8,0.029,54.7,191.2,23.1,0
7143,1.91,0.032,53.8,213.0,6.7,0
7144,1.09,0.022,59.6,216.4,6.7,0
7145,0.92,0.016,56.5,190.8,7.0,0
7146,1.78,0.046,58.5,187.5,23.2,1
7147,1.61,0.016,52.9,190.7,20.8,0
7148,1.38,0.0,63.7,225.8,15.2,0
7149,1.13,0.008,51.6,222.7,21.1,0
7150,0.96,0.0,65.1,213.8,16.0,0
7151,0.45,0.017,61.1,224.3,9.3,0
7152,1.19,0.028,64.6,209.8,18.9,0
7153,1.99,0.026,55.5,206.9,22.3,0
7154,0.85,0.035,56.3,206.4,23.8,1
7155,1.27,0.011,58.7,205.9,17.9,0
7156,1.45,0.023,54.6,211.1,8.0,0
7157,1.55,0.001,60.3,208.8,21.1,0
7158,0.8,0.014,59.4,213.4,22.8,0
7159,0.77,0.036,59.0,206.3,5.0,0
7160,0.91,0.002,57.6,194.4,15.9,0
7161,1.46,0.035,58.4,230.0,21.3,0
7162,1.35,0.012,58.3,209.2,5.4,1
7163,0.59,0.025,58.5,225.0,10.7,0
7164,1.35,0.026,54.5,217.5,6.6,0
7165,1.36,0.001,55.3,224.8,24.4,0
7166,1.24,0.001,54.8,206.0,6.2,0
7167,1.13,0.024,60.1,230.6,20.0,0
7168,1.0,0.006,63.6,220.3,22.7,0
7169,0.99,0.023,58.9,216.2,22.0,0
7170,1.41,0.038,60.4,190.4,7.4,1
7171,0.56,0.041,57.8,191.5,20.6,0
7172,1.73,0.021,59.0,194.2,17.6,0
7173,0.2,0.0,57.0,206.4,22.6,0
7174,1.03,0.042,61.9,231.3,15.3,0
7175,1.04,0.021,58.0,199.7,11.2,0
7176,0.88,0.029,56.0,209.3,7.7,0
7177,1.33,0.009,59.7,225.3,25.0,0
7178,0.89,0.011,55.4,202.9,12.0,0
7179,1.87,0.008,60.7,206.8,9.0,0
7180,1.26,0.015,53.8,199.5,21.0,0
7181,0.93,0.007,58.8,220.2,8.8,0
7182,0.92,0.013,68.4,226.6,14.4,0
7183,1.17,0.0,57.5,225.9,18.7,0
7184,1.04,0.026,59.4,211.0,17.1,0
7185,0.98,0.036,55.1,209.1,5.8,0
7186,0.73,0.014,61.2,210.1,19.5,0
7187,1.53,0.017,60.3,222.3,23.0,0
7188,1.32,0.0,63.2,209.4,20.4,0
7189,1.42,0.01,56.5,225.0,5.0,0
7190,0.84,0.016,56.7,207.3,19.7,0
7191,1.15,0.013,56.2,206.4,19.1,0
7192,0.22,0.017,61.9,191.1,12.2,0
7193,1.27,0.054,56.1,227.0,16.9,0
7194,0.59,0.035,56.9,215.7,10.3,0
7195,1.37,0.016,59.4,210.9,13.4,0
7196,1.57,0.012,55.4,228.2,11.3,0
7197,1.5,0.017,57.5,212.9,16.4,0
7198,1.2,0.041,61.2,199.4,7.5,0
7199,0.98,0.046,60.5,199.2,20.1,0
7200,1.71,0.009,56.0,227.1,16.3,0
7201,1.63,0.002,47.6,203.1,7.9,0
7202,1.55,0.021,61.8,218.1,13.5,1
7203,1.8,0.049,60.4,214.1,11.3,1
7204,1.24,0.0,57.7,213.1,8.6,0
7205,0.74,0.028,55.2,219.3,13.7,0
7206,1.39,0.01,55.0,204.2,9.7,0
7207,1.61,0.013,64.5,195.8,15.5,0
7208,1.38,0.029,54.7,211.7,22.0,0
7209,1.09,0.024,60.0,197.8,6.9,0
7210,1.2,0.009,52.7,206.9,15.5,0
7211,1.36,0.028,60.2,196.9,17.2,0
7212,1.19,0.06,53.3,204.0,21.7,0
7213,1.42,0.0,59.5,218.4,15.9,0
7214,1.24,0.027,61.9,216.0,17.9,0
7215,1.58,0.012,56.6,229.9,9.2,0
7216,1.53,0.031,60.8,194.5,6.1,0
7217,1.41,0.002,53.4,223.7,17.1,0
7218,1.65,0.009,61.5,211.7,9.7,0
7219,1.55,0.023,57.1,211.7,18.3,0
7220,1.05,0.011,55.6,226.0,22.0,0
7221,1.0,0.021,49.4,228.8,16.2,0
7222,0.99,0.035,57.8,202.0,12.5,0
7223,1.36,0.017,59.7,183.6,23.0,0
7224,0.56,0.005,59.1,222.6,14.7,0
7225,0.54,0.041,60.3,209.7,11.5,0
7226,1.04,0.012,55.3,214.0,16.0,0
7227,1.63,0.037,53.8,211.0,5.4,0
7228,1.46,0.018,60.9,191.9,16.9,0
7229,0.75,0.009,64.0,220.3,14.1,0
7230,0.83,0.045,56.5,212.1,20.4,0
7231,1.08,0.018,54.8,209.1,9.0,0
7232,0.77,0.008,53.7,210.0,13.9,0
7233,0.85,0.043,66.1,212.0,23.6,0
7234,1.44,0.075,53.9,203.4,17.9,0
7235,1.16,0.007,61.0,196.9,10.1,0
7236,2.06,0.031,64.0,202.8,13.6,0
7237,1.13,0.025,58.4,197.4,6.6,0
7238,0.92,0.0,69.8,229.8,8.7,0
7239,1.19,0.006,56.1,224.4,8.4,0
7240,1.18,0.054,52.7,205.0,11.2,0
7241,1.09,0.03,60.2,185.2,14.3,0
7242,1.23,0.024,54.7,226.4,19.4,0
7243,1.67,0.006,54.6,196.3,17.1,0
7244,1.3,0.006,56.7,208.6,12.9,0
7245,0.98,0.031,63.3,213.0,8.3,0
7246,1.16,0.02,57.7,228.5,5.1,0
7247,1.12,0.004,56.1,227.3,23.9,0
7248,0.2,0.009,53.3,213.3,17.7,0
7249,1.29,0.015,48.2,224.7,7.3,0
7250,1.55,0.025,57.3,195.6,23.4,0
7251,1.53,0.003,56.8,187.4,8.7,0
7252,1.34,0.019,56.7,206.0,24.0,0
7253,1.52,0.011,62.2,204.1,19.6,0
7254,1.27,0.016,59.2,223.7,11.1,0
7255,0.61,0.014,61.0,211.6,21.7,0
7256,1.47,0.01,57.6,187.4,15.7,0
7257,1.16,0.021,64.4,213.1,11.0,0
7258,0.94,0.031,60.1,202.3,13.4,0
7259,1.29,0.0,57.1,217.6,6.7,0
7260,1.59,0.039,55.8,214.4,18.1,0
7261,1.41,0.008,55.8,211.0,10.0,0
7262,1.41,0.03,55.3,208.9,14.5,0
7263,0.7,0.009,61.1,232.8,12.0,0
7264,1.35,0.0,61.1,194.7,11.1,0
7265,1.36,0.0,54.6,184.3,7.9,0
7266,0.64,0.04,61.1,215.4,19.8,0
7267,1.13,0.045,61.8,217.4,24.3,0
7268,1.55,0.023,59.8,204.8,6.7,0
7269,1.61,0.028,63.7,216.8,23.3,0
7270,1.82,0.022,60.7,194.7,8.0,0
7271,0.67,0.0,57.2,191.8,7.4,0
7272,0.84,0.015,58.0,218.4,13.8,0
7273,1.68,0.0,56.3,215.0,15.2,0
7274,1.76,0.035,57.3,218.8,18.8,1
7275,1.2,0.023,57.5,215.9,5.2,0
7276,1.44,0.004,57.8,220.0,18.0,0
7277,0.99,0.0,55.0,228.2,10.0,0
7278,1.28,0.009,55.5,197.5,24.5,0
7279,1.08,0.0,62.3,203.5,22.5,0
7280,0.7,0.03,57.8,231.8,21.3,0
7281,0.67,0.032,57.0,220.8,7.7,0
7282,1.34,0.021,58.1,203.4,19.5,0
7283,0.75,0.0,54.6,203.3,13.2,0
7284,1.71,0.035,59.4,173.4,18.0,1
7285,0.68,0.017,58.7,206.5,20.7,0
7286,0.68,0.035,64.5,189.1,6.3,0
7287,1.62,0.014,55.7,200.2,21.0,0
7288,0.93,0.001,65.6,216.5,11.6,0
7289,1.59,0.022,52.5,233.8,24.2,0
7290,0.72,0.03,58.3,204.6,12.1,0
7291,1.25,0.0,62.1,184.9,16.3,0
7292,1.37,0.026,55.3,196.7,6.0,0
7293,0.91,0.02,47.6,195.7,7.4,0
7294,0.59,0.02,55.5,232.0,17.9,0
7295,1.57,0.05,53.1,223.8,21.9,0
7296,1.23,0.009,53.0,207.3,24.7,0
7297,1.63,0.003,57.1,194.2,8.3,0
7298,1.63,0.0,58.3,198.8,17.0,0
7299,0.99,0.044,49.8,209.0,6.4,0
7300,0.86,0.016,59.5,207.3,23.5,0
7301,0.83,0.031,64.4,206.4,17.3,0
7302,2.46,0.009,50.9,212.1,17.1,0
7303,0.68,0.032,54.0,217.4,15.5,0
7304,1.09,0.003,54.0,213.3,15.3,0
7305,1.44,0.019,58.9,216.2,5.7,0
7306,0.64,0.004,62.2,214.8,11.4,0
7307,1.38,0.008,59.7,222.6,5.8,0
7308,0.93,0.003,56.2,210.5,12.6,0
7309,1.08,0.02,59.7,211.0,5.2,0
7310,1.27,0.025,55.3,203.0,22.9,0
7311,0.82,0.019,60.8,209.5,21.5,0
7312,1.1,0.0,65.8,215.3,12.1,0
7313,0.77,0.006,61.4,203.5,22.4,0
7314,1.75,0.019,54.6,224.6,8.9,0
7315,1.61,0.02,57.5,205.3,15.6,0
7316,1.32,0.025,60.2,202.5,8.9,0
7317,1.83,0.033,57.8,220.4,22.5,0
7318,0.8,0.051,59.9,236.5,5.5,0
7319,0.78,0.008,61.7,185.2,24.8,0
7320,1.02,0.0,61.6,198.4,18.4,0
7321,0.77,0.035,59.7,210.1,11.5,0
7322,0.7,0.027,58.3,215.6,5.2,0
7323,0.77,0.037,51.4,193.2,22.3,0
7324,1.79,0.004,68.2,208.5,8.2,0
7325,1.29,0.0,54.9,202.0,19.4,0
7326,1.1,0.016,55.3,217.8,11.6,0
7327,1.09,0.013,57.1,209.6,15.5,0
7328,0.86,0.029,57.0,214.7,6.1,0
7329,0.83,0.003,48.9,199.6,20.6,0
7330,1.14,0.005,61.4,221.9,6.5,0
7331,1.4,0.008,58.1,201.0,19.2,0
7332,1.51,0.011,61.6,208.0,19.8,0
7333,1.69,0.043,61.3,223.7,21.5,1
7334,1.12,0.001,55.5,206.9,7.5,0
7335,1.58,0.018,58.4,213.8,16.5,0
7336,0.96,0.038,62.5,215.3,9.0,0
7337,1.17,0.03,60.4,199.3,18.1,0
7338,1.23,0.011,57.3,222.3,22.5,0
7339,1.31,0.022,53.9,219.0,21.5,0
7340,0.91,0.016,58.5,225.4,16.3,0
7341,0.94,0.041,53.6,235.9,13.3,0
7342,0.7,0.015,58.9,208.4,7.7,0
7343,0.88,0.023,49.9,194.5,14.3,0
7344,0.64,0.008,65.6,194.2,7.6,0
7345,1.03,0.04,55.5,204.2,21.1,0
7346,1.4,0.012,56.3,186.3,13.3,0
7347,1.39,0.033,62.0,209.1,16.6,0
7348,1.66,0.0,60.3,203.3,7.7,0
7349,1.14,0.034,58.6,230.5,13.8,0
7350,1.7,0.017,58.2,196.7,17.6,1
7351,1.48,0.056,60.9,189.9,15.1,0
7352,2.43,0.042,56.7,214.5,15.7,1
7353,1.31,0.018,56.7,216.4,6.9,0
7354,1.05,0.041,65.2,215.1,5.9,0
7355,0.9,0.015,55.6,216.3,6.9,0
7356,1.42,0.013,62.4,203.3,18.4,0
7357,1.53,0.028,53.8,187.8,22.6,0
7358,1.53,0.025,59.2,222.4,9.0,0
7359,1.12,0.017,52.7,186.8,16.5,0
7360,0.78,0.003,58.2,229.7,16.5,0
7361,1.47,0.006,59.7,193.5,9.9,0
7362,0.74,0.0,57.1,205.9,22.0,0
7363,1.18,0.026,54.0,232.3,14.3,0
7364,1.28,0.023,57.8,218.6,16.5,0
7365,1.48,0.009,55.0,202.7,12.5,0
7366,0.2,0.025,60.9,207.8,8.0,0
7367,1.56,0.017,60.8,208.2,5.4,0
7368,1.23,0.012,59.4,205.3,13.0,0
7369,0.8,0.028,59.4,204.2,14.3,0
7370,1.53,0.034,60.9,218.0,10.0,0
7371,0.98,0.024,56.7,196.2,8.6,0
7372,0.85,0.036,65.6,195.3,18.5,0
7373,1.0,0.005,65.5,217.8,9.8,0
7374,1.07,0.023,61.6,228.1,8.4,0
7375,1.2,0.053,52.2,202.8,13.1,0
7376,1.41,0.028,49.5,222.1,20.3,0
7377,0.52,0.024,65.5,198.9,10.8,0
7378,1.06,0.041,55.6,202.4,20.4,0
7379,1.13,0.004,59.7,226.3,24.6,0
7380,1.11,0.039,52.6,226.0,22.0,0
7381,1.53,0.015,55.3,212.7,7.0,0
7382,1.55,0.017,58.2,210.0,22.3,0
7383,1.5,0.026,62.5,206.6,24.5,0
7384,1.16,0.033,52.6,201.6,9.1,0
7385,1.16,0.03,62.6,196.9,20.9,0
7386,1.04,0.03,57.6,213.6,16.9,0
7387,1.26,0.013,54.6,197.6,13.5,0
7388,1.04,0.029,62.4,216.4,18.1,0
7389,0.67,0.004,54.5,236.7,24.0,0
7390,0.72,0.005,60.7,210.3,23.1,0
7391,1.23,0.017,62.9,210.8,8.2,0
7392,0.89,0.0,61.0,222.1,11.0,0
7393,1.15,0.007,63.7,216.6,20.9,0
7394,1.23,0.004,62.7,212.8,14.9,0
7395,1.1,0.036,59.5,212.4,17.4,0
7396,1.58,0.005,60.3,206.4,13.1,0
7397,2.05,0.021,63.0,231.0,5.5,0
7398,1.39,0.0,50.7,213.3,6.9,0
7399,2.02,0.013,55.0,215.5,13.3,0
7400,0.84,0.027,57.5,188.4,17.8,1
7401,1.28,0.029,61.5,214.9,5.7,0
7402,0.72,0.019,56.9,206.4,6.4,0
7403,1.08,0.033,58.9,223.6,12.7,0
7404,1.14,0.022,52.6,216.5,24.3,0
7405,1.07,0.012,65.9,194.8,19.5,0
7406,0.93,0.0,53.1,211.6,9.5,0
7407,1.66,0.015,49.6,228.4,7.0,0
7408,1.06,0.029,57.3,195.8,6.1,0
7409,0.59,0.016,57.1,201.8,21.8,0
7410,1.49,0.027,61.0,210.9,16.8,0
7411,1.61,0.005,61.3,227.7,6.6,0
7412,1.51,0.003,59.5,195.8,23.0,0
7413,1.38,0.007,56.4,204.9,16.6,0
7414,0.2,0.037,58.9,222.3,19.6,0
7415,0.99,0.017,52.6,230.8,8.0,0
7416,1.15,0.012,61.1,241.5,16.8,0
7417,0.85,0.015,58.9,202.1,6.1,0
7418,1.69,0.021,64.8,207.5,11.5,0
7419,1.35,0.03,55.9,213.9,5.1,0
7420,0.99,0.036,63.1,192.4,7.3,0
7421,1.07,0.003,52.3,201.5,10.9,0
7422,1.03,0.032,61.9,193.5,21.0,0
7423,1.42,0.029,59.2,227.2,19.3,0
7424,0.99,0.014,59.6,215.2,24.1,0
7425,1.14,0.016,52.7,222.0,23.7,0
7426,0.47,0.029,61.8,216.7,15.9,0
7427,1.32,0.02,56.1,209.4,7.4,0
7428,0.58,0.0,62.2,204.1,12.3,0
7429,1.38,0.039,60.2,221.5,18.8,0
7430,1.76,0.018,51.2,198.9,12.0,0
7431,1.39,0.04,63.4,206.2,17.5,0
7432,0.24,0.02,53.4,227.5,13.5,0
7433,1.41,0.006,58.2,202.9,14.5,0
7434,0.69,0.008,59.7,218.1,15.2,0
7435,0.77,0.007,54.5,218.4,9.5,0
7436,1.52,0.009,60.7,202.9,24.2,0
7437,1.36,0.02,57.3,205.1,21.6,0
7438,1.61,0.016,55.8,209.5,23.3,0
7439,1.15,0.031,59.1,221.1,19.2,0
7440,1.06,0.021,57.4,199.4,10.1,0
7441,0.79,0.021,56.0,179.1,12.5,0
7442,0.87,0.004,60.9,206.1,17.1,0
7443,1.4,0.025,65.7,215.7,20.8,0
7444,0.21,0.027,60.4,219.8,10.4,0
7445,0.97,0.012,61.1,220.6,12.7,0
7446,1.22,0.032,48.5,216.0,11.6,0
7447,2.25,0.001,61.3,240.5,6.8,0
7448,1.13,0.013,66.6,215.7,17.2,0
7449,2.07,0.006,56.0,204.6,18.0,0
7450,1.76,0.041,51.1,209.0,19.2,0
7451,1.92,0.005,57.1,211.9,13.7,0
7452,1.25,0.019,58.0,192.5,18.9,0
7453,1.12,0.008,54.6,209.7,10.6,0
7454,1.75,0.012,56.9,205.0,24.7,0
7455,1.21,0.007,62.8,216.7,24.0,0
7456,1.85,0.024,54.1,207.4,20.3,0
7457,1.53,0.017,57.0,217.0,10.3,0
7458,0.72,0.027,57.5,207.5,19.5,0
7459,0.79,0.007,56.1,190.2,17.7,0
7460,1.31,0.033,60.5,191.2,13.3,1
7461,1.13,0.05,52.5,203.4,19.3,0
7462,1.86,0.001,57.5,210.6,11.1,0
7463,1.35,0.014,56.0,214.2,6.3,0
7464,0.79,0.022,61.2,221.7,13.9,0
7465,0.48,0.0,57.1,210.7,21.6,0
7466,0.92,0.02,63.4,204.6,12.3,0
7467,0.95,0.029,52.8,206.4,17.3,0
7468,1.42,0.013,57.1,225.8,6.7,0
7469,1.26,0.0,56.9,205.3,10.4,0
7470,0.98,0.049,57.0,216.5,13.4,1
7471,1.42,0.035,53.0,223.7,12.1,0
7472,0.83,0.016,54.1,213.6,9.7,0
7473,1.69,0.001,58.1,190.6,23.6,0
7474,1.84,0.013,51.8,185.4,22.2,0
7475,0.64,0.022,66.3,207.6,6.8,0
7476,1.39,0.03,62.4,196.1,14.2,1
7477,0.81,0.044,63.4,205.9,21.8,0
7478,1.26,0.018,59.9,211.9,10.0,0
7479,0.75,0.0,54.3,195.8,23.7,0
7480,1.84,0.005,58.6,193.7,17.9,0
7481,1.71,0.02,58.8,227.1,23.3,1
7482,0.96,0.004,56.5,221.9,8.3,0
7483,1.28,0.025,62.3,210.2,24.9,0
7484,0.9,0.019,61.0,221.5,22.0,0
7485,0.61,0.013,56.7,214.7,21.1,0
7486,0.87,0.012,61.0,227.8,8.2,0
7487,1.16,0.024,57.3,208.1,21.6,0
7488,1.53,0.036,55.3,199.3,6.7,1
7489,1.65,0.041,53.4,210.9,12.1,0
7490,0.89,0.021,62.1,218.7,11.2,0
7491,0.82,0.037,59.7,217.5,19.3,0
7492,0.77,0.032,62.4,203.6,8.6,0
7493,1.59,0.033,58.3,188.7,24.3,1
7494,0.62,0.02,49.7,219.5,8.0,0
7495,1.34,0.014,61.9,211.4,9.8,0
7496,1.99,0.03,60.9,207.4,10.6,0
7497,1.68,0.007,50.6,204.9,23.0,0
7498,1.11,0.02,60.3,191.5,16.3,1
7499,1.29,0.002,55.5,223.6,10.0,0
7500,0.37,0.028,59.0,208.9,15.0,0
7501,1.13,0.057,60.8,213.5,12.3,1
7502,1.44,0.022,55.5,199.8,22.7,0
7503,1.12,0.032,53.3,217.5,15.6,0
7504,1.11,0.023,58.9,192.3,10.1,0
7505,1.31,0.033,58.7,202.9,17.0,0
7506,1.17,0.016,50.7,247.7,5.4,0
7507,1.36,0.027,62.6,197.5,10.0,0
7508,0.85,0.0,53.5,211.0,24.7,0
7509,1.67,0.022,55.4,208.3,18.3,0
7510,0.99,0.03,62.6,229.2,17.1,0
7511,1.29,0.012,59.1,216.8,17.1,0
7512,1.33,0.012,64.7,200.4,16.6,0
7513,0.88,0.01,61.3,217.1,19.9,0
7514,1.45,0.0,61.3,209.0,15.2,0
7515,0.53,0.017,60.5,204.6,16.0,0
7516,1.05,0.027,63.6,204.6,18.4,0
7517,0.95,0.025,62.5,212.1,20.5,0
7518,0.9,0.016,59.6,196.1,24.5,0
7519,1.72,0.0,62.5,193.0,14.2,0
7520,0.2,0.017,63.4,207.4,22.4,0
7521,1.32,0.02,55.8,200.4,14.5,0
7522,1.41,0.026,59.5,234.0,8.1,0
7523,1.6,0.02,56.7,213.7,17.8,0
7524,1.33,0.029,59.6,208.0,16.4,0
7525,1.45,0.022,49.6,193.1,19.1,0
7526,1.19,0.021,55.2,206.9,24.6,0
7527,0.69,0.031,56.4,207.2,9.5,0
7528,1.52,0.026,62.1,205.1,24.1,0
7529,1.85,0.028,54.8,230.9,24.9,0
7530,1.36,0.027,58.4,222.9,18.3,0
7531,1.09,0.029,63.2,229.2,8.6,0
7532,1.57,0.029,61.0,198.8,10.6,0
7533,1.16,0.007,59.8,221.4,14.9,0
7534,1.65,0.024,50.2,206.0,8.0,0
7535,1.78,0.048,61.4,221.2,15.2,0
7536,1.47,0.038,54.9,215.9,20.1,0
7537,0.95,0.024,60.2,186.0,22.0,1
7538,1.24,0.027,50.8,225.5,16.6,0
7539,1.42,0.019,60.4,195.5,13.3,0
7540,1.58,0.01,64.1,191.0,21.2,0
7541,1.14,0.0,63.8,215.7,15.2,0
7542,1.87,0.02,66.3,206.4,9.6,0
7543,1.32,0.008,64.8,231.0,18.3,0
7544,1.12,0.013,65.4,220.4,10.0,0
7545,0.88,0.035,63.8,229.7,5.8,0
7546,1.68,0.0,61.2,202.3,18.8,0
7547,0.89,0.059,56.4,206.2,13.1,0
7548,0.77,0.024,60.6,227.8,7.8,0
7549,2.05,0.034,51.9,219.8,9.7,0
7550,1.76,0.001,63.2,220.2,10.1,0
7551,1.49,0.0,53.2,211.6,23.2,0
7552,1.23,0.04,59.7,211.3,10.1,0
7553,0.8,0.012,55.7,231.9,17.8,0
7554,1.58,0.026,53.7,224.5,9.2,0
7555,1.69,0.0,52.9,215.3,20.3,0
7556,1.41,0.038,62.0,210.6,8.8,0
7557,0.57,0.009,51.6,222.0,18.9,0
7558,1.48,0.056,56.4,197.3,19.8,1
7559,1.28,0.019,54.8,210.1,24.9,0
7560,1.32,0.017,59.1,203.6,19.4,1
7561,0.86,0.019,57.1,249.4,18.1,0
7562,0.87,0.007,65.9,213.8,12.1,0
7563,1.98,0.0,50.9,205.0,20.4,0
7564,1.15,0.027,59.0,201.8,21.3,0
7565,0.66,0.001,61.6,183.8,18.7,0
7566,1.36,0.02,56.0,189.6,12.4,1
7567,0.65,0.029,58.3,218.9,18.3,0
7568,1.08,0.003,64.0,199.9,22.3,0
7569,0.57,0.02,61.0,221.8,10.3,0
7570,0.99,0.033,57.5,193.1,8.9,0
7571,1.09,0.014,67.4,211.4,20.2,0
7572,1.01,0.0,55.3,204.5,9.9,0
7573,1.18,0.03,53.2,218.4,16.8,0
7574,1.37,0.038,57.2,212.0,14.3,0
7575,1.92,0.0,58.8,213.5,15.1,0
7576,1.71,0.024,60.2,208.3,23.3,0
7577,1.61,0.03,55.0,195.3,12.1,0
7578,1.55,0.036,57.0,202.7,22.5,1
7579,1.36,0.006,54.3,202.9,17.8,0
7580,1.17,0.025,50.7,233.4,18.9,0
7581,2.0,0.02,53.0,227.6,9.3,0
7582,1.32,0.016,60.1,194.6,8.9,0
7583,0.91,0.016,64.5,226.5,18.1,0
7584,1.12,0.026,58.4,208.2,11.0,0
7585,1.53,0.044,56.1,209.6,11.4,1
7586,1.12,0.021,62.2,211.5,10.9,0
7587,0.96,0.014,61.3,193.9,11.3,0
7588,0.2,0.012,63.7,203.1,15.6,0
7589,0.75,0.013,60.6,192.1,22.5,0
7590,1.34,0.028,54.2,200.1,10.0,0
7591,1.21,0.004,61.5,197.9,12.5,0
7592,0.79,0.02,56.6,207.0,21.3,0
7593,1.53,0.03,47.0,217.9,22.2,0
7594,0.87,0.019,55.1,197.2,8.4,0
7595,1.85,0.017,58.3,215.9,10.8,1
7596,1.03,0.022,54.3,230.8,20.6,0
7597,0.85,0.04,51.2,227.0,9.2,0
7598,1.36,0.0,54.9,225.7,15.7,0
7599,1.02,0.021,61.8,201.8,9.3,0
7600,1.63,0.0,56.3,195.4,20.8,0
7601,1.83,0.034,52.4,220.7,20.8,0
7602,1.14,0.036,60.2,194.3,10.2,0
7603,1.29,0.029,58.5,190.2,24.7,0
7604,1.0,0.009,59.1,205.5,6.7,0
7605,1.05,0.022,57.1,211.8,6.6,0
7606,1.22,0.013,58.8,195.2,18.2,0
7607,1.19,0.003,58.4,192.5,8.5,0
7608,1.75,0.021,66.5,205.2,22.1,0
7609,1.4,0.03,55.5,194.7,20.5,0
7610,0.69,0.026,53.0,205.9,20.7,0
7611,0.85,0.048,60.6,219.3,18.9,0
7612,1.42,0.0,53.3,208.1,7.8,0
7613,1.77,0.008,62.5,212.5,12.9,0
7614,1.8,0.006,58.3,210.9,15.6,1
7615,0.46,0.011,56.5,218.4,16.6,0
7616,1.3,0.0,61.4,217.0,20.7,0
7617,1.82,0.023,59.9,192.1,24.1,1
7618,1.44,0.027,66.7,203.1,20.8,0
7619,1.17,0.013,57.8,196.5,6.0,0
7620,1.73,0.007,61.0,201.8,12.7,0
7621,1.77,0.0,55.8,208.8,9.9,0
7622,1.99,0.018,61.6,230.7,17.7,0
7623,1.38,0.022,59.1,225.4,11.3,1
7624,0.92,0.018,62.9,220.1,15.8,0
7625,1.21,0.054,60.5,199.9,24.3,0
7626,0.98,0.023,54.3,227.2,12.8,0
7627,1.18,0.024,55.3,205.5,8.8,0
7628,1.01,0.035,58.1,223.8,9.4,0
7629,0.2,0.013,58.9,208.2,5.8,0
7630,1.71,0.009,63.8,212.7,10.4,0
7631,2.05,0.002,57.5,208.7,13.5,0
7632,0.57,0.015,56.9,216.0,22.4,0
7633,0.46,0.019,53.5,187.3,14.1,0
7634,1.29,0.027,57.6,210.3,12.6,0
7635,0.82,0.029,56.2,203.0,5.8,0
7636,0.76,0.022,57.3,207.1,6.5,0
7637,0.76,0.048,60.2,204.7,5.5,0
7638,1.06,0.021,58.9,200.2,14.5,1
7639,1.29,0.05,55.4,204.3,20.4,0
7640,0.74,0.027,58.4,220.4,24.9,0
7641,1.59,0.018,63.0,213.8,23.7,0
7642,0.93,0.001,67.5,208.9,11.7,0
7643,1.31,0.015,68.2,200.9,16.0,0
7644,1.11,0.0,64.4,218.7,10.5,0
7645,0.2,0.028,66.5,219.2,23.8,0
7646,1.6,0.006,59.4,215.4,7.8,0
7647,1.04,0.032,59.9,219.3,23.1,0
7648,1.79,0.033,58.5,200.0,8.1,0
7649,1.12,0.013,57.0,220.9,17.4,0
7650,0.92,0.02,56.2,211.9,15.5,0
7651,0.33,0.031,60.6,216.0,13.8,0
7652,1.37,0.012,62.7,201.0,20.8,0
7653,1.08,0.005,53.0,203.7,17.0,0
7654,1.07,0.004,57.6,246.2,21.2,0
7655,0.8,0.014,59.5,205.5,24.1,0
7656,1.02,0.0,54.3,209.7,12.8,0
7657,1.56,0.017,63.8,216.6,20.9,0
7658,1.91,0.019,57.7,194.2,17.0,0
7659,1.26,0.022,55.5,212.9,10.8,0
7660,1.2,0.029,53.8,228.6,10.2,0
7661,2.07,0.021,51.9,216.5,14.7,0
7662,1.65,0.003,55.2,229.2,13.4,1
7663,0.98,0.001,57.4,206.9,7.0,0
7664,0.84,0.043,64.9,204.5,20.1,0
7665,1.02,0.003,58.6,237.6,15.2,0
7666,1.73,0.015,60.9,219.5,9.0,0
7667,1.45,0.045,60.8,211.3,15.6,0
7668,0.87,0.025,61.8,218.7,10.5,0
7669,0.7,0.004,61.6,226.4,5.7,0
7670,1.03,0.003,64.3,214.8,11.9,0
7671,2.03,0.022,61.8,216.5,12.6,0
7672,1.87,0.034,55.8,195.9,10.1,1
7673,1.23,0.011,57.2,227.0,20.8,0
7674,1.31,0.023,55.1,210.8,16.1,0
7675,0.84,0.026,48.6,228.4,18.6,0
7676,0.84,0.034,56.5,236.1,6.3,0
7677,1.41,0.0,53.6,208.4,23.6,0
7678,0.76,0.0,61.5,220.5,15.2,0
7679,0.95,0.015,56.6,215.1,22.7,0
7680,1.55,0.003,55.9,206.5,7.9,0
7681,0.51,0.019,61.9,221.1,15.5,0
7682,1.23,0.026,61.9,197.9,9.5,0
7683,1.09,0.022,57.7,208.3,24.1,0
7684,1.79,0.0,62.4,224.3,18.0,0
7685,1.5,0.035,59.4,199.3,20.7,0
7686,1.65,0.032,62.5,214.9,5.5,0
7687,1.04,0.0,56.8,201.3,20.1,0
7688,1.03,0.007,60.6,193.3,9.2,0
7689,0.96,0.018,59.0,211.4,23.3,0
7690,1.24,0.006,53.1,212.9,8.9,0
7691,2.25,0.045,61.3,214.7,8.1,0
7692,0.95,0.027,61.5,206.7,22.7,0
7693,0.77,0.0,64.7,206.7,24.7,0
7694,0.94,0.009,55.5,220.8,16.1,0
7695,0.95,0.003,56.6,203.7,9.4,0
7696,0.92,0.03,56.9,191.1,15.8,0
7697,1.0,0.035,53.8,206.2,8.0,0
7698,1.65,0.035,55.7,205.7,8.4,0
7699,1.18,0.018,54.3,212.7,6.6,0
7700,0.84,0.018,54.9,207.0,13.5,0
7701,0.38,0.004,51.3,210.0,11.0,0
7702,0.95,0.055,54.0,223.4,8.8,0
7703,1.26,0.034,53.9,188.5,21.9,0
7704,1.12,0.0,55.4,221.6,7.5,0
7705,0.51,0.0,56.7,194.5,12.5,0
7706,0.2,0.046,56.0,222.6,6.9,0
7707,0.89,0.04,54.3,197.0,11.8,0
7708,1.44,0.018,55.3,223.5,16.7,0
7709,1.43,0.0,59.8,183.2,17.9,0
7710,2.14,0.03,59.3,210.8,15.8,0
7711,1.76,0.028,55.4,212.0,22.7,0
7712,0.83,0.047,64.7,211.3,20.3,0
7713,1.73,0.029,60.5,212.3,9.9,0
7714,0.71,0.014,55.5,210.9,18.8,0
7715,1.79,0.041,57.4,212.5,8.7,1
7716,1.4,0.029,61.7,216.2,15.0,0
7717,1.61,0.051,68.1,211.0,8.0,0
7718,1.23,0.036,61.6,208.3,23.9,0
7719,1.24,0.03,54.9,196.7,13.7,0
7720,0.65,0.029,61.4,207.8,18.4,0
7721,0.71,0.001,64.3,216.6,11.7,0
7722,1.06,0.03,61.2,188.5,14.8,0
7723,1.04,0.04,57.4,193.2,23.1,0
7724,1.27,0.012,63.9,215.2,12.3,0
7725,0.89,0.022,56.7,189.2,6.9,0
7726,1.59,0.014,65.2,221.7,25.0,0
7727,1.39,0.047,55.0,217.6,20.2,0
7728,1.32,0.046,56.7,223.3,8.9,0
7729,0.85,0.001,54.7,209.1,24.2,0
7730,0.97,0.004,60.8,226.1,21.7,0
7731,1.11,0.017,56.0,199.4,6.9,0
7732,1.3,0.0,52.0,212.0,22.8,0
7733,1.23,0.014,58.1,191.0,5.3,0
7734,1.7,0.03,58.7,228.3,21.0,0
7735,1.54,0.03,59.2,214.3,14.3,0
7736,1.65,0.012,65.7,183.5,24.1,0
7737,0.62,0.029,50.6,209.2,20.7,0
7738,1.43,0.019,61.5,187.5,15.9,0
7739,1.37,0.022,52.2,238.8,7.3,0
7740,1.7,0.0,56.4,222.9,14.9,0
7741,0.99,0.024,52.6,220.1,5.3,0
7742,1.15,0.031,56.9,206.9,21.6,0
7743,1.56,0.04,62.7,204.8,23.7,0
7744,1.46,0.047,58.8,225.8,23.2,1
7745,0.61,0.028,63.8,227.2,18.0,0
7746,1.64,0.003,50.1,200.1,21.7,0
7747,1.12,0.029,60.1,200.2,9.2,0
7748,1.18,0.025,60.5,196.2,13.1,0
7749,1.32,0.015,52.6,218.7,18.1,0
7750,1.78,0.026,57.3,208.5,17.9,0
7751,1.9,0.015,52.2,212.7,9.5,0
7752,0.95,0.02,62.1,193.3,20.2,0
7753,0.63,0.039,55.3,228.2,11.4,0
7754,1.48,0.023,59.9,206.9,12.3,0
7755,1.08,0.018,64.2,213.8,20.4,0
7756,1.33,0.014,56.8,213.9,12.5,1
7757,1.76,0.01,60.8,182.4,24.0,0
7758,1.35,0.012,59.0,215.9,8.2,0
7759,1.24,0.024,59.2,210.9,23.0,0
7760,1.8,0.009,54.9,203.2,10.6,0
7761,1.28,0.025,50.4,207.2,12.2,0
7762,0.55,0.026,62.4,197.1,24.1,0
7763,1.07,0.023,60.8,209.9,19.1,0
7764,1.48,0.041,63.5,193.5,14.2,0
7765,1.08,0.012,64.1,219.9,23.1,0
7766,0.33,0.015,63.7,228.2,7.5,0
7767,0.75,0.014,51.0,215.3,24.0,0
7768,0.71,0.022,61.5,203.7,12.4,0
7769,1.98,0.04,58.4,218.8,5.3,1
7770,1.52,0.02,51.1,203.7,10.2,0
7771,1.72,0.03,65.7,219.2,6.2,0
7772,0.24,0.058,59.5,213.7,11.5,0
7773,0.87,0.026,56.5,216.9,18.6,0
7774,1.75,0.007,51.9,211.0,15.1,0
7775,0.99,0.021,63.9,235.8,9.7,0
7776,1.1,0.024,55.8,211.4,18.7,1
7777,1.54,0.02,55.4,220.4,8.8,0
7778,0.87,0.026,52.3,229.8,7.8,0
7779,1.08,0.02,58.2,217.0,11.3,0
7780,1.0,0.034,52.4,217.9,13.3,0
7781,1.8,0.007,63.3,215.5,24.4,0
7782,1.48,0.023,55.3,226.1,24.5,0
7783,1.68,0.003,60.2,232.4,11.4,0
7784,1.03,0.031,59.1,226.4,22.3,0
7785,1.47,0.006,56.3,214.5,16.3,0
7786,0.76,0.022,60.5,214.0,11.2,0
7787,0.98,0.022,59.6,197.4,7.4,0
7788,1.1,0.047,62.2,196.9,25.0,0
7789,1.47,0.033,62.5,221.4,22.7,0
7790,1.14,0.0,54.9,202.1,7.4,0
7791,1.21,0.004,56.0,219.0,23.4,0
7792,1.47,0.044,58.7,218.2,8.1,0
7793,1.02,0.005,50.6,191.7,7.4,0
7794,2.11,0.008,55.7,205.2,20.1,0
7795,1.15,0.016,62.9,195.9,13.0,0
7796,0.64,0.035,63.5,212.6,21.0,0
7797,1.23,0.002,56.9,192.4,19.2,0
7798,1.11,0.027,52.9,205.3,9.1,0
7799,2.06,0.01,57.5,211.7,23.9,0
7800,0.96,0.008,53.4,223.5,6.1,0
7801,1.52,0.006,55.7,227.6,16.5,0
7802,0.32,0.022,53.0,202.5,13.9,0
7803,1.45,0.012,58.8,200.3,13.1,0
7804,1.59,0.032,56.7,184.6,11.3,0
7805,1.02,0.005,57.1,213.8,18.9,0
7806,2.05,0.008,60.2,183.1,21.7,0
7807,1.15,0.008,55.4,206.2,9.9,0
7808,1.36,0.015,51.5,217.1,16.7,0
7809,0.78,0.024,57.8,194.3,19.3,0
7810,0.8,0.004,55.6,211.2,10.7,0
7811,1.35,0.063,63.2,204.3,7.6,0
7812,0.37,0.032,58.5,237.8,10.8,0
7813,1.34,0.0,57.3,198.2,17.3,0
7814,1.32,0.03,54.6,228.1,22.1,0
7815,1.61,0.031,58.6,209.0,20.1,0
7816,1.29,0.019,48.9,179.9,13.6,0
7817,1.22,0.04,62.0,199.5,10.4,0
7818,0.42,0.021,61.5,213.6,11.8,0
7819,0.98,0.006,51.5,221.3,12.0,0
7820,0.59,0.017,57.5,206.8,7.9,0
7821,1.07,0.053,62.2,195.5,9.1,1
7822,1.31,0.02,58.1,208.5,18.9,0
7823,1.24,0.039,58.2,196.1,15.2,1
7824,1.98,0.017,53.0,202.7,19.8,0
7825,0.83,0.034,59.1,191.5,20.0,0
7826,1.27,0.041,61.6,187.6,17.0,0
7827,0.94,0.008,56.2,192.8,21.3,0
7828,1.25,0.019,60.3,222.1,24.0,0
7829,1.03,0.003,60.2,206.1,20.7,0
7830,1.52,0.0,60.5,186.3,21.5,0
7831,1.82,0.026,53.6,222.1,9.3,0
7832,0.55,0.029,60.0,215.4,22.1,0
7833,1.13,0.02,61.4,206.2,13.8,0
7834,1.45,0.017,61.4,203.3,8.6,0
7835,0.2,0.0,55.6,216.4,7.1,0
7836,0.25,0.02,59.5,208.9,12.4,0
7837,1.58,0.019,55.7,213.9,7.4,0
7838,1.47,0.035,61.2,208.1,16.7,0
7839,0.81,0.01,48.6,205.2,22.0,0
7840,1.26,0.012,57.6,197.6,12.8,0
7841,0.32,0.028,57.6,184.5,15.9,0
7842,1.42,0.0,57.8,203.7,18.5,0
7843,1.8,0.021,57.9,198.9,18.2,0
7844,1.43,0.011,58.2,191.9,16.5,0
7845,1.43,0.028,55.5,187.2,5.2,0
7846,1.27,0.017,53.9,192.7,5.2,0
7847,1.21,0.004,47.6,213.7,23.4,0
7848,1.08,0.012,54.5,225.6,21.9,0
7849,1.57,0.0,66.2,216.3,7.0,0
7850,1.82,0.012,50.2,228.4,16.8,0
7851,1.28,0.0,54.5,212.1,18.8,0
7852,0.93,0.037,56.5,191.7,10.0,0
7853,1.41,0.023,55.4,204.6,13.4,0
7854,0.7,0.0,55.8,213.8,16.5,0
7855,2.33,0.027,53.3,211.8,10.3,0
7856,1.44,0.019,54.7,201.6,13.1,0
7857,1.82,0.01,52.3,217.0,6.0,0
7858,1.64,0.006,58.5,212.7,22.9,0
7859,0.94,0.024,48.2,220.6,11.2,0
7860,1.68,0.027,52.6,208.8,12.0,0
7861,1.34,0.013,50.2,212.3,23.8,0
7862,0.79,0.018,62.9,221.6,15.4,0
7863,1.69,0.024,65.4,211.6,16.7,0
7864,1.49,0.002,60.0,204.7,17.1,0
7865,2.04,0.013,55.6,204.3,12.1,1
7866,1.51,0.002,55.3,213.4,12.7,0
7867,1.17,0.036,55.2,205.9,15.5,0
7868,1.9,0.022,53.8,199.6,19.8,0
7869,1.58,0.025,59.2,229.2,23.1,0
7870,0.9,0.021,60.4,209.8,14.1,0
7871,1.65,0.0,58.2,193.7,17.0,0
7872,1.21,0.025,58.3,202.2,12.9,0
7873,1.07,0.0,56.6,223.3,14.0,0
7874,1.59,0.0,61.3,211.7,14.5,0
7875,0.91,0.021,56.2,199.1,22.8,0
7876,1.34,0.036,57.7,201.1,16.6,0
7877,1.35,0.046,59.1,217.0,10.6,0
7878,1.23,0.034,57.1,200.1,10.8,0
7879,1.24,0.016,53.4,207.2,17.1,0
7880,1.29,0.035,60.5,237.3,12.5,0
7881,1.54,0.04,57.9,211.0,10.2,0
7882,1.52,0.03,54.1,203.7,8.8,0
7883,1.22,0.0,52.0,221.4,8.6,0
7884,1.33,0.039,57.3,209.8,11.6,0
7885,0.84,0.0,58.1,210.6,23.5,0
7886,1.95,0.015,59.9,218.1,21.7,0
7887,1.55,0.053,54.2,200.7,10.1,0
7888,1.11,0.027,60.8,227.8,11.0,0
7889,1.2,0.017,61.8,191.2,17.4,0
7890,1.16,0.043,59.9,186.5,21.6,1
7891,1.46,0.026,65.0,188.4,19.3,0
7892,0.97,0.027,62.9,218.2,24.9,0
7893,0.51,0.028,59.9,201.8,18.0,0
7894,0.91,0.023,56.8,215.4,24.0,0
7895,0.77,0.043,63.9,212.0,6.5,0
7896,0.99,0.023,60.5,210.2,6.1,0
7897,1.68,0.004,57.6,199.5,12.0,0
7898,1.02,0.003,64.4,213.1,5.4,0
7899,1.21,0.006,55.8,207.3,17.4,0
7900,0.98,0.025,58.7,207.7,10.3,0
7901,1.73,0.025,59.2,205.8,14.9,0
7902,1.59,0.011,62.0,190.7,6.2,0
7903,1.31,0.024,58.5,208.0,15.2,0
7904,1.0,0.033,59.9,197.7,7.9,0
7905,1.2,0.022,62.8,214.2,17.0,0
7906,0.73,0.006,56.5,207.7,7.3,0
7907,2.3,0.02,57.7,199.6,13.7,0
7908,1.26,0.051,52.4,212.3,12.4,0
7909,1.05,0.023,57.5,215.5,14.6,0
7910,0.95,0.015,53.4,210.5,21.9,0
7911,1.35,0.017,61.4,204.2,19.1,0
7912,1.44,0.003,52.3,199.9,14.9,0
7913,1.0,0.0,55.4,229.5,20.8,0
7914,1.71,0.02,53.1,213.7,22.2,0
7915,1.06,0.043,61.3,203.4,5.1,0
7916,0.62,0.0,55.4,207.1,11.0,0
7917,0.52,0.051,54.8,193.9,20.2,0
7918,1.29,0.035,57.8,211.0,14.3,0
7919,1.21,0.005,55.9,198.2,19.9,0
7920,0.69,0.02,61.4,215.7,13.2,0
7921,1.78,0.006,62.9,199.2,7.0,0
7922,0.7,0.033,58.4,203.5,10.8,0
7923,1.18,0.024,64.9,207.0,15.2,0
7924,0.8,0.01,60.3,218.8,11.8,0
7925,1.96,0.021,51.9,224.6,20.5,0
7926,2.03,0.032,56.1,210.7,5.2,0
7927,1.73,0.03,63.1,204.3,17.6,0
7928,0.71,0.04,54.7,209.5,5.5,0
7929,1.4,0.01,50.4,219.3,9.5,0
7930,1.44,0.005,57.8,203.7,23.0,0
7931,1.38,0.015,53.8,197.7,20.4,0
7932,0.89,0.036,52.1,217.5,17.7,0
7933,1.97,0.023,55.5,205.6,18.0,0
7934,1.44,0.003,47.2,217.5,24.1,0
7935,1.21,0.005,63.4,190.4,8.2,0
7936,0.68,0.014,58.9,192.5,15.1,0
7937,1.32,0.019,59.2,225.5,24.8,0
7938,1.87,0.0,61.1,206.9,10.9,0
7939,1.69,0.035,55.0,210.7,5.2,0
7940,0.57,0.017,56.9,226.4,8.7,0
7941,0.65,0.036,56.4,218.1,18.3,0
7942,1.39,0.0,56.7,203.4,20.0,0
7943,0.81,0.036,63.2,201.5,13.6,0
7944,0.91,0.021,55.2,207.4,11.4,0
7945,1.04,0.022,59.3,201.1,9.1,0
7946,1.04,0.034,56.5,225.3,14.1,0
7947,0.77,0.025,57.6,201.9,13.9,0
7948,0.84,0.045,55.3,192.8,16.9,0
7949,0.62,0.025,61.3,223.6,10.0,0
7950,1.41,0.0,57.2,211.0,8.0,0
7951,0.94,0.041,57.0,224.5,16.7,0
7952,0.99,0.055,63.4,200.7,18.0,0
7953,1.87,0.041,55.0,203.0,7.3,0
7954,2.06,0.005,57.9,204.6,20.0,0
7955,0.64,0.0,55.7,230.7,16.4,0
7956,0.74,0.016,65.9,214.5,21.5,0
7957,1.06,0.037,60.2,228.8,20.1,0
7958,1.44,0.01,53.8,211.9,11.8,0
7959,0.88,0.018,58.9,225.5,20.2,0
7960,1.36,0.013,63.7,225.8,17.9,0
7961,1.29,0.027,60.8,215.8,24.2,0
7962,0.48,0.03,60.8,215.2,13.5,0
7963,1.17,0.026,53.9,209.1,20.9,0
7964,0.93,0.023,61.3,199.1,9.0,0
7965,1.26,0.047,57.3,222.3,12.1,1
7966,0.87,0.021,63.8,198.9,17.5,0
7967,1.28,0.019,50.3,198.0,16.9,0
7968,0.79,0.0,49.8,202.2,8.8,0
7969,1.14,0.012,56.1,209.6,21.5,0
7970,0.49,0.023,53.3,223.4,21.5,0
7971,2.02,0.012,56.0,219.5,15.4,0
7972,1.19,0.006,65.5,208.1,24.5,0
7973,1.09,0.009,67.0,209.8,19.4,0
7974,1.58,0.03,57.8,212.9,14.1,1
7975,0.95,0.017,59.7,191.7,23.8,0
7976,0.22,0.009,59.3,212.8,11.6,0
7977,1.5,0.018,56.4,197.4,10.1,0
7978,1.17,0.039,63.9,229.2,16.4,0
7979,1.43,0.007,58.0,208.9,14.3,0
7980,0.4,0.0,60.1,227.6,16.6,0
7981,0.93,0.028,60.5,199.0,20.6,0
7982,0.77,0.027,63.9,202.7,9.7,0
7983,0.42,0.04,56.6,201.2,16.2,0
7984,0.98,0.017,54.4,206.9,11.0,0
7985,1.44,0.039,63.6,213.0,9.3,0
7986,1.4,0.029,61.2,205.5,13.0,0
7987,0.89,0.038,49.5,203.8,8.2,0
7988,1.03,0.013,69.3,216.4,8.6,0
7989,0.75,0.0,61.5,213.2,16.0,0
7990,0.56,0.017,59.1,203.4,17.1,0
7991,1.8,0.046,54.5,221.9,13.7,1
7992,1.74,0.038,57.6,200.2,24.2,0
7993,1.37,0.016,54.4,198.3,7.6,0
7994,1.06,0.012,56.6,222.0,5.6,0
7995,0.2,0.037,54.9,212.7,22.6,0
7996,1.47,0.019,52.0,207.7,18.1,0
7997,1.54,0.0,52.4,205.0,19.0,0
7998,1.06,0.036,56.0,213.2,5.9,0
7999,1.37,0.033,66.5,206.7,21.7,0
8000,1.35,0.035,56.7,215.9,24.1,0
8001,0.81,0.019,60.2,208.6,20.4,0
8002,1.06,0.022,54.0,223.0,22.0,0
8003,1.03,0.013,60.5,204.0,5.3,0
8004,1.03,0.057,64.1,203.8,14.7,0
8005,0.72,0.026,68.6,202.1,14.0,0
8006,1.11,0.041,53.8,202.7,10.5,0
8007,0.82,0.023,55.7,210.2,11.4,0
8008,0.72,0.002,56.5,207.1,17.6,0
8009,0.79,0.012,59.3,221.1,12.9,0
8010,0.56,0.004,64.3,191.1,14.9,0
8011,1.0,0.009,64.2,204.9,13.4,0
8012,1.38,0.02,49.5,200.7,22.5,0
8013,1.04,0.0,60.1,199.6,6.4,0
8014,1.15,0.003,52.0,226.9,24.8,0
8015,0.9,0.0,62.2,222.0,17.1,0
8016,1.09,0.0,60.7,209.0,12.5,0
8017,1.22,0.013,66.3,224.3,22.4,0
8018,1.06,0.019,59.0,217.2,5.7,0
8019,0.98,0.025,52.8,211.1,17.1,0
8020,0.86,0.056,51.4,193.0,22.4,0
8021,1.15,0.042,64.1,229.2,17.9,0
8022,0.61,0.024,57.9,222.5,6.1,0
8023,1.21,0.0,53.1,224.1,20.6,0
8024,1.89,0.04,53.1,199.8,20.9,0
8025,1.44,0.013,58.2,215.3,21.1,0
8026,0.96,0.019,59.6,229.4,24.4,0
8027,1.4,0.016,54.7,204.3,14.9,0
8028,0.94,0.03,56.6,221.4,21.3,0
8029,1.08,0.019,58.7,201.9,19.0,0
8030,1.79,0.0,50.5,200.0,10.2,0
8031,0.56,0.037,52.5,219.0,7.9,0
8032,1.35,0.034,53.1,218.5,21.0,0
8033,0.73,0.036,59.2,193.6,7.6,0
8034,0.2,0.033,62.6,193.8,14.8,0
8035,0.96,0.0,56.2,213.0,11.4,0
8036,1.72,0.002,60.2,217.4,20.2,0
8037,1.16,0.0,58.1,196.7,16.9,0
8038,1.2,0.0,60.2,220.7,10.7,0
8039,1.49,0.015,65.7,210.5,5.6,0
8040,0.98,0.002,56.5,216.3,13.4,0
8041,0.79,0.017,48.0,201.7,24.0,0
8042,0.9,0.001,54.5,194.1,19.1,0
8043,0.33,0.027,56.4,195.0,17.1,0
8044,1.02,0.0,57.8,221.4,18.4,0
8045,1.12,0.023,54.3,207.7,5.9,0
8046,1.12,0.016,51.2,219.8,18.8,0
8047,1.58,0.006,61.0,214.7,20.3,0
8048,1.79,0.038,53.3,210.8,6.0,0
8049,1.1,0.032,65.0,200.1,11.3,0
8050,1.09,0.005,65.1,230.9,14.0,0
8051,0.91,0.036,56.8,205.1,8.0,0
8052,1.11,0.023,57.8,190.8,10.1,1
8053,0.76,0.014,52.9,209.3,18.9,0
8054,1.44,0.021,60.9,195.7,13.0,0
8055,0.67,0.014,55.8,198.6,24.5,0
8056,1.32,0.0,56.7,224.6,11.8,0
8057,1.69,0.0,65.2,200.3,5.0,0
8058,1.3,0.031,56.4,209.6,11.1,0
8059,1.8,0.024,64.3,210.4,15.2,0
8060,0.67,0.031,60.1,215.6,17.5,0
8061,0.81,0.026,58.0,214.8,24.0,0
8062,1.02,0.021,57.2,218.4,12.7,0
8063,1.01,0.021,60.2,210.8,10.1,0
8064,1.3,0.01,70.0,193.0,13.6,0
8065,0.61,0.04,55.7,200.5,8.9,0
8066,1.16,0.003,55.7,221.6,6.6,0
8067,1.62,0.027,53.1,206.3,20.7,0
8068,1.45,0.018,52.4,211.1,7.8,0
8069,1.49,0.023,47.5,224.9,22.7,0
8070,0.88,0.017,57.8,221.2,15.1,0
8071,1.06,0.009,59.6,210.8,21.3,0
8072,1.31,0.033,57.6,215.3,22.1,0
8073,0.7,0.006,62.0,210.4,24.5,0
8074,0.88,0.0,57.8,209.7,24.1,0
8075,1.05,0.011,60.0,211.9,8.3,0
8076,0.95,0.036,53.0,213.2,13.9,0
8077,1.4,0.03,54.8,214.2,13.9,0
8078,0.76,0.022,59.1,210.8,15.5,0
8079,0.85,0.024,60.1,215.6,21.1,0
8080,1.92,0.03,54.9,197.2,22.3,0
8081,1.23,0.016,54.7,215.0,12.3,0
8082,1.05,0.028,54.5,214.6,24.2,0
8083,1.1,0.009,53.1,208.8,22.0,0
8084,1.16,0.0,59.7,194.0,7.0,0
8085,1.14,0.0,57.3,206.0,5.8,0
8086,1.58,0.0,53.2,215.1,21.9,0
8087,1.48,0.017,58.8,207.6,21.0,0
8088,1.52,0.024,54.3,215.5,18.0,0
8089,1.5,0.027,61.2,229.7,14.3,0
8090,0.63,0.013,54.4,213.0,14.8,0
8091,1.62,0.028,49.6,211.2,9.4,0
8092,0.77,0.039,48.5,189.7,14.6,0
8093,1.26,0.017,51.2,210.1,18.0,0
8094,1.24,0.037,60.4,227.7,23.7,0
8095,1.89,0.019,58.1,210.8,22.1,0
8096,1.12,0.02,53.3,218.2,8.4,0
8097,0.59,0.034,53.6,208.7,11.0,0
8098,1.01,0.016,49.9,196.3,11.0,0
8099,1.91,0.006,53.2,189.9,17.7,0
8100,1.33,0.032,65.6,214.2,23.8,0
8101,1.15,0.01,60.3,204.9,24.2,0
8102,1.07,0.012,61.6,207.4,13.9,1
8103,0.83,0.04,61.0,207.7,10.7,0
8104,1.04,0.029,56.5,202.3,16.0,0
8105,1.04,0.001,57.1,211.7,19.7,0
8106,0.65,0.018,55.7,220.8,18.1,0
8107,0.6,0.025,55.2,198.5,15.5,0
8108,2.09,0.005,64.2,203.3,19.6,0
8109,1.18,0.051,56.9,218.9,14.7,1
8110,0.6,0.019,56.0,201.3,23.9,0
8111,1.4,0.022,58.2,209.8,7.5,0
8112,1.3,0.032,54.1,204.2,6.7,0
8113,1.58,0.004,59.5,219.3,14.8,0
8114,1.16,0.015,52.2,204.9,24.6,0
8115,1.22,0.036,62.6,215.1,12.3,0
8116,1.4,0.052,56.0,218.8,15.4,0
8117,1.59,0.034,54.8,217.5,17.7,0
8118,0.7,0.0,50.4,186.9,24.0,0
8119,1.07,0.014,53.8,201.5,8.6,0
8120,1.07,0.0,62.3,195.3,6.6,0
8121,1.09,0.026,54.0,203.7,7.4,0
8122,1.23,0.033,54.0,180.4,9.0,0
8123,1.25,0.025,58.3,221.0,15.5,0
8124,1.56,0.039,59.0,200.6,22.0,1
8125,0.82,0.049,60.2,192.9,17.1,0
8126,0.8,0.023,60.6,212.1,24.3,0
8127,2.05,0.036,61.5,212.6,12.7,0
8128,1.91,0.0,59.6,211.8,24.4,0
8129,1.43,0.019,58.6,200.9,13.4,0
8130,1.41,0.01,55.3,183.9,18.8,0
8131,0.94,0.017,59.0,216.3,24.6,0
8132,1.44,0.029,58.4,209.1,24.5,0
8133,1.64,0.028,59.0,204.7,13.0,0
8134,0.35,0.0,63.3,224.0,13.4,0
8135,1.49,0.028,52.2,212.2,23.7,0
8136,1.37,0.037,63.3,200.5,7.4,0
8137,0.98,0.021,61.6,214.3,7.6,0
8138,0.98,0.0,52.0,197.8,11.9,0
8139,1.17,0.04,55.6,209.6,13.4,0
8140,1.0,0.0,50.2,216.6,13.0,0
8141,0.98,0.01,59.5,230.9,20.4,0
8142,0.97,0.028,57.0,201.8,10.6,0
8143,1.3,0.019,60.9,224.3,11.3,0
8144,0.99,0.015,57.0,211.6,17.8,0
8145,1.77,0.011,69.6,218.2,22.3,0
8146,0.64,0.025,52.3,244.3,15.0,0
8147,1.66,0.01,54.6,215.1,20.4,0
8148,1.08,0.028,64.0,210.0,11.1,0
8149,0.8,0.012,59.6,222.2,12.8,0
8150,0.8,0.025,56.0,221.8,22.0,0
8151,1.1,0.006,63.9,199.2,6.2,0
8152,1.58,0.034,48.2,211.5,8.8,0
8153,1.6,0.023,61.5,231.6,9.8,0
8154,1.51,0.015,61.5,229.8,12.8,0
8155,1.3,0.0,51.8,206.9,5.9,0
8156,1.02,0.025,57.7,242.0,24.4,1
8157,0.76,0.0,51.6,215.8,12.0,0
8158,1.08,0.017,57.5,213.7,9.9,0
8159,0.96,0.02,64.8,232.0,15.1,0
8160,1.72,0.019,61.9,188.2,16.5,0
8161,0.62,0.022,48.1,200.5,11.0,0
8162,0.2,0.033,59.9,215.5,10.1,0
8163,1.1,0.008,57.4,213.5,8.1,0
8164,1.48,0.022,51.8,217.5,23.9,0
8165,1.4,0.001,60.2,216.4,15.6,0
8166,0.88,0.0,58.8,188.0,12.4,0
8167,1.18,0.055,65.3,224.6,18.4,0
8168,1.24,0.021,55.4,202.3,22.5,0
8169,2.07,0.037,58.7,202.5,16.0,0
8170,1.41,0.005,58.0,223.2,7.9,0
8171,0.66,0.03,57.7,201.4,15.8,0
8172,1.9,0.004,54.4,167.8,5.3,0
8173,0.92,0.024,58.8,195.2,14.0,1
8174,0.73,0.0,64.8,204.7,18.9,0
8175,1.35,0.028,62.9,211.6,21.9,0
8176,0.66,0.004,56.1,221.7,18.5,0
8177,1.48,0.035,58.1,237.9,9.9,0
8178,1.47,0.014,53.0,209.5,20.0,0
8179,1.44,0.0,49.5,222.8,20.7,0
8180,1.83,0.041,51.2,212.6,16.6,0
8181,1.05,0.011,57.8,237.7,10.0,0
8182,1.17,0.035,60.9,218.0,18.8,0
8183,1.37,0.029,53.6,185.9,11.6,0
8184,1.17,0.0,53.3,201.8,6.7,0
8185,1.08,0.008,58.6,225.3,18.8,0
8186,1.11,0.026,53.9,220.8,19.2,0
8187,1.14,0.032,57.5,210.0,9.3,0
8188,1.94,0.025,53.8,218.8,12.4,0
8189,1.1,0.047,62.7,191.5,11.7,0
8190,1.53,0.001,63.3,226.8,7.9,0
8191,1.71,0.017,56.3,218.6,24.1,1
8192,0.99,0.006,58.5,181.8,18.2,0
8193,0.99,0.007,61.6,198.7,15.4,0
8194,0.93,0.037,53.9,218.5,15.2,0
8195,0.9,0.028,62.8,198.0,5.1,0
8196,1.56,0.012,55.9,219.3,23.5,0
8197,1.78,0.025,57.5,212.0,8.3,1
8198,1.09,0.015,57.7,213.9,16.4,0
8199,1.6,0.021,55.4,202.2,22.7,0
8200,0.97,0.0,61.9,227.8,23.0,0
8201,1.28,0.023,61.2,201.5,13.4,0
8202,1.18,0.02,55.7,213.1,20.8,0
8203,1.06,0.018,57.7,205.6,18.5,0
8204,0.74,0.016,63.1,181.3,11.8,0
8205,1.13,0.006,50.7,220.9,14.3,0
8206,1.43,0.043,54.5,227.6,22.1,0
8207,0.92,0.037,55.2,210.9,22.4,0
8208,0.65,0.0,61.7,206.7,6.8,0
8209,0.88,0.041,56.6,189.7,18.0,1
8210,1.28,0.019,51.9,229.3,9.0,0
8211,0.71,0.04,54.2,191.7,13.1,0
8212,0.61,0.027,60.1,219.4,17.8,0
8213,1.36,0.023,60.1,234.8,19.8,1
8214,1.08,0.04,56.9,215.5,6.7,0
8215,0.92,0.023,54.5,211.8,21.5,0
8216,1.81,0.028,54.5,212.1,13.6,0
8217,0.35,0.011,61.8,216.3,12.3,0
8218,1.06,0.006,54.3,206.1,11.1,0
8219,0.86,0.014,55.8,212.6,6.7,0
8220,1.62,0.015,59.5,202.2,8.8,0
8221,0.97,0.019,51.7,177.9,9.4,0
8222,2.03,0.018,58.3,205.0,20.4,0
8223,1.37,0.012,56.0,192.7,6.4,0
8224,1.6,0.0,51.8,215.1,20.9,0
8225,0.96,0.011,61.3,210.9,17.8,0
8226,0.77,0.0,54.7,217.0,17.5,0
8227,1.72,0.031,54.0,205.9,15.7,0
8228,1.39,0.028,61.8,195.6,16.4,0
8229,1.38,0.015,54.5,218.6,23.1,0
8230,0.76,0.034,67.7,211.1,5.0,0
8231,1.21,0.04,61.1,216.8,24.0,0
8232,1.35,0.038,56.6,209.9,20.6,0
8233,0.52,0.016,61.7,203.2,23.6,0
8234,1.18,0.013,59.3,212.6,13.8,0
8235,1.66,0.047,59.0,209.0,19.6,1
8236,1.46,0.03,59.8,196.4,17.2,0
8237,1.58,0.011,57.5,206.0,16.8,0
8238,1.1,0.01,56.8,222.3,13.3,0
8239,0.7,0.002,55.9,225.0,11.6,0
8240,1.31,0.0,54.2,207.8,19.5,0
8241,1.45,0.007,61.3,210.8,23.6,0
8242,0.92,0.021,57.2,202.5,14.5,0
8243,1.03,0.024,58.5,211.8,16.1,0
8244,1.14,0.021,60.8,195.9,23.1,0
8245,0.97,0.0,55.1,202.7,24.4,0
8246,2.06,0.0,61.9,194.6,8.9,0
8247,1.71,0.017,49.3,205.5,23.7,0
8248,1.34,0.016,59.5,199.8,13.1,0
8249,1.61,0.01,58.1,204.0,5.7,0
8250,0.88,0.021,63.7,225.8,14.1,0
8251,1.43,0.016,56.4,230.9,12.5,0
8252,0.65,0.026,61.0,211.8,17.9,0
8253,0.62,0.008,57.9,213.7,15.3,0
8254,1.65,0.044,53.7,202.9,21.8,0
8255,1.8,0.017,53.0,190.6,23.7,0
8256,1.59,0.019,56.8,221.1,9.3,0
8257,1.42,0.0,54.6,197.8,15.4,0
8258,0.62,0.01,61.5,193.6,13.2,0
8259,1.42,0.006,61.7,213.3,16.3,0
8260,1.12,0.01,59.3,206.3,11.3,0
8261,0.73,0.025,53.8,202.1,19.5,0
8262,1.32,0.029,62.6,189.5,20.7,0
8263,1.02,0.03,59.8,218.6,18.1,0
8264,1.34,0.003,58.8,191.6,15.2,0
8265,1.22,0.012,60.6,215.0,18.6,0
8266,0.76,0.036,57.3,213.1,12.8,0
8267,1.09,0.011,57.3,207.5,14.7,0
8268,1.0,0.028,56.0,222.0,13.5,0
8269,1.21,0.027,53.8,203.1,7.1,0
8270,0.69,0.0,55.4,221.8,21.8,0
8271,1.6,0.037,54.8,211.5,20.2,0
8272,1.17,0.013,63.1,221.0,17.7,0
8273,1.18,0.018,58.9,224.6,16.5,0
8274,0.82,0.001,59.6,202.7,25.0,0
8275,1.35,0.02,54.5,230.2,18.4,0
8276,1.36,0.016,60.4,218.7,9.3,0
8277,0.76,0.0,58.1,222.8,24.8,0
8278,0.83,0.023,54.6,216.1,23.5,0
8279,2.05,0.0,62.0,226.4,24.3,0
8280,1.08,0.032,53.0,219.5,9.6,0
8281,0.51,0.028,56.2,212.3,15.8,0
8282,1.79,0.021,63.2,200.4,11.5,0
8283,1.84,0.025,56.1,210.1,9.3,0
8284,0.9,0.012,50.4,219.3,19.1,0
8285,1.13,0.031,54.7,202.2,7.3,0
8286,1.51,0.012,54.7,208.4,22.6,0
8287,0.2,0.013,60.2,218.6,15.2,0
8288,0.85,0.0,59.5,207.0,7.1,0
8289,1.28,0.002,55.5,217.4,7.9,0
8290,0.79,0.004,54.8,217.7,16.5,0
8291,1.2,0.027,61.8,217.5,10.3,0
8292,1.51,0.009,60.8,198.5,13.8,0
8293,1.77,0.016,54.4,205.6,12.7,0
8294,0.9,0.011,51.2,195.8,8.3,0
8295,1.48,0.006,57.4,195.2,24.2,0
8296,0.53,0.019,55.6,218.5,11.7,0
8297,2.14,0.015,57.1,221.1,16.9,0
8298,0.78,0.012,58.3,203.5,14.9,0
8299,1.0,0.021,59.3,207.7,17.7,0
8300,1.12,0.031,58.7,200.6,24.5,0
8301,1.47,0.022,55.6,199.0,7.2,0
8302,0.85,0.015,62.6,215.4,12.1,0
8303,0.98,0.014,52.7,225.6,15.9,0
8304,1.34,0.025,58.6,207.2,18.5,0
8305,1.47,0.023,60.8,229.4,23.9,0
8306,1.38,0.025,58.0,230.8,16.3,0
8307,0.95,0.04,57.7,223.5,23.9,0
8308,1.73,0.024,56.7,228.1,13.5,0
8309,1.6,0.02,55.4,211.5,11.2,0
8310,1.01,0.004,62.1,198.3,6.4,0
8311,0.8,0.067,55.5,201.2,6.1,1
8312,1.27,0.003,54.9,197.3,13.3,0
8313,0.55,0.036,60.1,220.1,10.7,0
8314,0.83,0.018,59.0,207.1,13.1,0
8315,1.11,0.032,60.6,208.0,13.8,0
8316,1.51,0.02,60.7,218.2,9.6,0
8317,1.21,0.007,57.8,205.2,16.7,0
8318,1.26,0.029,59.2,220.1,16.6,0
8319,0.9,0.014,56.4,195.4,5.4,0
8320,0.88,0.015,58.9,193.2,17.1,0
8321,0.75,0.029,62.6,197.8,20.0,0
8322,1.04,0.031,60.5,205.6,10.2,0
8323,0.87,0.049,57.8,215.8,13.4,1
8324,1.15,0.008,61.8,223.8,9.6,0
8325,1.27,0.001,48.0,223.1,5.1,0
8326,0.48,0.03,60.0,229.0,22.8,0
8327,1.35,0.02,65.3,228.7,19.1,0
8328,0.77,0.008,61.9,194.4,17.4,0
8329,1.78,0.033,54.6,213.0,20.1,0
8330,0.39,0.024,55.0,227.3,11.2,0
8331,1.36,0.034,53.2,203.7,14.0,0
8332,1.14,0.035,56.4,220.4,21.6,0
8333,0.64,0.0,54.0,211.8,6.0,0
8334,1.4,0.029,56.6,210.5,18.2,0
8335,1.84,0.023,59.0,178.7,12.5,0
8336,0.95,0.017,63.1,189.1,24.6,0
8337,0.58,0.0,50.5,221.5,19.0,0
8338,1.62,0.031,56.9,205.8,7.1,0
8339,1.66,0.008,59.4,205.3,6.2,0
8340,1.32,0.012,60.7,192.8,24.7,0
8341,0.88,0.027,70.0,200.8,17.5,0
8342,1.3,0.043,56.1,207.0,18.5,0
8343,0.94,0.041,51.7,217.9,20.4,0
8344,1.58,0.017,58.9,216.8,6.0,0
8345,1.24,0.034,60.8,214.8,5.7,0
8346,1.72,0.011,54.2,221.5,11.9,0
8347,0.25,0.0,59.4,193.3,10.9,0
8348,1.46,0.007,57.7,204.8,19.3,0
8349,1.17,0.006,59.3,233.7,15.0,0
8350,1.94,0.003,57.0,229.5,17.2,0
8351,1.66,0.028,54.1,193.4,5.5,0
8352,1.76,0.029,60.4,198.1,16.4,1
8353,1.42,0.0,62.0,203.9,5.3,0
8354,1.17,0.006,51.2,211.2,22.6,0
8355,1.36,0.019,53.4,222.2,22.4,0
8356,1.75,0.016,56.6,202.6,11.4,0
8357,1.06,0.02,55.2,210.4,7.4,0
8358,1.73,0.021,56.0,212.2,9.2,0
8359,0.89,0.037,62.2,184.4,8.7,0
8360,0.59,0.026,56.1,214.4,16.1,0
8361,1.97,0.04,54.6,186.4,21.4,1
8362,0.61,0.016,55.0,221.6,12.8,0
8363,1.54,0.046,59.4,196.3,5.9,1
8364,0.97,0.034,66.8,204.0,7.9,0
8365,1.14,0.005,62.2,203.3,16.3,0
8366,0.66,0.002,54.5,201.6,21.0,0
8367,2.43,0.019,57.7,208.4,23.2,0
8368,1.37,0.028,56.5,199.2,15.8,0
8369,0.85,0.0,61.9,199.7,16.0,0
8370,0.54,0.025,57.0,215.1,14.7,0
8371,1.94,0.005,62.0,199.7,6.6,0
8372,1.39,0.026,58.2,226.5,20.4,0
8373,0.64,0.023,67.2,204.4,19.5,0
8374,1.14,0.015,61.3,206.7,20.1,0
8375,1.2,0.0,58.6,234.6,16.2,0
8376,0.78,0.032,60.1,208.2,16.7,0
8377,1.32,0.0,54.2,196.9,18.6,0
8378,0.38,0.009,52.2,215.9,24.2,0
8379,1.1,0.029,51.4,209.2,22.5,0
8380,1.57,0.032,58.3,219.7,8.6,0
8381,1.2,0.034,63.6,219.6,24.1,0
8382,1.34,0.009,58.1,220.1,12.0,0
8383,0.72,0.008,61.4,190.4,15.5,0
8384,0.4,0.015,54.8,212.8,20.1,0
8385,1.65,0.035,59.8,218.9,24.4,0
8386,0.74,0.013,59.2,216.2,11.3,0
8387,1.7,0.031,59.9,198.0,10.4,0
8388,0.48,0.0,50.7,207.4,6.8,0
8389,0.66,0.043,64.9,217.7,11.3,0
8390,1.0,0.025,61.2,205.9,22.0,0
8391,2.02,0.003,53.8,208.4,21.1,0
8392,0.84,0.013,53.5,201.3,22.6,0
8393,0.69,0.01,49.8,228.1,14.9,0
8394,1.5,0.016,62.2,228.1,23.1,0
8395,1.11,0.014,55.8,215.9,5.6,0
8396,0.79,0.014,60.6,213.1,22.0,0
8397,1.49,0.011,50.9,216.8,7.8,0
8398,1.83,0.03,55.6,175.6,16.0,1
8399,1.47,0.006,56.1,226.5,10.3,0
8400,1.73,0.041,56.3,220.2,22.0,0
8401,1.21,0.038,51.1,213.5,19.6,0
8402,0.87,0.027,49.5,203.2,16.3,0
8403,1.49,0.019,62.2,229.7,11.4,0
8404,1.37,0.022,63.3,207.5,22.3,0
8405,1.39,0.004,62.4,235.3,24.0,0
8406,0.47,0.0,60.7,202.1,7.1,0
8407,1.42,0.024,61.9,177.9,6.7,0
8408,1.52,0.032,54.5,195.1,12.9,0
8409,0.84,0.032,59.1,218.4,12.3,0
8410,1.31,0.023,55.6,204.1,17.9,0
8411,2.16,0.025,60.5,214.6,16.2,0
8412,1.37,0.017,60.3,207.1,11.7,0
8413,0.74,0.03,54.3,238.7,21.6,0
8414,1.06,0.013,56.2,190.0,7.5,0
8415,2.29,0.011,59.0,214.2,22.5,0
8416,0.67,0.027,62.6,213.0,13.1,0
8417,0.98,0.0,51.6,223.9,9.7,0
8418,1.53,0.011,63.1,229.6,7.4,0
8419,0.74,0.007,59.6,208.2,11.6,0
8420,1.01,0.02,49.3,213.7,11.3,0
8421,0.87,0.003,53.1,210.2,24.4,0
8422,1.33,0.036,61.7,209.1,21.6,0
8423,0.74,0.034,54.6,220.9,21.5,0
8424,1.46,0.013,53.0,201.7,8.0,0
8425,1.29,0.008,59.6,197.3,7.6,0
8426,1.67,0.022,51.8,186.9,12.8,0
8427,0.83,0.029,51.1,200.4,17.7,0
8428,1.14,0.035,62.8,214.1,13.6,0
8429,0.91,0.027,61.0,210.6,20.2,0
8430,0.82,0.008,58.5,203.4,5.4,0
8431,1.55,0.011,59.7,207.4,7.1,0
8432,1.26,0.0,55.8,232.6,24.5,0
8433,1.46,0.024,61.3,215.2,8.2,0
8434,1.11,0.017,61.7,201.9,5.0,0
8435,1.92,0.019,57.6,203.2,10.9,1
8436,0.77,0.039,53.3,212.1,5.4,0
8437,1.57,0.025,58.4,211.0,6.4,0
8438,1.78,0.024,61.3,199.2,14.1,0
8439,1.14,0.012,54.1,190.8,22.9,0
8440,1.21,0.017,53.7,219.8,13.7,0
8441,2.13,0.026,54.9,244.9,15.3,1
8442,0.49,0.014,58.1,214.5,22.0,0
8443,0.71,0.016,57.9,190.2,13.6,0
8444,1.21,0.036,62.2,209.6,6.1,0
8445,0.91,0.034,60.9,204.1,13.7,0
8446,1.05,0.038,55.5,205.5,20.5,0
8447,0.73,0.027,60.1,214.8,6.9,1
8448,1.38,0.032,56.8,203.4,21.5,0
8449,1.67,0.017,53.7,222.9,24.3,0
8450,1.0,0.033,60.3,198.9,23.1,0
8451,1.32,0.024,60.4,204.3,22.8,1
8452,0.96,0.013,60.3,215.5,18.1,0
8453,0.56,0.0,54.4,224.8,10.2,0
8454,1.51,0.008,68.4,218.5,22.5,0
8455,1.35,0.036,58.2,214.7,7.9,0
8456,1.12,0.037,57.4,192.8,8.8,1
8457,0.99,0.006,58.3,199.7,16.5,0
8458,0.77,0.0,59.8,202.4,8.8,0
8459,0.84,0.023,59.3,208.8,17.0,0
8460,1.02,0.021,55.8,203.1,21.0,0
8461,1.15,0.023,59.4,205.4,23.5,0
8462,1.22,0.017,49.8,201.9,19.4,0
8463,1.58,0.0,58.0,215.9,11.5,0
8464,2.13,0.025,57.1,204.5,11.0,0
8465,0.39,0.0,58.3,205.5,12.0,0
8466,0.99,0.016,60.7,225.0,15.3,0
8467,1.07,0.011,63.7,182.6,7.2,0
8468,2.28,0.019,55.5,231.0,19.2,1
8469,1.61,0.002,58.1,234.2,6.0,0
8470,1.43,0.005,64.1,200.3,7.1,0
8471,0.95,0.017,59.4,208.5,15.3,0
8472,0.77,0.018,64.2,215.6,19.8,0
8473,1.52,0.038,60.8,215.5,16.0,0
8474,1.48,0.027,54.7,175.2,20.9,0
8475,1.37,0.0,59.7,212.1,19.3,0
8476,0.77,0.04,57.1,209.3,16.9,0
8477,0.85,0.021,60.6,230.6,15.9,0
8478,0.85,0.022,59.4,199.3,17.7,0
8479,1.27,0.033,54.6,186.2,20.3,1
8480,0.99,0.02,50.8,187.4,16.0,0
8481,0.64,0.042,59.2,199.2,22.2,0
8482,1.73,0.018,61.7,206.5,5.3,0
8483,1.08,0.038,58.3,225.3,23.7,0
8484,0.86,0.028,60.6,217.4,7.6,0
8485,1.17,0.031,53.5,196.4,23.5,0
8486,0.71,0.008,58.6,212.3,20.4,0
8487,1.7,0.011,54.8,215.2,18.2,0
8488,0.47,0.014,62.1,182.6,16.9,0
8489,0.76,0.01,55.9,212.9,12.5,0
8490,1.23,0.042,58.1,224.4,17.1,0
8491,1.21,0.0,59.8,216.3,8.4,0
8492,0.71,0.015,56.1,223.2,23.7,0
8493,1.57,0.036,53.5,208.0,5.1,0
8494,1.31,0.005,55.1,222.9,15.4,0
8495,0.44,0.02,60.5,218.7,10.4,0
8496,1.4,0.0,66.1,225.0,15.8,0
8497,0.61,0.008,57.1,213.9,5.4,0
8498,1.1,0.023,53.7,212.8,16.1,0
8499,0.6,0.01,61.3,222.2,13.0,0
8500,1.42,0.027,60.3,211.6,12.6,0
8501,1.04,0.001,63.2,220.2,5.6,0
8502,1.47,0.042,63.2,212.2,21.7,0
8503,0.73,0.037,52.2,218.5,23.6,0
8504,0.6,0.01,60.1,202.7,14.2,0
8505,0.35,0.016,61.3,189.7,14.8,0
8506,1.86,0.007,61.9,213.6,20.5,0
8507,0.83,0.028,62.9,226.8,15.7,0
8508,1.55,0.003,59.7,227.2,10.6,0
8509,1.02,0.017,66.6,195.0,24.3,0
8510,0.71,0.029,59.9,215.5,24.1,0
8511,1.96,0.019,55.9,213.5,8.2,0
8512,1.14,0.0,59.4,212.7,16.3,0
8513,1.78,0.005,57.4,208.2,11.3,0
8514,1.17,0.001,61.7,209.3,10.9,0
8515,1.27,0.017,52.5,226.0,17.9,0
8516,1.32,0.043,60.2,201.5,13.2,0
8517,1.23,0.022,52.5,220.7,9.1,0
8518,1.2,0.029,61.4,217.1,23.7,0
8519,1.38,0.036,56.0,215.7,6.2,0
8520,1.04,0.007,52.3,200.9,14.4,0
8521,1.15,0.004,55.1,213.6,23.0,0
8522,1.33,0.017,61.0,209.8,21.3,0
8523,1.36,0.005,63.9,207.6,20.8,0
8524,1.63,0.008,54.1,193.2,6.6,0
8525,1.44,0.02,56.2,220.1,21.0,0
8526,0.97,0.012,56.1,208.7,5.7,0
8527,1.13,0.02,61.2,189.4,18.5,0
8528,1.77,0.02,57.6,213.1,12.0,0
8529,1.47,0.032,53.1,189.7,6.7,0
8530,1.59,0.006,59.1,219.1,9.8,0
8531,1.13,0.036,57.4,211.4,22.8,0
8532,1.31,0.009,62.8,210.2,5.3,0
8533,1.11,0.023,60.8,213.8,8.4,0
8534,1.66,0.028,63.2,198.4,24.1,0
8535,1.19,0.003,55.8,209.4,18.6,0
8536,0.6,0.047,52.7,221.8,10.8,0
8537,1.49,0.028,52.9,207.4,12.0,0
8538,0.92,0.029,62.9,198.3,7.4,0
8539,1.02,0.03,59.5,200.8,12.5,0
8540,1.35,0.01,62.2,214.2,6.6,0
8541,1.6,0.009,60.9,223.7,11.3,0
8542,1.11,0.016,60.1,196.2,24.3,1
8543,1.29,0.0,57.6,235.9,19.6,0
8544,1.39,0.0,57.4,224.6,16.3,0
8545,1.14,0.009,60.2,208.5,17.5,0
8546,0.93,0.016,57.6,207.2,5.5,0
8547,0.69,0.003,58.3,223.9,19.4,0
8548,1.24,0.031,54.7,193.8,15.8,0
8549,1.61,0.013,54.3,220.6,14.6,0
8550,0.61,0.049,52.1,194.9,19.9,0
8551,0.88,0.027,64.5,193.1,9.0,0
8552,0.81,0.006,58.3,208.6,5.0,0
8553,1.61,0.015,54.5,191.4,7.0,0
8554,1.43,0.0,55.6,207.0,17.5,0
8555,1.19,0.034,62.0,213.9,15.1,0
8556,1.76,0.019,60.3,197.8,24.7,0
8557,0.87,0.039,52.5,199.2,23.0,0
8558,1.64,0.045,63.2,245.4,5.4,0
8559,1.36,0.017,53.4,206.9,20.9,0
8560,1.45,0.011,59.4,219.0,19.7,0
8561,1.22,0.027,61.6,204.3,21.6,0
8562,1.06,0.033,56.4,233.1,7.4,0
8563,1.28,0.021,53.0,222.7,24.2,0
8564,1.07,0.032,57.6,212.2,6.6,0
8565,1.34,0.006,56.5,232.5,21.7,0
8566,0.73,0.029,53.8,221.5,11.4,0
8567,1.63,0.036,58.2,214.3,19.6,0
8568,1.25,0.0,60.8,203.9,9.3,0
8569,1.29,0.0,59.9,212.9,22.7,0
8570,2.0,0.001,56.8,190.9,20.5,0
8571,1.58,0.038,50.5,192.7,16.0,0
8572,1.28,0.025,58.7,195.7,17.8,0
8573,1.13,0.012,55.2,210.7,11.9,0
8574,1.08,0.008,56.3,217.8,13.2,0
8575,1.57,0.044,60.5,220.5,10.0,0
8576,0.88,0.011,50.6,203.1,19.9,0
8577,1.45,0.017,56.7,215.5,24.9,0
8578,1.45,0.024,52.8,209.0,20.5,0
8579,1.36,0.029,60.4,222.9,20.1,0
8580,0.98,0.038,61.9,189.4,6.5,0
8581,0.98,0.028,64.0,207.9,9.5,0
8582,1.52,0.022,54.4,219.8,17.5,0
8583,1.17,0.003,58.4,204.4,6.3,0
8584,1.85,0.029,58.2,195.2,5.5,1
8585,1.22,0.018,57.8,209.0,18.4,0
8586,1.33,0.022,60.2,201.0,19.1,0
8587,1.12,0.006,59.7,209.8,18.8,0
8588,1.24,0.02,63.2,221.3,12.8,0
8589,0.61,0.0,62.7,201.0,6.6,0
8590,1.51,0.013,57.7,203.1,15.3,0
8591,1.69,0.031,58.1,217.8,19.6,0
8592,0.75,0.037,58.7,220.9,20.1,0
8593,1.27,0.007,60.5,214.0,6.2,0
8594,1.5,0.011,65.3,225.8,16.1,0
8595,0.32,0.036,53.3,218.8,7.2,0
8596,0.82,0.024,59.5,206.6,21.8,0
8597,1.07,0.003,58.1,204.0,19.2,0
8598,1.56,0.032,55.1,218.6,13.5,0
8599,1.4,0.025,48.5,210.7,20.4,0
8600,1.21,0.036,57.5,221.7,13.3,0
8601,0.85,0.034,57.2,227.0,15.5,0
8602,0.42,0.031,64.1,217.6,14.9,0
8603,0.2,0.02,53.3,222.2,7.3,0
8604,1.28,0.062,63.6,211.0,15.8,1
8605,0.99,0.032,58.7,212.6,14.3,0
8606,1.01,0.016,63.3,198.6,18.0,0
8607,1.22,0.025,54.3,190.0,6.2,0
8608,1.67,0.016,52.7,205.6,24.9,0
8609,1.1,0.007,55.9,223.4,9.6,0
8610,1.31,0.023,50.4,222.5,6.7,0
8611,0.81,0.039,54.0,204.9,16.0,0
8612,1.02,0.014,58.1,214.4,16.2,0
8613,1.83,0.016,56.9,232.0,19.2,1
8614,1.35,0.009,67.3,201.3,21.8,0
8615,1.13,0.026,56.2,206.3,21.7,0
8616,1.05,0.01,62.5,218.3,17.1,0
8617,0.84,0.03,55.2,214.5,22.1,0
8618,1.01,0.006,58.8,216.1,17.8,0
8619,1.56,0.038,65.9,221.6,13.0,0
8620,1.26,0.037,56.7,206.1,21.9,1
8621,1.31,0.026,54.7,207.1,22.8,0
8622,2.25,0.016,55.7,233.5,21.3,0
8623,0.95,0.039,58.1,193.6,20.5,0
8624,1.79,0.024,48.6,212.1,22.3,0
8625,0.98,0.024,61.5,177.2,24.6,0
8626,1.19,0.037,57.3,203.8,19.6,0
8627,0.63,0.006,56.1,219.6,9.7,0
8628,0.79,0.05,56.2,228.1,12.7,1
8629,1.08,0.025,55.2,224.5,15.5,0
8630,1.39,0.031,61.0,232.2,8.9,0
8631,2.1,0.005,54.8,186.3,11.9,0
8632,1.11,0.017,61.1,204.8,19.6,0
8633,1.4,0.034,59.8,189.6,7.7,0
8634,1.54,0.009,60.6,218.8,18.9,0
8635,1.3,0.035,56.7,214.5,7.4,0
8636,1.58,0.053,58.1,203.4,23.5,1
8637,0.47,0.016,54.0,202.7,7.7,0
8638,0.84,0.058,64.6,228.7,19.9,0
8639,1.23,0.0,64.6,231.5,20.2,0
8640,1.42,0.0,56.7,203.4,9.4,0
8641,1.18,0.024,58.4,214.9,22.0,1
8642,0.56,0.015,57.0,229.7,9.5,0
8643,1.42,0.018,45.3,212.6,20.0,0
8644,1.02,0.017,63.8,220.2,12.3,0
8645,0.99,0.035,58.2,208.5,23.6,0
8646,1.04,0.026,61.0,229.7,19.8,0
8647,0.61,0.052,64.0,198.7,18.6,0
8648,1.17,0.026,56.4,210.8,6.8,1
8649,1.15,0.024,61.4,212.2,19.4,0
8650,1.39,0.022,65.0,219.9,17.9,0
8651,0.99,0.042,57.6,219.6,9.6,0
8652,1.52,0.015,63.4,217.3,10.1,0
8653,0.56,0.025,56.9,224.0,18.1,0
8654,1.2,0.024,56.6,212.5,6.9,1
8655,0.74,0.024,54.4,221.6,13.6,0
8656,0.75,0.0,62.8,216.5,23.1,0
8657,1.28,0.03,60.9,193.1,19.4,0
8658,1.09,0.018,61.9,218.7,17.9,0
8659,1.18,0.021,60.2,212.6,13.1,0
8660,2.0,0.041,64.7,189.7,7.5,0
8661,0.67,0.033,62.3,220.3,12.9,0
8662,1.78,0.023,49.7,225.1,10.7,0
8663,1.37,0.012,60.2,205.8,9.1,0
8664,1.29,0.017,52.8,191.2,14.1,0
8665,1.17,0.019,57.4,215.5,12.2,0
8666,1.11,0.01,61.6,213.9,8.3,0
8667,1.46,0.03,62.5,193.2,12.3,0
8668,1.77,0.002,65.7,192.6,23.6,0
8669,0.9,0.037,56.2,214.8,23.2,0
8670,0.3,0.015,61.7,207.2,11.4,0
8671,1.51,0.002,63.5,202.4,24.5,0
8672,1.23,0.03,60.3,225.3,15.5,0
8673,0.82,0.016,65.1,226.2,24.1,0
8674,1.23,0.04,52.2,213.4,22.5,0
8675,0.89,0.004,56.5,195.7,7.5,0
8676,0.95,0.046,54.8,195.5,11.8,0
8677,1.56,0.046,57.3,194.1,10.6,0
8678,0.97,0.011,55.1,220.5,14.3,0
8679,1.37,0.02,54.5,200.3,16.3,0
8680,0.66,0.023,59.9,223.7,17.9,0
8681,1.64,0.007,51.4,202.1,12.1,0
8682,1.07,0.021,68.2,222.3,6.1,0
8683,0.93,0.005,54.2,193.3,16.6,0
8684,1.06,0.009,64.9,212.5,15.5,0
8685,0.67,0.009,55.2,211.3,10.4,0
8686,0.72,0.013,51.4,206.9,20.6,0
8687,1.47,0.024,53.3,213.6,17.0,0
8688,1.58,0.023,56.2,217.6,5.6,0
8689,1.36,0.01,57.7,206.3,8.1,0
8690,1.07,0.009,59.2,202.4,12.7,1
8691,0.76,0.024,55.4,208.5,6.8,0
8692,0.73,0.013,54.8,203.6,11.9,0
8693,1.21,0.033,58.0,193.7,20.4,0
8694,1.01,0.001,62.8,213.3,15.3,0
8695,1.3,0.0,50.8,215.9,8.1,0
8696,0.78,0.026,63.5,197.0,15.4,0
8697,0.65,0.017,59.4,217.9,13.4,0
8698,1.24,0.014,56.3,186.9,8.1,0
8699,1.19,0.02,53.0,220.3,16.0,0
8700,1.73,0.002,57.7,198.6,19.6,0
8701,1.89,0.018,56.5,229.1,5.3,0
8702,1.28,0.01,55.4,211.7,23.1,0
8703,0.99,0.011,55.5,187.3,23.6,0
8704,0.52,0.036,51.0,223.0,8.3,0
8705,1.66,0.028,61.8,194.7,13.3,0
8706,1.15,0.019,57.1,225.9,12.6,0
8707,1.09,0.033,50.2,200.8,24.1,0
8708,1.93,0.025,57.9,218.0,5.6,0
8709,1.14,0.0,56.1,207.7,17.8,0
8710,1.28,0.017,56.6,185.0,5.3,0
8711,1.17,0.0,58.2,183.5,9.2,0
8712,1.4,0.037,60.2,204.6,10.5,0
8713,1.27,0.015,57.9,214.2,18.4,0
8714,1.0,0.01,51.4,215.7,7.0,0
8715,1.19,0.029,60.0,215.2,12.2,0
8716,1.72,0.018,49.7,213.4,11.5,0
8717,0.83,0.027,56.2,210.4,5.3,0
8718,1.25,0.0,54.1,202.5,18.4,0
8719,1.69,0.0,62.4,209.4,15.9,0
8720,1.6,0.018,57.2,210.8,21.2,0
8721,1.45,0.031,52.5,236.4,24.9,0
8722,0.41,0.001,61.1,184.5,21.5,0
8723,1.05,0.013,59.4,203.4,24.7,0
8724,1.1,0.04,53.4,199.6,18.2,0
8725,0.8,0.003,59.1,187.8,13.3,0
8726,0.95,0.001,61.1,205.7,20.5,0
8727,0.85,0.032,54.8,215.8,12.6,0
8728,1.15,0.046,57.1,213.6,22.0,0
8729,1.25,0.006,56.1,216.3,23.4,0
8730,1.19,0.018,61.5,220.3,5.1,0
8731,1.23,0.014,55.5,227.0,8.7,0
8732,1.14,0.0,56.2,218.7,15.3,0
8733,1.24,0.023,53.9,196.8,9.2,0
8734,0.97,0.026,59.9,206.7,12.3,0
8735,1.29,0.016,53.0,201.7,20.5,0
8736,0.39,0.004,55.4,206.1,20.5,0
8737,1.23,0.0,58.8,201.1,21.7,0
8738,1.88,0.007,52.4,199.0,9.7,0
8739,0.2,0.033,59.0,206.5,12.2,0
8740,1.42,0.0,55.7,199.8,7.1,0
8741,1.27,0.047,59.5,206.3,9.8,0
8742,1.74,0.022,58.5,240.4,16.1,0
8743,1.44,0.048,58.8,205.8,10.6,1
8744,1.42,0.019,51.8,197.2,15.9,0
8745,1.64,0.001,65.8,230.7,18.2,0
8746,1.39,0.032,57.7,219.1,6.1,0
8747,1.1,0.014,61.9,205.3,9.9,0
8748,1.13,0.01,56.1,208.0,19.5,0
8749,0.53,0.0,57.3,196.4,10.6,0
8750,0.7,0.025,64.0,205.0,16.8,0
8751,1.7,0.028,60.7,194.4,9.8,0
8752,1.75,0.023,62.8,197.5,18.8,0
8753,1.38,0.024,57.8,214.4,14.3,0
8754,1.13,0.047,68.4,193.7,21.6,0
8755,1.19,0.026,51.2,211.5,15.6,0
8756,0.83,0.016,53.5,199.3,5.3,0
8757,0.63,0.004,55.7,216.4,17.4,0
8758,0.81,0.017,61.8,207.6,20.6,0
8759,1.3,0.015,58.3,217.6,20.6,0
8760,1.49,0.043,57.8,237.5,17.0,1
8761,0.61,0.04,57.4,205.0,21.5,0
8762,1.07,0.012,60.8,200.4,14.3,0
8763,0.71,0.018,62.3,197.2,23.5,0
8764,1.17,0.022,52.8,211.2,22.4,0
8765,1.11,0.04,59.2,215.1,16.8,0
8766,1.36,0.021,55.0,216.3,15.8,0
8767,0.28,0.0,62.1,214.5,11.4,0
8768,2.01,0.047,60.4,206.5,19.1,0
8769,1.79,0.04,59.3,231.3,16.6,1
8770,1.39,0.023,56.7,206.8,14.7,0
8771,1.42,0.034,60.9,241.4,6.0,0
8772,0.43,0.009,67.3,215.4,23.9,0
8773,1.21,0.05,63.6,178.0,12.5,0
8774,1.56,0.03,64.3,229.9,23.6,0
8775,0.73,0.0,50.6,184.1,15.2,0
8776,1.78,0.056,61.7,213.8,13.2,0
8777,0.78,0.029,56.3,219.4,13.8,0
8778,1.11,0.0,60.7,232.3,6.8,0
8779,1.59,0.011,58.7,210.4,16.4,0
8780,0.97,0.015,53.5,203.1,22.5,0
8781,1.95,0.012,54.8,194.0,18.8,0
8782,1.09,0.042,59.4,202.7,20.5,0
8783,0.2,0.024,53.4,200.8,13.0,0
8784,1.9,0.028,61.0,216.0,18.6,0
8785,1.06,0.018,60.7,209.0,22.7,0
8786,1.42,0.008,56.1,213.2,8.6,0
8787,1.28,0.024,64.6,210.0,15.5,0
8788,1.0,0.022,60.5,200.6,20.7,0
8789,1.16,0.004,58.2,197.7,23.7,0
8790,1.04,0.02,58.1,214.4,8.7,0
8791,1.79,0.017,58.5,219.4,14.0,0
8792,1.23,0.02,57.9,206.0,23.6,0
8793,1.27,0.022,60.7,215.6,10.4,0
8794,1.39,0.071,58.4,204.6,22.4,1
8795,1.58,0.026,55.9,222.0,15.4,0
8796,0.94,0.006,59.8,221.0,18.3,0
8797,1.17,0.016,57.6,208.0,15.2,0
8798,1.43,0.024,59.9,201.2,7.8,0
8799,1.09,0.025,55.0,206.6,16.8,0
8800,1.0,0.01,60.3,219.2,13.4,0
8801,1.54,0.0,56.7,205.7,8.1,0
8802,1.16,0.0,56.3,224.8,9.8,0
8803,1.55,0.001,48.4,211.4,6.9,0
8804,1.16,0.009,58.2,219.5,21.3,0
8805,0.71,0.029,60.5,222.5,15.9,0
8806,1.22,0.021,52.8,217.2,7.9,0
8807,1.63,0.023,56.7,202.0,10.5,0
8808,1.34,0.024,65.8,209.6,9.4,0
8809,1.51,0.026,58.5,209.3,5.1,0
8810,1.5,0.002,61.9,212.5,6.5,0
8811,1.24,0.012,61.0,207.7,18.6,0
8812,1.05,0.018,59.7,212.1,13.7,0
8813,1.06,0.007,56.2,196.5,20.4,0
8814,1.31,0.025,61.2,206.2,24.7,0
8815,1.78,0.0,55.7,204.0,8.7,0
8816,1.45,0.016,55.8,223.4,7.9,0
8817,0.8,0.04,63.3,229.5,5.9,0
8818,1.06,0.0,62.0,215.0,19.6,0
8819,0.2,0.047,57.3,208.0,23.7,0
8820,1.15,0.011,59.0,221.8,5.6,0
8821,1.09,0.037,59.8,188.3,19.8,1
8822,1.32,0.014,62.9,221.1,16.6,0
8823,0.97,0.0,60.3,191.6,14.6,0
8824,0.86,0.03,51.0,233.1,15.4,0
8825,1.16,0.054,56.1,217.2,16.4,0
8826,1.47,0.037,59.8,224.7,17.0,0
8827,1.6,0.03,56.6,237.4,5.6,1
8828,0.85,0.022,59.8,213.9,20.8,0
8829,1.28,0.055,57.4,208.4,10.7,1
8830,1.5,0.033,50.4,202.0,14.1,0
8831,1.19,0.019,55.3,210.2,7.7,0
8832,1.03,0.016,55.7,209.7,5.2,0
8833,1.28,0.008,64.3,225.7,20.9,0
8834,1.42,0.043,60.1,207.1,13.5,0
8835,1.07,0.002,56.0,216.1,5.7,0
8836,1.42,0.04,55.4,220.6,14.8,0
8837,0.93,0.021,60.7,213.9,13.0,0
8838,0.9,0.008,60.1,199.8,18.3,0
8839,1.76,0.035,49.5,217.6,15.3,0
8840,1.2,0.0,57.6,217.2,18.1,0
8841,1.08,0.027,53.6,218.6,16.7,0
8842,2.23,0.012,63.9,200.5,22.8,0
8843,1.19,0.026,52.0,226.0,17.0,0
8844,0.85,0.024,53.9,215.6,7.7,0
8845,1.27,0.025,58.8,201.4,21.0,0
8846,0.76,0.044,63.7,202.4,19.9,0
8847,1.0,0.0,59.6,208.0,19.3,0
8848,0.79,0.025,58.4,204.9,19.1,0
8849,1.18,0.025,52.8,218.3,21.3,0
8850,0.81,0.022,55.7,213.7,15.1,0
8851,1.45,0.004,51.7,201.7,23.5,0
8852,1.77,0.019,61.3,190.7,14.3,0
8853,1.2,0.018,52.8,220.9,5.8,0
8854,1.06,0.033,55.1,212.0,24.3,0
8855,1.47,0.024,56.0,204.3,8.6,0
8856,0.5,0.011,59.5,208.7,18.6,0
8857,1.41,0.006,57.7,207.3,5.3,0
8858,0.91,0.013,60.4,190.3,20.2,0
8859,1.47,0.011,61.8,194.8,16.0,0
8860,0.8,0.012,57.6,197.3,18.9,0
8861,1.02,0.0,61.9,194.6,10.9,0
8862,1.62,0.015,64.4,213.2,21.3,0
8863,0.8,0.024,61.3,211.9,13.4,0
8864,1.14,0.012,53.8,236.3,15.8,0
8865,1.31,0.0,56.2,214.8,24.0,0
8866,0.39,0.008,59.3,214.5,5.8,0
8867,1.33,0.016,60.2,212.2,5.8,0
8868,1.21,0.018,61.7,192.9,7.9,0
8869,1.52,0.02,59.7,227.0,13.8,0
8870,1.52,0.022,58.7,214.6,12.0,0
8871,1.21,0.035,62.8,214.8,6.9,0
8872,1.74,0.024,60.7,206.9,5.3,0
8873,1.34,0.018,55.6,214.6,14.8,0
8874,1.34,0.0,61.4,211.0,15.3,0
8875,1.08,0.014,59.4,225.0,12.3,0
8876,1.06,0.022,54.9,223.4,24.4,0
8877,1.65,0.022,66.3,211.9,10.9,0
8878,1.03,0.032,59.4,185.2,7.5,0
8879,0.88,0.021,58.6,224.2,12.2,0
8880,1.39,0.011,58.2,233.3,13.3,0
8881,2.05,0.003,56.2,219.4,11.8,0
8882,0.66,0.035,57.7,194.9,10.3,0
8883,1.54,0.036,57.6,228.5,8.3,0
8884,1.02,0.033,59.0,207.6,5.2,0
8885,1.03,0.044,58.3,219.5,21.6,0
8886,1.11,0.016,63.7,235.3,5.2,0
8887,1.45,0.016,60.2,221.9,7.0,0
8888,1.08,0.042,55.0,223.9,18.5,0
8889,1.05,0.0,59.8,204.3,16.6,0
8890,1.31,0.036,60.0,207.2,14.7,0
8891,1.14,0.003,63.4,222.4,5.9,0
8892,1.24,0.0,58.0,228.4,6.0,0
8893,1.56,0.002,60.2,244.7,12.7,0
8894,0.84,0.006,59.9,216.9,21.8,0
8895,1.05,0.024,53.7,214.0,15.3,0
8896,0.89,0.048,62.5,194.1,19.1,1
8897,1.07,0.018,51.9,212.6,19.5,0
8898,1.21,0.021,60.5,193.1,13.3,1
8899,1.22,0.039,62.2,194.7,15.8,0
8900,0.82,0.013,55.5,222.9,6.7,0
8901,1.49,0.0,61.4,209.7,9.1,0
8902,0.95,0.009,56.3,221.0,5.2,0
8903,1.28,0.017,57.8,203.8,17.8,0
8904,1.75,0.0,57.3,199.3,8.9,0
8905,1.67,0.007,57.2,222.7,15.8,0
8906,1.45,0.016,63.4,212.8,19.0,0
8907,1.38,0.027,59.6,206.0,11.2,0
8908,1.92,0.022,54.0,204.7,18.9,0
8909,0.87,0.001,57.5,208.1,6.1,0
8910,1.12,0.014,64.9,224.7,13.0,0
8911,1.34,0.017,59.4,212.7,22.9,0
8912,1.43,0.012,56.8,202.3,13.9,1
8913,0.98,0.05,57.5,189.3,20.7,1
8914,0.91,0.012,60.1,207.3,16.9,0
8915,1.23,0.022,57.0,205.4,19.4,0
8916,0.89,0.037,64.6,216.9,13.3,0
8917,1.03,0.016,53.7,207.6,10.4,0
8918,1.07,0.039,57.3,209.6,7.3,0
8919,1.42,0.027,57.8,222.1,24.9,0
8920,1.84,0.02,58.0,201.9,21.6,0
8921,1.45,0.023,54.5,208.3,8.7,0
8922,1.39,0.0,51.9,185.4,22.5,0
8923,1.51,0.028,56.6,205.3,12.3,0
8924,1.56,0.04,54.2,197.5,12.7,1
8925,0.82,0.032,56.6,217.8,18.4,0
8926,1.25,0.0,52.9,217.6,17.4,0
8927,0.74,0.022,50.3,211.2,9.7,0
8928,1.81,0.022,63.8,212.4,6.1,0
8929,1.59,0.033,60.7,231.7,11.3,0
8930,1.03,0.016,60.4,218.6,7.0,0
8931,1.02,0.016,59.6,213.6,24.0,0
8932,1.64,0.004,57.9,196.8,8.8,0
8933,1.5,0.001,59.4,204.0,16.3,0
8934,1.2,0.029,59.8,196.7,11.3,0
8935,1.12,0.029,67.0,206.1,16.1,0
8936,0.97,0.047,51.1,230.2,11.2,0
8937,1.14,0.017,54.2,230.9,22.1,0
8938,1.46,0.015,56.4,224.3,9.5,0
8939,1.26,0.014,60.9,213.3,8.9,0
8940,0.93,0.0,65.5,231.6,8.8,0
8941,1.27,0.013,56.0,227.4,12.7,0
8942,1.61,0.016,63.7,211.2,6.1,0
8943,1.01,0.001,63.8,210.9,18.1,0
8944,1.88,0.013,63.1,224.2,23.2,0
8945,1.22,0.044,64.4,229.3,5.5,0
8946,0.73,0.0,58.9,208.9,18.8,0
8947,1.68,0.038,57.1,212.0,11.0,1
8948,1.09,0.032,61.7,205.4,7.5,0
8949,1.58,0.01,63.7,216.9,20.2,0
8950,1.27,0.03,55.8,209.7,6.6,0
8951,1.2,0.022,56.3,194.9,19.8,0
8952,0.9,0.007,58.5,220.6,12.7,0
8953,1.55,0.015,57.4,201.4,16.8,0
8954,2.5,0.041,45.5,219.7,21.2,0
8955,1.21,0.018,59.4,226.3,13.8,0
8956,1.12,0.028,61.7,204.0,7.0,0
8957,1.31,0.009,52.1,204.0,23.0,0
8958,1.4,0.021,60.0,216.0,18.3,0
8959,1.24,0.041,51.1,205.4,8.9,0
8960,1.13,0.011,63.5,210.6,5.8,0
8961,1.06,0.018,53.1,221.9,8.6,0
8962,2.0,0.018,56.9,214.3,12.6,0
8963,0.71,0.023,56.5,203.2,12.6,0
8964,1.44,0.0,53.9,199.6,5.1,0
8965,1.12,0.033,63.3,189.9,21.2,0
8966,0.87,0.011,63.5,208.3,10.3,0
8967,1.51,0.023,60.8,216.1,10.0,1
8968,1.74,0.019,50.2,213.2,21.5,0
8969,1.49,0.034,58.6,217.5,12.3,0
8970,1.8,0.019,62.0,195.5,8.9,0
8971,1.71,0.012,63.8,214.4,6.2,0
8972,1.36,0.037,53.0,225.2,8.3,0
8973,1.73,0.011,61.7,202.7,17.3,0
8974,1.06,0.013,55.1,220.3,20.8,0
8975,2.04,0.021,53.7,221.2,8.2,0
8976,0.98,0.0,59.7,229.5,23.3,0
8977,0.47,0.005,56.8,218.9,13.5,0
8978,1.26,0.022,57.6,231.4,10.2,0
8979,1.47,0.021,53.8,208.1,15.4,0
8980,0.9,0.024,54.8,232.9,11.0,0
8981,0.97,0.035,58.0,212.5,10.5,0
8982,0.79,0.001,57.0,211.9,19.7,0
8983,0.72,0.028,58.6,179.3,5.0,0
8984,1.39,0.0,60.8,207.7,11.4,0
8985,1.38,0.0,55.2,200.9,10.3,0
8986,1.37,0.006,59.7,215.5,21.8,0
8987,1.21,0.014,61.1,217.9,15.9,0
8988,0.66,0.026,57.8,209.0,11.0,0
8989,1.24,0.021,56.6,217.9,20.4,0
8990,0.56,0.026,55.6,197.8,23.6,0
8991,1.56,0.015,64.4,215.1,8.7,0
8992,1.43,0.017,63.7,237.5,20.9,0
8993,1.22,0.03,59.0,201.9,12.2,0
8994,1.18,0.006,50.1,194.0,16.6,0
8995,1.74,0.013,53.2,208.0,8.2,0
8996,0.73,0.022,55.2,202.6,9.5,0
8997,1.16,0.0,56.3,208.5,21.2,0
8998,0.69,0.014,58.2,197.1,12.4,0
8999,0.77,0.032,57.8,218.7,20.5,0
9000,1.02,0.005,57.9,197.0,6.2,0
9001,1.27,0.056,62.1,188.7,16.0,0
9002,1.73,0.011,59.3,205.0,20.6,0
9003,0.73,0.019,55.4,232.9,11.6,0
9004,0.83,0.014,56.3,203.8,13.3,0
9005,0.99,0.012,57.9,208.6,18.6,0
9006,1.04,0.025,56.4,208.4,14.4,0
9007,0.9,0.009,60.8,194.4,18.1,0
9008,1.41,0.039,62.1,186.3,17.7,0
9009,1.4,0.025,59.0,199.7,13.3,0
9010,1.29,0.045,60.3,213.1,17.7,0
9011,1.17,0.022,62.7,218.0,24.8,0
9012,0.84,0.012,60.1,218.5,17.0,0
9013,1.62,0.011,63.5,216.3,23.4,0
9014,0.93,0.009,56.8,204.5,19.5,0
9015,1.02,0.022,58.2,200.7,6.4,0
9016,0.67,0.023,59.7,186.0,19.3,0
9017,1.14,0.023,49.4,223.1,6.5,0
9018,0.97,0.011,55.6,204.5,12.7,0
9019,1.67,0.031,53.0,212.4,20.1,0
9020,0.73,0.026,60.6,231.3,7.6,0
9021,0.61,0.011,53.3,216.0,21.4,0
9022,1.47,0.0,60.6,222.7,17.8,0
9023,0.93,0.011,50.2,222.6,16.0,0
9024,0.65,0.002,57.8,209.6,15.8,0
9025,1.28,0.003,57.1,214.3,20.0,0
9026,1.74,0.021,60.3,209.0,15.0,0
9027,1.26,0.027,54.3,214.4,10.2,0
9028,1.16,0.02,61.6,202.6,8.3,0
9029,1.84,0.015,52.9,209.6,19.4,0
9030,0.87,0.048,58.7,229.9,9.0,0
9031,1.43,0.014,65.4,201.5,19.4,0
9032,1.75,0.039,65.1,218.7,7.8,0
9033,1.66,0.02,54.4,193.0,21.6,0
9034,1.8,0.015,57.5,209.1,5.4,0
9035,0.8,0.036,58.5,211.2,7.0,0
9036,1.91,0.016,57.0,238.2,15.8,0
9037,1.17,0.018,55.5,188.0,11.5,0
9038,1.51,0.027,59.4,203.9,16.4,0
9039,1.29,0.028,54.6,199.7,12.0,1
9040,1.1,0.025,61.8,201.8,7.0,0
9041,0.78,0.011,63.4,201.2,23.6,0
9042,2.11,0.003,58.5,206.2,10.1,0
9043,0.57,0.013,58.3,224.2,20.6,0
9044,0.8,0.0,61.7,209.6,10.9,0
9045,1.52,0.009,48.5,205.7,11.8,0
9046,0.45,0.001,56.6,225.1,11.4,0
9047,0.54,0.013,59.7,188.6,5.2,0
9048,0.58,0.039,58.2,205.6,21.7,0
9049,1.57,0.007,56.1,217.1,14.4,0
9050,1.81,0.0,56.3,227.0,13.2,0
9051,0.87,0.027,63.0,198.0,14.2,0
9052,0.65,0.049,60.0,192.2,15.2,0
9053,0.32,0.037,59.4,215.5,23.1,0
9054,0.67,0.0,51.7,236.9,17.5,0
9055,0.39,0.018,62.9,201.1,23.5,0
9056,0.75,0.028,60.4,224.4,7.4,0
9057,1.79,0.007,62.8,215.9,23.9,0
9058,0.98,0.022,62.1,207.5,10.4,0
9059,2.13,0.014,57.4,186.2,22.9,0
9060,0.83,0.003,59.0,210.5,17.6,0
9061,0.91,0.008,60.6,211.9,19.6,0
9062,2.06,0.013,57.6,203.6,5.0,0
9063,1.88,0.021,63.8,208.6,13.7,0
9064,1.19,0.012,60.4,205.7,11.2,0
9065,1.19,0.028,59.2,209.9,23.6,0
9066,0.98,0.041,55.7,200.1,11.0,0
9067,1.35,0.003,53.2,214.6,17.0,0
9068,1.16,0.041,60.9,194.8,16.9,0
9069,1.27,0.021,54.8,224.5,9.9,1
9070,0.83,0.029,62.4,224.2,14.1,0
9071,1.54,0.025,54.1,228.3,15.3,0
9072,1.46,0.032,62.6,221.9,23.7,0
9073,0.93,0.026,59.7,216.5,20.8,0
9074,0.62,0.012,61.9,228.2,16.6,0
9075,1.43,0.014,56.8,204.8,20.7,1
9076,1.5,0.019,57.5,207.4,22.1,0
9077,1.58,0.025,60.0,190.6,12.9,0
9078,1.55,0.002,54.9,198.0,21.1,0
9079,1.29,0.009,55.0,204.2,23.8,0
9080,0.76,0.045,50.9,232.2,18.1,0
9081,1.25,0.005,53.0,211.6,11.5,0
9082,0.23,0.013,56.4,199.6,18.9,0
9083,1.39,0.031,56.1,208.5,18.0,0
9084,1.48,0.006,54.5,184.9,8.2,0
9085,1.04,0.028,56.4,205.8,20.4,0
9086,0.99,0.018,59.9,227.2,12.9,0
9087,1.19,0.0,57.2,209.7,11.2,0
9088,1.34,0.024,63.3,228.7,21.2,0
9089,1.24,0.039,52.5,194.6,21.1,0
9090,0.68,0.0,60.0,201.8,12.4,0
9091,1.35,0.028,50.5,200.3,6.7,0
9092,1.4,0.037,51.4,228.5,13.5,0
9093,0.95,0.033,56.4,219.3,7.7,0
9094,1.31,0.006,60.4,210.8,23.7,0
9095,1.35,0.041,59.4,198.4,11.1,0
9096,1.1,0.019,59.0,220.7,5.4,0
9097,1.62,0.032,58.5,189.7,6.1,1
9098,1.94,0.018,59.5,205.8,23.0,0
9099,1.14,0.013,58.3,189.2,7.5,0
9100,1.17,0.003,61.4,231.7,10.0,0
9101,1.2,0.028,56.9,210.7,20.1,0
9102,1.71,0.017,52.8,203.6,15.2,0
9103,1.7,0.008,54.7,196.8,25.0,0
9104,0.86,0.012,58.6,203.8,17.4,0
9105,0.71,0.019,60.4,219.5,16.5,0
9106,0.94,0.01,62.7,200.6,12.8,0
9107,0.53,0.02,59.9,201.9,20.1,0
9108,0.76,0.0,69.2,201.1,15.5,0
9109,1.34,0.019,56.4,198.0,9.7,0
9110,1.17,0.007,57.1,208.4,15.4,0
9111,1.17,0.041,59.8,216.3,16.3,0
9112,1.77,0.004,56.9,195.0,5.3,0
9113,0.84,0.0,53.5,180.2,6.2,0
9114,1.37,0.011,55.0,209.1,18.2,0
9115,1.07,0.033,56.0,218.2,9.9,0
9116,1.51,0.023,58.1,202.4,15.1,0
9117,1.51,0.039,58.8,234.9,15.1,0
9118,0.81,0.024,57.1,191.1,20.6,0
9119,1.69,0.025,56.3,189.1,23.8,0
9120,1.5,0.036,60.9,211.7,18.5,0
9121,0.53,0.02,52.5,200.2,5.4,0
9122,0.43,0.027,64.4,186.7,14.3,0
9123,1.2,0.024,55.2,201.2,6.1,0
9124,1.18,0.017,55.9,206.1,21.1,0
9125,1.22,0.048,57.7,216.5,22.2,0
9126,0.95,0.013,58.8,215.7,18.5,0
9127,0.76,0.029,57.8,214.5,12.0,0
9128,0.78,0.013,65.9,222.1,22.6,0
9129,1.01,0.027,58.5,211.8,21.9,0
9130,1.11,0.0,58.2,210.1,17.2,0
9131,1.57,0.018,59.7,211.8,16.2,0
9132,1.66,0.006,54.3,227.4,11.0,0
9133,1.38,0.042,61.6,204.6,15.7,0
9134,1.25,0.001,59.6,211.1,15.5,0
9135,1.58,0.028,55.9,227.2,14.8,0
9136,0.99,0.036,58.3,206.0,6.6,0
9137,0.65,0.017,56.3,200.7,14.0,0
9138,0.83,0.023,58.0,209.9,13.4,0
9139,1.79,0.027,62.4,208.6,9.7,0
9140,1.18,0.039,53.8,214.4,17.4,0
9141,0.81,0.011,57.1,228.3,7.8,0
9142,0.97,0.016,57.8,222.8,5.5,0
9143,1.07,0.043,54.4,201.6,10.3,0
9144,1.04,0.019,63.1,203.2,19.7,0
9145,0.2,0.0,55.3,217.0,6.9,0
9146,1.17,0.017,56.6,195.3,12.8,0
9147,0.92,0.012,63.3,205.0,11.8,0
9148,1.92,0.036,57.2,212.2,5.8,0
9149,1.62,0.0,70.0,207.6,17.5,0
9150,1.72,0.025,60.5,209.8,20.6,0
9151,1.24,0.02,55.8,203.3,18.1,0
9152,0.75,0.035,63.9,210.4,23.5,0
9153,0.7,0.024,58.8,202.3,11.0,0
9154,0.2,0.019,61.2,204.1,7.7,0
9155,1.81,0.017,60.8,195.7,13.2,0
9156,0.97,0.009,60.5,190.5,10.0,0
9157,0.98,0.008,59.7,199.0,13.2,0
9158,1.58,0.02,61.6,209.4,11.4,0
9159,1.47,0.039,58.5,230.4,9.6,1
9160,0.39,0.017,57.6,217.3,11.4,0
9161,1.48,0.047,61.1,226.0,16.0,1
9162,1.33,0.016,54.8,227.6,17.2,0
9163,1.55,0.007,49.5,209.6,6.7,0
9164,1.49,0.008,65.3,199.5,20.0,0
9165,1.13,0.056,55.1,222.2,23.3,0
9166,1.79,0.016,59.6,202.7,13.0,1
9167,1.71,0.029,51.2,208.4,5.3,0
9168,1.48,0.008,57.7,197.4,7.6,0
9169,1.78,0.038,60.1,210.0,19.9,1
9170,0.96,0.021,57.8,192.2,18.0,0
9171,0.52,0.021,55.3,200.2,21.1,0
9172,1.32,0.032,55.8,208.0,6.9,0
9173,1.72,0.037,62.4,200.5,19.9,0
9174,1.18,0.044,59.0,218.3,5.2,0
9175,0.75,0.027,55.0,197.0,18.4,0
9176,1.28,0.011,63.7,202.0,17.0,0
9177,0.97,0.0,59.9,198.5,16.8,0
9178,0.78,0.022,49.6,233.4,7.5,0
9179,1.13,0.045,62.3,212.2,9.4,0
9180,1.17,0.031,62.6,235.0,24.8,0
9181,1.9,0.024,60.8,221.2,17.8,0
9182,0.88,0.019,53.5,204.5,24.9,0
9183,0.67,0.019,59.6,218.2,9.8,0
9184,1.08,0.02,61.0,188.9,17.9,0
9185,0.87,0.026,59.4,206.8,23.6,0
9186,1.26,0.034,55.3,216.9,9.8,0
9187,1.48,0.0,61.1,212.4,21.9,0
9188,1.83,0.013,62.3,209.6,6.8,0
9189,1.79,0.027,59.8,199.7,12.4,0
9190,1.68,0.03,53.4,205.9,20.1,0
9191,0.78,0.02,53.8,226.4,21.1,0
9192,1.4,0.024,61.4,213.0,22.7,0
9193,0.95,0.012,60.8,210.3,5.4,0
9194,1.53,0.017,50.2,213.2,13.4,0
9195,1.66,0.038,55.8,220.5,5.7,0
9196,1.35,0.032,55.8,212.8,24.9,0
9197,2.07,0.023,57.9,232.0,15.2,0
9198,1.46,0.024,62.0,219.6,9.4,0
9199,1.23,0.02,63.2,241.2,21.7,0
9200,1.74,0.012,57.2,211.8,24.5,0
9201,1.23,0.014,62.1,224.1,24.6,0
9202,1.29,0.027,54.1,194.3,9.0,0
9203,0.94,0.021,56.0,216.5,13.5,0
9204,1.33,0.008,60.8,208.5,13.6,0
9205,0.94,0.046,55.8,203.9,23.5,0
9206,0.72,0.021,59.4,205.2,20.7,0
9207,1.57,0.029,58.6,204.3,12.5,0
9208,1.38,0.038,60.4,214.6,24.6,1
9209,1.03,0.013,63.5,224.8,7.6,0
9210,1.79,0.0,59.4,229.7,16.6,0
9211,1.22,0.013,51.9,227.1,23.2,0
9212,1.57,0.023,48.6,227.0,22.9,0
9213,1.16,0.013,55.4,210.3,10.6,0
9214,1.65,0.031,60.6,218.8,23.8,0
9215,0.36,0.031,50.3,201.5,11.1,0
9216,0.58,0.028,60.4,204.1,18.8,0
9217,0.66,0.024,54.7,226.2,21.7,0
9218,1.59,0.045,55.0,198.2,11.4,0
9219,0.74,0.018,59.4,217.2,24.5,0
9220,1.32,0.009,62.3,215.5,19.4,0
9221,0.8,0.0,56.7,210.3,10.4,0
9222,1.55,0.002,61.2,217.9,7.1,0
9223,1.16,0.027,55.5,220.5,24.4,0
9224,1.63,0.011,60.9,214.4,5.4,0
9225,2.01,0.036,55.0,208.1,21.5,1
9226,2.12,0.041,65.6,216.3,12.7,0
9227,1.62,0.063,59.7,228.9,16.4,1
9228,0.98,0.027,58.5,208.7,18.6,0
9229,1.2,0.027,66.8,210.8,20.7,0
9230,1.58,0.008,49.2,218.2,12.2,0
9231,1.12,0.013,53.7,183.1,8.8,0
9232,1.09,0.018,57.0,203.1,19.1,0
9233,1.31,0.02,52.8,202.2,12.0,0
9234,1.2,0.007,53.4,224.6,10.7,0
9235,1.75,0.006,55.7,225.7,20.9,0
9236,0.39,0.022,53.8,191.5,15.1,0
9237,1.7,0.042,57.5,194.9,22.5,1
9238,0.96,0.024,64.5,213.4,21.2,0
9239,1.87,0.02,56.2,244.4,18.4,1
9240,1.55,0.004,53.5,191.4,23.3,0
9241,0.73,0.0,57.8,212.6,21.8,0
9242,1.08,0.035,57.5,197.2,9.3,1
9243,1.73,0.0,58.0,215.8,6.6,0
9244,1.65,0.003,50.3,222.4,17.6,0
9245,1.16,0.026,53.7,227.9,6.2,0
9246,0.94,0.034,55.6,208.0,21.1,0
9247,1.31,0.027,55.7,212.8,7.3,0
9248,1.46,0.009,60.5,213.8,23.7,0
9249,0.44,0.006,61.9,215.0,23.3,0
9250,1.7,0.014,61.0,227.2,24.0,0
9251,0.8,0.023,57.6,195.8,13.9,0
9252,1.34,0.018,61.7,239.6,20.9,0
9253,1.24,0.048,51.4,211.4,14.2,0
9254,1.58,0.016,63.0,200.3,24.9,0
9255,0.48,0.042,57.8,222.5,17.4,0
9256,1.71,0.031,50.9,184.8,12.2,0
9257,1.1,0.028,60.5,213.0,5.9,0
9258,1.3,0.041,55.7,223.8,23.5,0
9259,1.31,0.018,57.6,202.1,10.7,0
9260,0.73,0.011,50.8,219.6,8.4,0
9261,1.15,0.011,55.2,207.2,16.4,0
9262,1.05,0.013,56.0,211.9,18.6,0
9263,0.88,0.022,61.0,195.5,19.2,0
9264,1.78,0.03,55.6,216.1,7.2,0
9265,1.38,0.006,57.0,218.6,18.3,0
9266,2.01,0.018,53.7,193.4,12.1,1
9267,1.06,0.043,58.5,212.7,18.0,0
9268,1.33,0.012,60.1,211.9,14.8,0
9269,1.44,0.022,57.8,219.3,24.0,0
9270,0.65,0.001,57.9,213.3,24.5,0
9271,1.34,0.05,58.7,208.5,24.6,0
9272,1.0,0.001,56.6,208.4,15.2,0
9273,0.43,0.009,57.3,221.4,22.9,0
9274,1.27,0.035,56.5,204.7,23.9,0
9275,1.14,0.0,57.5,225.7,9.1,0
9276,1.77,0.002,53.0,219.1,14.7,0
9277,0.62,0.038,50.7,207.5,24.3,0
9278,1.35,0.0,54.4,198.2,15.5,0
9279,0.84,0.033,55.8,233.4,23.8,0
9280,1.05,0.006,59.2,218.2,20.4,0
9281,1.29,0.0,53.0,184.3,19.8,0
9282,1.47,0.023,56.6,225.3,5.6,0
9283,1.68,0.0,58.2,198.5,5.6,0
9284,1.67,0.013,56.0,205.9,24.6,0
9285,0.88,0.019,62.8,215.0,23.4,0
9286,1.31,0.009,56.7,206.1,23.8,0
9287,0.47,0.031,55.9,222.1,12.1,0
9288,1.66,0.013,56.7,193.3,15.7,1
9289,0.97,0.048,55.4,218.8,6.6,0
9290,1.06,0.0,58.4,203.3,16.2,0
9291,0.99,0.0,53.0,208.8,11.7,0
9292,1.34,0.0,61.2,204.8,13.0,0
9293,0.69,0.024,56.7,208.9,11.7,0
9294,1.4,0.025,59.7,196.7,14.4,0
9295,0.86,0.024,61.0,211.8,5.4,0
9296,0.92,0.001,51.8,220.2,7.3,0
9297,1.13,0.04,57.8,197.9,8.8,0
9298,1.22,0.016,62.0,214.7,22.1,0
9299,0.86,0.047,60.3,232.1,24.3,0
9300,0.84,0.004,59.3,218.5,21.1,0
9301,0.94,0.005,55.9,192.6,13.5,0
9302,1.62,0.038,59.4,196.8,21.2,0
9303,0.86,0.015,63.0,231.3,16.2,0
9304,1.23,0.022,56.0,212.6,9.6,0
9305,1.63,0.032,56.5,189.0,14.9,1
9306,1.01,0.037,65.4,228.1,15.1,0
9307,1.06,0.018,53.0,203.2,20.1,0
9308,1.36,0.031,59.3,192.3,16.4,0
9309,0.81,0.01,59.7,205.8,18.8,0
9310,1.09,0.0,55.1,207.3,9.9,0
9311,1.77,0.023,57.9,208.2,5.3,0
9312,0.93,0.009,54.7,207.9,16.7,0
9313,1.14,0.026,66.6,209.4,14.9,0
9314,0.93,0.023,63.3,212.5,22.8,0
9315,1.13,0.002,59.4,206.3,19.3,0
9316,0.71,0.015,57.3,214.5,19.0,0
9317,1.74,0.031,62.3,204.9,6.6,0
9318,1.58,0.057,58.1,188.2,21.4,1
9319,1.09,0.0,55.2,205.1,12.0,0
9320,0.87,0.012,68.7,207.9,23.3,0
9321,1.57,0.012,58.6,208.9,16.3,0
9322,0.68,0.065,58.4,205.7,7.1,0
9323,0.86,0.026,62.5,202.6,5.2,0
9324,1.52,0.01,59.4,190.8,16.9,0
9325,0.8,0.014,60.4,213.0,9.5,0
9326,1.77,0.019,57.3,207.3,23.5,0
9327,0.76,0.052,58.5,208.3,22.3,1
9328,0.87,0.027,50.7,220.8,6.8,0
9329,0.51,0.016,60.0,201.4,17.2,0
9330,0.75,0.016,59.9,187.9,15.6,0
9331,0.84,0.03,58.8,224.9,17.1,0
9332,1.43,0.014,63.8,214.0,9.5,0
9333,1.22,0.04,58.3,208.4,15.9,1
9334,0.81,0.004,60.1,203.5,16.5,0
9335,0.8,0.0,62.9,206.9,19.8,0
9336,1.29,0.001,57.5,187.9,11.1,0
9337,1.01,0.015,56.0,208.2,9.6,0
9338,0.71,0.032,58.6,206.0,8.2,0
9339,1.27,0.019,61.0,206.7,20.0,0
9340,0.83,0.019,58.1,204.4,10.2,0
9341,1.54,0.023,62.5,215.5,7.1,0
9342,1.58,0.013,52.8,221.4,23.1,0
9343,1.03,0.031,57.9,207.4,12.0,0
9344,1.48,0.032,58.6,199.1,20.8,0
9345,1.14,0.003,55.4,208.5,16.0,0
9346,0.58,0.032,55.6,218.7,19.0,0
9347,0.49,0.047,57.6,216.1,17.3,0
9348,1.6,0.011,55.3,217.3,12.6,0
9349,1.35,0.024,59.6,210.9,10.0,0
9350,1.22,0.029,50.9,212.2,15.3,0
9351,1.01,0.027,60.8,206.5,17.3,0
9352,1.06,0.024,63.7,181.5,16.2,0
9353,0.45,0.024,59.4,221.3,9.5,0
9354,0.86,0.031,55.7,209.9,7.0,0
9355,1.24,0.006,50.0,205.6,20.8,0
9356,1.38,0.035,60.1,206.4,6.3,0
9357,1.52,0.018,63.1,215.4,5.8,0
9358,0.85,0.033,52.6,218.1,16.0,0
9359,1.3,0.009,55.2,205.8,21.1,0
9360,1.54,0.031,61.0,207.5,18.1,0
9361,1.78,0.043,54.2,204.2,18.1,0
9362,1.84,0.01,58.3,212.4,14.3,0
9363,1.37,0.048,60.5,209.3,15.0,1
9364,0.54,0.061,57.3,237.7,19.9,0
9365,0.87,0.01,65.5,224.2,5.6,0
9366,0.88,0.019,63.8,204.2,7.9,0
9367,2.86,0.006,63.1,194.7,17.9,0
9368,1.5,0.024,52.6,194.8,24.9,0
9369,1.43,0.002,62.3,209.9,17.6,0
9370,0.9,0.052,61.9,185.8,14.5,0
9371,1.42,0.01,59.7,230.5,7.1,0
9372,2.08,0.002,56.0,185.8,9.6,0
9373,1.81,0.032,54.5,181.4,5.9,0
9374,0.44,0.03,60.9,212.3,9.9,0
9375,1.31,0.025,59.2,207.8,19.6,0
9376,1.1,0.008,55.5,186.9,14.1,0
9377,1.66,0.033,62.4,205.8,12.3,0
9378,1.5,0.041,57.6,205.5,11.9,1
9379,0.2,0.035,51.3,209.9,19.5,0
9380,0.81,0.032,63.0,204.5,20.6,0
9381,0.64,0.052,58.0,213.3,9.5,0
9382,1.84,0.017,58.4,212.5,9.9,0
9383,1.44,0.024,60.7,220.1,22.8,0
9384,0.67,0.019,59.1,205.4,10.5,0
9385,0.74,0.022,49.8,179.8,14.8,0
9386,1.25,0.01,56.7,234.6,10.8,0
9387,1.06,0.022,56.8,208.9,15.4,0
9388,1.2,0.0,59.2,227.5,20.2,0
9389,1.15,0.0,53.8,225.8,24.5,0
9390,1.28,0.031,58.7,188.7,7.4,1
9391,1.12,0.021,61.6,215.9,17.1,0
9392,0.48,0.014,56.8,207.0,14.2,0
9393,0.99,0.025,59.8,206.6,12.2,0
9394,0.8,0.011,62.3,226.9,23.3,0
9395,1.14,0.006,50.5,207.6,21.8,0
9396,1.29,0.002,57.9,198.7,8.9,0
9397,0.35,0.014,60.0,213.8,6.2,0
9398,0.7,0.03,48.6,195.9,13.0,0
9399,0.86,0.016,63.1,195.9,23.8,0
9400,1.4,0.0,54.1,231.6,22.3,0
9401,1.21,0.002,56.4,209.4,17.0,0
9402,0.8,0.019,51.3,186.8,9.6,0
9403,0.91,0.032,58.2,206.3,8.2,0
9404,1.18,0.007,57.2,214.0,11.4,0
9405,1.19,0.035,60.4,212.2,22.7,0
9406,1.04,0.006,61.4,213.8,12.2,0
9407,0.73,0.018,52.8,206.8,6.3,0
9408,0.98,0.015,51.8,212.1,18.9,0
9409,1.08,0.02,57.8,208.3,22.6,0
9410,0.98,0.009,66.0,197.6,18.6,0
9411,2.08,0.017,63.0,195.6,20.5,0
9412,1.42,0.004,58.8,189.3,15.9,0
9413,1.24,0.039,56.1,216.8,5.4,0
9414,1.08,0.015,60.2,211.7,10.4,0
9415,2.18,0.026,56.9,206.1,19.2,1
9416,1.3,0.011,59.3,204.0,7.4,0
9417,1.7,0.029,63.8,222.9,15.8,0
9418,1.17,0.016,60.6,203.8,7.9,0
9419,1.39,0.024,60.7,200.5,5.5,0
9420,2.06,0.026,52.2,217.2,24.5,0
9421,1.24,0.01,54.6,218.6,18.1,0
9422,1.45,0.007,54.4,199.0,19.4,0
9423,1.1,0.013,62.9,204.4,8.0,0
9424,1.27,0.009,56.0,209.0,15.5,0
9425,1.68,0.007,58.3,197.9,8.8,0
9426,1.35,0.052,55.7,201.7,11.5,0
9427,1.51,0.016,63.6,216.6,5.1,0
9428,0.94,0.011,58.3,213.0,6.3,0
9429,1.07,0.036,56.6,204.7,9.5,0
9430,0.55,0.012,62.0,225.4,17.7,0
9431,0.95,0.03,58.6,231.0,19.3,0
9432,1.09,0.019,56.4,208.1,24.5,0
9433,1.24,0.0,59.0,187.6,15.9,0
9434,0.72,0.002,57.4,220.2,6.8,0
9435,0.34,0.032,60.0,212.7,16.6,0
9436,0.76,0.019,60.9,204.2,19.5,0
9437,0.9,0.017,60.7,214.0,8.1,0
9438,1.59,0.009,54.9,194.7,17.5,0
9439,0.69,0.02,57.6,214.6,14.4,0
9440,1.62,0.04,62.3,218.7,18.1,0
9441,1.75,0.037,56.5,197.1,6.4,0
9442,1.1,0.016,63.0,218.6,19.2,0
9443,0.74,0.019,58.2,205.8,24.2,0
9444,0.58,0.043,55.4,200.8,10.9,0
9445,1.6,0.036,59.2,204.2,6.8,0
9446,1.54,0.04,53.9,209.9,18.0,0
9447,1.4,0.021,62.0,224.8,22.1,0
9448,0.66,0.016,54.5,205.7,12.8,0
9449,1.12,0.018,56.9,203.4,7.3,0
9450,1.27,0.02,69.3,219.4,8.1,0
9451,0.89,0.008,57.3,208.1,14.3,0
9452,1.44,0.015,60.3,219.5,14.1,0
9453,1.31,0.008,61.1,210.3,19.0,0
9454,1.42,0.021,51.7,211.3,18.4,0
9455,1.27,0.047,63.2,200.4,19.4,0
9456,1.05,0.02,55.5,210.8,12.9,0
9457,1.12,0.004,51.0,197.2,8.2,0
9458,1.45,0.035,55.0,219.6,16.1,0
9459,2.02,0.021,61.1,201.8,17.6,1
9460,1.09,0.024,55.3,216.4,18.7,0
9461,1.19,0.017,60.7,205.5,22.1,0
9462,1.27,0.028,56.4,203.9,12.6,1
9463,1.44,0.001,58.1,191.6,15.7,0
9464,1.87,0.012,62.2,209.9,19.7,0
9465,1.69,0.012,57.7,209.7,18.5,0
9466,1.8,0.017,63.4,224.2,24.1,0
9467,1.65,0.043,58.9,204.2,23.0,1
9468,0.95,0.034,57.6,217.9,7.8,0
9469,1.58,0.026,58.1,200.8,16.7,0
9470,1.08,0.013,57.0,229.1,13.3,0
9471,0.77,0.029,61.4,207.0,18.3,0
9472,0.38,0.028,64.8,202.7,6.2,0
9473,0.39,0.009,59.1,212.4,18.5,0
9474,0.61,0.002,52.1,203.4,10.9,0
9475,0.82,0.0,58.2,197.4,5.1,0
9476,1.15,0.013,61.5,208.1,19.7,0
9477,1.68,0.043,52.4,209.1,13.8,0
9478,1.58,0.0,59.2,204.2,11.5,0
9479,1.07,0.0,56.1,231.2,10.8,0
9480,1.43,0.023,60.6,190.6,12.4,0
9481,1.26,0.024,56.9,222.0,23.0,1
9482,1.41,0.037,54.0,215.9,12.8,0
9483,1.16,0.002,62.2,208.0,7.6,0
9484,2.1,0.0,50.7,201.2,17.1,0
9485,1.33,0.004,61.7,195.6,12.7,0
9486,1.69,0.002,56.1,224.1,22.7,0
9487,1.38,0.007,64.8,219.4,13.4,0
9488,1.74,0.013,63.2,213.0,19.3,0
9489,1.49,0.032,66.3,195.0,11.4,0
9490,1.27,0.0,61.8,199.9,9.5,0
9491,1.63,0.023,55.0,215.5,16.0,0
9492,1.39,0.035,59.8,236.9,5.7,0
9493,1.21,0.023,56.6,213.5,21.1,0
9494,1.53,0.04,63.0,211.6,6.2,0
9495,1.3,0.029,60.4,209.7,5.0,0
9496,1.57,0.0,58.2,211.1,18.6,0
9497,1.86,0.015,53.9,218.6,14.9,0
9498,1.05,0.047,56.0,192.5,15.4,0
9499,0.54,0.001,59.6,198.9,24.8,0
9500,1.3,0.013,59.7,207.2,17.8,0
9501,0.87,0.03,50.7,209.7,6.9,0
9502,1.71,0.036,52.7,203.1,16.0,0
9503,1.42,0.004,53.3,201.1,23.1,0
9504,0.85,0.031,53.4,209.2,8.9,0
9505,0.74,0.03,50.3,197.4,22.0,0
9506,1.29,0.035,53.7,187.6,13.6,1
9507,0.88,0.041,61.3,198.2,20.4,0
9508,1.22,0.026,55.4,222.1,15.2,0
9509,0.69,0.033,61.7,219.4,11.8,0
9510,2.0,0.005,59.0,221.4,24.2,0
9511,1.39,0.044,56.7,200.1,5.1,0
9512,1.47,0.007,55.6,172.8,24.5,0
9513,1.83,0.007,60.0,197.5,8.1,0
9514,1.03,0.0,56.4,252.9,12.6,0
9515,2.15,0.015,61.4,202.1,11.4,0
9516,1.53,0.017,58.0,212.9,20.1,0
9517,1.08,0.017,57.9,220.8,17.6,0
9518,0.96,0.006,58.7,212.8,15.4,0
9519,1.58,0.021,57.5,223.9,7.8,1
9520,1.19,0.011,49.1,208.9,5.7,0
9521,1.33,0.0,61.2,230.2,14.0,0
9522,0.68,0.023,60.9,205.5,11.3,0
9523,1.8,0.01,62.2,223.3,12.3,0
9524,0.69,0.03,56.1,198.7,14.8,0
9525,0.62,0.0,59.8,219.7,17.8,0
9526,1.15,0.032,60.7,206.1,13.9,0
9527,1.13,0.042,67.0,224.0,19.7,0
9528,1.41,0.029,59.4,208.5,16.5,0
9529,1.37,0.015,54.9,219.8,15.4,0
9530,1.81,0.028,54.3,206.5,14.8,0
9531,1.33,0.013,59.8,206.4,8.1,0
9532,1.4,0.047,54.4,191.9,6.1,0
9533,0.78,0.01,60.2,221.3,12.0,0
9534,1.13,0.04,63.7,212.5,20.8,0
9535,1.27,0.002,52.6,221.2,15.5,0
9536,0.61,0.027,58.1,196.7,13.2,0
9537,1.09,0.018,57.7,212.4,10.5,0
9538,0.36,0.037,50.0,217.5,14.5,0
9539,0.81,0.03,56.4,213.6,16.8,0
9540,0.31,0.022,58.3,202.1,7.5,0
9541,1.48,0.031,66.3,203.2,19.7,0
9542,1.97,0.033,49.8,192.1,22.1,0
9543,1.57,0.007,59.9,212.6,5.5,0
9544,1.11,0.023,57.1,224.9,7.5,0
9545,0.99,0.023,56.9,193.2,14.7,0
9546,1.08,0.035,57.7,205.2,16.2,0
9547,1.26,0.014,50.7,227.2,20.8,0
9548,1.67,0.04,61.7,207.2,13.6,0
9549,1.39,0.041,54.2,239.7,19.9,1
9550,0.85,0.015,52.1,202.9,19.0,0
9551,1.15,0.031,60.9,209.6,14.3,0
9552,1.35,0.006,60.0,227.7,5.8,1
9553,0.75,0.023,51.7,198.4,20.1,0
9554,1.29,0.017,56.6,213.3,18.9,0
9555,1.54,0.02,54.4,214.6,16.6,0
9556,0.9,0.034,50.8,205.7,9.2,0
9557,0.37,0.017,52.8,203.1,19.1,0
9558,1.01,0.038,63.5,217.3,11.4,0
9559,0.86,0.0,57.7,209.4,16.1,0
9560,1.38,0.017,51.5,223.6,20.2,0
9561,1.55,0.05,59.5,195.8,7.0,1
9562,1.28,0.016,59.3,202.1,13.8,0
9563,1.21,0.038,50.0,209.0,17.8,0
9564,0.6,0.047,56.6,208.9,21.4,0
9565,0.78,0.027,53.1,200.4,9.9,0
9566,1.41,0.014,59.6,246.1,14.5,0
9567,0.82,0.026,65.4,217.3,17.1,0
9568,1.3,0.016,55.6,213.4,6.7,0
9569,1.73,0.011,59.7,210.0,21.5,0
9570,0.87,0.023,59.0,226.5,19.9,0
9571,1.3,0.011,52.1,216.0,19.9,0
9572,1.05,0.027,52.0,227.5,6.1,0
9573,1.99,0.0,53.4,201.9,6.5,0
9574,1.88,0.023,61.9,193.4,19.7,0
9575,0.93,0.013,50.5,205.7,11.0,0
9576,0.61,0.0,58.3,185.3,10.8,0
9577,2.06,0.004,60.1,205.9,18.5,0
9578,0.87,0.005,57.9,210.0,5.6,0
9579,0.79,0.02,57.3,210.2,12.3,0
9580,1.44,0.011,63.2,201.8,18.8,0
9581,1.96,0.03,63.6,225.6,6.4,0
9582,0.52,0.022,58.0,208.9,10.9,0
9583,1.23,0.008,66.2,216.6,25.0,0
9584,1.2,0.0,57.4,197.3,11.0,0
9585,0.92,0.047,55.2,228.4,15.5,0
9586,1.29,0.0,60.8,189.7,7.6,0
9587,1.39,0.004,60.5,192.9,9.8,0
9588,0.98,0.016,55.1,200.0,16.0,1
9589,1.28,0.028,59.5,194.3,9.0,0
9590,1.53,0.043,59.5,209.5,20.6,0
9591,0.5,0.021,64.5,228.4,13.3,0
9592,1.54,0.006,54.7,203.4,6.6,0
9593,1.12,0.015,61.8,206.8,9.6,0
9594,1.07,0.032,63.0,208.7,9.5,0
9595,1.22,0.03,62.5,230.5,11.1,0
9596,1.28,0.025,53.4,206.1,20.6,0
9597,1.43,0.011,61.8,203.5,13.8,0
9598,1.05,0.027,61.9,221.0,15.2,0
9599,0.59,0.0,58.7,206.2,18.9,0
9600,1.73,0.025,47.4,209.7,16.1,0
9601,0.71,0.034,57.0,192.3,12.3,0
9602,1.04,0.048,58.3,193.2,14.9,1
9603,0.72,0.011,60.0,202.1,13.8,0
9604,1.41,0.02,60.9,206.9,14.6,0
9605,0.84,0.0,62.0,207.1,15.4,0
9606,1.72,0.043,55.2,209.5,14.9,0
9607,1.07,0.02,56.3,207.9,12.1,0
9608,1.14,0.04,57.4,221.8,15.5,0
9609,0.97,0.039,52.4,203.3,17.0,0
9610,0.83,0.0,61.9,221.6,18.9,0
9611,1.8,0.022,58.5,206.9,19.0,0
9612,1.27,0.0,57.7,203.3,9.3,0
9613,0.99,0.027,57.3,211.2,22.3,0
9614,1.28,0.0,62.3,177.5,8.6,0
9615,0.42,0.009,53.0,205.6,15.2,0
9616,1.63,0.034,56.3,227.7,15.6,0
9617,0.81,0.009,58.1,210.8,21.1,0
9618,0.87,0.035,65.3,204.3,21.8,0
9619,1.37,0.0,59.3,194.1,22.1,0
9620,1.1,0.03,54.8,219.0,10.5,0
9621,1.6,0.022,62.6,216.1,16.9,0
9622,1.18,0.033,55.4,207.1,18.9,0
9623,1.51,0.025,59.6,197.7,6.4,0
9624,1.67,0.034,58.5,198.9,19.0,0
9625,0.96,0.014,57.3,218.2,16.3,0
9626,1.36,0.022,56.0,218.8,10.2,0
9627,1.3,0.04,51.6,230.8,19.9,0
9628,1.03,0.0,56.4,232.1,7.7,0
9629,1.17,0.036,58.6,206.1,10.6,0
9630,1.56,0.022,55.5,200.9,14.3,0
9631,0.68,0.03,59.3,199.0,16.7,0
9632,1.27,0.008,53.6,206.7,21.2,0
9633,1.04,0.006,64.3,221.2,22.2,0
9634,1.05,0.013,57.8,207.9,15.4,0
9635,1.09,0.021,54.6,218.0,23.4,0
9636,1.15,0.0,65.6,218.8,14.9,0
9637,1.11,0.01,58.9,223.2,8.5,0
9638,1.39,0.005,60.2,210.0,10.0,0
9639,0.54,0.016,55.1,224.6,15.9,0
9640,1.59,0.018,55.4,225.2,24.9,0
9641,1.03,0.0,61.8,196.6,9.5,0
9642,0.79,0.019,58.4,224.6,11.4,0
9643,1.66,0.015,67.1,230.2,17.6,0
9644,1.38,0.013,60.1,208.7,5.4,0
9645,0.99,0.008,60.3,224.7,19.8,0
9646,1.2,0.02,59.9,202.4,11.5,0
9647,1.68,0.023,53.1,208.1,12.8,0
9648,1.55,0.005,61.6,222.3,20.2,0
9649,0.74,0.001,56.0,180.3,12.5,0
9650,1.22,0.012,61.9,221.3,5.6,0
9651,1.2,0.037,55.2,209.9,22.6,0
9652,1.07,0.025,55.6,192.2,15.3,0
9653,1.58,0.028,54.0,216.9,22.8,0
9654,1.19,0.003,60.2,186.7,21.8,0
9655,1.46,0.007,65.2,212.9,21.6,0
9656,0.56,0.023,58.7,191.2,24.1,1
9657,1.3,0.048,60.3,220.5,8.3,0
9658,1.28,0.001,54.4,209.2,9.4,0
9659,0.69,0.019,52.6,214.0,24.8,0
9660,0.99,0.019,61.1,183.8,10.2,0
9661,1.46,0.03,53.4,227.4,12.9,0
9662,1.15,0.002,57.2,216.8,16.2,0
9663,0.94,0.022,61.4,229.3,18.0,0
9664,1.24,0.038,54.7,200.4,19.8,0
9665,0.98,0.025,53.2,210.9,16.3,0
9666,0.66,0.011,58.7,204.9,22.8,0
9667,0.95,0.025,56.8,224.7,12.2,0
9668,1.29,0.029,63.0,201.3,10.3,0
9669,1.34,0.036,61.6,226.4,20.8,1
9670,1.88,0.008,57.1,225.1,11.8,0
9671,0.58,0.012,62.2,218.0,21.3,0
9672,1.29,0.0,53.6,216.9,10.8,0
9673,0.96,0.029,53.4,209.7,11.9,0
9674,0.5,0.0,60.3,214.5,9.2,0
9675,1.59,0.006,60.8,189.8,7.6,0
9676,0.5,0.029,57.4,225.4,7.4,0
9677,1.55,0.003,62.2,214.6,13.0,0
9678,1.59,0.007,61.8,212.9,20.6,0
9679,1.54,0.033,59.3,222.4,24.2,0
9680,1.1,0.014,59.3,204.6,5.0,0
9681,2.25,0.001,60.1,197.7,6.7,0
9682,1.33,0.038,57.6,202.5,8.5,1
9683,0.98,0.026,50.7,226.0,19.7,0
9684,1.27,0.044,57.9,190.6,5.1,1
9685,1.17,0.039,55.6,196.6,22.2,1
9686,1.99,0.03,58.2,225.2,13.9,0
9687,1.76,0.001,61.3,200.7,20.8,0
9688,0.61,0.031,62.3,217.6,13.1,0
9689,0.4,0.038,58.0,197.9,12.1,0
9690,0.99,0.011,65.3,207.6,6.3,0
9691,1.53,0.026,55.7,203.2,12.3,1
9692,1.08,0.029,61.5,197.0,8.6,0
9693,1.71,0.04,61.9,186.1,14.8,0
9694,0.81,0.026,55.0,188.9,12.3,0
9695,1.09,0.029,59.2,210.2,23.4,0
9696,0.99,0.032,59.3,208.0,21.9,0
9697,1.35,0.0,55.5,197.4,23.6,1
9698,1.42,0.0,51.2,184.4,24.2,0
9699,2.24,0.02,52.3,215.0,17.8,0
9700,1.44,0.011,55.2,186.9,16.7,0
9701,1.65,0.019,52.4,219.8,18.9,0
9702,1.55,0.017,60.1,218.0,6.3,0
9703,0.96,0.0,60.5,202.5,7.3,0
9704,1.23,0.0,52.1,214.7,20.2,0
9705,0.97,0.014,56.4,210.5,14.7,0
9706,1.56,0.023,51.0,207.6,20.0,0
9707,1.09,0.02,59.9,196.8,23.1,0
9708,1.45,0.033,59.2,214.4,18.1,0
9709,0.54,0.04,53.8,211.4,15.0,0
9710,1.7,0.009,58.9,223.7,23.7,0
9711,1.44,0.003,56.3,227.4,24.1,0
9712,0.8,0.044,59.0,193.5,9.0,0
9713,0.97,0.026,59.1,204.3,5.0,0
9714,1.28,0.002,59.4,206.9,24.8,0
9715,1.25,0.034,58.0,224.5,17.6,0
9716,1.71,0.035,53.7,203.1,22.3,0
9717,1.2,0.011,62.1,214.2,14.0,0
9718,1.09,0.02,56.0,196.1,13.4,0
9719,1.45,0.032,56.5,205.0,14.8,0
9720,0.57,0.053,59.6,217.0,24.8,0
9721,2.03,0.026,57.1,197.8,23.0,0
9722,1.28,0.001,61.7,217.9,18.0,0
9723,0.57,0.013,56.9,208.9,21.7,0
9724,1.58,0.03,57.6,218.7,18.9,0
9725,1.65,0.047,63.5,223.9,6.0,0
9726,0.48,0.055,58.2,208.6,14.2,0
9727,1.02,0.012,57.3,202.2,23.4,0
9728,1.37,0.015,59.8,212.8,10.6,0
9729,0.55,0.023,52.0,215.6,16.0,0
9730,1.59,0.023,63.3,190.3,19.3,0
9731,1.06,0.031,59.2,218.4,20.8,0
9732,0.9,0.021,55.8,208.2,11.1,0
9733,1.34,0.0,59.1,213.1,18.4,0
9734,2.78,0.014,56.8,218.1,17.9,0
9735,0.67,0.03,60.2,228.3,7.1,0
9736,0.69,0.031,58.9,222.7,14.1,0
9737,1.63,0.015,57.1,214.5,20.2,0
9738,1.11,0.012,55.1,219.6,6.8,0
9739,1.1,0.033,54.6,201.6,23.3,0
9740,1.58,0.024,57.3,227.2,18.4,0
9741,1.11,0.025,66.7,194.0,9.4,0
9742,1.49,0.03,61.7,199.3,19.2,0
9743,0.88,0.0,57.1,206.1,5.3,0
9744,1.07,0.028,53.8,194.0,5.9,0
9745,1.28,0.035,61.0,208.0,21.0,0
9746,0.94,0.005,54.6,198.4,14.1,0
9747,1.8,0.029,52.7,197.7,15.2,0
9748,1.04,0.0,55.7,201.2,21.3,0
9749,1.11,0.0,52.4,215.5,23.9,0
9750,0.74,0.025,59.3,193.1,21.0,0
9751,1.47,0.034,61.0,199.2,14.1,0
9752,1.34,0.025,64.0,204.3,7.4,0
9753,1.43,0.033,58.9,205.7,12.6,0
9754,1.47,0.007,60.4,192.6,7.6,0
9755,1.17,0.0,55.3,190.5,7.5,0
9756,1.07,0.0,60.2,195.0,20.9,0
9757,1.29,0.022,63.1,202.1,5.5,0
9758,1.7,0.035,60.0,196.5,14.2,0
9759,1.66,0.034,68.0,206.2,7.0,0
9760,0.68,0.014,54.0,205.7,7.4,0
9761,1.51,0.023,58.7,214.3,14.7,0
9762,1.33,0.017,64.4,209.7,22.4,0
9763,1.16,0.036,56.0,212.6,5.6,1
9764,1.49,0.028,59.1,211.0,19.1,0
9765,1.38,0.033,64.3,219.1,22.9,0
9766,1.34,0.024,59.4,208.2,20.3,0
9767,0.9,0.033,60.2,225.1,7.5,0
9768,0.28,0.012,54.9,220.3,16.2,0
9769,2.01,0.034,50.0,214.3,24.9,0
9770,0.99,0.016,55.2,211.8,8.0,0
9771,1.1,0.047,47.4,195.9,17.6,0
9772,2.1,0.019,56.9,219.5,20.8,0
9773,0.46,0.014,60.7,197.9,11.3,0
9774,1.52,0.0,58.4,213.5,6.3,0
9775,1.36,0.0,52.9,194.8,20.2,0
9776,0.87,0.019,58.2,208.3,15.2,0
9777,0.96,0.015,59.4,215.8,22.5,0
9778,0.8,0.053,55.0,213.6,8.4,1
9779,0.58,0.015,54.9,223.3,5.7,0
9780,1.24,0.017,57.4,203.8,8.9,0
9781,1.29,0.012,48.6,221.0,19.2,0
9782,1.73,0.014,53.4,202.7,20.1,0
9783,1.34,0.022,58.7,213.4,11.3,0
9784,1.92,0.008,61.2,215.3,23.3,0
9785,1.24,0.0,61.6,189.6,12.7,0
9786,1.58,0.046,53.9,200.8,18.9,0
9787,1.52,0.008,57.5,197.7,15.7,0
9788,1.83,0.011,56.6,208.9,7.5,0
9789,1.06,0.027,56.4,213.2,6.7,0
9790,1.0,0.0,54.7,216.2,17.8,0
9791,0.71,0.0,57.3,195.4,6.9,0
9792,0.97,0.016,55.5,188.2,23.2,0
9793,1.23,0.035,61.3,234.0,24.4,0
9794,1.71,0.008,57.4,222.7,13.0,0
9795,1.09,0.005,56.4,229.0,18.0,0
9796,1.14,0.024,56.3,225.6,17.2,0
9797,0.83,0.033,60.9,199.3,22.5,0
9798,0.53,0.005,57.0,222.2,6.4,0
9799,1.25,0.01,56.0,199.9,10.7,0
9800,1.71,0.01,58.2,227.6,15.4,0
9801,0.92,0.029,66.0,221.0,11.4,0
9802,2.13,0.015,53.0,218.4,6.8,0
9803,1.61,0.019,57.9,205.2,24.8,0
9804,1.28,0.023,55.4,201.5,17.6,0
9805,1.82,0.034,58.5,219.5,24.4,0
9806,0.88,0.007,57.1,182.6,12.7,0
9807,1.52,0.03,61.4,210.7,23.1,1
9808,0.99,0.001,53.6,231.5,19.4,0
9809,0.95,0.019,63.0,204.2,11.7,0
9810,1.35,0.002,56.5,208.8,17.7,0
9811,0.71,0.021,62.6,210.4,14.6,0
9812,1.7,0.031,51.1,207.7,18.4,0
9813,1.54,0.036,55.9,210.3,19.6,0
9814,1.09,0.017,53.3,190.5,11.3,0
9815,1.44,0.036,54.2,206.7,16.0,0
9816,1.58,0.042,57.6,210.2,24.0,0
9817,1.07,0.015,67.1,207.2,16.0,0
9818,1.38,0.028,55.4,219.1,15.1,0
9819,1.36,0.001,56.7,221.3,11.9,0
9820,1.29,0.01,60.0,199.3,10.8,0
9821,1.59,0.065,57.0,209.6,23.6,0
9822,0.78,0.018,50.3,213.6,10.6,0
9823,1.48,0.012,55.8,220.7,19.5,0
9824,1.55,0.0,58.1,216.9,14.7,0
9825,0.52,0.022,61.0,201.4,19.3,0
9826,1.53,0.0,58.4,191.5,14.5,0
9827,1.24,0.023,57.4,228.5,12.7,0
9828,1.71,0.021,61.6,225.3,5.1,0
9829,1.59,0.012,59.4,206.8,8.8,0
9830,1.0,0.019,55.5,220.0,16.4,0
9831,1.86,0.024,50.9,217.7,21.2,0
9832,1.59,0.005,57.8,228.5,15.7,0
9833,1.51,0.002,57.0,199.7,18.2,0
9834,0.68,0.019,56.2,210.6,22.5,0
9835,1.56,0.0,58.1,196.5,17.6,0
9836,1.58,0.028,58.6,204.3,14.0,0
9837,1.46,0.013,59.6,219.3,19.1,0
9838,1.74,0.066,56.9,208.6,24.8,0
9839,1.07,0.017,52.1,211.8,8.2,0
9840,1.09,0.038,59.7,204.2,16.5,0
9841,1.56,0.033,58.3,213.4,18.8,1
9842,1.41,0.032,63.1,203.6,12.0,0
9843,1.27,0.033,62.6,197.8,24.7,0
9844,1.5,0.005,61.2,191.7,19.7,0
9845,1.37,0.01,62.9,222.8,23.5,0
9846,1.58,0.009,59.4,204.9,11.5,0
9847,1.26,0.0,57.3,221.2,6.7,0
9848,1.29,0.047,59.9,203.1,6.4,1
9849,1.76,0.016,53.3,224.3,24.5,0
9850,0.74,0.032,57.8,194.6,21.1,0
9851,0.99,0.031,59.5,226.9,24.1,0
9852,1.16,0.017,60.9,211.3,20.2,0
9853,1.21,0.01,54.5,202.3,6.3,0
9854,0.95,0.01,61.0,200.8,17.5,0
9855,1.12,0.014,59.1,205.6,8.8,0
9856,0.57,0.043,58.1,212.9,11.7,0
9857,1.95,0.027,54.0,204.0,15.2,0
9858,1.25,0.0,60.8,216.0,21.4,0
9859,0.73,0.027,56.4,201.2,18.0,0
9860,1.07,0.029,51.3,205.1,11.9,0
9861,1.02,0.023,57.8,205.0,18.3,0
9862,1.41,0.041,53.6,192.0,8.2,0
9863,0.95,0.009,65.1,215.3,12.9,0
9864,1.98,0.019,60.2,214.1,11.9,0
9865,0.83,0.018,61.6,202.4,18.3,0
9866,1.14,0.023,63.3,208.7,6.6,0
9867,1.34,0.014,54.3,211.6,7.3,0
9868,1.31,0.026,58.8,203.3,13.2,0
9869,1.76,0.015,59.2,210.7,18.5,0
9870,1.04,0.01,64.7,215.6,19.5,0
9871,1.63,0.04,52.2,217.3,10.3,0
9872,1.76,0.019,55.2,213.3,6.4,0
9873,1.17,0.028,54.1,220.3,8.5,1
9874,1.05,0.02,56.6,192.5,19.7,0
9875,1.23,0.03,53.8,215.8,8.9,0
9876,0.97,0.002,62.8,191.4,21.9,0
9877,0.88,0.003,61.9,207.7,8.4,0
9878,0.96,0.006,57.5,207.5,24.5,0
9879,1.05,0.015,55.6,207.4,7.5,0
9880,0.88,0.016,57.7,204.8,13.1,0
9881,1.01,0.042,55.5,218.8,14.5,0
9882,0.83,0.004,61.2,207.1,15.6,0
9883,0.91,0.019,59.6,217.6,8.8,0
9884,1.27,0.014,60.8,202.1,17.2,0
9885,0.8,0.018,50.4,209.3,14.7,0
9886,0.75,0.027,64.3,219.0,24.1,0
9887,1.46,0.032,57.9,214.4,13.1,0
9888,1.46,0.02,56.0,205.4,24.5,0
9889,1.11,0.049,52.7,225.7,19.6,0
9890,1.33,0.039,64.4,218.3,24.8,0
9891,1.16,0.016,58.6,183.3,16.6,0
9892,1.24,0.034,63.7,223.9,16.7,0
9893,0.44,0.012,58.1,217.8,18.6,0
9894,1.03,0.012,62.2,220.0,7.4,0
9895,1.03,0.009,59.1,214.0,11.2,0
9896,1.48,0.006,62.6,211.9,15.8,0
9897,0.27,0.022,55.4,208.7,7.8,0
9898,0.91,0.0,61.8,212.0,18.8,0
9899,0.57,0.027,56.9,192.3,10.4,0
9900,2.05,0.035,58.6,194.2,18.3,1
9901,0.64,0.031,58.6,247.4,6.8,0
9902,2.01,0.035,62.7,213.6,21.6,0
9903,1.25,0.025,59.2,201.3,6.8,0
9904,1.74,0.022,54.9,188.5,14.0,0
9905,1.01,0.0,58.2,191.2,6.8,0
9906,1.82,0.0,59.6,209.8,16.8,0
9907,1.24,0.02,56.9,226.8,23.5,0
9908,1.23,0.023,55.5,190.8,12.3,0
9909,1.17,0.051,59.6,234.5,6.1,1
9910,1.43,0.04,57.8,188.1,20.2,1
9911,1.27,0.021,58.5,229.6,6.9,0
9912,0.96,0.007,61.2,195.3,12.0,0
9913,0.72,0.0,62.3,186.5,21.7,0
9914,1.24,0.031,50.8,217.3,12.2,0
9915,0.88,0.03,47.7,217.3,5.9,0
9916,1.07,0.022,55.1,204.6,18.4,0
9917,1.36,0.043,52.5,210.1,16.2,0
9918,1.52,0.0,61.1,194.4,6.2,0
9919,1.79,0.0,63.4,208.6,15.8,0
9920,1.32,0.019,60.7,233.0,10.4,1
9921,0.68,0.004,59.7,213.1,12.6,0
9922,0.7,0.005,54.8,214.6,5.7,0
9923,1.65,0.001,61.6,208.0,21.4,0
9924,2.11,0.0,58.0,219.4,21.2,0
9925,1.46,0.014,62.0,214.9,11.4,0
9926,1.07,0.004,57.4,217.3,19.1,0
9927,0.54,0.014,58.4,212.0,21.2,0
9928,1.09,0.039,52.9,201.7,10.0,0
9929,1.38,0.033,62.3,200.4,9.8,0
9930,1.45,0.002,49.5,229.7,6.0,0
9931,0.23,0.0,51.0,202.4,8.4,0
9932,1.57,0.027,59.3,195.7,18.2,0
9933,1.35,0.029,52.9,208.5,11.3,0
9934,1.64,0.027,62.0,194.9,20.1,0
9935,1.18,0.002,61.7,195.9,7.8,0
9936,0.82,0.009,62.1,217.1,8.6,0
9937,1.53,0.0,54.3,225.3,21.0,0
9938,0.94,0.012,58.6,207.9,15.7,0
9939,1.33,0.044,56.8,192.6,24.2,0
9940,1.31,0.0,55.0,208.0,17.0,0
9941,0.95,0.0,57.4,223.7,23.0,0
9942,1.77,0.024,54.5,224.2,18.9,0
9943,0.71,0.027,47.7,202.4,9.0,0
9944,1.1,0.007,61.4,217.3,5.8,0
9945,1.07,0.013,55.6,208.0,6.6,0
9946,1.15,0.031,61.9,213.6,12.4,0
9947,0.45,0.009,58.7,216.1,10.0,0
9948,0.55,0.025,50.0,205.0,6.8,0
9949,0.76,0.026,57.0,226.4,5.3,0
9950,1.75,0.0,62.9,224.4,14.2,0
9951,1.01,0.018,55.6,220.1,5.1,0
9952,1.01,0.044,58.6,213.1,24.3,0
9953,1.62,0.002,49.9,212.0,22.0,0
9954,1.89,0.014,61.6,197.9,9.7,0
9955,1.17,0.01,58.0,211.7,7.2,0
9956,1.07,0.052,61.6,206.8,19.1,0
9957,1.65,0.025,61.1,223.3,6.5,0
9958,2.02,0.01,53.4,219.5,9.1,0
9959,1.17,0.011,66.4,188.9,18.4,0
9960,0.77,0.035,60.8,227.5,21.6,0
9961,0.89,0.041,58.0,197.2,9.5,0
9962,1.24,0.0,56.6,208.2,24.8,0
9963,1.27,0.065,61.3,206.5,8.0,1
9964,1.17,0.024,60.6,201.9,7.6,0
9965,0.89,0.042,61.0,211.6,24.9,0
9966,0.5,0.042,56.6,213.1,23.6,0
9967,1.05,0.04,56.0,206.3,16.8,0
9968,0.89,0.017,53.1,206.5,14.1,0
9969,1.45,0.021,58.4,207.8,5.2,0
9970,0.96,0.025,55.3,234.5,18.4,0
9971,1.63,0.03,59.9,210.4,12.4,0
9972,1.15,0.03,56.2,208.0,16.7,0
9973,1.35,0.022,59.3,209.8,14.5,0
9974,1.14,0.023,52.4,213.5,16.5,0
9975,0.9,0.034,60.8,206.4,18.5,0
9976,1.37,0.037,61.1,236.3,13.3,0
9977,1.45,0.015,57.4,211.3,10.7,0
9978,1.62,0.01,60.9,183.5,22.1,0
9979,1.57,0.012,58.7,211.6,17.8,0
9980,1.2,0.046,59.7,207.1,20.0,0
9981,0.71,0.016,68.1,206.1,22.6,0
9982,1.18,0.023,54.7,211.3,15.3,0
9983,1.09,0.028,60.6,234.2,17.2,0
9984,1.45,0.02,53.1,221.8,18.7,0
9985,1.47,0.027,55.2,215.5,7.1,0
9986,0.76,0.02,62.4,193.4,8.8,0
9987,1.8,0.001,56.8,217.9,15.2,0
9988,1.41,0.023,59.1,207.5,21.1,0
9989,1.03,0.042,57.9,226.3,11.6,0
9990,1.06,0.018,60.9,223.6,11.5,0
9991,1.04,0.02,53.1,206.6,22.0,0
9992,0.84,0.002,57.3,220.4,14.1,0
9993,1.16,0.016,56.8,216.7,12.6,0
9994,1.42,0.009,53.3,191.7,19.6,0
9995,1.02,0.039,58.1,183.4,17.6,0
9996,1.18,0.022,55.7,196.8,7.1,0
9997,1.22,0.027,64.8,194.0,12.0,0
9998,1.52,0.009,48.3,218.3,20.8,0
9999,1.6,0.051,60.2,208.2,18.9,1
10000,1.25,0.007,61.4,209.7,24.2,0
