ID_Lectura,Temperatura_Zona1_C,Velocidad_Cinta_m_min,Horas_Desde_Mantenimiento,Humedad_Ambiente_Pct,Espesor_Material_mm,Consumo_Energia_KWh
1,774.8,1.3,332,67.3,3.35,529.6
2,743.1,0.76,190,37.3,6.99,546.24
3,782.4,0.68,460,74.7,4.43,581.63
4,826.2,0.74,356,37.6,4.61,561.66
5,738.3,1.96,203,39.6,5.74,525.65
6,738.3,0.63,201,35.3,4.83,505.96
7,829.0,1.34,76,45.5,4.58,528.48
8,788.4,2.38,218,57.6,3.66,515.78
9,726.5,1.24,375,79.4,5.1,535.73
10,777.1,2.41,176,69.7,4.45,506.66
11,726.8,2.36,255,49.0,7.08,514.83
12,726.7,1.11,254,58.8,4.79,526.51
13,762.1,2.32,175,61.2,2.73,506.88
14,654.3,2.37,305,71.1,5.95,486.87
15,663.8,1.49,412,66.8,4.0,490.21
16,721.9,1.03,220,58.5,5.11,514.92
17,699.4,1.8,142,63.5,6.4,514.79
18,765.7,2.8,206,67.3,4.69,512.1
19,704.6,2.1,407,36.7,4.8,517.78
20,679.4,0.93,356,40.0,5.93,523.21
21,823.3,2.21,58,64.4,6.43,544.46
22,738.7,1.57,73,72.5,4.86,497.53
23,753.4,1.98,121,50.5,7.02,530.55
24,678.8,2.34,365,79.0,3.26,453.31
25,722.8,1.79,194,40.8,4.1,492.43
26,755.5,2.53,113,50.8,4.52,491.49
27,692.5,2.31,428,48.9,6.06,503.39
28,768.8,2.04,222,76.5,5.23,529.03
29,720.0,0.88,14,44.3,4.32,486.22
30,735.4,2.59,128,53.5,3.87,456.39
31,719.9,2.84,353,39.4,3.51,487.05
32,842.6,0.84,258,56.1,5.52,591.47
33,749.3,1.72,176,72.9,4.61,526.74
34,697.1,1.15,392,45.2,6.01,532.15
35,791.1,2.39,251,70.5,3.57,517.42
36,689.0,2.3,289,75.6,5.43,505.06
37,760.4,0.85,433,33.6,4.96,543.58
38,652.0,2.69,372,67.8,4.39,479.92
39,683.6,0.95,247,42.8,4.46,491.28
40,759.8,2.49,315,38.8,5.1,527.33
41,786.9,1.64,214,60.1,4.97,527.82
42,758.6,1.32,495,65.3,4.11,569.53
43,744.2,0.9,323,49.7,5.52,551.75
44,734.9,0.92,10,32.0,6.21,502.68
45,676.1,2.15,180,75.4,4.76,475.88
46,714.0,1.88,176,66.5,5.58,515.44
47,727.0,0.81,403,43.6,4.84,557.08
48,802.9,0.78,267,54.8,7.41,575.06
49,767.2,0.68,72,31.4,5.01,511.25
50,661.8,2.36,281,47.0,5.7,489.55
51,766.2,2.28,46,56.1,6.17,479.21
52,730.7,0.65,25,55.9,4.36,467.76
53,716.2,1.9,263,40.4,5.71,496.76
54,780.6,0.71,352,68.8,5.86,573.35
55,801.5,2.76,355,44.9,5.43,528.61
56,796.6,2.77,345,59.0,5.76,529.96
57,708.0,2.25,36,43.6,4.35,452.7
58,734.5,2.82,456,51.3,7.15,550.67
59,766.6,2.53,120,40.4,2.6,470.19
60,798.8,2.57,242,61.7,4.16,532.32
61,726.0,1.92,487,51.3,3.66,521.83
62,740.7,1.27,73,30.8,6.72,523.86
63,694.7,1.04,106,31.4,4.87,477.11
64,690.2,1.32,425,53.6,4.06,514.42
65,790.6,2.07,402,39.2,4.39,542.85
66,817.8,0.93,276,59.3,3.48,550.77
67,746.4,1.15,494,50.4,5.63,566.95
68,800.2,1.67,335,62.7,5.73,567.1
69,768.1,1.08,423,77.6,5.3,567.57
70,717.7,1.97,241,56.4,4.28,474.24
71,768.1,2.81,408,69.4,6.53,534.17
72,826.9,2.37,452,67.7,5.78,568.2
73,748.2,2.17,57,76.1,3.26,480.69
74,828.2,1.96,359,40.7,4.81,557.64
75,619.0,1.72,219,71.4,3.84,442.65
76,791.1,0.97,85,75.3,6.47,537.85
77,754.4,2.74,256,49.6,4.55,507.71
78,735.0,1.12,325,45.7,3.62,508.51
79,754.6,0.73,77,77.6,4.85,494.39
80,650.6,2.38,322,61.4,6.59,489.27
81,739.0,0.94,73,49.0,5.86,504.45
82,767.9,1.43,191,69.6,4.48,530.69
83,823.9,0.57,89,45.2,4.83,538.29
84,724.1,0.84,352,38.8,5.99,534.34
85,709.6,0.93,212,57.2,6.39,522.79
86,724.9,0.64,191,58.3,3.45,482.04
87,795.8,2.14,452,71.3,5.15,556.37
88,766.4,2.59,481,52.9,4.65,529.3
89,723.5,1.43,223,70.7,4.51,502.62
90,775.7,2.69,432,45.6,6.34,541.16
91,754.9,1.03,129,58.8,3.65,505.91
92,798.4,1.31,408,40.4,5.81,570.39
93,714.9,0.88,250,49.3,2.72,500.68
94,733.6,2.05,344,72.9,4.27,520.71
95,730.4,1.55,211,40.8,5.03,516.05
96,676.8,2.03,421,70.5,3.69,503.76
97,764.8,2.4,301,44.1,7.2,550.86
98,763.1,1.86,63,31.7,4.28,500.07
99,750.3,2.07,154,35.5,4.2,484.92
100,738.3,2.84,365,67.3,4.31,504.28
101,679.2,1.25,95,43.1,5.58,474.64
102,729.0,1.4,480,62.7,5.91,562.78
103,732.9,2.29,486,65.0,4.56,526.97
104,709.9,2.03,31,47.3,5.32,478.12
105,741.9,0.95,340,53.7,5.39,521.36
106,770.2,1.44,301,50.2,3.56,503.6
107,844.3,1.67,245,77.4,4.88,578.76
108,758.7,1.55,38,46.0,4.37,497.14
109,762.9,0.95,192,39.2,3.44,523.83
110,746.3,2.81,435,48.3,5.21,507.75
111,654.1,2.41,169,63.5,6.01,467.99
112,748.7,1.7,407,64.9,5.04,525.3
113,753.0,2.2,27,76.2,2.43,478.62
114,873.2,2.74,47,74.1,4.54,535.77
115,740.4,0.84,110,44.4,4.11,499.5
116,765.1,1.13,299,52.8,6.78,563.71
117,748.3,1.86,386,67.4,4.66,531.6
118,691.6,2.5,182,75.8,3.39,462.98
119,807.1,0.59,352,46.9,4.95,556.82
120,787.6,2.96,425,52.2,5.64,556.42
121,789.6,1.64,375,75.0,5.1,559.86
122,704.5,1.4,76,47.9,4.2,479.02
123,820.1,1.23,200,54.0,4.54,533.98
124,679.9,0.94,448,75.2,5.77,548.28
125,779.3,2.48,52,70.1,5.1,503.11
126,859.5,2.89,132,42.2,7.03,567.6
127,700.5,1.53,287,46.2,5.1,512.44
128,721.7,2.88,352,47.6,3.47,461.54
129,755.0,2.56,205,75.6,4.8,514.19
130,724.8,1.7,342,79.9,4.44,529.33
131,672.5,2.19,134,68.7,3.45,459.38
132,753.4,1.59,105,54.2,5.13,507.69
133,696.9,1.9,387,30.5,4.58,496.8
134,773.7,0.65,166,64.9,5.15,538.63
135,704.0,2.24,49,49.5,6.83,494.12
136,827.5,0.63,369,61.6,4.87,599.32
137,710.8,2.54,182,60.3,6.02,488.62
138,733.9,2.56,384,54.0,4.81,505.04
139,790.7,1.09,403,77.2,5.42,586.42
140,688.5,1.31,470,31.2,5.12,527.67
141,761.4,1.7,182,65.6,5.27,522.76
142,815.4,1.99,129,50.5,4.87,517.42
143,669.6,1.22,282,65.7,6.45,491.79
144,759.2,1.98,367,63.8,5.63,547.81
145,763.0,1.24,395,30.5,5.12,538.19
146,789.1,0.64,410,44.3,5.91,570.64
147,688.2,0.51,373,39.5,5.13,524.99
148,684.0,0.75,355,38.3,6.12,515.78
149,776.1,2.48,384,66.4,3.82,522.65
150,764.8,2.9,431,42.0,7.13,536.7
151,762.5,1.57,430,53.7,5.17,555.64
152,767.3,1.78,328,42.3,3.86,511.93
153,716.0,0.87,270,59.0,5.75,510.45
154,761.6,1.88,290,66.0,6.29,529.78
155,764.7,0.86,338,46.6,3.98,551.66
156,714.3,2.03,133,60.2,4.53,474.7
157,843.3,2.83,485,71.2,6.01,589.04
158,773.7,0.99,287,34.7,5.56,540.6
159,690.4,2.41,102,65.5,4.56,459.93
160,782.8,0.56,456,46.2,4.75,584.25
161,701.3,1.44,44,36.1,3.75,461.43
162,789.4,0.78,320,57.3,4.01,567.01
163,807.9,1.38,137,41.3,3.33,537.31
164,709.0,0.93,29,71.1,4.65,501.72
165,798.2,1.43,270,32.1,5.68,541.25
166,770.6,1.54,176,34.9,4.73,515.48
167,791.1,1.25,328,56.0,6.12,577.45
168,844.8,2.14,245,59.4,4.35,557.25
169,737.7,2.8,41,66.5,3.51,472.99
170,712.3,1.5,240,43.0,6.15,522.36
171,705.5,0.98,200,72.1,5.37,523.48
172,709.2,1.18,339,77.7,6.23,524.69
173,746.1,2.64,433,55.0,4.66,520.95
174,767.1,1.93,154,68.0,6.59,521.33
175,763.8,1.64,110,56.2,3.92,498.56
176,791.4,0.87,88,33.5,4.71,524.22
177,750.7,1.62,466,46.3,5.41,548.07
178,822.7,1.2,169,34.4,4.53,533.75
179,736.8,2.86,264,79.4,5.23,492.02
180,886.0,2.71,288,41.5,6.25,560.91
181,781.3,0.71,468,61.8,5.38,596.59
182,707.1,1.79,197,44.2,4.82,499.43
183,696.5,1.06,470,62.7,6.23,546.0
184,774.1,1.53,219,40.5,5.51,500.07
185,738.8,2.69,250,69.3,4.99,493.66
186,785.7,1.82,65,35.5,4.92,509.78
187,773.7,1.34,146,74.8,4.63,532.12
188,746.4,1.02,115,72.0,5.84,518.92
189,707.7,2.5,78,63.9,5.88,481.85
190,674.3,2.06,199,33.4,6.27,477.13
191,727.7,1.67,201,40.4,5.43,514.15
192,792.8,1.04,287,73.0,4.46,551.39
193,760.7,1.34,41,36.1,5.33,500.76
194,687.7,2.9,184,37.8,4.44,450.25
195,758.7,1.8,267,57.2,5.16,532.17
196,769.3,1.5,132,43.7,6.41,529.1
197,705.8,1.8,94,41.1,6.18,473.13
198,757.7,2.45,485,58.8,5.91,551.23
199,752.9,1.35,445,48.6,4.98,548.3
200,692.9,0.95,225,37.0,5.9,513.59
201,767.9,1.96,225,56.7,4.36,513.49
202,778.0,2.16,23,49.4,3.54,473.16
203,804.2,2.28,46,66.7,5.27,510.16
204,802.7,2.7,36,35.1,4.62,511.42
205,681.1,1.43,161,61.0,6.78,495.12
206,703.1,0.69,73,51.8,6.63,514.44
207,775.8,2.9,79,50.3,4.31,470.6
208,775.7,1.59,163,41.6,5.69,527.5
209,775.8,2.06,447,31.5,3.03,510.15
210,900.0,2.17,262,72.4,5.34,588.08
211,778.5,1.87,280,46.3,5.31,525.18
212,806.8,1.01,38,64.1,4.01,513.34
213,797.7,2.39,493,77.4,5.17,555.14
214,782.6,2.51,83,58.2,4.07,491.49
215,734.2,1.88,293,49.9,5.85,500.54
216,787.9,1.72,68,43.4,5.19,497.49
217,711.4,0.78,252,76.7,6.49,533.95
218,738.2,0.71,338,64.1,3.47,510.15
219,725.7,1.35,158,63.3,4.13,480.99
220,754.1,1.28,19,51.3,4.51,511.45
221,865.7,2.88,141,72.3,5.49,563.74
222,656.6,2.46,71,65.7,5.27,439.99
223,784.3,2.15,397,44.2,5.43,548.82
224,669.4,1.79,392,60.0,4.35,485.15
225,726.4,0.92,271,51.5,3.1,497.01
226,804.4,2.95,227,30.3,4.24,477.23
227,753.2,1.44,241,70.4,6.41,553.63
228,696.1,0.77,345,36.1,4.38,514.9
229,714.2,1.73,81,55.5,5.18,490.49
230,784.0,2.68,485,46.8,5.06,550.83
231,713.5,2.72,25,47.1,5.18,457.09
232,760.8,0.53,47,53.9,3.66,499.78
233,752.3,2.72,186,79.9,5.82,509.15
234,717.4,1.18,454,50.4,4.9,548.52
235,857.2,0.6,330,39.1,7.31,608.48
236,781.7,2.62,391,60.7,4.63,553.33
237,648.7,2.66,92,41.8,5.98,436.57
238,759.3,1.99,443,35.3,4.61,518.1
239,716.9,1.94,26,32.5,6.92,474.35
240,792.6,2.53,378,31.1,5.73,538.96
241,710.4,2.47,165,51.6,3.71,480.75
242,744.3,2.73,181,51.3,6.41,498.17
243,775.2,1.88,405,39.3,5.78,533.61
244,793.3,2.92,79,69.2,4.53,498.6
245,690.0,2.99,80,36.5,3.39,445.41
246,733.3,0.79,264,75.8,6.2,541.42
247,726.3,2.62,465,59.4,6.73,537.41
248,717.3,1.75,140,31.4,6.12,492.93
249,838.3,1.47,58,78.1,5.87,549.46
250,770.2,2.03,30,45.4,5.56,522.35
251,687.0,0.64,401,52.5,6.06,545.44
252,795.9,1.77,329,44.2,4.74,561.16
253,856.1,2.68,229,66.4,3.19,565.09
254,801.6,1.03,196,54.3,5.76,564.19
255,674.0,1.57,423,36.6,5.39,500.77
256,725.8,2.85,41,35.2,3.6,457.01
257,813.3,1.57,212,66.3,2.81,547.45
258,714.6,1.4,285,41.9,5.08,513.76
259,772.2,1.6,251,36.9,4.84,520.52
260,788.7,1.8,25,55.0,4.76,518.86
261,703.7,2.08,418,70.1,5.58,507.84
262,747.0,2.5,325,43.9,4.25,506.16
263,600.0,1.63,182,43.8,5.69,454.29
264,698.8,2.54,146,71.7,5.69,479.09
265,737.4,1.83,188,37.4,2.34,482.44
266,687.6,1.35,368,60.8,4.93,516.96
267,831.6,2.14,70,77.8,5.2,539.77
268,678.5,2.29,433,72.1,5.75,507.95
269,728.0,1.9,113,33.1,5.55,484.08
270,756.5,0.64,326,46.0,3.25,527.92
271,822.1,0.92,204,37.1,5.1,539.53
272,678.2,1.21,265,77.5,4.74,512.27
273,808.2,1.21,473,79.3,6.07,599.13
274,750.5,2.18,85,41.7,3.8,479.64
275,700.9,0.55,280,63.5,5.0,512.36
276,773.1,2.39,190,72.1,5.87,524.05
277,760.0,1.16,141,41.7,5.76,521.99
278,720.0,1.28,160,39.4,4.85,490.72
279,753.5,1.82,164,30.6,6.18,522.14
280,730.7,1.04,368,50.6,4.27,515.02
281,755.7,2.71,244,75.0,5.73,507.04
282,783.1,0.71,257,75.1,5.9,572.63
283,829.3,1.61,174,36.4,3.63,544.91
284,688.1,2.62,214,40.2,6.3,482.41
285,856.7,2.04,436,50.4,3.35,558.44
286,652.4,1.23,174,69.0,5.37,492.13
287,742.4,1.55,497,60.6,4.53,546.24
288,779.4,2.27,222,55.7,6.01,529.56
289,764.0,2.93,422,59.6,5.33,546.14
290,718.9,2.73,263,34.8,6.79,508.88
291,739.6,1.36,166,53.9,6.14,514.32
292,725.3,3.0,186,79.6,5.13,471.51
293,720.5,0.51,84,34.4,6.21,504.88
294,792.5,0.57,444,56.0,4.9,581.74
295,767.9,2.56,187,44.8,3.91,500.41
296,715.4,1.0,293,57.0,4.54,502.67
297,795.0,0.65,339,58.7,4.89,558.43
298,765.4,1.09,142,58.9,2.0,467.3
299,790.6,1.57,134,72.6,6.38,544.14
300,781.5,2.33,321,49.5,4.9,512.13
301,708.6,2.06,329,55.8,5.96,507.48
302,722.0,1.09,136,30.5,5.16,487.38
303,787.4,1.76,386,69.5,3.46,547.76
304,780.5,2.82,354,43.0,5.08,529.17
305,749.0,2.54,234,70.8,4.88,498.87
306,755.9,1.31,26,43.3,4.31,492.63
307,813.9,2.96,490,30.5,4.61,554.22
308,720.4,2.27,482,37.7,5.03,523.19
309,777.4,0.66,362,79.3,2.55,511.11
310,739.9,0.59,320,46.0,5.36,562.65
311,739.1,0.92,255,35.4,5.6,531.22
312,804.9,2.32,146,35.9,5.5,531.88
313,791.3,0.96,484,45.5,4.72,564.03
314,790.7,1.78,226,31.9,6.96,534.03
315,815.3,0.73,205,55.6,5.51,555.97
316,751.1,2.8,210,40.7,4.58,510.3
317,784.1,1.36,375,56.0,3.76,540.23
318,734.5,2.77,216,37.0,3.64,474.45
319,766.2,2.86,25,51.5,5.4,502.23
320,743.5,0.52,409,59.9,5.72,555.84
321,754.8,1.66,22,33.1,5.12,489.35
322,779.8,0.56,87,49.9,4.94,514.16
323,709.1,2.77,223,45.1,4.66,494.64
324,854.6,1.8,350,42.0,5.49,569.14
325,699.7,0.69,338,60.2,4.22,514.27
326,689.3,0.78,456,59.4,4.98,496.96
327,807.9,1.46,128,61.5,5.09,533.95
328,789.6,2.85,434,37.9,5.58,540.78
329,781.2,2.23,190,44.3,4.18,503.33
330,781.4,2.67,333,40.5,4.0,498.28
331,749.4,1.42,339,57.0,5.05,539.24
332,705.1,0.61,364,53.1,5.21,510.38
333,753.8,2.94,382,46.5,4.99,498.42
334,716.1,0.54,146,69.3,2.29,485.85
335,798.8,2.87,188,34.7,5.33,525.07
336,742.6,1.42,441,78.7,7.57,569.33
337,708.7,0.53,217,35.8,5.92,519.25
338,733.9,2.22,442,68.7,3.04,506.3
339,770.6,2.95,411,48.4,4.59,516.22
340,721.8,2.91,403,73.3,4.8,517.46
341,708.9,0.9,478,33.7,4.68,543.39
342,762.2,0.95,380,48.7,3.76,549.58
343,762.2,1.91,63,46.8,4.11,494.7
344,724.7,2.09,88,79.7,5.93,498.93
345,726.4,2.35,280,79.3,5.75,499.58
346,761.6,0.95,404,39.5,4.89,542.71
347,677.6,2.9,433,61.5,5.95,492.19
348,679.6,2.1,127,56.8,4.34,461.37
349,714.1,2.62,377,37.7,4.66,504.1
350,739.3,1.85,115,38.4,4.64,484.4
351,765.5,1.54,114,79.5,3.45,479.32
352,823.8,2.94,312,52.6,4.74,550.11
353,792.9,1.96,127,36.3,6.64,519.19
354,742.0,2.67,391,40.7,6.53,518.03
355,749.0,2.88,238,43.4,5.12,503.23
356,699.9,2.19,157,55.5,4.78,470.29
357,749.1,1.87,363,46.8,6.77,542.09
358,735.6,0.51,159,52.8,4.75,519.35
359,766.1,0.6,313,38.3,4.48,542.46
360,708.6,1.0,265,46.3,5.96,515.4
361,776.0,0.97,91,33.5,3.29,503.15
362,826.6,1.14,25,74.5,4.89,561.31
363,744.6,1.26,398,39.9,4.93,548.77
364,770.1,1.4,202,67.8,5.52,543.26
365,784.5,1.55,220,47.5,4.41,530.34
366,729.9,0.75,83,53.7,4.83,518.56
367,761.2,0.61,286,44.6,5.09,551.8
368,750.6,2.18,70,64.8,4.75,503.98
369,754.9,1.84,470,72.2,4.81,561.73
370,711.3,1.61,448,44.3,5.83,538.02
371,751.2,2.09,33,42.1,5.58,494.83
372,774.9,2.57,32,64.1,5.52,494.61
373,822.6,1.57,352,39.8,3.36,567.64
374,798.0,2.1,404,62.0,5.43,558.03
375,857.7,2.88,440,34.7,4.16,549.27
376,711.6,2.6,267,61.0,6.99,512.4
377,793.6,1.57,207,55.7,4.99,533.57
378,759.2,2.11,62,35.7,4.8,477.77
379,859.5,0.94,148,62.5,6.52,572.67
380,709.6,1.9,280,52.3,6.21,511.32
381,708.0,2.95,210,40.9,4.76,471.89
382,720.0,1.8,405,47.7,3.82,496.39
383,643.8,2.82,387,54.6,3.24,451.6
384,723.7,1.52,388,34.6,3.95,521.68
385,712.0,3.0,173,77.9,5.32,455.35
386,757.5,1.95,101,63.3,4.85,498.37
387,767.1,0.61,32,35.1,4.06,503.49
388,843.8,1.97,420,71.1,4.61,584.13
389,797.5,1.19,97,46.1,6.72,539.22
390,721.2,0.58,407,59.8,6.12,547.78
391,705.1,2.55,191,43.9,6.75,496.43
392,774.6,1.19,364,66.7,4.31,547.2
393,684.0,2.49,292,66.2,5.81,509.1
394,841.6,1.22,30,57.6,5.7,553.09
395,809.0,0.99,58,42.0,6.47,549.8
396,726.5,2.93,199,42.7,5.01,480.87
397,664.3,1.4,214,49.1,4.22,490.56
398,817.7,2.0,465,37.3,4.1,552.34
399,744.3,2.02,53,46.9,4.99,473.64
400,811.9,1.9,309,64.2,5.08,552.23
401,670.3,2.79,137,71.5,5.27,456.27
402,720.0,2.19,491,46.6,3.6,510.94
403,750.3,1.51,198,41.7,6.29,542.41
404,752.3,2.66,179,71.6,3.65,481.13
405,727.5,0.95,288,74.5,6.29,539.16
406,781.1,1.86,210,50.5,4.68,504.87
407,696.6,2.88,394,31.3,6.85,522.53
408,742.9,2.06,134,64.7,3.25,460.05
409,756.0,2.54,301,69.2,6.18,529.5
410,775.7,2.13,320,30.9,3.97,503.57
411,785.6,2.6,375,59.8,3.9,513.7
412,693.8,2.86,25,59.4,6.66,454.94
413,673.3,1.18,354,48.9,5.75,497.84
414,813.9,0.92,283,67.5,3.52,555.9
415,766.6,1.71,491,51.4,5.2,542.54
416,712.6,2.25,303,63.8,6.4,524.03
417,827.6,1.07,460,55.9,5.56,606.13
418,755.8,0.51,29,42.4,5.03,525.84
419,809.0,1.36,28,60.3,6.15,519.06
420,753.4,2.92,22,66.8,5.37,472.39
421,853.0,2.24,26,78.7,3.34,516.62
422,837.8,1.5,215,49.0,5.1,550.26
423,737.6,0.98,39,33.2,5.48,504.8
424,798.6,1.39,479,79.4,5.22,583.4
425,782.3,0.92,308,61.2,4.6,540.32
426,818.4,0.77,313,77.3,5.46,577.2
427,701.8,2.77,52,35.2,5.18,453.0
428,784.3,2.99,102,47.1,3.01,475.97
429,802.9,0.91,379,36.7,3.67,546.14
430,662.1,0.64,75,71.8,5.31,469.33
431,690.8,1.32,128,74.0,5.75,501.31
432,648.0,1.65,318,55.1,4.22,462.83
433,736.5,1.01,81,39.3,5.74,511.69
434,785.9,1.25,343,36.4,5.5,554.29
435,825.1,1.0,171,59.4,4.81,543.99
436,753.7,2.44,470,55.3,5.43,544.05
437,831.4,2.28,339,64.7,5.4,555.52
438,681.0,2.09,337,45.3,5.88,502.5
439,664.8,1.47,464,50.1,5.92,507.76
440,747.2,2.77,278,31.1,3.96,490.58
441,769.2,2.92,227,60.5,4.27,500.51
442,748.4,0.93,263,51.2,6.48,536.08
443,646.6,1.06,449,76.0,5.88,514.78
444,745.5,1.81,68,62.1,5.64,493.52
445,684.8,0.73,41,49.9,5.79,495.53
446,783.5,1.59,348,43.2,6.14,546.47
447,768.3,1.95,129,75.3,5.13,513.68
448,703.0,1.81,472,30.8,4.62,491.9
449,724.3,1.33,319,46.3,5.56,516.23
450,697.0,1.86,11,77.2,4.97,474.96
451,746.9,2.9,127,62.7,6.55,503.94
452,797.8,1.02,46,56.6,6.53,543.25
453,700.7,2.14,476,40.2,5.89,520.16
454,775.2,0.61,106,71.7,3.72,524.47
455,723.5,0.67,368,40.2,3.9,537.32
456,710.4,1.88,379,42.4,3.68,489.6
457,744.6,0.76,426,39.6,5.19,561.07
458,698.2,0.56,266,37.9,5.92,508.69
459,722.3,0.93,137,77.7,4.69,509.84
460,690.1,1.91,368,60.1,4.35,489.49
461,848.2,2.26,165,61.9,5.1,554.89
462,751.8,1.01,154,77.7,4.22,504.05
463,715.0,2.17,66,41.5,5.27,462.24
464,760.7,0.96,79,30.3,4.76,504.31
465,744.4,2.03,445,59.9,4.34,521.92
466,739.0,1.53,53,55.4,5.12,486.23
467,780.7,2.13,221,53.9,5.89,528.24
468,787.9,2.99,184,33.1,3.48,477.13
469,723.5,2.84,150,52.7,5.17,479.38
470,721.2,0.51,85,44.4,2.9,486.52
471,736.2,2.71,167,43.7,4.75,466.24
472,634.9,0.67,94,41.1,5.7,468.1
473,674.2,2.88,331,46.6,6.02,484.76
474,818.3,1.2,318,47.7,4.48,562.77
475,832.2,1.46,27,45.4,4.46,526.25
476,737.5,0.73,293,78.9,4.77,539.87
477,778.8,0.78,397,76.6,3.9,562.18
478,765.6,2.32,51,58.7,5.16,496.83
479,900.0,2.86,391,79.1,4.0,586.52
480,806.0,2.03,382,79.6,5.56,580.66
481,743.6,2.29,143,47.8,4.28,498.86
482,702.2,2.4,111,52.3,4.68,465.03
483,669.7,1.16,146,78.0,5.5,481.5
484,760.2,0.61,413,60.4,5.64,578.24
485,712.2,0.5,231,40.6,5.59,541.26
486,678.9,1.38,238,64.5,5.26,493.92
487,717.7,1.1,303,40.3,3.91,511.13
488,695.9,0.66,461,47.0,4.97,529.31
489,834.4,0.95,495,41.4,4.83,597.35
490,794.1,0.81,315,42.2,4.58,532.65
491,749.6,2.79,325,30.2,5.07,499.87
492,824.0,0.85,406,74.0,4.14,587.7
493,753.9,1.84,128,44.8,4.97,491.71
494,706.9,1.98,108,34.3,4.7,475.44
495,826.2,1.86,359,34.3,4.54,559.34
496,776.9,0.75,435,57.8,3.88,563.78
497,698.1,1.3,333,79.6,3.86,502.24
498,740.5,0.63,418,37.3,6.34,564.8
499,706.2,1.49,168,35.0,5.11,506.27
500,680.9,0.97,248,51.9,6.81,507.57
501,796.3,1.9,405,58.2,6.86,564.6
502,845.5,2.23,329,44.7,6.23,568.93
503,680.1,1.83,344,45.1,3.72,485.52
504,778.1,1.59,198,51.2,6.41,527.04
505,717.5,1.47,318,45.7,4.87,507.26
506,725.6,2.6,258,75.8,4.72,512.11
507,720.4,1.05,35,32.1,4.58,490.94
508,706.8,2.34,198,41.7,4.65,466.76
509,752.4,2.39,403,70.4,5.4,553.25
510,708.5,1.55,149,71.7,7.3,509.13
511,763.5,1.24,415,35.6,3.36,535.59
512,747.5,1.68,497,78.7,6.94,569.9
513,738.1,0.73,190,64.7,6.51,544.69
514,704.6,0.61,30,43.6,4.82,471.96
515,721.2,0.78,172,52.8,4.5,499.66
516,787.8,0.97,80,44.9,3.65,502.64
517,775.0,1.76,91,37.5,4.09,486.85
518,701.1,2.62,164,44.6,4.39,456.91
519,755.0,1.09,325,59.0,4.9,530.44
520,787.6,2.84,364,71.3,4.97,541.98
521,666.5,2.89,56,48.2,5.76,440.43
522,777.2,2.9,203,47.4,5.65,507.94
523,716.9,2.59,233,53.4,5.24,471.25
524,778.5,1.41,408,62.2,4.96,565.73
525,711.8,0.68,246,67.6,6.14,511.59
526,659.8,1.92,289,46.3,5.84,484.96
527,668.6,1.9,477,59.3,5.44,523.96
528,752.4,2.62,19,49.5,4.59,488.32
529,763.0,2.99,385,65.8,6.11,519.25
530,704.8,1.77,481,38.2,5.83,525.64
531,781.9,1.36,161,42.8,4.75,529.55
532,666.9,0.96,353,51.3,3.08,483.02
533,746.7,0.51,113,74.5,5.1,534.71
534,689.4,1.77,133,58.7,4.31,450.57
535,717.4,1.89,194,78.3,5.72,507.48
536,752.4,2.56,299,35.2,5.22,513.72
537,707.0,1.76,50,53.0,3.33,447.85
538,730.8,2.79,433,51.0,5.29,524.69
539,800.3,2.07,20,60.0,6.72,513.36
540,721.2,2.6,227,70.6,4.85,507.89
541,791.8,0.87,10,72.1,4.99,521.67
542,693.5,2.64,423,63.5,4.66,497.13
543,776.5,2.19,180,62.1,5.07,506.46
544,822.1,0.93,347,77.5,6.54,589.1
545,626.4,0.97,291,49.2,6.06,478.99
546,710.2,2.82,62,71.6,4.42,463.22
547,778.9,0.58,134,76.1,4.93,541.4
548,739.8,1.66,184,54.6,4.99,505.27
549,768.6,1.28,274,66.5,5.41,543.86
550,719.8,2.16,274,48.9,5.43,491.83
551,754.3,2.6,394,37.9,4.9,508.51
552,742.2,1.4,208,59.3,3.76,516.79
553,808.4,1.57,265,39.8,4.89,536.09
554,762.7,2.95,181,52.9,4.64,496.32
555,766.9,2.46,68,73.6,4.1,466.58
556,729.4,2.74,449,34.3,5.79,523.06
557,725.6,1.6,115,31.5,5.02,498.49
558,728.4,1.09,444,60.3,3.97,534.74
559,769.7,1.53,134,46.6,6.98,532.18
560,729.0,2.29,25,50.9,5.42,491.18
561,764.5,0.77,47,50.3,5.79,522.74
562,853.8,1.18,404,34.3,6.05,588.15
563,793.6,0.62,252,30.2,4.56,539.98
564,733.7,1.58,418,74.9,5.54,536.36
565,810.1,2.57,486,40.9,3.07,550.38
566,729.6,0.56,476,51.3,5.96,573.41
567,648.1,2.19,219,78.6,4.93,477.3
568,699.6,2.83,324,71.3,5.53,488.8
569,656.5,1.09,294,35.4,4.93,485.83
570,732.4,2.23,473,55.4,6.82,551.72
571,750.9,2.94,177,66.5,6.22,492.86
572,833.8,2.91,273,64.9,2.39,529.95
573,766.3,1.09,107,68.0,5.55,534.01
574,739.0,0.75,143,52.9,4.72,517.81
575,791.5,0.87,438,38.8,5.59,581.11
576,639.4,2.26,374,53.2,5.58,478.61
577,761.8,2.31,190,62.4,4.26,494.41
578,788.5,2.19,231,60.4,4.88,537.98
579,676.1,1.34,373,33.5,3.98,491.57
580,807.2,0.92,491,33.2,6.49,586.61
581,766.9,1.95,158,78.3,5.33,520.98
582,729.2,1.71,253,37.6,5.43,509.62
583,781.6,2.32,322,44.7,5.3,527.15
584,863.5,1.6,85,68.4,3.94,550.81
585,759.1,1.35,378,50.5,5.63,566.35
586,762.4,1.23,271,39.1,6.79,532.21
587,727.0,1.03,240,53.4,3.44,490.9
588,707.5,1.16,200,58.4,5.08,515.11
589,791.5,0.74,389,52.6,5.76,581.75
590,707.2,1.37,143,75.9,4.25,506.66
591,753.6,0.59,318,44.2,5.73,567.09
592,726.1,0.97,261,63.1,5.04,529.87
593,773.9,2.37,397,35.6,4.29,514.25
594,766.7,1.31,254,49.6,2.49,512.97
595,801.9,2.17,274,67.0,4.9,536.11
596,724.5,2.29,334,41.2,4.93,508.98
597,736.5,1.95,339,59.5,6.31,524.06
598,701.1,2.9,376,37.7,5.34,497.45
599,727.8,0.55,465,35.1,4.47,549.18
600,768.9,2.35,352,56.2,3.43,519.19
601,787.8,2.9,13,63.8,5.87,502.79
602,703.9,2.66,451,35.7,5.12,510.92
603,793.5,0.92,46,75.9,4.61,519.59
604,817.8,1.32,80,41.3,4.46,529.3
605,770.7,0.93,271,36.0,6.24,546.82
606,843.8,2.0,246,40.1,6.39,574.97
607,711.3,2.28,316,38.5,4.37,498.66
608,687.8,1.29,499,34.5,2.7,496.1
609,661.1,1.85,472,69.9,4.79,511.81
610,824.8,2.23,364,54.8,5.23,573.57
611,782.7,1.55,187,49.4,5.07,531.09
612,747.2,2.64,105,77.5,3.43,474.71
613,764.0,2.43,407,48.6,6.53,533.2
614,693.7,0.66,236,38.3,3.14,467.19
615,872.3,2.05,20,43.7,4.25,542.42
616,756.5,1.09,275,41.9,3.98,507.88
617,755.5,1.89,198,54.9,3.93,492.36
618,786.3,2.89,218,44.6,2.82,492.81
619,774.1,2.7,22,55.8,5.06,490.58
620,761.2,1.51,386,63.5,6.41,571.28
621,710.5,1.23,171,68.9,4.84,503.85
622,773.6,1.09,69,65.5,3.99,507.66
623,844.1,1.83,444,40.3,6.41,587.57
624,817.3,0.79,14,35.8,5.84,521.04
625,829.7,1.87,211,57.1,4.16,554.68
626,724.4,0.5,425,39.9,5.32,553.54
627,700.5,1.31,21,34.2,6.08,481.09
628,743.7,1.05,445,56.4,4.1,555.59
629,752.8,2.93,406,46.3,5.12,529.38
630,804.7,2.32,350,67.8,4.61,550.85
631,665.4,1.37,249,45.7,3.81,472.24
632,826.5,0.73,447,78.9,5.17,598.66
633,742.1,1.79,382,67.9,5.43,521.28
634,728.7,1.03,387,32.9,5.04,540.7
635,699.4,1.84,234,55.4,4.18,482.63
636,667.3,2.59,191,58.1,7.1,489.89
637,791.2,2.04,306,64.8,4.51,544.03
638,753.7,2.08,313,54.9,5.56,527.53
639,685.5,1.85,316,54.2,5.81,509.99
640,685.2,2.82,440,48.4,2.51,464.48
641,733.2,2.83,187,43.6,5.83,475.64
642,833.5,1.78,127,77.3,5.01,544.01
643,737.0,1.26,361,45.9,4.74,532.22
644,674.8,1.65,85,33.2,4.88,467.49
645,737.7,0.97,55,38.4,5.58,501.97
646,736.4,2.09,236,72.9,2.72,480.68
647,615.2,1.75,365,59.3,5.03,485.01
648,747.3,0.76,303,68.9,5.43,541.05
649,738.5,0.99,249,70.4,7.16,549.69
650,784.8,1.7,357,71.2,3.65,544.37
651,842.4,2.72,150,57.5,5.44,537.59
652,806.3,1.92,213,38.9,4.52,508.31
653,736.6,2.2,159,37.4,5.48,486.76
654,694.7,1.35,139,58.7,5.87,498.28
655,878.7,1.93,358,48.3,4.26,593.45
656,753.0,1.62,342,57.9,6.96,556.01
657,750.7,2.15,492,54.9,6.32,556.91
658,748.8,0.63,278,60.1,5.79,525.22
659,759.9,1.73,322,31.6,4.64,532.55
660,742.8,1.24,427,31.6,4.45,541.86
661,721.3,1.32,412,66.1,5.44,542.69
662,722.7,2.9,146,39.7,4.61,471.04
663,748.4,0.96,125,62.6,4.48,516.16
664,722.8,1.28,360,57.3,6.92,554.69
665,714.4,1.77,170,79.1,5.55,501.75
666,755.3,2.66,164,71.8,5.82,510.85
667,737.3,1.54,182,50.7,6.88,518.61
668,825.2,2.36,139,60.8,5.08,531.16
669,617.5,2.64,88,35.9,4.37,416.1
670,804.6,1.28,476,49.3,3.93,571.85
671,812.3,1.48,66,66.7,6.35,536.93
672,646.3,1.39,360,61.1,4.63,486.62
673,732.9,2.58,66,54.2,2.05,453.32
674,731.4,0.61,409,38.8,2.34,517.36
675,679.6,1.27,372,70.2,3.52,500.44
676,711.1,2.2,344,43.7,4.62,486.57
677,694.5,1.91,143,71.0,4.77,484.83
678,837.6,1.59,23,60.6,5.53,531.9
679,796.8,1.85,292,48.6,3.86,517.01
680,813.6,0.99,303,32.0,5.22,562.89
681,786.1,1.58,156,41.6,5.88,532.52
682,693.5,1.75,430,74.5,4.86,521.71
683,723.8,2.75,136,70.9,4.54,481.6
684,774.5,1.15,269,58.7,4.13,537.56
685,688.9,2.67,323,53.3,6.15,509.0
686,785.6,2.11,227,62.4,3.63,523.92
687,738.0,0.55,402,53.3,6.58,570.73
688,731.3,2.31,242,62.2,4.98,507.09
689,785.5,0.59,378,45.4,3.96,563.65
690,772.2,2.99,177,71.9,5.84,507.2
691,732.0,2.68,152,65.1,5.51,497.04
692,808.0,1.24,498,46.5,5.42,594.08
693,695.9,1.14,494,71.5,5.7,539.56
694,780.8,1.45,269,54.4,5.16,553.1
695,779.7,1.39,227,38.7,5.46,529.98
696,734.5,1.43,317,33.9,6.36,534.39
697,766.3,1.3,155,65.0,5.2,514.26
698,687.4,2.05,498,73.3,5.82,534.16
699,796.2,0.91,446,70.4,2.8,571.81
700,740.8,2.61,452,62.8,5.32,529.12
701,723.9,2.53,108,37.1,7.52,480.65
702,802.5,1.69,191,34.7,3.21,515.02
703,714.8,2.63,178,47.3,7.0,486.05
704,679.6,1.12,242,72.7,5.72,505.78
705,672.2,0.54,453,78.1,3.3,524.68
706,780.3,2.05,102,42.1,5.04,510.71
707,686.0,1.64,126,68.1,5.4,466.62
708,837.7,1.92,481,58.7,5.91,587.54
709,645.9,2.75,13,31.6,4.56,419.69
710,834.8,2.92,94,57.1,5.7,539.72
711,760.6,2.09,176,70.3,6.39,522.45
712,745.2,2.41,16,43.8,5.89,487.1
713,722.8,0.71,390,74.9,6.19,554.51
714,770.0,0.9,416,41.8,4.55,546.18
715,748.1,2.33,241,33.8,5.69,502.89
716,805.2,1.58,260,38.0,7.3,559.48
717,755.7,1.61,94,71.9,3.92,511.21
718,757.5,1.27,328,50.9,5.42,532.2
719,731.8,2.02,202,69.8,3.88,491.88
720,747.2,0.96,132,56.6,6.25,518.96
721,765.4,2.07,434,54.0,3.02,537.68
722,664.5,0.93,98,70.3,4.43,475.9
723,682.6,0.66,104,51.2,7.31,518.39
724,787.2,1.33,384,70.1,4.51,529.57
725,758.5,1.08,309,35.0,4.94,542.22
726,740.8,2.72,367,61.8,6.25,516.18
727,750.9,0.64,54,65.1,4.86,506.47
728,767.4,0.94,262,75.0,2.97,524.77
729,723.0,1.87,462,41.2,3.93,516.26
730,711.1,1.7,382,60.2,6.32,528.94
731,759.8,0.61,488,51.7,6.47,572.13
732,701.1,0.52,60,49.1,2.99,471.54
733,770.4,2.97,74,35.3,4.05,473.31
734,664.9,2.15,63,36.7,4.33,423.97
735,801.5,1.41,449,71.8,4.62,574.07
736,773.6,1.68,231,67.5,4.07,522.25
737,762.8,1.17,475,49.1,5.11,560.34
738,799.1,1.36,81,71.4,4.43,519.45
739,833.3,2.12,385,34.0,4.57,556.98
740,800.7,2.71,483,61.2,3.87,524.13
741,658.0,0.96,177,73.4,5.78,485.03
742,686.0,2.6,195,71.9,3.61,457.27
743,718.8,0.8,152,48.6,5.38,507.08
744,751.3,1.04,28,67.3,6.0,513.37
745,775.9,0.59,19,51.4,6.99,544.39
746,713.7,0.85,481,72.0,5.5,539.76
747,759.3,2.79,281,56.5,5.23,519.34
748,712.2,1.65,180,68.2,3.31,502.56
749,719.4,0.69,424,33.9,6.47,542.85
750,679.7,2.9,373,59.5,5.14,493.02
751,703.8,2.7,25,57.5,5.31,473.05
752,682.4,2.39,89,60.5,5.4,477.0
753,701.2,2.83,293,64.8,5.11,484.97
754,802.7,1.05,199,75.9,5.01,561.73
755,702.5,2.59,157,69.3,4.64,481.48
756,881.6,2.22,172,41.0,5.73,575.07
757,774.7,2.67,452,71.3,3.5,537.28
758,759.2,2.49,274,36.1,3.48,507.47
759,707.1,1.37,369,61.1,4.15,510.21
760,785.0,2.44,147,74.1,6.25,521.35
761,721.2,1.16,310,35.1,5.45,497.64
762,756.1,1.32,475,72.5,4.37,548.49
763,878.0,0.77,374,69.9,4.2,598.5
764,745.2,2.84,408,55.2,4.92,499.29
765,807.5,1.23,39,45.4,5.4,527.3
766,714.8,1.8,313,50.3,6.36,529.58
767,748.3,1.48,489,78.4,7.05,563.61
768,838.5,2.9,177,40.1,4.87,545.21
769,718.7,1.34,100,59.0,7.2,514.98
770,840.6,2.45,100,34.2,5.08,533.69
771,785.4,2.64,220,40.9,5.3,515.02
772,721.9,1.59,339,68.2,5.98,520.67
773,781.6,1.45,309,45.1,6.12,555.77
774,798.6,2.37,183,79.3,6.58,549.13
775,781.1,2.78,143,55.0,3.71,490.52
776,671.5,2.39,382,55.8,5.12,492.19
777,713.6,1.07,33,31.8,6.26,490.13
778,737.6,2.72,210,77.8,3.93,482.67
779,746.3,1.47,228,38.7,3.13,500.71
780,781.0,1.94,16,56.9,3.51,481.28
781,758.9,2.58,15,49.8,4.88,486.17
782,683.2,0.97,127,50.8,7.02,523.69
783,769.0,2.46,170,62.2,3.49,505.76
784,780.5,1.99,94,63.1,3.83,499.13
785,778.0,2.73,375,37.7,4.5,525.32
786,804.0,0.93,257,55.0,4.01,557.86
787,791.7,1.55,175,69.5,3.83,522.98
788,773.0,2.58,437,52.2,2.96,525.38
789,746.5,0.55,154,38.3,4.47,520.9
790,667.0,0.78,40,45.7,6.96,486.46
791,771.5,2.98,430,40.6,5.55,533.3
792,760.4,1.2,404,36.3,6.18,564.78
793,763.6,2.94,229,48.9,4.4,513.95
794,686.2,0.96,142,57.0,4.16,480.15
795,695.9,1.4,73,33.6,5.52,488.64
796,802.7,2.38,85,60.2,5.08,499.07
797,748.0,2.14,140,79.7,4.94,508.06
798,784.1,1.95,321,78.2,6.68,536.63
799,751.4,1.82,328,71.5,4.19,515.94
800,751.5,2.61,370,43.3,4.06,498.4
801,796.9,1.09,47,31.1,5.85,541.77
802,724.2,1.61,63,71.7,5.72,493.02
803,754.8,0.89,139,32.8,3.96,504.36
804,726.9,1.99,227,40.3,5.08,495.55
805,728.3,1.13,11,57.2,3.21,459.23
806,734.5,1.33,255,38.9,5.3,518.82
807,761.1,1.68,149,71.7,4.53,512.37
808,726.1,0.57,305,68.9,4.75,524.27
809,812.8,0.73,267,67.8,3.86,570.41
810,705.3,2.21,114,70.8,6.19,501.72
811,740.7,1.57,390,41.0,5.26,518.95
812,728.0,2.66,345,66.4,5.99,509.75
813,822.3,2.24,487,47.8,4.9,573.17
814,759.8,0.52,194,63.3,6.19,541.18
815,801.6,2.04,312,36.1,3.13,521.01
816,675.7,0.73,253,65.3,5.01,492.21
817,763.4,2.45,173,78.6,6.2,509.81
818,794.5,2.98,141,32.2,3.02,478.26
819,754.1,1.83,212,34.7,5.13,510.92
820,803.3,2.21,417,36.2,5.58,556.84
821,724.1,1.09,219,51.5,4.62,499.75
822,820.5,1.59,356,44.5,5.99,558.65
823,864.9,2.64,110,70.3,6.0,538.96
824,731.9,0.92,455,53.7,4.38,550.7
825,727.7,1.16,395,54.2,4.61,551.45
826,822.7,1.61,280,65.9,3.84,553.08
827,829.0,2.28,468,48.1,5.32,546.59
828,723.9,1.44,484,47.7,5.2,544.04
829,729.0,2.82,58,67.8,5.0,484.02
830,735.9,0.74,377,69.0,5.1,539.4
831,682.8,1.43,248,30.7,4.14,487.23
832,704.1,2.27,224,37.2,3.57,480.03
833,699.8,1.06,300,40.7,5.44,524.32
834,711.6,2.14,381,47.6,4.8,500.68
835,748.3,0.91,359,44.6,3.97,531.81
836,761.7,0.64,440,63.4,4.27,559.93
837,827.5,0.8,289,71.4,5.92,596.41
838,700.1,2.82,476,39.6,5.86,505.48
839,799.2,1.88,325,58.1,5.66,562.49
840,739.3,2.49,486,48.4,4.96,530.64
841,747.5,1.33,86,55.3,4.32,506.89
842,783.7,1.98,313,61.0,6.32,557.08
843,693.9,1.74,160,74.7,4.68,477.25
844,769.1,2.86,405,39.6,5.27,529.18
845,758.3,2.37,306,34.4,4.15,499.38
846,774.6,2.33,166,61.4,4.76,509.12
847,764.5,0.62,207,49.7,2.33,529.28
848,872.8,1.87,444,38.1,4.37,580.42
849,718.1,1.67,393,35.9,3.48,497.7
850,723.5,2.82,416,57.9,5.22,510.19
851,718.8,1.14,296,45.0,4.4,517.28
852,722.2,1.17,414,79.9,4.7,543.72
853,718.1,1.53,33,50.3,7.13,500.94
854,809.5,1.11,465,40.6,3.98,559.44
855,821.0,0.82,18,61.4,5.12,535.7
856,721.5,2.64,415,42.2,5.22,523.87
857,708.4,1.9,141,54.7,4.05,460.13
858,773.6,2.65,86,54.1,6.1,506.65
859,722.4,2.58,235,52.7,6.65,502.09
860,781.6,1.21,140,69.8,6.2,545.2
861,760.1,1.87,494,40.8,4.05,539.25
862,674.2,0.71,385,75.2,4.3,499.28
863,827.4,2.79,421,69.6,2.97,549.53
864,839.8,1.51,99,46.7,4.82,530.03
865,719.4,1.48,126,39.0,4.89,476.15
866,730.6,1.26,119,44.0,5.78,504.79
867,764.3,1.65,386,46.6,6.76,550.5
868,766.7,1.13,363,57.8,3.74,529.88
869,782.9,1.44,280,32.3,5.14,532.18
870,850.5,2.5,401,75.7,4.77,565.48
871,741.2,2.59,441,34.9,4.85,533.03
872,710.1,1.26,236,44.0,6.56,518.86
873,681.0,1.67,481,35.5,5.1,509.76
874,713.5,2.68,253,42.8,5.55,496.7
875,748.3,0.63,317,71.9,5.47,547.91
876,839.7,2.72,64,60.8,5.22,521.72
877,724.1,1.05,46,41.4,4.23,491.25
878,761.2,2.2,397,73.6,6.87,547.03
879,749.2,1.96,64,70.0,4.97,484.94
880,809.4,1.88,21,67.7,5.53,529.04
881,876.3,2.65,412,72.4,5.25,588.39
882,723.5,0.75,472,61.0,2.89,532.33
883,725.5,1.37,194,55.1,3.96,493.14
884,802.2,1.85,487,48.7,5.11,573.25
885,784.1,2.53,246,41.2,4.15,496.29
886,842.3,1.04,302,57.9,5.4,560.68
887,779.2,2.51,213,74.5,4.09,507.97
888,732.0,1.5,220,59.7,5.02,517.19
889,779.5,0.97,235,76.0,3.29,543.84
890,805.4,2.4,16,47.8,5.84,515.42
891,791.0,0.73,229,64.8,5.45,545.78
892,775.4,1.79,320,62.4,5.5,533.68
893,803.3,0.66,37,63.5,4.91,545.74
894,808.5,1.39,486,62.3,4.3,582.47
895,819.1,2.0,302,41.1,6.58,566.54
896,782.4,1.89,221,37.2,6.67,545.45
897,741.6,1.51,198,78.9,4.93,518.15
898,757.3,1.57,84,32.3,4.43,490.96
899,810.3,1.07,251,53.4,3.27,538.25
900,709.2,1.64,123,51.3,5.23,492.95
901,768.4,2.88,176,48.0,4.33,494.88
902,730.3,2.63,115,69.1,4.52,459.03
903,751.4,0.86,160,67.3,5.96,540.74
904,813.9,0.57,445,75.3,4.04,590.13
905,759.6,2.83,375,49.8,6.92,538.9
906,752.3,1.82,93,58.2,3.98,504.87
907,682.0,1.84,221,74.6,2.95,461.47
908,787.3,2.45,276,79.7,4.34,516.81
909,782.3,1.29,331,78.5,5.36,562.6
910,858.2,1.7,278,65.9,5.14,566.65
911,734.6,2.92,470,37.2,5.18,533.17
912,761.0,2.18,434,31.2,4.72,522.82
913,762.5,0.88,186,71.3,4.5,521.13
914,828.9,0.83,280,72.0,3.76,560.09
915,745.2,1.01,321,67.3,5.13,536.17
916,764.0,2.42,191,44.0,6.06,509.24
917,780.4,1.24,168,62.0,5.01,528.19
918,759.3,0.55,198,45.8,4.24,521.06
919,727.7,2.86,195,52.5,5.15,469.31
920,759.7,0.92,480,49.1,6.46,577.9
921,803.7,0.52,453,75.7,4.8,583.59
922,698.7,1.09,318,41.7,3.76,497.08
923,756.6,1.09,479,58.9,5.22,548.55
924,715.0,1.56,255,48.0,5.59,493.22
925,809.8,2.8,326,63.2,5.87,546.28
926,673.8,2.7,473,58.2,5.7,518.02
927,722.1,1.64,393,76.2,5.17,545.71
928,768.9,1.53,51,35.1,4.17,484.31
929,828.3,1.89,294,41.0,4.02,536.68
930,746.7,1.11,477,68.3,4.66,554.99
931,722.2,0.63,485,48.4,5.62,526.95
932,844.1,2.85,420,38.3,4.35,548.18
933,677.6,0.97,309,55.2,4.51,501.81
934,640.1,1.0,486,62.6,4.11,499.65
935,772.0,1.68,398,32.2,6.56,534.78
936,724.9,1.73,445,44.6,4.78,507.15
937,698.9,0.55,378,70.5,5.67,523.12
938,785.4,0.87,371,56.0,6.58,574.06
939,762.2,1.45,495,31.8,4.05,534.66
940,721.8,2.21,446,44.1,5.76,540.74
941,686.0,1.07,445,62.0,4.91,509.92
942,793.6,1.56,303,40.0,6.41,566.84
943,782.5,1.89,437,71.4,4.21,537.82
944,745.0,2.72,190,63.8,5.21,522.64
945,842.3,1.32,380,53.6,5.63,592.71
946,696.5,0.83,395,75.8,4.32,501.87
947,673.7,1.72,374,49.6,4.79,507.53
948,715.4,2.37,191,41.8,4.86,476.44
949,747.7,0.77,349,63.1,6.09,563.61
950,762.2,1.56,470,58.7,7.22,571.93
951,737.9,0.54,227,46.8,6.58,535.27
952,767.6,0.58,172,47.2,6.44,541.36
953,687.4,1.71,55,49.9,2.0,428.04
954,822.2,1.25,465,44.6,5.13,577.39
955,745.9,2.61,101,65.5,5.06,475.09
956,805.9,2.01,114,62.6,5.8,526.41
957,767.1,1.63,216,52.0,3.56,511.88
958,772.8,1.52,448,49.9,5.73,570.48
959,778.5,1.74,337,48.3,2.91,536.34
960,772.4,0.6,148,44.2,6.03,538.52
961,782.1,2.73,38,34.3,3.35,461.35
962,816.5,3.0,260,43.4,6.22,536.83
963,759.8,0.95,462,46.1,6.17,565.45
964,785.5,0.8,200,57.4,4.67,552.7
965,745.5,0.86,56,68.7,5.44,521.46
966,822.0,2.15,376,49.8,5.0,560.05
967,716.2,2.15,260,77.2,3.52,505.67
968,840.0,2.62,272,71.4,5.56,551.39
969,748.0,2.38,382,79.2,6.19,545.42
970,678.5,1.62,73,73.8,4.68,462.97
971,756.4,2.03,347,60.8,5.64,529.99
972,715.9,2.22,329,59.9,4.12,477.65
973,792.0,1.78,357,36.5,5.92,552.99
974,717.4,1.69,277,66.1,5.01,511.12
975,727.7,2.11,21,60.0,4.99,474.38
976,655.5,1.89,301,55.3,5.47,487.61
977,727.4,2.11,38,64.7,6.53,501.92
978,628.8,2.03,148,52.2,5.53,450.15
979,670.8,2.3,446,56.2,3.92,494.28
980,788.0,2.11,463,49.9,4.28,551.1
981,789.3,1.8,94,65.9,4.93,528.61
982,771.3,2.2,83,73.8,5.5,514.58
983,701.7,1.62,260,72.0,3.84,511.53
984,747.6,1.1,233,69.3,5.35,533.33
985,749.8,0.5,56,30.7,5.89,505.0
986,692.1,1.9,426,75.6,4.5,523.83
987,825.2,1.98,90,43.7,6.97,549.02
988,793.9,2.93,460,74.4,4.26,548.07
989,739.0,1.4,130,39.8,5.2,485.87
990,751.3,1.49,52,52.0,2.91,494.6
991,760.4,1.0,155,67.5,4.68,532.45
992,647.9,0.68,83,62.0,4.85,471.18
993,737.6,2.43,62,50.8,4.57,445.99
994,715.9,1.12,242,63.9,4.26,503.2
995,699.9,2.02,304,57.4,4.48,512.69
996,735.9,2.22,372,43.8,5.63,526.07
997,839.9,1.68,209,62.3,3.08,527.49
998,782.0,2.69,171,40.2,3.14,483.24
999,721.4,1.61,46,64.7,4.51,476.52
1000,778.6,1.21,434,30.2,4.88,564.62
1001,820.0,2.74,106,57.4,4.22,495.75
1002,796.2,2.65,58,50.1,5.06,511.61
1003,753.0,0.91,393,45.2,5.62,559.33
1004,717.7,0.56,19,55.8,5.98,524.05
1005,784.9,0.72,49,62.3,6.32,542.91
1006,769.7,1.22,411,78.3,3.68,535.85
1007,794.8,2.93,162,71.7,4.23,506.55
1008,781.8,1.9,115,65.9,4.12,498.69
1009,802.5,1.43,50,53.9,6.01,534.12
1010,723.2,2.72,173,49.6,4.37,492.37
1011,815.9,1.63,267,31.6,5.31,539.2
1012,759.9,1.29,220,48.0,3.59,520.84
1013,853.8,2.85,211,72.4,4.36,535.75
1014,715.5,2.62,442,49.2,4.1,487.36
1015,836.8,2.61,204,53.1,5.68,559.43
1016,759.9,1.78,62,43.6,3.75,487.8
1017,717.4,2.47,156,43.7,6.78,497.97
1018,725.8,0.95,291,33.1,5.22,528.54
1019,734.0,1.93,319,60.7,4.27,494.09
1020,771.2,2.96,252,52.4,5.34,508.71
1021,776.1,1.23,60,60.3,4.19,492.26
1022,721.3,2.49,418,57.3,3.94,499.98
1023,748.8,1.73,123,69.9,5.7,523.19
1024,857.1,0.6,282,67.6,6.37,606.08
1025,836.4,2.41,467,68.6,5.38,572.98
1026,771.8,0.92,129,55.0,3.77,515.03
1027,751.9,2.08,198,47.7,4.18,496.92
1028,756.0,0.71,55,76.7,6.53,533.94
1029,780.7,2.87,252,32.7,5.79,509.64
1030,698.9,1.23,320,37.6,3.87,495.52
1031,737.1,1.07,59,51.0,4.29,493.45
1032,666.6,0.82,340,60.7,5.19,512.02
1033,770.0,2.87,20,30.4,4.86,476.95
1034,782.4,2.28,405,66.0,7.09,546.86
1035,725.8,2.35,433,57.9,4.27,501.49
1036,828.7,1.75,57,54.2,5.6,540.89
1037,688.7,1.69,386,51.2,5.3,506.19
1038,676.8,0.78,65,56.0,3.34,458.61
1039,761.2,1.9,17,38.1,2.61,465.28
1040,802.4,1.12,481,35.4,4.62,567.59
1041,834.2,2.94,23,44.5,5.42,493.57
1042,727.1,2.49,224,65.5,6.59,526.41
1043,803.9,1.53,379,59.4,4.22,553.88
1044,748.1,0.88,449,54.0,5.47,557.47
1045,741.4,2.46,254,58.6,4.71,502.68
1046,794.2,0.81,63,58.0,6.73,554.13
1047,782.6,0.97,493,45.4,4.96,577.13
1048,671.2,1.03,282,34.9,4.56,487.17
1049,823.8,1.89,438,74.8,5.17,568.84
1050,819.0,2.47,398,60.0,5.19,570.74
1051,718.7,1.29,140,64.9,6.4,512.05
1052,769.8,0.71,18,53.2,5.01,519.75
1053,774.7,1.66,221,67.8,5.43,522.49
1054,763.0,2.37,131,59.2,3.35,493.29
1055,722.5,1.05,123,32.7,3.84,470.7
1056,716.4,1.05,29,74.5,4.62,484.03
1057,748.7,2.87,348,45.3,5.1,511.63
1058,808.6,2.89,30,36.9,4.24,506.76
1059,777.2,2.98,217,34.4,5.28,511.14
1060,731.5,2.52,42,66.0,4.48,485.37
1061,788.6,0.97,142,65.2,6.7,555.21
1062,607.6,1.03,417,65.0,4.79,473.88
1063,807.4,1.35,200,75.8,5.43,541.14
1064,663.0,1.3,472,47.4,4.78,515.58
1065,731.9,2.89,35,58.1,4.91,456.45
1066,694.0,2.47,373,61.0,5.55,487.0
1067,685.3,2.31,98,79.0,5.14,459.18
1068,808.0,0.96,101,45.6,4.48,533.48
1069,726.6,2.77,42,77.8,5.34,467.36
1070,767.3,2.57,247,37.4,4.84,519.42
1071,747.7,0.91,27,68.2,5.58,514.81
1072,773.9,2.68,283,61.6,6.15,531.58
1073,753.8,1.18,431,70.8,5.99,565.72
1074,685.9,0.7,298,31.4,3.94,501.29
1075,799.8,2.14,36,33.9,2.0,483.79
1076,725.3,2.13,314,33.5,7.26,514.03
1077,672.2,0.74,443,59.6,5.52,538.98
1078,728.6,1.3,408,60.1,5.38,544.37
1079,825.0,2.98,117,75.3,4.29,511.93
1080,792.5,2.2,470,53.4,2.95,546.18
1081,732.6,2.33,445,33.4,3.0,488.65
1082,732.5,1.03,235,40.5,4.66,520.66
1083,733.9,0.7,333,30.4,5.15,533.97
1084,853.8,1.19,364,68.8,6.69,582.66
1085,769.1,1.12,28,70.8,5.24,534.87
1086,771.5,1.09,232,79.9,5.67,533.76
1087,801.5,0.98,290,50.6,4.47,557.16
1088,761.9,1.94,113,31.0,4.54,507.8
1089,737.0,1.32,341,41.7,3.53,487.06
1090,740.2,2.55,341,59.4,3.77,504.98
1091,746.4,0.96,371,78.1,3.76,546.35
1092,748.1,1.66,418,35.2,4.64,541.31
1093,786.4,0.53,298,36.1,3.34,551.27
1094,752.6,1.7,453,65.1,4.19,548.68
1095,786.6,0.64,46,63.4,4.96,524.54
1096,746.0,2.94,357,42.5,2.6,491.76
1097,753.9,2.48,389,70.7,6.48,561.6
1098,650.1,1.73,253,36.4,6.78,496.32
1099,795.8,0.72,52,76.3,6.03,537.21
1100,767.3,1.98,135,40.1,5.39,518.28
1101,799.9,2.4,18,34.1,5.33,513.51
1102,605.2,0.98,23,47.0,5.53,430.36
1103,854.4,1.92,140,39.4,5.09,545.38
1104,743.0,2.54,334,56.3,5.18,511.58
1105,805.4,2.42,193,64.3,3.34,523.0
1106,698.0,2.51,291,54.5,5.12,484.42
1107,780.6,2.7,392,63.0,5.5,534.02
1108,697.3,2.84,62,48.2,5.34,466.98
1109,718.8,1.51,50,31.4,6.15,474.88
1110,845.7,1.92,347,78.7,6.47,589.93
1111,740.5,2.48,367,71.0,4.47,508.52
1112,760.9,2.24,30,33.7,3.87,484.63
1113,793.5,2.99,386,52.5,6.26,538.77
1114,774.8,0.53,304,61.8,5.67,561.2
1115,757.5,1.39,217,39.5,4.43,489.68
1116,768.2,1.2,497,58.9,4.78,562.7
1117,870.2,1.16,160,56.7,4.7,565.75
1118,747.1,1.06,486,40.4,5.27,554.23
1119,760.1,2.27,467,37.1,6.44,561.07
1120,802.5,0.71,451,67.9,4.1,582.4
1121,805.3,2.35,78,46.1,5.29,516.94
1122,809.4,2.23,340,42.2,5.26,539.45
1123,781.9,1.13,422,66.9,3.01,569.23
1124,692.8,1.13,327,66.8,7.5,516.12
1125,831.7,2.07,446,43.8,5.21,560.01
1126,692.7,2.41,310,73.6,6.16,495.88
1127,765.1,2.69,36,64.4,3.38,475.0
1128,712.3,2.63,125,47.3,6.93,487.25
1129,746.8,2.91,427,51.4,4.65,508.48
1130,766.4,1.95,151,66.3,2.7,495.04
1131,766.1,2.77,50,40.6,3.58,481.36
1132,771.1,2.52,115,53.4,3.77,488.95
1133,830.7,2.74,83,62.7,4.23,501.71
1134,772.7,0.53,69,57.0,3.71,512.79
1135,737.8,2.91,307,60.4,5.81,501.51
1136,798.2,1.68,131,57.3,5.18,514.09
1137,809.5,2.5,444,40.0,5.51,557.28
1138,688.6,0.82,212,50.5,5.43,492.74
1139,779.9,1.49,20,56.6,4.75,502.22
1140,785.1,1.18,428,69.0,3.44,557.67
1141,735.1,1.23,156,62.7,3.49,499.61
1142,818.8,0.81,225,51.3,3.53,558.19
1143,742.5,2.51,383,78.7,3.91,498.14
1144,756.3,0.52,330,35.4,6.69,555.81
1145,741.3,1.28,469,40.3,3.5,540.61
1146,750.8,0.94,454,47.1,6.48,548.3
1147,695.2,1.97,312,41.4,3.95,482.95
1148,678.0,1.14,23,61.3,3.64,459.03
1149,829.7,1.15,76,32.0,5.42,528.34
1150,707.7,1.72,189,38.9,6.27,491.6
1151,700.4,2.13,374,44.7,3.38,476.12
1152,642.3,0.8,251,64.2,4.91,487.73
1153,718.1,0.94,169,73.8,6.19,495.39
1154,683.8,1.12,473,69.9,5.91,527.73
1155,832.1,2.93,495,39.1,3.46,541.88
1156,800.5,1.49,19,58.3,4.8,524.61
1157,715.6,2.0,133,31.5,3.39,449.05
1158,862.6,1.1,282,45.5,5.37,595.5
1159,799.1,1.73,250,70.3,5.17,552.64
1160,733.8,0.69,433,52.8,5.57,562.82
1161,625.0,0.59,461,37.5,4.04,487.17
1162,864.5,1.67,456,51.9,4.3,584.02
1163,680.5,1.5,152,39.9,5.99,474.99
1164,667.7,0.84,362,49.7,6.03,520.79
1165,801.1,2.22,176,54.4,6.67,535.09
1166,872.0,2.98,66,47.5,6.42,533.99
1167,819.2,1.49,147,76.8,3.35,528.06
1168,778.2,2.06,336,58.1,6.22,550.72
1169,779.7,2.91,362,72.1,4.97,518.29
1170,792.7,2.58,26,68.0,5.73,497.33
1171,787.9,1.66,341,63.1,4.66,559.46
1172,764.1,2.34,282,54.8,4.09,501.98
1173,755.2,0.82,376,30.1,4.72,554.78
1174,746.9,1.78,385,60.7,5.06,528.52
1175,712.3,1.2,409,47.8,5.29,514.97
1176,736.0,0.9,384,35.9,5.97,557.2
1177,665.4,1.57,343,52.2,3.96,501.2
1178,745.1,0.83,12,66.8,3.88,488.16
1179,700.6,2.25,252,78.1,3.37,490.86
1180,694.8,1.64,117,48.7,4.78,475.94
1181,759.0,1.83,60,57.1,4.13,492.26
1182,819.6,0.87,379,72.6,4.67,582.23
1183,795.9,0.85,359,46.7,5.02,563.03
1184,671.5,1.96,183,37.1,3.22,452.4
1185,700.5,2.96,125,44.1,4.44,454.65
1186,797.0,0.74,192,75.0,5.36,549.14
1187,700.9,1.21,370,38.0,5.07,507.17
1188,738.8,2.67,364,46.5,4.63,495.58
1189,777.5,0.68,163,53.2,4.96,515.84
1190,701.6,2.69,256,72.4,4.73,483.48
1191,755.3,1.81,85,76.9,4.0,487.73
1192,683.3,1.52,424,51.3,3.83,484.57
1193,719.9,1.27,253,76.6,7.69,531.56
1194,766.0,1.24,90,38.1,5.63,508.97
1195,670.4,1.26,238,37.8,6.08,486.97
1196,772.0,2.71,81,77.5,5.6,517.37
1197,749.0,2.31,412,55.5,6.39,534.08
1198,777.6,2.17,227,39.3,5.57,536.24
1199,761.2,2.5,461,54.4,2.9,511.1
1200,818.2,1.14,408,69.2,4.16,577.53
1201,756.3,2.05,252,71.3,5.24,512.18
1202,728.5,1.65,376,73.2,5.21,547.94
1203,756.1,2.46,323,58.5,5.13,532.59
1204,777.2,1.27,87,73.3,3.88,519.92
1205,752.4,2.11,167,55.5,4.44,518.36
1206,752.0,2.71,57,60.4,5.25,493.02
1207,714.9,1.51,321,67.9,5.04,521.78
1208,716.9,0.67,307,51.3,5.78,517.8
1209,679.9,1.79,33,33.7,3.93,421.33
1210,837.5,1.36,119,47.5,5.49,536.35
1211,687.8,2.18,61,61.2,4.43,440.22
1212,715.4,2.88,436,39.6,4.64,492.39
1213,714.1,1.71,299,37.4,4.94,513.86
1214,794.7,1.67,453,44.7,3.27,535.23
1215,735.3,2.14,476,31.6,5.13,522.79
1216,812.4,0.76,268,67.2,6.26,576.92
1217,716.3,1.13,333,42.9,3.78,509.12
1218,763.9,2.8,148,36.2,6.86,500.94
1219,708.2,2.17,406,65.0,4.35,519.97
1220,857.3,0.53,315,72.1,5.59,601.42
1221,690.6,1.01,347,31.0,3.68,498.0
1222,765.5,2.21,284,41.7,7.16,561.45
1223,781.7,2.41,53,77.3,3.94,512.16
1224,770.7,2.6,426,49.3,5.21,535.74
1225,740.7,1.23,431,76.9,4.46,549.18
1226,743.5,2.83,268,43.7,4.95,488.07
1227,752.2,1.88,122,40.9,5.11,477.7
1228,742.6,2.24,236,40.7,4.67,505.58
1229,798.2,1.99,74,34.3,4.32,492.94
1230,860.5,0.81,172,74.8,4.95,582.13
1231,722.1,2.91,173,79.0,4.93,505.19
1232,681.5,0.81,175,77.7,5.32,481.41
1233,745.6,1.14,48,72.6,5.48,486.12
1234,879.0,2.53,162,72.3,5.81,555.32
1235,709.8,2.05,329,63.1,5.56,519.28
1236,832.0,2.6,369,71.3,5.13,573.61
1237,833.9,1.79,278,40.4,4.74,560.24
1238,722.3,1.44,333,49.4,3.47,508.12
1239,778.4,2.8,335,62.0,5.16,528.01
1240,831.4,0.59,84,73.7,6.09,566.79
1241,731.0,2.64,266,63.0,4.23,504.81
1242,739.8,1.08,209,72.0,4.33,510.15
1243,720.9,2.62,447,53.7,6.31,526.22
1244,699.3,0.85,107,65.9,6.63,496.06
1245,717.5,1.95,113,79.0,4.17,485.97
1246,688.8,2.72,381,37.7,7.55,508.66
1247,751.7,1.68,402,76.3,5.42,572.31
1248,711.5,2.37,173,56.1,5.92,474.95
1249,761.7,2.51,122,62.2,4.65,504.2
1250,672.2,2.34,112,73.9,5.26,458.89
1251,766.5,2.81,499,50.5,5.43,549.68
1252,791.7,1.62,46,50.9,4.1,512.55
1253,650.3,0.93,115,56.4,6.65,480.22
1254,768.7,0.62,196,31.0,4.96,519.73
1255,811.4,1.12,373,54.8,4.5,554.47
1256,689.5,0.86,30,44.6,3.84,465.82
1257,833.6,1.89,157,76.4,5.56,544.74
1258,771.0,0.96,495,34.4,5.26,562.96
1259,714.7,0.6,138,53.0,4.02,484.18
1260,747.2,0.59,492,77.4,5.14,574.55
1261,777.9,2.58,196,75.1,5.49,511.39
1262,753.8,1.98,293,65.1,4.61,515.97
1263,776.9,1.4,208,59.5,5.37,547.24
1264,704.0,2.74,244,44.0,5.0,479.96
1265,758.5,0.68,449,48.3,4.78,565.27
1266,679.3,2.95,117,34.5,4.04,428.89
1267,744.4,2.04,18,69.3,5.2,490.83
1268,704.8,0.96,458,46.2,2.93,518.49
1269,713.2,2.2,429,63.4,6.44,520.35
1270,811.8,2.41,235,47.9,6.19,542.56
1271,804.6,1.57,427,53.2,3.98,552.68
1272,780.5,2.65,218,57.8,3.56,505.07
1273,695.4,0.88,254,70.1,6.17,506.95
1274,734.2,1.2,297,40.6,4.83,508.74
1275,810.7,0.73,75,49.9,5.06,524.42
1276,757.1,1.03,365,36.5,5.02,529.34
1277,866.0,1.1,162,33.8,3.69,546.2
1278,769.7,2.79,444,60.2,5.79,547.19
1279,759.6,0.7,200,39.5,5.45,532.44
1280,734.5,1.57,227,33.0,5.02,506.02
1281,756.7,1.83,438,74.9,2.73,517.79
1282,742.4,2.75,163,56.7,5.5,493.09
1283,785.4,2.99,286,36.7,5.38,530.37
1284,797.8,2.38,91,32.7,4.91,507.09
1285,710.7,2.93,230,36.0,5.97,491.32
1286,683.4,2.47,444,53.6,6.13,504.21
1287,658.2,2.91,289,63.4,5.34,463.67
1288,775.4,2.27,120,62.1,3.49,499.68
1289,694.8,0.7,101,37.2,3.73,465.9
1290,642.4,1.5,21,61.7,4.3,439.87
1291,769.4,2.12,148,50.2,4.75,506.98
1292,874.6,1.38,164,53.2,5.84,571.59
1293,749.7,1.18,32,70.1,5.33,497.89
1294,791.9,1.94,426,46.6,4.83,544.58
1295,754.1,2.83,473,37.3,5.63,517.06
1296,745.1,0.59,229,73.7,4.22,530.99
1297,796.0,2.42,357,40.6,5.63,551.09
1298,735.5,2.31,246,44.7,5.23,496.43
1299,763.4,2.91,262,65.3,5.52,541.94
1300,766.1,2.83,431,64.2,5.85,532.2
1301,716.6,2.41,192,70.0,4.95,481.52
1302,799.6,1.8,207,39.2,3.01,520.74
1303,741.3,1.01,179,47.6,4.34,514.91
1304,712.2,1.86,132,36.3,5.78,493.33
1305,776.8,2.41,422,57.1,4.44,546.78
1306,705.1,2.74,43,44.6,4.34,440.08
1307,751.4,2.47,390,64.4,5.06,530.72
1308,749.5,0.99,322,30.0,6.09,526.34
1309,804.3,2.0,12,33.0,5.46,518.69
1310,773.7,1.33,15,51.6,6.74,530.16
1311,748.7,0.52,313,77.9,5.4,562.48
1312,790.9,1.0,111,74.5,5.36,537.88
1313,819.5,0.78,201,79.7,4.77,571.94
1314,777.9,2.61,385,50.8,3.45,520.81
1315,750.5,1.15,22,32.3,5.15,508.8
1316,684.4,1.21,45,45.3,5.04,466.31
1317,696.7,2.9,472,63.8,5.66,507.49
1318,734.7,1.45,79,36.8,5.3,496.87
1319,719.5,0.52,298,45.0,5.27,515.16
1320,740.7,1.21,114,32.8,6.14,506.87
1321,752.8,0.8,213,53.7,4.74,525.53
1322,776.5,0.76,322,40.4,5.84,543.04
1323,746.5,0.69,64,34.6,6.29,516.36
1324,774.3,1.98,116,50.6,4.45,508.08
1325,753.2,0.97,150,47.6,4.59,521.67
1326,651.2,1.4,234,56.9,4.23,455.32
1327,703.0,2.66,316,67.5,3.64,492.32
1328,742.8,1.56,357,35.6,6.84,519.97
1329,689.5,2.79,318,69.6,8.0,502.92
1330,780.0,1.74,45,31.3,5.21,522.83
1331,826.5,1.5,142,52.2,4.67,540.75
1332,810.9,2.38,384,59.4,6.74,556.97
1333,739.3,0.68,34,77.8,5.6,499.99
1334,824.5,0.72,346,58.7,4.25,559.88
1335,757.4,2.13,46,37.9,4.12,469.42
1336,733.1,1.72,28,55.9,5.82,500.64
1337,719.3,2.48,44,49.8,5.38,475.42
1338,734.9,2.79,372,54.0,6.12,529.69
1339,730.6,1.47,427,39.9,5.7,525.8
1340,758.5,1.99,319,55.0,3.78,495.7
1341,758.0,1.75,439,37.5,4.23,539.25
1342,750.2,2.95,15,67.2,4.12,466.32
1343,771.8,2.58,476,59.7,5.22,537.06
1344,809.5,2.78,394,33.9,4.88,549.77
1345,797.5,1.14,208,74.5,4.54,556.94
1346,675.8,2.43,43,60.8,4.69,465.12
1347,622.3,1.16,65,45.8,5.67,439.77
1348,796.7,1.02,265,32.3,4.82,556.35
1349,681.7,2.86,220,61.6,4.32,466.28
1350,738.8,0.55,106,48.7,3.69,494.24
1351,691.5,2.91,291,75.4,4.1,488.24
1352,659.9,0.87,498,31.7,6.07,514.33
1353,777.1,2.55,250,32.0,4.33,499.97
1354,788.0,1.19,179,77.5,6.81,564.52
1355,721.2,1.38,356,78.2,5.63,527.81
1356,620.4,1.04,303,31.4,4.18,467.38
1357,722.7,1.96,419,65.8,4.39,514.87
1358,769.6,1.37,236,41.1,2.89,510.67
1359,676.1,2.14,324,65.1,4.56,488.52
1360,759.2,0.54,136,73.4,6.95,537.7
1361,749.2,0.66,477,35.0,6.63,571.66
1362,779.0,0.75,289,41.9,6.61,555.38
1363,756.0,1.55,376,31.2,5.61,527.99
1364,701.3,2.54,30,32.2,4.82,438.97
1365,809.8,2.72,325,31.5,5.1,522.81
1366,742.1,1.11,255,70.0,5.54,526.42
1367,748.6,1.94,99,44.9,4.98,498.95
1368,703.3,2.42,413,54.7,4.21,485.57
1369,727.8,1.22,15,69.4,4.93,491.1
1370,705.8,1.52,460,54.7,3.65,518.46
1371,741.4,1.81,275,51.5,5.59,529.88
1372,835.6,0.84,405,30.6,4.09,568.98
1373,681.4,0.56,106,58.4,5.57,494.52
1374,669.3,0.88,159,36.2,3.92,457.88
1375,823.6,2.07,455,68.2,4.83,559.25
1376,739.5,0.68,454,42.9,5.27,556.2
1377,716.5,0.97,89,63.7,4.84,516.31
1378,802.0,1.34,26,62.3,5.64,534.04
1379,719.7,0.69,147,60.8,5.45,500.53
1380,841.3,0.98,149,43.3,4.58,540.24
1381,783.9,2.78,348,43.4,4.41,527.31
1382,725.6,0.55,49,73.2,4.34,506.55
1383,857.9,2.13,416,30.6,4.2,567.92
1384,719.7,1.46,177,39.1,7.1,511.22
1385,787.1,2.18,83,60.5,4.37,508.95
1386,765.0,1.97,83,70.9,6.09,503.84
1387,815.1,1.06,59,47.9,5.16,544.08
1388,828.1,2.62,19,62.7,4.64,514.28
1389,751.6,1.73,112,57.9,5.19,496.24
1390,712.3,2.56,359,33.2,5.25,497.3
1391,773.0,1.52,397,61.1,3.24,570.21
1392,716.1,2.96,394,70.7,4.92,501.68
1393,850.7,2.43,308,79.6,5.01,571.44
1394,756.8,2.91,348,31.5,4.67,514.58
1395,731.7,1.79,398,63.0,2.88,512.33
1396,759.2,1.68,487,50.7,4.67,543.23
1397,682.6,2.39,483,30.5,6.61,505.81
1398,701.4,2.7,113,60.7,5.55,469.29
1399,810.0,2.91,299,36.1,3.95,517.9
1400,717.2,1.31,459,48.9,5.89,553.21
1401,697.7,2.5,289,43.1,3.89,490.99
1402,776.8,1.03,151,48.1,5.27,547.16
1403,809.3,1.86,306,54.6,5.28,548.03
1404,785.9,0.95,179,48.0,4.63,542.74
1405,799.8,1.37,22,57.6,6.04,530.53
1406,712.2,2.83,166,41.9,5.75,466.52
1407,678.9,0.87,458,61.8,4.22,503.89
1408,825.1,2.08,183,72.7,4.71,537.04
1409,733.9,1.98,171,41.2,4.14,485.14
1410,737.5,0.8,456,55.4,4.43,537.16
1411,816.4,1.31,141,62.4,5.65,560.64
1412,777.8,1.91,37,58.2,4.99,517.64
1413,772.8,0.97,92,48.3,6.03,525.71
1414,858.3,2.5,394,62.1,3.42,575.92
1415,717.8,2.93,429,31.4,5.28,507.53
1416,796.4,1.04,372,48.5,5.83,549.48
1417,752.9,0.97,278,56.6,5.1,514.8
1418,763.4,1.64,260,31.0,3.64,512.23
1419,826.4,2.37,379,55.4,3.95,547.69
1420,775.4,1.2,115,62.7,5.91,521.32
1421,776.9,0.55,270,68.0,4.47,553.12
1422,803.6,1.85,362,35.7,4.22,563.99
1423,731.8,2.89,23,79.5,4.66,468.92
1424,708.0,1.48,89,60.3,4.75,478.29
1425,697.8,1.55,385,48.2,6.19,514.62
1426,651.7,2.92,169,42.5,3.25,416.15
1427,852.8,2.24,187,58.6,5.58,562.83
1428,694.8,2.3,164,74.1,6.46,487.01
1429,738.9,1.91,44,56.0,5.95,492.34
1430,736.2,2.94,268,63.1,7.32,513.26
1431,765.4,2.22,269,47.9,4.54,530.02
1432,790.8,2.74,144,49.4,5.89,500.25
1433,793.0,2.25,470,44.3,4.91,559.17
1434,720.8,2.34,498,65.3,4.48,532.13
1435,741.6,1.23,140,48.0,2.78,480.32
1436,764.1,1.26,90,39.5,4.54,510.27
1437,737.6,2.46,376,48.5,6.07,522.16
1438,830.4,1.24,68,72.7,3.28,537.44
1439,774.5,1.91,83,66.9,7.1,517.22
1440,786.7,1.12,248,46.7,5.41,547.33
1441,783.1,2.54,138,75.3,3.89,503.47
1442,808.7,0.78,421,33.7,5.23,581.04
1443,759.1,2.57,324,32.5,5.69,494.6
1444,685.2,2.01,383,36.4,4.51,484.4
1445,770.0,0.97,446,35.8,4.38,557.51
1446,717.4,1.86,147,34.4,6.97,517.93
1447,723.6,1.21,464,63.1,4.66,549.01
1448,779.3,1.31,112,60.0,4.86,524.82
1449,811.9,1.38,396,62.4,6.32,573.02
1450,751.1,0.66,400,64.4,4.93,557.08
1451,765.4,2.96,18,67.8,5.76,493.96
1452,835.1,0.58,241,40.4,4.53,582.43
1453,762.0,2.16,108,61.1,4.3,486.43
1454,880.1,1.43,227,59.0,5.38,578.53
1455,778.3,2.12,462,77.2,4.02,567.45
1456,662.0,1.39,406,41.6,5.41,500.17
1457,787.7,2.18,246,32.9,4.08,519.1
1458,769.1,2.32,231,62.7,5.4,510.0
1459,814.5,2.23,177,67.0,6.24,540.68
1460,783.7,0.78,379,44.2,3.01,546.33
1461,743.1,2.14,71,58.5,4.59,480.65
1462,688.8,1.2,327,33.0,3.04,487.1
1463,739.5,0.57,496,78.0,4.71,565.83
1464,707.5,1.54,19,35.5,5.34,472.53
1465,721.0,1.58,243,33.4,4.66,490.37
1466,779.4,1.67,96,32.2,2.86,497.84
1467,833.5,2.26,276,51.4,5.9,559.11
1468,769.7,1.27,213,34.9,3.54,505.03
1469,690.2,1.29,327,67.2,5.84,508.87
1470,772.2,0.65,342,74.9,4.25,543.33
1471,809.8,2.22,369,43.0,4.13,553.29
1472,719.5,1.92,250,61.4,5.01,495.78
1473,743.3,1.37,65,32.1,6.07,492.26
1474,750.7,2.26,119,49.3,6.96,499.79
1475,710.8,1.84,58,44.6,4.59,449.49
1476,782.4,1.67,252,41.4,3.7,541.11
1477,744.0,1.78,25,62.2,5.35,493.01
1478,771.0,2.09,82,36.5,3.66,476.82
1479,705.6,2.15,381,73.0,5.74,514.59
1480,728.1,1.22,211,63.2,5.44,504.14
1481,786.1,0.85,102,65.5,6.35,545.43
1482,731.4,0.89,146,76.8,6.05,522.41
1483,836.3,2.1,42,77.1,5.14,543.98
1484,730.0,2.68,97,57.6,5.03,470.1
1485,761.2,1.52,428,54.8,4.11,543.35
1486,796.6,0.92,212,46.8,4.09,536.76
1487,679.1,2.39,48,65.8,4.96,445.55
1488,662.0,2.58,123,56.9,3.92,445.1
1489,673.7,2.7,342,76.6,4.73,482.26
1490,813.1,2.02,256,41.9,4.53,545.25
1491,722.4,2.65,352,45.5,5.59,510.48
1492,877.9,0.54,418,45.8,4.98,606.1
1493,721.8,0.77,379,70.3,5.99,556.12
1494,759.2,0.73,217,35.0,4.7,528.32
1495,827.1,2.28,321,52.8,3.83,537.07
1496,850.3,0.67,441,51.4,5.55,615.0
1497,853.1,1.74,478,33.7,4.88,593.73
1498,810.4,1.68,403,50.5,4.73,551.63
1499,801.2,1.28,306,55.7,4.58,543.64
1500,779.6,2.68,369,33.3,4.99,526.88
1501,788.9,0.93,220,55.5,4.73,538.0
1502,722.4,1.38,364,78.0,5.52,531.25
1503,709.1,2.44,68,78.9,5.74,471.23
1504,749.8,0.58,165,56.6,4.63,523.74
1505,741.5,2.18,131,55.8,7.0,512.37
1506,727.3,2.54,129,44.3,4.43,459.08
1507,784.8,2.83,306,79.9,5.02,526.21
1508,797.8,2.69,331,43.7,3.38,512.4
1509,754.4,1.3,444,52.6,4.9,550.83
1510,823.9,1.97,71,30.1,4.8,523.77
1511,692.9,0.69,167,47.5,4.95,502.68
1512,740.3,1.14,49,33.6,5.98,497.44
1513,714.2,0.74,251,67.2,6.68,539.34
1514,656.7,1.29,49,58.1,6.11,453.5
1515,745.9,2.69,462,58.6,4.9,540.37
1516,743.9,1.37,367,44.3,5.2,526.57
1517,825.7,1.9,199,70.7,6.52,546.57
1518,781.5,1.58,243,30.2,4.0,511.8
1519,698.8,1.65,24,46.7,5.78,487.86
1520,842.7,2.92,133,63.0,4.11,528.41
1521,811.1,1.24,237,75.4,6.14,583.78
1522,779.1,2.07,396,41.7,4.87,541.9
1523,738.7,1.55,289,57.1,4.12,526.71
1524,702.0,0.65,434,56.9,4.34,525.76
1525,731.4,1.72,456,73.7,4.5,521.65
1526,804.4,2.53,57,32.5,5.95,513.23
1527,844.2,0.75,198,51.2,6.34,579.83
1528,827.2,0.67,313,39.1,4.6,573.63
1529,725.6,0.88,56,31.1,4.13,491.24
1530,694.0,2.41,193,37.4,7.03,492.44
1531,757.0,2.31,114,78.8,5.82,507.9
1532,661.6,1.91,378,40.7,4.22,479.98
1533,766.2,1.67,469,76.8,5.36,565.6
1534,742.6,2.72,256,40.3,4.59,478.55
1535,726.7,2.42,273,76.6,3.71,487.14
1536,670.3,2.53,215,62.7,4.69,486.01
1537,775.7,2.53,27,35.7,3.63,469.36
1538,723.4,2.11,373,59.1,4.52,518.61
1539,691.5,1.65,260,45.9,4.61,484.35
1540,606.4,2.66,247,49.2,4.46,430.79
1541,748.6,2.82,349,52.0,5.91,497.97
1542,838.6,0.56,416,51.1,5.4,603.8
1543,833.1,0.63,462,63.2,4.36,588.38
1544,727.1,2.9,330,68.4,5.32,485.3
1545,719.9,1.19,374,46.5,6.31,522.2
1546,773.4,2.68,311,76.2,4.17,520.74
1547,700.1,1.47,75,76.9,3.69,465.71
1548,765.1,0.8,345,32.0,3.92,526.89
1549,788.3,0.7,462,30.7,5.38,568.76
1550,811.3,0.89,159,51.3,6.49,527.47
1551,745.0,1.12,202,59.5,5.85,511.14
1552,739.8,1.72,405,43.9,6.28,546.47
1553,706.1,2.25,156,43.0,2.8,462.42
1554,708.7,2.97,415,63.9,4.17,501.18
1555,738.7,1.6,192,60.1,3.88,505.54
1556,768.4,1.8,115,38.4,5.56,513.82
1557,795.7,1.8,245,74.2,4.8,554.2
1558,709.8,1.85,135,64.0,2.0,466.87
1559,824.6,1.79,455,48.1,5.76,580.17
1560,736.4,0.52,188,64.2,6.17,550.04
1561,748.9,0.5,441,35.6,7.01,576.26
1562,712.6,0.74,410,53.4,5.17,541.8
1563,628.8,0.75,22,38.4,5.62,446.71
1564,794.2,2.26,240,32.1,3.86,513.44
1565,786.8,1.01,37,46.9,3.36,492.23
1566,735.9,2.74,388,37.5,6.24,503.89
1567,753.3,2.82,332,61.7,5.55,501.94
1568,775.8,2.94,270,63.7,6.25,524.25
1569,671.9,2.85,109,37.4,4.74,456.01
1570,723.5,1.18,197,31.2,7.37,526.31
1571,789.7,1.77,408,69.6,5.31,568.98
1572,687.3,0.94,346,30.1,4.25,491.7
1573,764.7,2.52,309,47.2,4.68,518.0
1574,682.2,2.72,128,54.7,3.4,464.45
1575,773.3,2.63,55,70.9,4.06,495.36
1576,748.2,1.58,422,71.9,4.61,537.05
1577,669.2,2.4,77,66.2,6.55,449.67
1578,808.2,0.74,393,42.4,4.93,559.12
1579,713.3,0.6,489,66.0,6.08,565.41
1580,709.5,2.38,314,42.3,4.9,495.69
1581,760.0,1.56,180,40.7,3.97,522.09
1582,807.4,2.99,367,57.4,5.55,544.69
1583,699.2,0.74,205,63.9,4.16,484.63
1584,753.1,2.64,342,32.7,4.6,505.33
1585,771.4,1.7,29,33.0,7.03,513.54
1586,784.7,2.57,120,69.2,5.6,510.01
1587,758.8,2.54,155,73.0,4.18,495.71
1588,731.6,2.79,201,60.2,5.73,498.97
1589,708.6,1.24,442,51.4,4.06,500.41
1590,754.3,2.87,380,72.3,3.25,500.97
1591,696.4,0.88,435,66.4,6.09,553.37
1592,603.9,0.7,238,59.0,5.29,485.66
1593,771.8,1.58,21,46.0,4.8,485.67
1594,795.2,2.57,226,39.9,3.33,491.94
1595,631.9,1.68,487,50.9,4.68,497.74
1596,699.5,2.57,88,44.3,5.19,482.24
1597,781.0,2.32,384,47.0,3.83,529.23
1598,852.9,1.02,45,55.8,5.04,551.78
1599,751.0,2.87,273,38.5,6.55,505.87
1600,713.6,0.65,37,70.3,5.23,507.97
1601,740.9,2.75,381,37.3,5.58,511.6
1602,818.7,1.26,95,54.0,4.56,548.87
1603,717.7,1.75,197,67.3,3.95,494.36
1604,710.0,1.56,314,54.3,4.44,507.69
1605,725.9,0.93,263,48.1,6.05,519.49
1606,702.3,1.4,431,53.7,4.9,513.96
1607,756.1,0.98,89,72.4,4.8,508.95
1608,831.2,1.01,195,79.5,4.49,559.4
1609,766.2,0.97,14,61.6,3.73,510.08
1610,737.4,1.72,55,69.7,6.37,512.42
1611,735.4,2.49,363,30.7,4.79,500.83
1612,671.8,1.92,111,74.0,4.47,442.4
1613,794.2,2.73,468,77.7,5.08,547.96
1614,746.1,2.09,11,58.8,4.47,479.95
1615,741.0,2.22,226,67.7,5.31,511.65
1616,900.0,2.17,34,55.6,4.32,565.48
1617,764.9,1.62,266,44.3,5.12,540.73
1618,712.4,2.22,232,72.6,4.95,503.29
1619,728.7,0.67,462,59.8,6.86,560.07
1620,807.4,2.65,433,59.0,6.91,571.84
1621,755.7,2.44,333,63.0,5.79,533.52
1622,678.1,1.11,78,72.8,4.91,490.97
1623,796.0,2.42,206,66.6,5.8,522.68
1624,716.6,0.53,281,40.6,5.77,536.35
1625,843.7,1.04,191,53.3,4.53,564.77
1626,804.0,0.66,456,79.0,3.35,569.76
1627,727.6,2.45,27,57.7,3.1,467.72
1628,814.1,2.39,116,76.9,4.88,506.15
1629,753.4,2.53,26,70.7,4.5,501.85
1630,792.6,0.51,134,63.3,4.46,552.0
1631,774.2,1.75,492,47.5,4.2,546.81
1632,707.7,2.26,91,45.2,4.15,457.83
1633,717.8,0.89,13,62.2,5.65,494.45
1634,801.5,2.12,124,51.6,2.0,486.14
1635,733.3,0.71,360,69.9,5.59,545.26
1636,729.8,0.95,360,68.0,4.72,542.69
1637,702.2,1.69,146,45.6,6.44,487.22
1638,771.2,2.13,296,65.1,5.27,541.08
1639,853.1,0.86,398,54.7,3.27,577.75
1640,696.6,0.96,237,46.2,3.13,496.6
1641,751.2,1.01,25,50.6,3.86,504.98
1642,820.6,1.1,307,74.8,5.26,563.03
1643,746.0,1.07,434,48.0,3.29,510.6
1644,772.6,1.49,473,44.4,5.11,558.27
1645,696.9,2.13,221,47.6,5.7,491.09
1646,771.4,1.6,255,40.7,4.47,509.67
1647,740.6,2.44,295,57.2,4.11,517.98
1648,799.3,2.3,291,37.4,2.85,510.06
1649,809.4,0.82,186,70.9,6.51,573.71
1650,879.5,0.62,40,41.3,6.83,572.33
1651,779.0,2.69,59,59.9,6.22,490.2
1652,766.3,0.7,152,36.3,4.72,533.45
1653,759.7,0.87,61,78.9,4.95,508.68
1654,732.3,0.56,242,52.7,5.69,539.57
1655,766.9,2.07,175,71.1,5.15,508.33
1656,735.2,1.96,47,68.4,2.0,458.98
1657,758.4,2.97,453,65.7,5.92,536.24
1658,815.9,2.72,29,71.4,6.22,520.29
1659,699.7,1.53,108,35.0,6.07,478.8
1660,807.0,1.43,224,63.9,5.45,558.08
1661,815.9,1.24,53,43.3,5.96,545.83
1662,744.1,0.88,120,69.3,3.59,516.1
1663,643.9,0.85,496,77.8,4.91,513.24
1664,719.6,0.83,98,75.1,4.33,487.52
1665,814.8,0.79,328,35.7,6.45,580.06
1666,748.9,1.1,127,48.5,5.18,515.61
1667,700.0,1.27,443,48.2,4.84,526.06
1668,724.8,2.9,415,36.1,3.98,510.65
1669,792.0,1.95,248,34.9,3.94,520.23
1670,777.3,2.97,81,49.2,3.87,501.14
1671,738.1,1.43,319,79.6,5.75,546.55
1672,731.7,1.64,402,58.4,5.6,544.21
1673,730.4,1.31,408,61.1,5.25,538.77
1674,703.9,0.96,313,53.6,5.79,519.41
1675,830.8,0.86,413,63.1,4.19,575.81
1676,733.9,2.86,172,77.8,3.16,476.14
1677,810.9,2.97,260,59.4,5.68,543.45
1678,826.1,0.61,366,33.3,4.94,574.86
1679,799.9,0.88,204,54.6,5.83,550.73
1680,728.4,1.56,69,79.6,5.43,488.4
1681,770.2,0.97,107,49.4,4.93,524.26
1682,748.8,1.41,427,59.7,5.21,535.58
1683,704.8,0.82,365,35.3,6.41,535.95
1684,766.2,1.64,364,37.1,4.71,536.01
1685,691.0,1.18,82,73.7,5.74,488.92
1686,809.4,1.38,231,45.0,5.31,559.69
1687,726.8,0.74,128,45.3,3.33,506.85
1688,760.1,1.57,191,49.4,3.69,484.07
1689,764.2,2.96,393,78.3,4.96,513.51
1690,737.1,1.32,227,34.2,4.5,511.78
1691,779.3,2.69,265,70.9,4.05,531.22
1692,726.3,2.61,405,47.1,6.07,506.04
1693,793.6,2.88,97,72.5,3.5,497.65
1694,682.7,2.48,370,79.6,4.8,477.66
1695,756.3,2.15,284,47.4,4.13,490.59
1696,846.9,2.64,345,36.5,6.48,587.8
1697,700.0,0.69,35,37.2,7.52,505.96
1698,716.1,1.66,416,67.9,4.69,508.73
1699,775.7,2.97,130,37.2,5.85,496.98
1700,759.0,2.42,298,43.0,6.27,517.25
1701,767.5,2.91,371,40.2,5.9,522.17
1702,774.5,2.45,450,47.8,5.79,543.81
1703,781.7,2.69,39,33.7,3.23,474.09
1704,805.5,2.27,416,72.8,6.18,573.57
1705,770.5,2.4,211,73.0,5.36,512.99
1706,737.9,1.81,391,50.6,4.77,517.65
1707,783.6,2.81,45,60.6,4.92,496.88
1708,845.0,2.56,134,62.1,5.26,531.66
1709,743.4,2.61,232,67.5,4.75,493.89
1710,701.3,2.18,244,56.0,4.65,486.75
1711,805.4,1.26,133,55.5,4.02,527.84
1712,744.0,0.59,479,61.6,5.51,561.22
1713,641.4,2.84,180,65.2,4.84,455.59
1714,792.4,1.97,495,47.3,4.21,558.98
1715,723.2,1.25,459,46.5,5.1,556.93
1716,745.5,0.87,190,43.5,5.04,516.46
1717,766.6,2.57,224,57.4,5.51,521.54
1718,759.5,2.59,127,48.0,4.97,506.99
1719,785.5,2.54,236,57.0,5.62,516.78
1720,728.2,2.11,388,50.3,4.73,511.79
1721,775.7,1.42,453,71.8,4.8,573.14
1722,737.0,1.26,46,33.7,5.28,498.31
1723,786.9,0.52,326,58.6,5.39,565.66
1724,780.8,2.58,105,58.8,6.21,498.93
1725,703.2,0.72,129,49.2,6.05,491.87
1726,804.3,2.08,446,51.1,4.96,554.66
1727,723.2,1.76,21,70.0,3.59,461.55
1728,790.4,1.82,131,44.0,5.68,515.59
1729,768.4,2.82,44,73.6,5.53,475.84
1730,841.9,0.58,498,74.8,5.22,599.42
1731,738.8,2.43,260,62.5,5.77,503.07
1732,732.5,0.63,76,68.6,4.63,506.97
1733,749.0,0.6,491,60.6,3.4,547.58
1734,734.8,1.57,47,56.3,4.13,482.51
1735,790.0,0.66,289,78.3,2.1,537.85
1736,669.2,2.47,239,44.1,5.44,453.03
1737,697.3,1.82,346,37.7,4.93,509.97
1738,696.6,0.57,177,44.4,5.86,514.4
1739,797.5,0.6,458,60.7,5.75,589.31
1740,835.5,2.03,450,39.3,4.51,562.39
1741,744.8,2.52,337,75.4,4.18,525.78
1742,741.6,1.59,255,50.6,4.21,498.75
1743,753.5,1.89,88,72.5,6.92,528.02
1744,808.1,2.5,123,42.5,4.85,504.07
1745,703.6,2.03,310,45.7,4.73,508.16
1746,761.9,1.06,226,33.0,5.29,531.94
1747,798.8,2.03,209,42.9,3.41,522.75
1748,775.1,2.07,390,54.5,4.6,539.39
1749,759.5,2.34,361,77.3,4.14,528.98
1750,800.1,2.05,251,49.4,3.93,525.48
1751,614.8,2.92,22,62.0,4.74,401.12
1752,783.9,0.99,375,51.4,5.05,569.62
1753,717.3,2.88,216,32.3,3.75,462.8
1754,658.5,1.85,271,55.2,4.63,475.23
1755,775.6,2.18,106,33.3,5.08,484.68
1756,818.7,0.75,80,74.2,5.45,549.87
1757,743.1,1.45,490,67.7,4.73,552.55
1758,797.6,2.42,312,48.9,5.33,554.85
1759,830.6,2.27,358,62.0,4.65,557.06
1760,815.7,0.6,239,35.6,6.28,565.6
1761,832.0,1.87,366,65.1,5.54,567.05
1762,787.1,0.72,309,71.1,4.33,548.71
1763,753.8,2.99,41,71.1,4.5,493.16
1764,669.9,2.74,259,44.2,5.39,457.65
1765,737.7,0.55,263,43.2,4.47,519.93
1766,707.8,2.65,268,56.1,3.07,485.27
1767,858.5,2.8,191,78.4,5.3,563.42
1768,741.2,1.38,349,76.0,4.62,556.15
1769,756.2,2.3,471,48.0,5.68,553.32
1770,777.6,1.61,485,69.0,5.04,566.51
1771,752.2,2.14,175,76.1,5.65,520.64
1772,834.8,1.35,13,43.0,7.52,541.52
1773,718.9,1.31,472,71.5,6.28,550.75
1774,759.7,1.56,154,43.4,4.65,497.67
1775,712.9,0.86,174,47.2,5.42,520.95
1776,684.0,2.58,353,39.9,5.12,470.27
1777,719.4,1.37,495,55.4,5.27,538.77
1778,748.1,1.5,371,72.2,3.43,515.37
1779,728.5,2.74,114,56.4,6.05,496.02
1780,715.4,1.74,45,36.2,2.69,454.84
1781,679.7,1.86,323,42.6,4.98,489.41
1782,745.8,2.89,178,58.1,3.24,463.87
1783,674.8,2.72,17,59.2,4.3,450.51
1784,788.0,0.92,460,58.8,5.21,565.7
1785,754.1,1.68,423,33.9,5.87,539.22
1786,677.1,2.93,95,67.7,6.02,460.2
1787,734.5,1.43,445,75.5,4.81,547.61
1788,712.4,1.43,106,55.5,5.99,493.76
1789,766.0,0.99,418,65.9,4.94,572.84
1790,817.0,0.79,445,75.7,4.29,585.15
1791,656.2,2.35,324,62.1,5.37,496.75
1792,755.8,2.43,39,63.7,4.08,469.75
1793,742.0,2.92,110,66.1,4.87,486.5
1794,783.6,2.43,76,43.0,4.52,487.07
1795,760.7,1.11,397,59.1,3.45,535.84
1796,712.4,0.6,358,72.1,5.33,524.55
1797,734.0,2.96,450,44.8,5.14,528.54
1798,710.2,1.35,72,74.9,6.15,512.72
1799,803.8,1.28,41,61.0,3.13,521.54
1800,751.1,2.76,96,51.2,4.29,487.0
1801,845.1,1.96,220,61.2,6.13,592.16
1802,747.0,1.04,472,50.1,5.53,558.84
1803,714.6,2.72,60,71.9,5.72,491.43
1804,674.3,2.98,72,54.1,6.45,455.63
1805,659.8,0.72,89,75.1,4.24,477.71
1806,670.8,2.66,352,55.5,4.14,481.5
1807,763.4,1.48,241,63.0,5.86,517.68
1808,775.4,1.81,375,79.9,5.63,553.48
1809,670.9,2.79,110,37.3,4.87,441.76
1810,794.8,2.93,138,66.8,4.85,507.95
1811,725.8,1.16,28,36.9,4.03,468.87
1812,757.3,1.03,366,71.9,6.58,564.81
1813,830.6,0.7,428,59.8,7.03,612.9
1814,794.8,1.9,456,76.9,6.12,565.08
1815,736.6,0.53,103,73.3,5.65,522.61
1816,705.4,1.53,90,33.7,5.59,478.74
1817,642.4,0.68,112,36.9,5.33,478.9
1818,714.0,1.51,378,60.1,3.24,512.36
1819,739.4,0.6,163,55.9,4.52,507.99
1820,700.6,2.59,278,38.4,5.82,498.63
1821,743.4,1.02,127,36.5,4.15,498.36
1822,753.8,1.32,351,58.2,5.16,540.57
1823,738.8,2.68,288,32.4,6.16,498.04
1824,717.5,2.37,372,73.7,6.17,524.86
1825,758.4,1.05,234,70.4,5.94,551.15
1826,772.1,0.68,484,69.3,5.28,575.12
1827,695.5,2.29,428,30.8,5.8,522.79
1828,820.5,1.48,277,32.4,4.76,557.86
1829,745.1,2.42,146,57.5,6.7,499.5
1830,750.9,1.61,235,79.7,3.41,513.48
1831,785.4,1.37,343,47.1,5.07,535.14
1832,761.7,1.63,238,47.2,4.53,507.52
1833,797.7,2.37,332,36.7,5.68,523.31
1834,764.4,2.76,117,63.7,4.66,476.09
1835,719.4,0.62,309,62.3,7.42,547.19
1836,768.1,1.81,454,35.1,5.92,550.17
1837,692.8,0.58,414,53.4,4.0,522.36
1838,755.4,1.67,16,63.4,2.33,463.49
1839,748.3,2.71,137,54.7,3.86,487.35
1840,739.6,1.4,362,63.7,5.56,536.31
1841,743.6,2.83,492,70.8,4.74,532.3
1842,655.9,2.08,276,64.3,4.43,438.59
1843,722.6,2.84,182,60.8,4.28,476.02
1844,754.6,2.39,425,72.7,5.83,550.32
1845,758.0,0.76,223,75.0,4.67,512.14
1846,698.6,1.08,256,49.4,4.56,500.33
1847,813.3,1.49,115,38.7,5.99,530.13
1848,706.7,0.93,92,70.9,6.56,524.0
1849,798.5,1.74,301,40.7,3.89,519.71
1850,771.4,1.68,383,76.4,6.18,581.13
1851,717.7,2.89,430,31.1,4.89,513.48
1852,838.8,1.58,212,76.1,5.92,569.68
1853,690.3,2.46,50,59.5,5.66,448.36
1854,796.0,2.85,214,68.7,5.02,516.39
1855,800.0,2.69,357,49.9,5.06,544.84
1856,716.5,1.02,58,79.6,5.67,503.28
1857,819.6,1.74,152,41.4,3.9,513.48
1858,737.5,1.37,150,43.2,3.86,504.01
1859,764.4,1.5,62,32.6,7.08,516.29
1860,763.0,1.4,116,77.0,6.17,530.79
1861,743.3,2.57,42,52.8,5.99,495.04
1862,790.5,1.63,209,63.7,4.84,542.24
1863,789.7,1.81,128,64.4,3.36,519.04
1864,662.6,2.96,297,73.7,4.47,472.82
1865,815.2,0.65,238,63.2,5.41,560.74
1866,666.9,1.72,127,58.1,6.15,475.92
1867,801.6,2.44,185,65.5,5.43,542.35
1868,806.3,0.88,461,67.5,5.46,574.75
1869,695.5,2.03,194,39.3,4.83,465.4
1870,729.5,1.1,327,35.5,5.65,533.33
1871,694.7,2.67,347,33.7,4.09,476.49
1872,739.3,1.32,224,48.7,5.12,498.71
1873,734.6,1.32,230,54.9,4.77,519.63
1874,789.0,2.0,139,60.8,6.45,536.28
1875,815.5,0.96,342,77.9,2.14,577.62
1876,819.8,1.21,281,46.5,4.85,559.27
1877,721.9,1.54,255,68.0,5.25,535.18
1878,739.5,1.38,132,56.6,3.15,498.68
1879,665.8,1.81,17,41.0,5.74,434.72
1880,709.7,2.0,412,60.8,4.87,515.71
1881,798.2,1.92,425,78.4,4.05,554.77
1882,830.8,2.14,76,36.2,6.02,530.21
1883,688.3,1.27,124,55.4,4.26,466.98
1884,720.4,0.82,378,32.6,5.81,542.79
1885,748.7,2.4,297,46.1,5.19,508.75
1886,764.0,2.63,114,61.0,4.59,504.05
1887,709.5,1.14,478,72.1,3.99,541.76
1888,771.2,1.52,34,66.5,4.29,499.02
1889,726.3,1.75,62,53.1,5.88,485.21
1890,749.3,1.83,256,75.5,6.15,526.02
1891,777.3,2.15,346,45.1,5.69,538.96
1892,750.3,0.6,290,67.7,4.97,545.83
1893,728.2,2.3,42,53.7,5.69,475.54
1894,744.5,0.65,296,74.9,5.32,540.59
1895,745.6,1.67,45,69.9,4.4,493.6
1896,731.5,2.57,352,75.1,4.08,516.65
1897,737.1,1.63,388,40.7,4.69,526.28
1898,829.9,0.87,248,63.4,4.37,562.88
1899,778.0,2.96,226,66.9,5.13,515.52
1900,735.2,2.72,186,67.1,6.61,487.36
1901,784.8,2.43,53,55.2,5.28,499.43
1902,733.3,1.53,313,30.6,6.47,514.67
1903,808.7,0.96,167,43.1,5.0,537.38
1904,768.5,2.85,278,46.2,4.83,499.89
1905,744.6,1.83,180,72.6,3.48,487.67
1906,772.4,2.63,230,72.0,5.64,511.82
1907,671.5,1.36,409,35.2,4.34,519.8
1908,693.7,1.34,239,77.5,4.14,494.75
1909,690.3,2.96,100,39.1,3.99,453.97
1910,757.1,1.8,419,50.7,5.35,549.73
1911,836.6,0.85,468,40.8,4.42,594.53
1912,861.6,1.05,440,73.0,6.65,624.98
1913,781.9,1.7,430,67.5,6.12,587.71
1914,775.0,0.61,140,47.7,4.47,530.6
1915,659.9,1.66,419,64.1,2.63,462.91
1916,722.9,1.55,235,39.2,5.12,501.83
1917,710.6,2.45,234,49.1,4.69,472.78
1918,719.0,1.39,152,48.9,5.89,489.23
1919,741.6,2.96,75,41.9,5.01,475.7
1920,726.4,0.95,37,73.8,6.15,487.05
1921,651.0,1.98,134,63.9,5.49,463.06
1922,787.4,0.72,221,44.0,3.72,516.19
1923,696.4,2.33,431,42.1,4.25,495.05
1924,762.0,2.99,437,30.9,4.55,524.66
1925,853.7,2.55,446,47.3,4.83,565.78
1926,704.0,1.89,89,56.3,4.73,461.58
1927,623.5,1.71,247,43.9,5.72,460.75
1928,735.7,2.59,141,65.0,5.5,498.33
1929,805.0,2.84,337,50.6,4.58,534.7
1930,847.9,2.97,309,45.8,5.66,552.93
1931,688.5,1.49,128,77.0,3.83,466.27
1932,774.8,2.98,55,43.1,5.7,485.72
1933,726.7,0.89,93,49.9,5.87,514.09
1934,744.7,1.13,291,49.1,5.28,528.9
1935,882.2,0.72,361,42.1,5.53,609.46
1936,674.9,1.18,22,40.9,5.66,463.38
1937,762.7,2.42,134,45.1,6.05,494.39
1938,773.4,2.63,334,73.2,5.74,555.78
1939,804.3,2.45,181,68.4,6.21,544.63
1940,754.9,2.08,243,64.0,3.43,505.59
1941,765.4,1.78,190,52.9,5.13,515.72
1942,730.4,2.27,60,55.4,4.95,491.97
1943,763.5,1.48,278,43.4,5.15,521.4
1944,732.8,2.6,178,33.7,5.9,497.39
1945,781.1,2.19,404,46.6,5.13,542.76
1946,731.5,2.24,430,54.8,5.09,521.51
1947,768.9,1.84,325,32.9,5.47,529.35
1948,748.5,2.71,297,34.4,3.49,503.14
1949,806.3,1.13,438,43.2,6.56,566.29
1950,747.4,1.45,499,48.4,4.9,564.86
1951,661.3,2.44,283,49.7,6.48,492.69
1952,813.1,1.73,358,35.9,4.15,547.53
1953,704.7,2.72,216,41.3,4.09,464.95
1954,717.3,1.37,157,43.1,4.77,492.29
1955,720.2,1.42,309,33.4,5.04,515.91
1956,818.7,2.72,429,46.3,4.49,561.18
1957,643.2,1.66,462,33.6,4.2,488.92
1958,900.0,1.79,497,65.2,5.37,622.51
1959,802.8,1.33,46,49.3,6.45,534.24
1960,761.2,1.19,170,46.3,6.66,514.84
1961,747.3,2.14,475,36.3,4.71,513.69
1962,764.3,0.8,392,41.3,3.92,553.62
1963,776.1,2.7,284,41.6,4.74,518.24
1964,782.3,2.45,444,79.3,6.71,573.7
1965,777.8,0.98,297,71.8,6.03,568.25
1966,754.5,2.24,115,30.8,5.39,499.37
1967,740.1,2.01,31,60.8,4.53,489.01
1968,742.4,0.96,242,42.8,5.91,521.1
1969,740.3,1.18,131,35.2,7.26,527.33
1970,806.7,1.52,138,65.3,4.86,538.94
1971,779.7,2.25,319,36.6,3.03,523.53
1972,603.0,2.1,226,52.2,3.97,397.57
1973,782.8,1.83,157,61.6,5.06,545.96
1974,759.7,2.42,67,57.7,4.84,497.65
1975,749.1,2.39,428,78.9,6.36,548.95
1976,730.6,2.04,246,69.3,4.41,492.97
1977,806.2,2.47,79,68.7,4.83,510.53
1978,797.4,1.34,463,47.8,4.35,566.68
1979,711.4,2.7,198,30.4,5.78,496.82
1980,770.4,2.04,251,66.7,4.14,533.32
1981,701.4,2.56,72,80.0,4.77,472.6
1982,681.0,1.87,494,50.3,3.48,507.14
1983,718.7,1.05,250,79.3,4.47,517.47
1984,793.1,1.86,454,37.1,6.66,559.2
1985,797.7,1.43,194,44.8,6.78,541.8
1986,775.7,2.24,268,38.5,5.67,535.09
1987,786.3,1.69,238,53.8,5.44,543.8
1988,775.8,2.59,232,69.8,4.37,506.53
1989,717.9,2.2,108,47.0,5.2,471.4
1990,771.6,2.21,256,75.3,5.17,534.03
1991,790.0,1.04,54,57.2,5.02,520.34
1992,787.7,2.96,408,53.3,5.81,533.83
1993,809.4,2.6,282,69.4,4.06,534.35
1994,785.4,2.47,408,35.1,7.56,565.14
1995,767.6,1.33,14,68.7,6.62,509.57
1996,803.5,1.84,479,42.1,4.19,554.21
1997,748.7,0.84,439,44.0,5.11,558.74
1998,705.9,1.85,20,60.0,4.4,480.45
1999,741.8,0.86,457,75.1,5.64,565.39
2000,712.8,1.88,357,58.9,4.91,506.76
2001,716.2,2.12,407,62.4,3.12,493.15
2002,742.8,1.48,48,68.8,4.08,489.68
2003,710.4,1.75,460,43.0,6.33,532.8
2004,734.6,2.69,448,71.4,4.78,500.88
2005,655.3,0.77,51,50.9,4.77,445.76
2006,760.7,2.48,212,38.8,5.67,485.61
2007,750.1,0.93,103,47.5,5.94,518.47
2008,709.1,0.59,495,42.3,4.91,552.48
2009,783.0,0.96,14,41.4,2.83,503.15
2010,796.9,2.41,61,44.1,4.2,483.7
2011,669.6,1.51,159,39.0,2.86,442.64
2012,711.9,2.68,214,63.4,3.6,459.27
2013,711.5,1.81,309,59.0,5.08,508.92
2014,703.0,0.56,380,62.4,5.05,541.33
2015,791.5,2.29,478,47.2,6.28,575.74
2016,740.3,0.78,196,68.5,4.97,517.53
2017,736.8,2.47,494,36.5,4.12,519.04
2018,649.8,0.92,162,58.6,6.2,477.96
2019,781.8,1.36,392,43.8,6.75,567.01
2020,688.0,2.4,125,56.4,5.92,466.68
2021,753.0,2.89,158,46.2,4.93,482.32
2022,763.9,1.43,229,69.5,4.69,513.8
2023,818.0,2.57,201,74.6,3.81,494.64
2024,684.6,0.98,242,67.1,4.21,491.15
2025,600.0,2.52,333,38.8,4.55,443.92
2026,759.2,2.14,230,43.7,3.68,501.39
2027,840.0,0.98,56,76.0,4.67,533.75
2028,811.9,1.26,136,51.9,4.72,513.31
2029,760.5,0.83,300,77.1,6.27,557.55
2030,725.4,1.46,224,49.6,3.38,480.94
2031,790.4,1.01,16,77.6,5.17,521.29
2032,701.3,2.11,193,76.3,3.64,465.42
2033,773.8,2.99,125,63.0,3.04,464.39
2034,775.3,0.53,61,30.4,4.51,525.89
2035,803.0,1.85,375,50.0,5.02,558.37
2036,888.0,1.93,55,75.6,6.27,569.2
2037,769.6,2.79,402,74.3,4.73,540.38
2038,724.6,1.77,451,39.4,4.46,521.57
2039,748.7,1.86,32,50.0,4.3,478.12
2040,661.5,1.68,140,71.8,4.48,481.88
2041,715.3,1.17,136,58.9,2.0,489.61
2042,729.5,0.64,454,72.4,4.18,536.69
2043,723.8,1.52,274,71.3,5.8,525.64
2044,757.6,0.63,318,75.4,2.55,531.59
2045,708.9,1.88,205,35.9,4.58,491.94
2046,806.1,1.27,442,37.3,4.71,555.5
2047,750.0,1.83,482,34.1,5.72,557.79
2048,749.5,0.84,463,76.8,5.12,553.71
2049,733.6,2.83,57,53.8,5.42,472.68
2050,757.8,2.74,388,33.2,4.25,499.53
2051,791.3,0.97,91,46.1,3.24,506.17
2052,706.6,1.36,118,47.6,4.47,471.28
2053,717.1,2.03,272,70.5,4.86,494.27
2054,734.8,0.74,364,66.8,6.16,560.02
2055,682.7,1.39,40,64.5,3.57,457.2
2056,709.0,1.13,367,31.1,7.09,554.12
2057,726.2,2.79,65,75.5,5.17,473.38
2058,793.7,2.63,489,40.8,4.24,534.78
2059,763.1,1.95,364,61.5,4.19,523.57
2060,759.7,1.8,198,33.1,4.84,506.5
2061,792.5,2.83,485,34.1,4.93,545.92
2062,743.1,2.83,14,30.5,5.01,459.83
2063,769.5,2.92,295,58.3,5.64,507.51
2064,744.8,0.81,287,61.5,4.34,539.05
2065,763.3,0.9,154,32.5,5.11,532.21
2066,720.9,2.19,403,44.5,4.67,506.48
2067,628.1,1.85,464,72.6,6.65,520.11
2068,743.3,0.55,205,35.1,3.19,501.68
2069,821.1,0.65,435,40.8,7.15,613.35
2070,796.3,2.72,36,51.2,4.12,480.18
2071,798.3,2.67,136,72.1,3.91,530.5
2072,811.8,1.39,144,42.7,4.7,514.78
2073,754.4,2.73,32,79.9,5.22,475.71
2074,759.9,1.98,340,47.8,4.64,546.42
2075,719.1,2.51,126,49.3,5.6,463.87
2076,734.2,1.57,401,36.1,4.55,520.19
2077,780.8,0.78,17,64.0,4.36,509.48
2078,810.2,1.58,110,42.2,4.08,519.63
2079,743.0,1.64,270,61.4,6.26,533.26
2080,727.5,1.88,208,41.2,5.38,497.78
2081,750.0,0.76,95,49.4,3.84,509.9
2082,780.1,2.98,237,72.8,4.55,525.78
2083,677.8,1.11,395,66.9,3.68,497.95
2084,635.2,1.0,481,37.7,7.73,505.82
2085,722.5,1.82,188,60.4,5.18,492.77
2086,689.0,1.84,459,61.4,3.01,501.46
2087,724.6,1.6,249,34.5,3.64,493.14
2088,742.6,2.43,21,53.3,3.75,474.26
2089,727.3,1.79,312,43.0,5.29,532.22
2090,822.6,2.02,243,53.4,3.3,532.55
2091,766.3,2.31,192,68.9,3.63,497.24
2092,765.0,0.56,291,37.9,4.75,533.35
2093,781.1,1.93,367,36.2,4.92,535.59
2094,693.1,2.71,385,43.5,4.45,494.66
2095,802.0,0.54,438,77.6,4.58,577.65
2096,746.2,1.51,199,67.4,3.56,510.09
2097,783.5,2.82,335,31.0,5.45,513.7
2098,696.4,1.38,224,50.1,3.0,477.4
2099,672.3,1.65,267,42.9,4.84,466.2
2100,790.9,2.95,35,61.9,6.78,503.28
2101,768.8,1.0,279,53.0,4.63,551.82
2102,704.9,0.66,91,78.2,3.6,490.98
2103,706.5,2.65,367,40.9,4.88,492.59
2104,806.3,2.67,194,59.4,4.69,523.48
2105,690.5,1.68,297,65.0,5.18,506.59
2106,832.1,1.79,71,71.3,5.17,541.13
2107,705.0,2.59,380,50.3,5.96,509.52
2108,781.9,2.35,471,64.3,4.5,537.48
2109,733.6,1.16,39,45.2,4.16,469.27
2110,780.2,0.54,406,51.8,4.19,567.54
2111,722.8,1.7,433,74.8,4.34,514.22
2112,741.9,2.65,40,77.5,5.29,486.9
2113,752.0,2.74,302,65.9,3.62,510.86
2114,699.9,2.89,182,48.7,4.05,449.74
2115,787.0,2.7,111,71.0,5.05,501.08
2116,724.3,1.95,137,31.3,6.2,492.11
2117,738.6,1.61,95,35.1,4.12,474.54
2118,700.3,2.44,324,63.1,5.35,489.64
2119,621.9,2.35,37,44.6,4.79,415.58
2120,740.4,1.85,131,77.6,5.5,499.59
2121,870.6,0.72,260,51.8,5.06,592.99
2122,789.2,2.82,70,51.5,5.03,497.65
2123,749.0,1.64,412,63.9,7.55,547.57
2124,736.9,1.41,180,68.4,7.93,553.84
2125,751.1,2.07,452,53.8,4.74,531.94
2126,777.4,2.18,281,40.7,4.08,515.01
2127,691.0,1.03,334,68.7,5.24,512.06
2128,805.7,2.59,309,46.0,5.6,539.78
2129,785.8,1.22,122,38.8,6.32,524.3
2130,785.9,0.97,203,61.6,2.76,508.79
2131,771.9,1.52,403,34.5,4.59,537.23
2132,751.0,2.33,440,78.6,4.49,547.96
2133,783.6,2.91,28,61.6,4.19,488.98
2134,779.6,2.52,349,79.3,3.5,536.66
2135,732.3,2.85,102,46.9,4.78,465.63
2136,721.3,0.85,226,78.6,5.7,518.89
2137,755.1,0.68,474,37.3,3.76,542.61
2138,827.5,1.89,188,32.0,5.09,542.99
2139,688.0,1.23,406,31.6,5.42,524.04
2140,676.6,2.57,200,53.2,6.64,476.9
2141,758.2,2.18,409,34.2,5.64,520.02
2142,752.5,2.93,446,55.6,4.91,533.57
2143,758.7,1.14,172,46.4,5.31,532.79
2144,762.2,1.71,109,46.8,5.76,516.19
2145,738.8,1.75,196,61.8,5.12,522.99
2146,824.5,1.1,304,38.2,5.79,550.61
2147,670.0,1.98,76,68.3,4.67,448.46
2148,708.6,1.61,82,59.1,6.2,492.24
2149,744.8,1.62,241,75.7,4.49,506.29
2150,667.8,1.41,198,48.2,4.31,480.98
2151,741.2,0.54,59,79.1,4.53,499.04
2152,833.1,1.81,318,58.8,4.03,568.31
2153,751.0,1.34,311,78.7,5.75,535.23
2154,761.5,0.5,317,31.4,3.43,544.22
2155,687.0,1.27,133,66.4,4.57,473.26
2156,719.2,1.2,166,70.8,5.32,484.85
2157,731.2,1.48,270,32.7,5.01,511.41
2158,734.1,0.83,204,58.9,4.96,526.07
2159,814.1,1.77,339,70.1,4.86,548.93
2160,777.9,2.23,360,58.1,5.16,554.04
2161,694.4,2.08,340,33.2,4.0,498.07
2162,762.3,2.51,265,64.7,4.52,510.01
2163,774.9,1.63,474,33.0,4.74,552.86
2164,807.0,1.8,433,70.9,5.46,572.4
2165,829.0,2.53,498,32.2,5.94,579.96
2166,699.2,1.57,209,36.9,4.87,495.3
2167,709.5,2.25,381,43.8,5.73,494.34
2168,687.1,1.59,395,61.7,5.09,528.2
2169,738.3,1.54,77,78.8,4.93,511.85
2170,773.3,2.4,455,35.9,5.78,534.23
2171,799.4,0.94,89,37.1,3.55,530.28
2172,746.2,1.35,242,48.4,5.44,542.03
2173,734.0,1.06,195,71.8,4.31,495.24
2174,757.6,1.4,114,53.4,6.04,525.16
2175,708.2,1.08,478,46.1,4.34,537.45
2176,854.5,1.95,334,58.1,4.69,573.39
2177,669.6,2.5,451,43.0,3.44,489.63
2178,759.2,2.47,428,50.1,5.37,536.12
2179,851.2,1.41,151,46.6,4.58,555.54
2180,750.3,2.97,408,70.2,4.46,498.5
2181,740.5,1.98,399,76.2,5.03,526.64
2182,732.1,1.5,281,68.0,3.33,518.62
2183,741.0,2.59,352,52.0,4.31,499.51
2184,818.6,2.32,133,55.2,4.81,523.65
2185,639.4,2.37,232,36.3,6.46,452.71
2186,826.7,0.99,499,67.3,5.18,591.26
2187,678.8,1.67,183,59.8,5.4,486.6
2188,736.7,2.65,200,75.1,5.06,496.16
2189,728.5,1.76,149,40.0,8.0,499.12
2190,779.4,2.21,306,68.0,5.9,533.89
2191,670.1,1.97,128,64.2,2.97,462.58
2192,773.1,2.61,284,43.3,5.22,528.72
2193,851.2,1.21,85,63.4,6.09,563.02
2194,681.8,1.94,118,76.2,3.55,464.46
2195,759.5,0.81,128,75.9,5.1,520.85
2196,716.9,2.23,470,66.0,4.46,533.82
2197,771.3,2.33,378,32.4,4.15,518.24
2198,751.0,0.61,267,73.6,6.34,540.81
2199,717.9,2.19,29,62.9,4.34,449.28
2200,774.4,1.54,128,45.5,4.35,491.68
2201,840.2,0.81,360,39.4,4.1,565.91
2202,740.5,1.55,146,35.8,3.91,506.15
2203,786.0,0.99,286,32.5,4.45,565.86
2204,685.3,1.54,264,67.7,4.4,501.98
2205,702.2,1.46,273,41.8,3.81,472.25
2206,773.6,2.35,176,31.2,4.97,492.88
2207,824.2,2.44,174,49.9,2.47,497.54
2208,767.8,2.02,38,54.1,5.1,493.78
2209,734.3,0.56,476,38.5,5.98,551.2
2210,750.0,2.83,44,32.2,4.47,472.6
2211,687.5,2.22,246,39.5,5.35,478.09
2212,780.2,0.59,303,64.0,4.75,563.72
2213,794.1,2.55,99,34.1,7.35,527.93
2214,727.4,1.0,212,57.8,5.97,536.07
2215,726.5,1.95,237,37.3,4.13,483.25
2216,763.3,1.67,428,39.8,6.29,562.74
2217,728.2,1.55,77,49.7,7.41,501.55
2218,746.7,2.72,140,35.0,4.78,480.85
2219,855.0,1.59,374,38.7,5.49,573.77
2220,737.6,0.69,120,47.4,6.01,522.45
2221,732.1,2.87,21,46.5,3.88,466.77
2222,717.6,2.8,297,67.5,3.17,492.08
2223,787.2,2.21,184,33.7,5.16,519.05
2224,740.9,1.67,328,73.0,4.18,520.09
2225,717.5,0.73,163,70.8,4.78,509.64
2226,816.1,2.48,52,68.3,6.02,539.81
2227,821.0,0.69,372,45.5,5.57,574.04
2228,720.0,0.67,214,71.1,5.56,529.33
2229,656.7,1.84,181,39.1,4.87,472.05
2230,800.4,0.9,303,36.2,4.36,549.06
2231,715.8,0.52,294,32.2,4.29,523.37
2232,789.5,1.56,320,77.0,6.74,588.99
2233,651.5,0.84,61,45.4,7.26,480.03
2234,794.6,0.9,124,75.9,6.08,547.06
2235,689.4,0.69,28,43.6,4.72,476.47
2236,786.5,1.01,44,75.4,3.89,520.87
2237,750.7,2.29,57,75.2,7.72,528.06
2238,702.3,2.52,242,76.2,5.45,505.23
2239,729.6,1.63,228,54.8,5.43,514.38
2240,784.3,1.77,119,73.3,4.4,496.72
2241,755.3,0.58,263,77.5,5.69,535.99
2242,779.2,0.67,197,46.2,4.79,546.19
2243,848.8,1.14,40,50.9,3.94,529.58
2244,671.8,1.86,268,66.0,4.66,493.11
2245,830.9,2.35,172,45.0,5.4,544.69
2246,755.2,2.01,353,67.7,6.53,542.63
2247,705.1,1.48,317,33.7,3.43,482.47
2248,683.5,0.8,80,56.2,3.76,469.49
2249,740.5,2.45,316,36.1,4.57,504.29
2250,796.1,1.41,65,44.7,4.06,496.75
2251,743.6,2.34,108,42.9,5.0,494.99
2252,825.6,1.78,30,71.9,4.51,531.75
2253,677.4,2.35,394,39.7,5.12,492.18
2254,749.4,2.77,117,70.4,5.17,493.17
2255,687.4,2.8,62,69.7,3.65,457.44
2256,768.2,1.84,15,54.9,4.79,487.01
2257,794.3,1.78,240,41.7,4.2,522.1
2258,729.0,1.16,491,41.3,6.14,552.71
2259,619.8,2.84,91,53.2,4.32,411.45
2260,759.9,1.64,455,30.4,4.5,536.53
2261,771.8,0.82,226,56.6,4.09,515.29
2262,770.2,1.58,344,77.6,4.97,542.01
2263,811.8,0.82,56,37.7,4.85,529.18
2264,696.4,1.76,361,58.7,6.48,512.57
2265,784.0,1.9,371,78.1,4.97,563.53
2266,809.6,1.34,250,73.0,6.35,570.82
2267,661.1,0.68,187,72.5,6.54,502.36
2268,766.0,2.86,91,71.1,4.65,484.04
2269,724.8,2.43,296,45.5,4.82,482.18
2270,745.9,2.6,201,74.5,4.43,490.23
2271,767.4,1.42,422,77.1,3.77,546.65
2272,725.6,2.4,152,54.8,7.36,504.3
2273,716.2,1.71,323,47.7,4.43,497.48
2274,751.7,1.0,288,50.7,4.1,542.07
2275,695.6,0.81,431,46.7,3.94,528.72
2276,695.7,1.36,50,40.6,4.37,461.58
2277,784.0,0.84,468,60.9,4.7,577.38
2278,692.6,3.0,280,58.1,6.24,500.8
2279,783.3,0.62,96,53.1,6.81,549.34
2280,773.1,1.6,12,34.8,2.92,477.2
2281,663.7,1.63,220,69.8,6.59,475.95
2282,716.1,1.25,10,38.7,6.68,490.48
2283,809.7,1.93,481,35.7,4.38,551.72
2284,700.9,0.87,84,61.2,4.09,476.56
2285,726.8,2.46,487,49.9,5.52,524.79
2286,773.1,1.33,404,33.0,4.36,539.53
2287,789.2,1.98,453,47.8,6.5,563.23
2288,737.4,2.29,240,68.6,5.49,496.75
2289,720.1,2.72,458,60.8,4.25,492.04
2290,821.1,2.59,85,48.1,5.29,526.07
2291,836.9,2.02,269,39.6,5.07,568.57
2292,798.9,1.47,34,61.6,3.08,504.16
2293,754.3,1.76,209,74.4,4.01,499.85
2294,709.6,2.42,472,62.3,4.34,522.02
2295,708.5,2.69,436,70.6,5.38,534.89
2296,776.1,0.76,103,56.1,5.57,543.71
2297,770.9,1.46,433,65.9,6.21,579.68
2298,820.1,2.44,361,74.8,4.3,539.34
2299,782.5,1.58,117,68.7,3.52,503.92
2300,674.8,1.33,364,75.5,4.15,513.61
2301,802.6,1.53,478,51.6,4.29,552.87
2302,700.1,2.01,104,75.2,4.2,466.34
2303,730.8,3.0,365,61.1,4.98,507.16
2304,762.5,1.73,100,73.5,5.7,521.38
2305,849.8,1.02,53,32.0,4.59,537.73
2306,900.0,0.91,465,62.9,5.5,629.73
2307,780.3,0.61,452,72.4,5.97,586.72
2308,740.8,1.9,393,38.7,4.99,521.84
2309,776.7,1.86,32,63.1,3.86,489.02
2310,794.4,1.01,199,71.2,4.72,542.91
2311,734.0,2.24,32,44.4,6.02,477.4
2312,839.8,2.35,243,50.3,5.63,561.18
2313,761.5,1.15,195,58.5,3.93,519.91
2314,774.9,1.36,320,56.0,6.18,552.5
2315,783.3,2.98,426,32.0,4.67,524.21
2316,771.1,1.44,342,34.9,3.93,539.0
2317,791.9,2.4,72,35.0,4.97,496.31
2318,719.1,1.63,112,43.1,3.48,480.19
2319,722.1,2.48,325,42.3,5.65,517.2
2320,695.0,2.42,492,67.1,6.14,529.38
2321,772.0,2.17,198,58.6,4.0,491.13
2322,788.9,2.64,345,68.2,4.83,530.67
2323,772.9,2.85,469,33.5,5.87,531.06
2324,833.7,1.95,198,54.3,3.67,522.49
2325,749.7,1.09,360,46.2,3.78,538.81
2326,783.4,1.5,78,72.5,4.76,521.76
2327,695.4,2.4,123,65.4,4.72,442.51
2328,730.6,2.13,113,73.5,5.05,491.57
2329,784.8,0.94,117,32.3,4.89,516.11
2330,792.5,0.63,354,66.0,3.67,566.62
2331,735.3,2.21,30,57.0,3.38,457.71
2332,746.4,1.13,396,71.3,3.68,538.72
2333,674.1,1.75,441,55.4,5.5,513.67
2334,732.1,2.37,275,57.0,5.95,503.51
2335,794.5,1.91,352,32.6,4.91,530.93
2336,778.8,0.71,218,63.4,5.71,570.63
2337,775.0,0.96,179,43.7,4.39,527.99
2338,752.5,1.05,492,31.0,4.63,549.52
2339,750.4,1.14,482,33.3,5.92,569.16
2340,717.0,1.91,203,77.9,5.47,521.9
2341,784.9,1.76,356,47.3,5.18,560.39
2342,771.0,1.01,439,73.4,4.85,550.31
2343,774.6,0.67,402,78.0,3.84,559.23
2344,723.7,0.93,132,77.2,5.09,507.35
2345,642.3,2.96,186,74.1,5.31,469.57
2346,804.9,1.67,13,74.7,7.21,545.8
2347,726.1,2.67,197,44.5,4.92,470.33
2348,706.9,2.62,355,37.6,4.63,471.75
2349,784.7,1.78,361,62.0,5.28,566.33
2350,730.4,2.27,38,54.4,6.45,487.49
2351,803.0,0.98,95,34.9,5.35,531.87
2352,780.9,2.22,56,63.9,4.82,498.33
2353,784.2,1.18,86,58.1,4.21,507.51
2354,681.7,2.58,352,73.2,4.17,484.44
2355,810.6,0.71,200,60.5,5.78,570.44
2356,763.1,2.43,40,58.7,4.71,486.17
2357,731.5,0.75,316,52.0,7.01,558.9
2358,757.2,2.7,178,53.1,5.08,504.93
2359,661.2,1.26,45,77.7,5.49,479.16
2360,770.4,2.14,254,36.9,4.45,513.94
2361,698.5,1.72,433,52.3,4.18,507.45
2362,682.4,1.42,360,62.8,5.76,502.13
2363,673.9,2.11,197,51.7,6.2,490.72
2364,805.6,2.87,24,44.2,4.01,490.04
2365,718.5,0.6,343,44.4,4.27,520.33
2366,826.7,2.8,492,41.7,4.34,545.01
2367,723.2,2.02,225,47.2,5.68,514.9
2368,664.6,2.52,167,73.6,5.36,465.13
2369,694.2,1.46,423,55.3,4.9,535.55
2370,811.8,1.68,164,42.0,4.22,505.45
2371,742.2,2.67,250,49.2,6.61,515.55
2372,722.6,1.54,305,35.3,5.98,504.75
2373,758.0,1.84,471,75.2,3.0,527.0
2374,775.1,0.55,54,50.4,5.86,526.67
2375,805.9,0.9,468,79.0,4.71,591.34
2376,822.4,2.1,184,47.4,4.4,532.63
2377,732.0,2.29,355,71.8,5.77,519.16
2378,683.7,1.96,65,42.8,5.35,455.55
2379,729.3,0.86,63,33.8,5.09,477.4
2380,763.0,1.61,350,31.6,4.1,517.83
2381,701.8,1.39,274,60.3,6.01,506.56
2382,702.1,1.74,383,45.6,3.76,511.07
2383,767.2,2.68,248,52.2,5.77,512.92
2384,747.6,2.44,330,70.9,5.09,516.51
2385,751.6,0.71,117,42.4,4.96,516.47
2386,712.1,2.73,207,45.4,4.45,487.18
2387,738.5,1.68,394,72.3,5.16,549.8
2388,703.8,2.36,223,54.6,3.62,496.4
2389,794.5,0.85,255,71.4,6.23,552.18
2390,801.8,2.18,406,48.7,4.6,549.74
2391,657.7,1.09,47,49.9,4.31,453.32
2392,703.5,1.6,182,38.4,4.8,466.58
2393,675.2,0.54,114,75.8,4.63,476.06
2394,717.5,0.88,49,74.8,6.24,516.4
2395,745.8,0.73,488,79.2,3.27,556.08
2396,677.5,1.1,408,50.1,4.93,516.96
2397,703.9,0.75,443,70.9,6.58,556.79
2398,699.8,2.23,139,50.7,5.07,457.06
2399,760.4,0.57,190,52.7,5.19,522.74
2400,753.5,2.04,488,71.5,4.97,541.79
2401,713.9,0.85,419,38.9,4.35,533.78
2402,758.8,2.86,203,41.0,5.54,501.58
2403,722.7,2.83,340,45.7,4.81,504.92
2404,736.4,1.06,298,69.4,5.14,551.84
2405,833.7,2.04,475,48.6,5.55,565.0
2406,817.0,0.57,350,47.9,5.44,578.12
2407,685.0,2.83,68,79.9,5.1,456.14
2408,791.5,1.81,360,49.2,5.9,546.39
2409,790.6,0.61,35,42.4,6.01,536.91
2410,692.6,1.36,487,61.2,5.78,562.7
2411,790.9,0.69,112,70.1,6.06,538.55
2412,826.9,1.48,30,33.5,6.36,541.96
2413,693.9,2.17,442,60.9,3.79,489.73
2414,704.1,1.67,89,31.8,7.76,478.33
2415,800.9,1.46,336,56.3,5.16,550.62
2416,763.6,0.8,479,42.8,4.76,562.99
2417,777.6,1.11,208,45.3,5.17,537.49
2418,767.0,0.75,331,53.4,3.52,554.66
2419,769.5,2.52,46,76.4,5.23,500.34
2420,683.7,0.84,23,65.5,4.21,470.12
2421,802.4,1.99,465,76.8,5.07,577.65
2422,808.5,1.36,230,63.0,5.14,552.95
2423,738.5,1.06,373,30.4,4.41,526.03
2424,747.8,2.1,400,43.3,3.2,509.23
2425,673.4,1.64,175,75.3,5.27,489.41
2426,775.7,1.5,182,62.2,5.0,531.74
2427,778.6,1.98,159,79.1,5.19,521.0
2428,746.9,1.73,181,37.8,4.58,514.67
2429,806.2,1.26,90,44.8,4.34,531.2
2430,733.3,1.9,345,48.1,4.78,525.16
2431,778.2,2.17,234,46.3,5.14,511.85
2432,699.0,0.57,368,42.6,5.67,523.87
2433,748.8,1.66,44,52.2,4.19,501.17
2434,741.3,0.64,367,62.1,5.79,563.16
2435,761.3,0.97,197,45.6,5.65,516.95
2436,731.5,1.9,233,34.0,5.52,507.41
2437,743.4,2.67,140,65.4,6.83,515.26
2438,791.3,2.71,383,53.0,3.24,511.92
2439,728.2,0.67,460,57.8,6.95,576.47
2440,669.7,1.55,465,52.8,4.35,504.6
2441,837.5,1.96,360,74.5,5.24,588.9
2442,819.1,0.87,320,57.9,5.04,569.98
2443,685.4,2.41,18,76.2,3.66,430.15
2444,784.5,2.36,78,55.5,5.53,513.15
2445,724.9,2.76,37,44.6,5.86,458.97
2446,763.2,0.52,408,47.8,5.42,556.89
2447,764.7,1.04,378,56.1,3.52,519.65
2448,738.3,2.57,484,56.5,3.76,509.77
2449,710.8,2.18,243,64.4,4.3,502.41
2450,715.5,2.74,40,41.2,6.27,470.74
2451,704.2,0.64,324,62.9,5.1,522.92
2452,708.4,1.99,241,68.9,3.0,471.81
2453,746.6,1.92,347,63.8,7.06,546.84
2454,714.2,0.59,495,54.1,6.5,558.5
2455,784.1,1.78,63,79.6,3.91,530.73
2456,824.4,2.02,461,50.2,4.59,567.79
2457,721.0,0.98,478,35.3,4.71,540.51
2458,762.0,1.18,184,71.1,5.52,525.63
2459,775.0,2.1,307,40.6,5.2,528.27
2460,773.6,1.67,288,65.7,4.32,535.4
2461,753.8,2.65,374,38.9,6.31,518.48
2462,787.1,1.36,95,30.8,6.74,536.12
2463,774.1,1.17,74,38.0,4.95,512.55
2464,688.1,2.96,98,48.8,4.43,424.1
2465,793.5,2.78,63,35.3,6.6,516.1
2466,794.4,0.57,127,39.9,2.81,522.91
2467,711.8,2.43,370,68.2,4.11,502.63
2468,751.9,0.78,485,68.5,5.98,566.46
2469,784.2,0.57,238,70.9,6.39,589.59
2470,739.5,1.18,276,72.1,4.68,520.12
2471,803.6,1.17,328,51.0,7.28,548.16
2472,868.2,2.55,31,73.4,2.56,521.44
2473,710.7,2.28,447,56.3,6.09,523.74
2474,680.9,2.95,256,53.5,5.09,455.09
2475,765.2,2.28,482,65.9,4.51,540.26
2476,786.1,1.55,382,40.7,5.88,555.82
2477,738.5,2.25,478,69.5,4.61,524.94
2478,822.7,3.0,429,51.5,3.91,543.91
2479,683.1,2.28,323,36.4,5.12,488.13
2480,784.6,2.4,29,36.0,4.95,491.16
2481,719.7,2.85,409,38.2,4.22,486.39
2482,836.0,0.78,485,74.5,4.43,603.67
2483,849.6,2.26,193,79.5,4.59,534.29
2484,711.7,2.63,358,47.8,3.37,488.43
2485,722.5,2.89,59,44.6,3.31,451.22
2486,793.0,1.03,99,40.9,5.93,531.75
2487,730.6,1.76,113,71.2,3.58,479.05
2488,747.7,2.2,203,40.5,4.98,488.0
2489,751.3,1.12,392,76.2,3.13,528.66
2490,654.0,2.0,378,63.4,6.51,492.71
2491,749.3,1.14,83,74.9,4.73,498.89
2492,715.5,1.33,278,57.7,6.12,509.79
2493,725.3,1.6,24,64.5,7.11,514.96
2494,822.2,1.82,338,61.0,3.71,557.68
2495,687.2,1.62,292,71.6,4.32,519.02
2496,790.7,1.73,401,71.8,5.87,568.19
2497,736.1,1.25,207,59.5,4.37,516.56
2498,736.0,0.9,493,61.6,5.29,556.51
2499,789.5,0.62,443,76.1,5.1,596.63
2500,767.0,0.99,353,76.5,2.66,533.88
2501,778.5,1.95,204,63.2,5.94,541.59
2502,798.4,2.47,419,30.4,4.86,543.28
2503,733.4,0.92,45,35.2,3.81,501.21
2504,719.4,0.77,414,72.9,6.55,550.94
2505,695.7,2.37,214,34.2,4.3,479.77
2506,708.7,1.26,317,40.7,4.24,503.19
2507,897.5,2.88,148,41.5,3.2,527.65
2508,812.2,2.29,273,60.0,5.6,545.99
2509,682.4,1.32,66,58.8,5.04,450.26
2510,683.9,1.22,119,44.5,3.26,471.92
2511,774.1,1.81,183,40.4,5.25,524.54
2512,777.4,0.7,215,68.2,5.83,570.72
2513,777.4,0.79,234,76.8,5.46,542.05
2514,737.3,0.94,395,32.6,6.32,539.52
2515,743.7,2.44,73,36.7,4.4,460.77
2516,766.4,1.78,261,62.1,6.77,546.23
2517,754.3,0.53,445,70.2,5.0,560.78
2518,639.0,2.18,458,69.6,5.8,488.26
2519,738.5,1.56,276,66.0,6.28,535.93
2520,707.4,1.78,399,74.4,7.65,554.16
2521,758.8,1.04,361,40.9,3.92,533.79
2522,899.3,1.88,472,35.4,4.26,593.4
2523,768.4,2.95,341,60.8,5.19,533.48
2524,734.3,0.68,329,71.1,4.63,534.3
2525,796.1,1.21,366,59.1,4.2,551.8
2526,774.1,1.11,102,78.1,3.48,518.17
2527,771.0,1.12,192,69.8,5.13,527.39
2528,780.3,1.45,309,65.0,5.8,562.26
2529,852.8,2.55,223,33.0,5.35,536.82
2530,693.5,2.78,151,35.4,3.37,439.89
2531,773.7,1.01,92,69.2,3.39,498.64
2532,703.7,1.86,398,39.9,5.06,518.14
2533,777.8,2.09,108,31.4,4.76,513.48
2534,704.1,1.8,290,75.5,4.68,501.77
2535,729.1,1.59,443,74.5,4.72,540.62
2536,735.2,0.98,111,40.9,4.5,501.6
2537,798.8,1.72,338,69.0,5.15,558.21
2538,795.9,1.5,387,32.4,6.1,550.47
2539,687.7,2.49,80,44.3,4.07,440.84
2540,752.7,2.41,382,61.2,5.45,537.63
2541,714.5,0.83,347,68.2,5.08,543.11
2542,687.1,0.72,395,30.5,3.22,510.28
2543,739.1,2.77,381,46.3,4.34,505.4
2544,734.6,1.84,275,40.7,5.01,516.75
2545,871.3,2.64,139,79.9,7.16,554.63
2546,771.6,0.65,69,63.5,4.27,497.72
2547,681.1,1.82,310,50.3,4.39,472.53
2548,721.8,1.85,401,33.8,5.41,547.83
2549,801.1,2.65,451,59.9,4.89,572.19
2550,854.4,0.74,128,62.1,3.74,540.08
2551,670.7,1.1,272,70.8,3.26,481.14
2552,656.0,1.52,492,44.4,3.14,484.91
2553,843.5,2.66,480,79.1,5.85,599.72
2554,769.5,2.85,337,52.0,3.97,517.26
2555,706.6,2.98,30,44.8,7.37,466.94
2556,776.7,2.9,106,47.4,4.47,494.2
2557,618.2,0.51,312,56.0,5.77,498.76
2558,750.2,0.62,10,76.8,3.84,482.71
2559,766.4,0.87,405,66.8,5.19,566.56
2560,796.2,1.37,212,58.9,6.41,552.2
2561,699.3,2.57,441,38.1,4.65,486.65
2562,754.3,2.73,137,37.5,3.91,471.62
2563,703.7,0.97,359,55.1,4.63,521.16
2564,762.8,2.05,141,66.4,4.78,507.91
2565,705.2,2.79,43,67.6,4.01,449.74
2566,729.6,1.66,96,41.3,6.65,498.77
2567,700.2,0.76,41,35.0,5.02,480.59
2568,782.6,1.64,268,49.2,6.28,529.35
2569,792.9,1.44,485,75.9,6.07,601.13
2570,738.3,1.94,333,57.3,6.7,530.74
2571,751.9,1.6,322,46.0,3.74,521.35
2572,677.6,0.54,379,46.2,5.64,537.97
2573,735.0,2.98,469,36.6,4.5,521.08
2574,747.5,1.86,417,53.7,4.86,536.27
2575,881.0,1.68,42,69.6,3.92,545.91
2576,694.4,2.89,396,78.4,7.33,518.32
2577,823.2,0.89,397,55.1,4.26,558.43
2578,799.8,0.97,295,38.4,5.65,546.19
2579,764.0,2.52,335,64.1,3.71,516.16
2580,837.9,1.15,58,67.8,4.75,540.31
2581,768.6,2.5,295,33.6,6.06,508.7
2582,769.5,1.18,465,72.5,5.35,570.87
2583,747.3,0.58,91,71.5,4.06,518.44
2584,811.2,1.79,153,53.6,4.28,537.98
2585,804.8,0.99,446,58.0,5.16,584.51
2586,718.7,2.39,399,65.7,4.98,507.89
2587,684.0,2.1,289,63.8,3.69,485.14
2588,739.9,2.81,380,30.8,4.62,506.19
2589,710.0,2.46,101,36.1,4.85,455.72
2590,746.8,0.95,233,38.1,5.57,517.06
2591,811.9,2.5,226,67.8,6.01,551.5
2592,727.1,2.1,165,52.0,5.67,499.83
2593,747.9,2.17,286,57.3,5.34,520.62
2594,752.9,2.58,17,68.6,5.36,485.49
2595,792.4,1.93,45,47.0,5.48,517.38
2596,637.7,1.67,133,67.4,5.96,460.27
2597,719.7,2.09,18,52.1,6.69,483.29
2598,760.6,1.24,49,48.9,4.03,503.48
2599,810.0,0.96,478,46.7,4.55,578.18
2600,725.4,2.04,188,78.2,6.01,501.53
2601,656.2,1.08,138,68.6,4.0,459.92
2602,781.0,0.7,456,31.0,3.7,555.32
2603,718.2,0.5,382,77.9,4.36,512.21
2604,690.5,2.02,77,68.8,5.07,487.47
2605,718.8,1.41,467,37.5,4.52,524.41
2606,740.8,2.38,163,33.8,5.37,496.17
2607,719.8,1.44,433,45.4,4.72,532.11
2608,639.7,1.72,12,61.2,4.65,440.85
2609,794.9,1.52,373,60.8,3.33,529.51
2610,813.7,2.13,387,43.8,5.6,548.54
2611,782.6,1.39,274,52.3,5.61,530.07
2612,693.1,2.91,425,40.6,4.81,501.23
2613,739.9,2.84,460,32.5,5.15,502.03
2614,749.7,2.62,13,55.8,5.15,470.71
2615,779.9,2.8,271,47.3,6.05,537.79
2616,783.4,1.62,338,57.1,5.22,536.14
2617,713.3,1.84,291,77.3,3.66,500.23
2618,754.1,2.36,395,37.2,6.91,546.97
2619,772.9,2.24,459,30.1,6.29,549.69
2620,822.8,2.73,379,33.8,5.05,547.72
2621,785.2,2.29,94,53.1,5.15,512.65
2622,789.5,2.99,351,65.3,5.29,551.7
2623,754.2,1.37,396,59.0,4.23,527.72
2624,820.5,2.58,44,54.7,6.11,517.02
2625,770.5,2.24,123,47.7,6.01,517.22
2626,706.9,2.23,68,45.5,4.91,463.96
2627,820.2,1.31,47,48.8,5.67,529.87
2628,784.9,2.46,42,60.6,6.04,518.15
2629,727.8,2.75,386,38.4,5.23,484.38
2630,726.0,1.05,408,68.6,3.97,542.09
2631,764.8,2.06,212,58.8,5.69,537.65
2632,773.2,1.48,211,43.5,5.06,522.89
2633,759.9,2.97,109,55.1,3.91,464.34
2634,765.6,1.7,407,78.1,6.03,560.41
2635,835.0,1.07,459,31.0,5.24,591.89
2636,803.6,1.45,310,40.0,4.77,531.21
2637,759.5,2.13,313,52.4,7.07,541.4
2638,797.1,0.69,437,61.9,4.45,593.58
2639,698.4,2.01,127,40.6,4.06,476.66
2640,769.9,2.83,430,76.6,5.16,543.86
2641,840.5,2.63,252,62.1,4.84,549.77
2642,739.1,0.67,38,73.9,4.44,503.71
2643,707.6,2.98,236,46.5,6.41,489.66
2644,717.4,2.25,349,71.4,3.88,500.84
2645,695.5,0.91,222,48.9,5.31,505.37
2646,710.8,0.53,427,42.6,5.09,520.75
2647,731.5,0.93,196,75.6,4.99,498.41
2648,679.7,2.6,122,34.6,6.16,455.01
2649,750.8,0.55,382,77.1,7.05,584.97
2650,795.1,1.08,308,52.9,5.0,560.22
2651,704.6,2.39,170,79.6,5.89,500.05
2652,826.0,1.97,28,57.0,5.04,523.55
2653,775.5,2.46,273,67.9,5.08,537.14
2654,801.5,2.37,168,30.4,5.45,532.54
2655,717.1,0.63,20,54.8,5.17,505.24
2656,792.7,2.73,17,66.9,4.09,482.48
2657,695.4,1.07,162,69.1,6.33,507.95
2658,794.5,1.88,122,37.9,5.45,515.13
2659,758.6,2.11,157,50.9,4.95,518.11
2660,777.7,0.92,47,51.0,4.37,522.93
2661,691.2,2.94,144,35.2,5.29,462.56
2662,705.2,1.72,382,52.2,4.76,517.78
2663,779.9,0.64,470,70.4,5.18,582.3
2664,702.6,2.84,432,45.0,4.81,488.22
2665,773.2,1.97,244,51.6,4.17,526.74
2666,681.6,2.25,264,78.0,6.61,520.51
2667,792.4,1.81,83,31.6,4.06,506.85
2668,688.4,2.59,337,59.6,4.22,480.94
2669,777.6,0.58,371,67.2,5.68,563.55
2670,781.3,1.17,383,68.0,5.31,559.56
2671,715.2,1.67,285,65.8,5.66,502.8
2672,779.1,0.69,218,66.3,5.5,540.58
2673,763.0,2.26,276,33.0,4.25,505.27
2674,723.1,1.48,153,56.7,5.67,507.09
2675,699.6,1.18,494,69.1,4.36,515.98
2676,651.9,0.51,51,34.7,6.05,473.85
2677,767.5,2.3,233,30.6,4.0,516.31
2678,671.8,2.58,355,70.7,4.21,484.02
2679,754.8,1.49,61,65.6,4.24,502.02
2680,736.8,1.91,430,50.6,5.31,536.35
2681,784.0,1.07,317,77.0,4.95,540.11
2682,734.9,2.06,146,68.3,5.11,482.71
2683,733.5,0.53,428,78.4,4.88,560.55
2684,786.6,1.72,204,76.5,4.95,540.95
2685,766.8,2.11,104,54.1,4.52,508.28
2686,765.8,2.8,499,67.7,3.49,542.58
2687,773.5,1.45,400,63.5,3.6,535.64
2688,673.2,2.41,267,70.6,4.2,481.89
2689,787.8,1.99,34,69.4,4.68,515.44
2690,780.6,2.82,241,37.7,6.46,537.59
2691,699.2,1.5,341,41.7,3.98,513.35
2692,737.8,1.3,103,43.3,3.91,485.03
2693,748.0,2.72,359,70.9,3.18,502.84
2694,743.3,0.62,230,70.5,5.5,539.24
2695,766.7,0.84,306,54.8,4.79,535.28
2696,821.6,0.71,212,59.0,3.71,561.87
2697,804.1,2.61,445,71.3,4.97,554.04
2698,684.4,0.53,352,45.6,4.42,522.93
2699,781.1,2.65,90,32.5,6.3,519.35
2700,816.4,1.63,214,54.1,4.33,536.12
2701,769.3,0.51,490,75.7,6.7,575.75
2702,804.5,1.5,458,69.5,5.17,575.52
2703,850.6,0.97,389,48.3,4.61,599.53
2704,801.2,2.06,497,33.2,4.74,571.11
2705,762.5,2.2,86,61.8,5.29,499.86
2706,802.3,1.72,47,71.7,4.73,520.22
2707,757.2,0.6,204,63.2,4.07,525.09
2708,751.2,2.14,473,51.3,5.63,537.44
2709,732.4,2.61,51,36.2,5.99,459.36
2710,828.2,2.3,464,75.5,6.03,589.2
2711,709.1,2.57,191,43.8,4.84,470.72
2712,826.6,1.0,254,41.2,6.09,571.66
2713,775.0,2.72,204,70.8,5.32,522.13
2714,680.0,1.31,87,79.1,4.71,485.64
2715,768.4,0.53,329,63.0,4.44,543.92
2716,645.0,2.61,473,61.2,5.92,483.71
2717,781.3,2.85,397,46.0,3.32,522.08
2718,794.3,2.14,424,31.0,6.39,564.89
2719,720.4,1.08,134,39.6,5.13,491.93
2720,756.2,1.13,150,59.2,4.4,523.49
2721,847.7,1.67,36,37.6,4.29,526.22
2722,724.7,2.74,324,74.2,4.56,493.77
2723,697.1,0.87,330,39.4,5.71,508.8
2724,824.1,2.56,457,56.1,5.31,571.33
2725,848.1,1.23,290,55.6,4.54,572.89
2726,750.2,2.52,302,60.2,4.46,512.79
2727,800.6,2.8,251,46.4,5.31,514.07
2728,817.1,1.57,245,73.7,7.74,555.51
2729,712.9,1.41,212,52.2,7.73,529.96
2730,725.7,2.51,466,65.0,6.05,544.52
2731,811.5,1.82,389,61.8,4.23,539.77
2732,834.3,2.21,336,35.9,5.75,556.25
2733,778.1,2.06,151,61.1,4.26,535.24
2734,706.0,0.88,103,57.5,4.77,497.41
2735,849.4,2.61,161,74.9,6.37,568.35
2736,723.5,0.99,262,74.0,4.76,537.42
2737,733.2,2.83,76,37.5,4.72,461.26
2738,767.1,1.13,185,34.1,4.49,540.55
2739,827.7,2.33,112,44.7,4.18,500.28
2740,792.7,1.21,100,79.3,4.74,535.77
2741,770.7,1.29,202,31.1,5.74,531.72
2742,773.2,1.28,175,63.6,5.68,522.89
2743,752.2,2.37,99,60.4,5.29,487.46
2744,777.9,1.89,335,62.3,6.18,543.88
2745,623.5,2.71,324,40.9,3.28,422.46
2746,735.2,1.27,499,41.3,5.05,530.79
2747,762.1,2.23,277,51.5,4.29,508.86
2748,692.4,2.38,447,34.8,6.98,512.7
2749,769.3,0.88,60,33.7,4.74,502.34
2750,739.8,1.5,175,34.4,5.74,517.12
2751,837.8,1.71,183,58.6,6.0,551.46
2752,828.7,1.39,236,49.9,4.63,554.89
2753,726.7,1.31,275,44.7,5.93,521.93
2754,742.5,2.22,18,45.8,6.04,482.62
2755,746.3,1.04,96,40.4,5.79,497.39
2756,727.4,2.27,103,50.6,4.48,474.66
2757,759.8,2.84,61,40.2,3.57,460.61
2758,712.1,1.91,188,64.9,7.14,520.89
2759,693.5,2.03,287,36.2,4.71,491.54
2760,781.1,0.67,248,77.4,6.0,555.67
2761,781.5,2.66,82,34.5,4.54,479.9
2762,709.8,1.21,348,77.2,7.1,533.73
2763,794.8,2.04,81,71.7,4.5,510.49
2764,718.4,2.95,383,64.0,5.1,514.83
2765,762.7,1.99,77,75.6,7.32,535.53
2766,791.0,2.31,14,37.0,3.4,454.47
2767,748.3,1.61,348,38.8,6.21,552.01
2768,772.7,0.65,247,42.6,4.97,539.32
2769,724.2,2.49,475,42.2,5.71,510.87
2770,740.2,0.59,130,45.5,4.65,510.23
2771,739.7,2.25,422,58.8,6.64,532.63
2772,712.7,0.56,220,31.4,4.19,518.7
2773,741.2,2.66,271,49.1,5.04,495.48
2774,672.6,0.89,334,42.3,5.94,500.9
2775,725.4,1.79,67,60.3,4.18,499.22
2776,735.8,1.99,52,79.3,5.13,494.93
2777,737.2,1.64,206,55.9,3.97,494.48
2778,737.9,1.35,81,51.3,4.6,511.98
2779,746.9,1.67,100,48.4,7.62,533.01
2780,774.0,1.28,46,69.2,6.34,519.66
2781,793.7,1.6,323,33.6,5.67,540.47
2782,717.5,1.4,246,78.0,5.37,517.53
2783,689.8,1.92,495,50.9,3.43,501.27
2784,697.9,1.09,392,45.7,4.81,509.94
2785,725.6,2.97,302,78.7,5.92,508.01
2786,732.4,1.75,475,76.8,4.56,555.77
2787,711.5,0.99,163,62.1,5.36,516.44
2788,685.2,1.69,179,30.9,4.0,470.08
2789,727.2,2.67,281,67.4,3.91,487.59
2790,759.1,0.55,415,46.8,7.28,575.45
2791,779.8,2.2,119,49.4,7.13,531.99
2792,722.1,1.87,160,37.9,4.91,493.34
2793,729.4,0.92,440,56.2,4.22,537.8
2794,703.7,2.54,460,67.2,4.06,515.93
2795,748.4,1.42,140,43.7,5.4,497.46
2796,707.6,1.23,277,76.9,6.93,541.18
2797,778.7,2.57,32,39.7,4.3,488.39
2798,660.7,2.1,376,33.3,5.2,469.19
2799,732.0,2.75,148,62.2,5.15,478.67
2800,765.1,2.07,499,72.5,6.67,582.92
2801,759.2,2.35,317,77.7,5.28,533.99
2802,884.7,2.59,248,68.4,3.6,555.57
2803,767.5,0.64,443,40.0,5.75,571.1
2804,699.8,2.44,450,78.9,5.17,516.1
2805,745.2,2.03,201,76.0,4.13,506.72
2806,661.2,0.67,136,38.2,6.06,494.23
2807,746.0,1.77,439,57.9,4.69,554.28
2808,708.3,0.71,38,57.8,5.33,482.64
2809,795.8,2.34,130,52.1,5.14,526.97
2810,722.5,1.87,207,79.2,4.7,497.95
2811,744.2,2.88,183,33.0,4.19,465.23
2812,718.2,0.96,153,61.4,5.56,522.85
2813,836.9,2.02,491,40.3,3.78,560.52
2814,733.9,1.03,188,56.4,5.93,531.85
2815,841.6,2.04,366,69.0,4.15,575.35
2816,790.7,2.31,20,42.3,3.84,506.21
2817,774.1,2.31,148,49.7,6.4,530.63
2818,768.4,2.54,456,77.5,5.09,558.07
2819,769.7,2.63,446,68.1,3.1,535.61
2820,653.6,0.69,262,58.6,4.99,494.53
2821,736.1,1.36,354,41.1,5.61,544.84
2822,792.3,2.22,323,51.3,5.64,540.13
2823,747.6,1.75,28,68.7,4.23,480.42
2824,679.7,0.98,169,71.0,4.37,492.29
2825,747.4,1.88,315,42.2,5.16,532.73
2826,835.2,1.52,131,63.1,6.04,554.16
2827,812.3,1.48,81,34.8,3.68,509.09
2828,746.9,2.52,64,31.2,3.74,451.22
2829,797.6,1.52,469,57.4,6.37,572.67
2830,731.7,0.57,178,41.2,6.22,518.28
2831,664.8,0.65,108,33.9,4.06,477.61
2832,703.8,2.64,79,66.5,4.61,458.35
2833,828.1,2.9,158,54.9,7.11,547.08
2834,736.3,2.22,126,69.8,5.88,485.58
2835,737.8,1.41,35,63.2,4.95,505.94
2836,735.0,2.85,257,66.5,6.14,510.01
2837,845.2,2.16,394,45.4,4.52,551.47
2838,831.3,2.61,218,43.2,5.16,530.57
2839,860.9,2.41,236,60.0,4.69,546.69
2840,742.0,1.45,420,40.0,5.71,543.4
2841,764.8,1.7,443,70.8,5.7,554.4
2842,674.2,0.97,123,56.1,5.22,479.01
2843,823.8,1.23,203,41.3,5.5,545.32
2844,691.6,2.45,493,61.3,6.14,508.86
2845,760.8,2.73,330,77.3,5.47,535.04
2846,695.1,2.31,19,34.1,5.23,463.37
2847,720.6,1.66,104,35.5,5.43,480.22
2848,708.1,0.72,130,72.2,6.21,519.27
2849,719.6,0.64,135,35.5,4.08,485.04
2850,723.0,1.44,46,32.0,5.42,491.19
2851,722.6,1.66,78,47.4,3.11,466.56
2852,791.7,2.02,306,53.3,4.72,528.74
2853,694.8,0.52,183,58.5,6.89,509.79
2854,761.0,2.97,470,55.4,4.21,534.85
2855,810.9,1.41,54,75.7,3.37,503.9
2856,724.3,2.62,132,68.4,4.05,473.21
2857,714.1,1.84,391,79.2,5.71,509.81
2858,738.5,0.83,481,53.8,4.87,542.8
2859,809.0,2.49,36,34.2,3.99,480.77
2860,759.7,2.27,202,77.8,6.21,499.79
2861,723.4,1.82,349,30.2,5.43,508.46
2862,774.2,1.79,145,68.8,3.84,505.45
2863,694.9,0.72,204,31.6,4.78,483.19
2864,784.1,2.14,58,68.1,7.13,519.23
2865,770.4,2.78,105,76.9,4.69,494.34
2866,734.6,0.73,130,49.5,3.31,476.78
2867,708.1,1.16,258,42.0,5.47,509.52
2868,705.7,2.76,482,41.3,5.38,516.09
2869,776.7,1.21,226,54.6,6.33,548.88
2870,811.4,2.13,123,38.5,4.61,519.89
2871,718.1,1.84,23,63.6,5.44,478.91
2872,772.9,1.99,71,48.4,5.25,506.69
2873,645.6,1.54,52,46.2,4.99,458.3
2874,720.8,1.25,420,53.1,5.32,559.64
2875,748.4,0.62,249,57.1,5.6,528.89
2876,704.5,2.36,105,37.1,5.55,462.38
2877,703.2,2.37,36,65.4,5.92,462.17
2878,716.6,2.18,333,74.1,2.72,504.12
2879,764.6,2.11,392,43.9,3.5,535.73
2880,740.6,1.11,251,39.0,5.21,528.39
2881,638.1,0.56,496,68.0,5.12,505.5
2882,644.0,2.52,468,39.2,3.98,468.78
2883,719.7,1.73,249,32.1,4.67,499.0
2884,772.9,1.27,313,61.0,4.17,540.43
2885,612.6,0.75,76,42.0,5.59,470.92
2886,725.0,0.66,290,38.6,4.11,526.36
2887,723.7,1.37,201,79.1,5.21,523.43
2888,819.4,2.51,128,44.6,6.03,524.63
2889,730.7,2.8,161,75.2,4.13,484.2
2890,769.1,2.74,274,38.9,3.66,482.27
2891,757.1,2.8,401,70.9,4.24,521.41
2892,643.5,2.77,240,55.1,4.13,447.48
2893,788.4,1.82,360,33.9,5.04,529.48
2894,760.8,1.05,258,66.7,3.3,519.3
2895,775.4,2.5,68,74.6,6.61,529.11
2896,900.0,1.03,26,38.2,3.74,553.63
2897,645.8,1.17,180,66.3,3.65,468.5
2898,836.2,1.08,360,52.3,5.06,603.27
2899,735.6,1.79,461,67.7,4.88,533.35
2900,764.4,1.3,141,65.7,6.37,540.47
2901,747.7,0.89,366,31.3,4.73,533.2
2902,728.8,1.63,145,38.9,4.71,501.73
2903,721.5,2.68,51,53.6,5.65,471.58
2904,766.5,1.93,314,76.7,5.95,553.97
2905,674.1,2.7,15,47.1,3.06,436.16
2906,787.5,0.99,338,61.4,5.07,556.5
2907,729.2,0.92,179,30.6,7.16,534.87
2908,693.5,1.94,465,65.6,4.38,495.22
2909,727.5,1.66,297,60.2,5.15,518.23
2910,812.9,2.15,408,65.8,6.02,583.22
2911,723.2,2.49,347,75.2,5.49,539.0
2912,767.9,2.38,224,37.3,3.95,487.01
2913,713.5,2.86,78,43.1,4.93,448.93
2914,787.9,1.5,379,79.8,3.76,544.2
2915,784.3,1.02,36,37.8,3.93,506.46
2916,842.4,1.88,234,66.0,6.11,560.91
2917,741.2,0.78,331,66.3,5.86,556.87
2918,783.4,1.22,243,64.1,6.79,554.31
2919,754.9,1.02,495,41.4,5.92,557.35
2920,814.8,1.49,452,40.8,4.86,559.63
2921,714.1,0.78,421,63.3,3.99,530.46
2922,787.3,0.58,417,39.3,6.4,584.45
2923,740.3,2.14,60,63.1,5.63,500.94
2924,746.8,2.03,158,54.6,5.8,503.67
2925,754.6,2.27,424,49.3,5.57,540.81
2926,762.6,2.15,84,45.0,6.19,520.62
2927,744.2,0.79,315,77.4,3.48,542.07
2928,760.7,1.23,101,55.4,3.79,497.87
2929,828.9,0.82,377,58.1,4.13,582.38
2930,799.3,2.61,433,77.5,5.36,555.61
2931,793.5,2.37,77,62.7,4.54,500.66
2932,727.2,1.0,244,77.9,6.13,523.8
2933,705.5,1.35,371,35.3,4.98,530.64
2934,797.8,2.92,153,72.3,7.32,526.82
2935,793.8,1.99,85,46.8,6.71,524.72
2936,823.6,2.5,95,70.5,5.14,506.78
2937,719.8,1.16,236,72.8,3.64,514.97
2938,738.5,1.03,372,43.6,5.69,540.45
2939,668.0,2.46,456,50.4,3.89,495.97
2940,730.4,2.21,65,66.3,4.03,477.69
2941,799.8,2.2,89,35.0,4.61,506.87
2942,726.7,1.88,33,67.8,4.59,487.14
2943,782.0,1.91,236,35.5,5.55,527.51
2944,740.5,2.34,37,75.7,5.33,468.4
2945,766.2,1.18,130,43.8,3.99,510.2
2946,692.6,1.38,499,58.8,4.7,536.62
2947,754.3,2.68,102,35.9,3.64,462.76
2948,600.4,1.27,350,43.5,5.4,448.84
2949,740.7,1.87,121,50.2,3.14,471.84
2950,668.5,2.26,387,54.4,4.77,490.8
2951,810.3,3.0,354,30.0,4.35,514.81
2952,788.9,1.59,496,74.4,5.55,575.29
2953,773.3,1.57,40,30.4,4.19,496.54
2954,826.1,2.61,152,68.7,4.15,514.51
2955,702.6,2.51,376,53.5,5.4,515.83
2956,837.4,2.33,307,56.2,5.45,565.88
2957,796.6,1.66,236,40.4,3.95,515.51
2958,738.2,1.31,367,60.4,5.59,546.16
2959,806.8,2.02,259,56.9,7.46,553.22
2960,694.7,2.69,59,38.2,4.53,442.25
2961,708.8,2.71,223,41.9,3.77,468.02
2962,719.6,0.77,389,33.3,5.06,538.53
2963,723.6,1.57,398,33.3,3.62,508.48
2964,697.2,1.66,441,30.7,4.74,513.86
2965,811.2,2.94,278,41.0,4.49,537.05
2966,737.1,2.19,297,64.0,5.69,521.46
2967,767.6,1.52,204,45.8,3.24,499.78
2968,721.5,0.57,263,47.1,3.42,515.51
2969,659.0,1.91,88,36.6,5.38,447.87
2970,763.5,0.74,484,58.8,5.54,569.47
2971,654.4,2.59,253,47.1,2.85,447.63
2972,746.6,2.38,100,63.8,6.52,509.5
2973,681.6,1.65,423,67.1,5.88,517.67
2974,849.4,1.57,15,59.2,4.33,528.96
2975,795.6,2.74,290,43.8,5.1,544.29
2976,755.3,1.22,421,55.4,3.03,509.79
2977,813.2,1.12,455,42.6,5.7,586.49
2978,707.7,2.85,159,75.1,4.15,469.02
2979,777.2,2.52,333,68.3,4.64,524.19
2980,760.0,2.55,408,54.7,4.89,530.83
2981,763.2,0.99,291,78.3,6.21,546.12
2982,813.6,0.86,200,57.3,5.47,545.01
2983,786.6,0.57,283,46.4,4.64,560.83
2984,764.4,1.09,82,34.8,4.41,496.92
2985,667.3,2.44,456,57.2,5.23,495.94
2986,702.0,1.1,327,73.0,4.91,496.07
2987,743.9,2.32,77,73.3,4.76,470.64
2988,754.7,1.13,313,60.2,5.01,540.39
2989,693.5,1.49,443,49.7,4.73,526.35
2990,870.6,2.96,72,62.5,3.43,513.93
2991,825.8,1.11,462,68.1,4.94,605.74
2992,780.1,1.44,143,50.6,4.98,534.45
2993,753.6,1.25,451,53.8,5.13,560.4
2994,739.4,0.77,316,64.0,4.0,539.94
2995,702.4,1.72,277,73.8,4.2,510.82
2996,753.9,1.45,232,69.6,6.64,533.98
2997,762.9,2.24,440,31.1,4.26,521.76
2998,687.9,2.54,135,36.2,5.51,470.5
2999,766.7,1.86,274,72.6,4.2,511.41
3000,742.2,0.58,16,71.7,3.11,494.89
3001,654.6,2.05,422,49.4,4.9,493.05
3002,707.0,0.64,215,59.2,5.61,523.83
3003,729.3,2.04,188,75.3,4.67,504.4
3004,844.4,2.21,477,75.6,3.0,555.59
3005,777.8,0.99,192,69.2,2.77,501.99
3006,683.2,2.55,489,40.5,6.15,510.93
3007,774.3,2.78,452,66.5,4.99,564.47
3008,672.6,2.53,449,35.1,5.61,485.45
3009,804.1,1.26,415,74.7,5.23,572.65
3010,726.4,1.97,237,37.5,3.85,490.85
3011,745.3,2.79,245,63.1,4.74,493.61
3012,816.3,1.3,155,60.5,3.3,536.16
3013,685.6,2.55,67,68.8,5.95,473.19
3014,680.1,0.52,305,57.6,5.32,529.88
3015,720.8,0.51,250,33.0,5.74,529.25
3016,801.9,2.4,354,65.3,6.29,553.82
3017,674.0,2.4,296,49.2,4.64,483.24
3018,608.4,2.47,449,46.0,4.26,457.92
3019,727.4,2.83,172,79.6,4.89,483.21
3020,777.6,0.79,35,59.5,6.27,526.3
3021,810.0,1.08,461,65.5,3.43,564.21
3022,726.8,2.76,115,56.3,5.02,487.1
3023,729.4,0.94,249,68.5,5.8,541.18
3024,807.7,2.21,349,67.6,5.31,557.05
3025,656.5,1.83,427,62.9,6.07,502.08
3026,730.6,0.71,341,79.9,3.46,530.3
3027,759.5,1.21,409,53.0,6.09,550.37
3028,772.5,1.8,388,65.3,4.38,539.82
3029,724.5,2.63,51,69.9,2.9,439.7
3030,751.7,2.27,142,48.8,4.67,492.01
3031,625.6,2.05,326,52.9,4.16,467.19
3032,717.1,1.74,53,78.5,4.84,478.4
3033,772.7,1.25,44,31.6,3.48,502.02
3034,700.9,0.8,373,46.8,4.88,527.48
3035,752.9,1.52,356,54.3,4.43,534.31
3036,772.3,0.57,393,30.1,6.99,567.46
3037,732.9,1.03,10,75.0,5.17,489.15
3038,758.5,1.58,235,44.3,5.23,531.39
3039,701.9,1.55,308,42.9,4.77,489.08
3040,739.7,0.61,297,71.0,6.25,546.32
3041,780.5,1.97,245,43.9,5.49,531.18
3042,757.8,1.87,368,62.9,6.51,572.33
3043,720.7,0.7,456,71.1,6.05,564.91
3044,761.2,2.86,42,69.6,4.61,474.65
3045,785.7,0.75,104,69.1,5.73,540.6
3046,647.5,2.64,214,34.4,5.81,453.11
3047,808.0,0.5,118,34.0,5.94,552.53
3048,733.2,2.71,331,45.3,5.4,516.21
3049,771.3,0.55,39,31.8,3.66,496.39
3050,809.9,2.39,275,55.0,4.97,539.55
3051,681.4,1.4,32,49.7,5.11,475.1
3052,714.5,2.35,106,57.9,5.07,464.59
3053,735.6,1.5,48,44.9,6.15,496.4
3054,710.8,0.68,182,54.3,4.36,498.46
3055,836.7,2.42,257,46.7,5.14,546.23
3056,707.2,0.68,388,39.8,4.93,504.27
3057,722.2,2.81,422,62.5,5.68,510.35
3058,760.2,0.63,423,63.7,6.81,556.1
3059,689.9,1.7,171,71.5,5.62,480.46
3060,730.2,2.31,189,73.7,5.56,503.65
3061,765.9,1.48,112,65.2,3.98,510.13
3062,733.4,1.04,218,64.4,3.46,502.16
3063,745.3,2.4,31,32.8,5.26,454.89
3064,723.5,2.46,14,35.5,4.81,454.25
3065,674.3,2.81,148,70.6,5.46,450.56
3066,766.1,1.44,223,41.6,4.39,515.07
3067,837.7,1.77,169,47.8,6.4,558.01
3068,750.9,1.41,417,37.3,3.8,512.3
3069,761.3,1.14,404,39.8,4.8,540.88
3070,784.6,2.38,148,68.8,4.61,489.48
3071,686.5,1.35,154,43.1,6.1,487.85
3072,835.1,1.57,169,52.5,4.77,544.23
3073,760.1,1.51,92,37.6,4.42,482.31
3074,831.6,2.28,164,63.9,5.08,524.4
3075,713.3,2.79,297,66.4,4.21,504.82
3076,840.9,2.17,326,48.1,4.98,562.74
3077,788.8,1.68,290,69.2,4.87,536.27
3078,777.7,2.45,73,42.0,7.89,516.23
3079,761.7,2.1,201,64.6,4.54,498.22
3080,737.6,0.65,165,66.5,4.91,522.56
3081,810.0,0.74,433,78.4,5.22,588.17
3082,757.0,0.59,100,41.6,5.27,526.29
3083,651.6,1.64,151,34.7,6.04,477.02
3084,694.1,2.56,51,43.2,6.92,483.18
3085,740.7,1.28,258,36.1,4.2,518.4
3086,765.5,1.46,304,38.5,5.44,532.75
3087,747.2,2.77,267,46.7,4.84,485.96
3088,810.9,2.59,346,50.7,5.33,542.62
3089,652.4,2.16,10,75.2,6.11,452.63
3090,757.2,1.17,118,39.8,6.63,527.61
3091,659.1,0.79,425,78.6,5.87,519.68
3092,788.0,0.54,476,70.5,5.32,574.45
3093,745.3,0.77,134,74.1,6.03,532.26
3094,771.0,1.23,73,76.5,4.16,535.92
3095,706.8,1.88,215,67.7,4.27,503.15
3096,814.0,0.66,424,69.4,5.17,600.49
3097,802.1,0.84,451,51.9,6.16,584.11
3098,779.2,0.95,347,55.5,4.7,544.34
3099,743.5,2.08,253,76.6,4.81,521.39
3100,779.0,2.04,87,48.9,3.02,500.89
3101,714.7,1.88,120,32.1,7.39,496.03
3102,792.8,1.13,151,68.1,4.77,529.66
3103,832.5,1.43,225,58.7,2.26,528.69
3104,803.5,0.74,462,70.7,5.17,589.68
3105,713.5,1.07,25,33.8,5.47,482.3
3106,768.1,2.74,462,61.1,4.77,535.95
3107,685.3,2.95,63,42.4,4.09,449.48
3108,778.6,2.12,150,75.2,5.9,534.18
3109,772.5,2.79,389,35.5,5.78,528.71
3110,656.5,2.11,345,72.2,5.53,490.22
3111,691.9,0.58,88,34.4,4.24,488.0
3112,735.8,2.99,424,31.3,4.39,507.56
3113,735.0,0.75,462,41.8,4.65,561.4
3114,689.5,2.21,158,46.7,4.59,473.54
3115,769.4,1.13,136,61.3,5.63,531.37
3116,762.6,1.48,167,36.6,4.61,504.42
3117,740.3,2.11,288,51.9,4.05,487.75
3118,712.2,1.59,47,40.2,5.42,489.0
3119,802.4,1.13,166,72.8,7.38,575.69
3120,832.8,1.34,342,32.2,4.21,573.18
3121,725.8,1.35,297,47.8,4.29,498.22
3122,719.4,2.9,121,61.6,4.88,475.46
3123,774.6,2.5,199,75.7,5.76,516.13
3124,732.1,1.65,115,73.4,5.57,503.17
3125,743.0,1.0,100,74.8,4.88,495.91
3126,787.0,2.53,363,33.1,4.56,520.01
3127,654.5,0.89,310,72.0,7.1,515.69
3128,815.9,1.03,58,69.0,6.14,552.05
3129,753.6,1.42,170,75.1,6.74,541.78
3130,729.4,2.7,13,45.6,5.7,485.05
3131,745.5,0.83,411,75.6,4.91,551.79
3132,748.1,0.81,207,50.1,5.4,523.06
3133,663.4,1.73,329,61.7,6.81,508.86
3134,824.7,1.19,421,51.2,5.51,586.47
3135,752.1,1.92,373,51.4,3.28,503.98
3136,772.2,1.63,386,57.3,6.4,545.92
3137,797.6,1.59,451,47.8,6.5,599.31
3138,698.9,0.78,484,69.6,6.24,554.06
3139,773.7,0.85,263,61.7,3.66,541.47
3140,736.6,2.55,99,64.5,5.39,492.71
3141,792.3,2.71,321,41.6,6.03,540.81
3142,643.6,1.09,29,78.5,5.02,471.73
3143,745.0,0.78,86,63.0,5.38,537.72
3144,719.9,0.63,229,39.9,5.56,524.81
3145,771.6,2.02,171,67.5,4.17,510.97
3146,773.5,2.29,352,38.7,5.47,542.31
3147,714.6,1.43,403,33.2,4.01,508.61
3148,714.4,2.2,124,56.4,4.9,467.07
3149,744.5,2.28,103,57.7,4.42,491.71
3150,705.2,2.84,415,39.4,5.88,495.31
3151,792.1,0.66,142,47.4,5.67,535.77
3152,731.5,0.98,181,77.3,5.57,510.21
3153,604.7,0.67,123,44.3,5.28,427.66
3154,731.3,2.67,18,37.8,5.44,453.68
3155,698.1,2.48,308,79.6,7.01,514.46
3156,668.4,1.94,269,45.1,6.32,500.96
3157,688.1,0.71,179,64.0,4.04,485.47
3158,755.5,1.18,330,41.6,4.47,523.34
3159,816.4,1.24,107,57.5,4.79,536.07
3160,765.7,1.9,178,49.3,4.76,509.49
3161,719.7,1.15,457,78.1,4.17,535.87
3162,772.8,0.68,320,51.6,5.59,566.99
3163,727.0,2.33,227,59.2,4.94,493.14
3164,715.3,1.25,411,77.2,5.22,531.23
3165,692.3,1.63,409,79.5,3.29,504.14
3166,662.4,0.82,352,35.1,3.43,492.47
3167,730.5,2.51,439,71.7,4.46,548.23
3168,757.9,1.91,429,49.1,5.61,561.3
3169,745.2,2.75,355,59.7,5.48,520.66
3170,729.2,1.74,459,48.8,6.01,535.28
3171,702.7,2.85,53,50.1,4.3,448.04
3172,780.4,2.73,270,37.9,5.69,513.75
3173,684.1,1.94,294,58.6,6.53,506.35
3174,788.8,2.83,135,57.3,5.93,516.67
3175,699.9,1.31,269,39.5,3.71,495.1
3176,712.4,1.41,364,57.1,6.11,509.65
3177,676.7,0.61,223,78.7,5.33,498.35
3178,724.9,1.97,314,65.7,5.45,531.61
3179,798.8,2.3,209,54.0,7.5,536.27
3180,775.8,2.43,245,75.8,5.25,517.96
3181,798.9,0.87,350,58.8,5.63,567.77
3182,776.1,1.61,145,36.8,5.09,529.17
3183,694.8,0.94,387,57.4,4.76,526.44
3184,733.5,2.16,445,39.0,5.36,523.61
3185,711.0,0.89,125,68.4,4.56,492.85
3186,816.5,2.76,462,78.4,5.15,558.02
3187,690.2,1.08,414,48.0,4.7,503.46
3188,794.7,1.23,164,51.7,2.92,508.47
3189,794.6,2.63,431,51.1,4.51,558.56
3190,841.5,1.65,398,44.3,5.96,598.31
3191,729.5,0.56,350,69.7,5.52,542.79
3192,785.6,1.74,326,60.9,4.77,537.37
3193,864.1,0.71,401,33.2,5.1,609.37
3194,719.1,2.96,351,71.9,4.19,488.86
3195,673.2,1.97,27,39.4,4.3,449.7
3196,656.0,1.14,397,79.0,5.01,497.01
3197,785.6,1.91,13,48.8,4.78,500.95
3198,655.8,0.69,174,60.8,4.25,472.25
3199,731.4,2.5,136,33.9,4.93,482.92
3200,771.9,2.81,408,47.2,3.89,531.94
3201,759.3,2.69,431,70.1,6.57,540.37
3202,771.3,1.35,420,53.9,5.9,550.2
3203,761.1,1.31,222,75.2,2.83,509.36
3204,813.9,0.59,57,58.8,5.84,561.96
3205,702.4,2.13,55,76.4,4.63,470.51
3206,716.2,1.84,55,79.1,4.45,478.14
3207,711.4,1.65,57,52.7,5.75,495.81
3208,791.5,2.77,196,58.3,4.86,519.21
3209,795.0,0.92,129,71.7,4.61,559.75
3210,772.6,0.52,141,41.1,3.67,507.35
3211,809.2,0.68,468,73.1,5.92,598.6
3212,691.1,1.06,28,59.6,6.04,470.87
3213,833.4,0.58,450,66.3,5.16,589.86
3214,826.2,1.76,284,34.0,3.83,553.66
3215,786.8,1.29,484,68.3,5.3,565.89
3216,839.1,0.95,241,45.5,5.64,587.24
3217,667.2,2.38,51,70.3,4.97,439.4
3218,723.8,1.01,101,55.5,5.88,505.61
3219,713.2,2.22,270,43.7,5.17,482.97
3220,786.1,1.37,57,77.6,5.3,531.04
3221,697.5,1.78,418,68.3,6.48,531.53
3222,787.9,2.83,460,79.3,4.51,558.04
3223,818.5,0.59,291,48.2,3.43,564.04
3224,784.8,1.75,83,62.5,4.83,514.78
3225,764.2,2.64,225,60.6,4.44,505.33
3226,700.6,1.97,455,64.4,3.58,494.2
3227,707.7,1.19,230,31.9,5.62,507.78
3228,812.5,1.49,118,44.6,5.0,530.12
3229,789.0,2.2,144,75.5,3.18,511.82
3230,748.0,2.73,437,51.2,6.55,544.06
3231,729.1,0.6,352,78.0,4.27,530.71
3232,648.7,0.68,247,40.7,4.38,471.52
3233,696.5,1.31,164,79.9,5.94,504.69
3234,845.6,1.08,435,64.9,5.43,596.28
3235,686.0,1.16,338,68.8,6.09,506.22
3236,759.5,1.05,65,49.8,2.82,480.21
3237,800.4,0.99,396,75.4,4.71,582.49
3238,687.3,0.83,391,57.3,5.13,526.17
3239,759.2,2.83,406,64.0,6.3,537.19
3240,796.9,0.86,207,34.7,4.16,547.08
3241,750.6,1.01,324,61.6,4.66,535.89
3242,893.4,1.12,47,74.0,5.14,580.12
3243,666.6,2.83,350,38.9,5.76,477.84
3244,802.9,2.39,348,66.9,3.89,537.61
3245,741.4,2.47,226,31.3,5.81,532.32
3246,788.6,0.76,240,76.3,4.41,541.89
3247,772.1,2.59,461,79.1,5.38,554.93
3248,713.3,1.52,351,47.7,4.81,518.41
3249,761.4,1.16,462,35.4,5.27,565.81
3250,657.1,1.94,266,62.9,5.21,477.8
3251,780.2,2.56,443,31.5,6.28,567.12
3252,764.9,2.45,218,54.1,4.76,503.99
3253,781.9,2.72,210,43.6,4.7,502.62
3254,802.9,2.82,146,53.7,6.07,529.98
3255,768.4,1.1,137,30.9,6.4,540.15
3256,757.4,1.56,62,32.6,4.6,479.65
3257,705.9,0.54,353,30.8,5.69,520.28
3258,714.4,2.7,403,61.0,4.15,501.57
3259,809.3,0.89,93,58.0,5.7,550.89
3260,821.8,2.65,218,41.7,5.92,550.45
3261,738.1,1.32,342,62.3,4.72,530.23
3262,752.3,1.42,294,74.2,6.11,554.55
3263,704.8,0.6,45,43.9,4.74,466.79
3264,808.6,1.32,224,71.6,5.02,539.51
3265,783.3,2.72,36,63.1,5.39,497.52
3266,847.1,0.56,155,31.7,4.04,564.1
3267,706.1,1.52,27,48.8,3.64,458.1
3268,731.1,0.58,127,55.4,5.28,511.35
3269,761.6,1.43,146,66.6,4.26,515.46
3270,782.3,0.93,76,44.4,3.78,508.16
3271,739.2,1.13,400,79.1,5.77,566.55
3272,706.4,2.69,323,64.2,6.52,508.75
3273,794.1,1.59,472,48.6,5.86,596.68
3274,786.1,1.18,39,34.9,3.82,503.44
3275,704.2,1.97,82,39.1,5.18,467.2
3276,817.8,0.86,132,54.4,4.69,545.31
3277,808.5,1.15,454,54.7,4.15,580.95
3278,756.7,1.87,498,68.4,5.09,550.94
3279,754.0,1.09,484,66.3,4.93,531.4
3280,777.7,2.2,237,40.1,4.77,511.24
3281,706.9,1.73,347,59.7,5.99,496.46
3282,751.5,2.43,488,31.0,6.3,546.74
3283,642.4,2.87,282,49.9,4.68,440.91
3284,793.8,0.79,255,68.2,4.82,554.45
3285,671.9,1.34,446,50.0,4.75,493.94
3286,825.2,1.3,399,71.8,5.51,583.65
3287,733.5,0.88,48,78.8,5.33,509.34
3288,739.4,2.53,418,60.4,4.29,511.56
3289,718.6,2.4,179,37.3,4.87,479.12
3290,735.6,1.71,435,49.0,3.5,502.74
3291,820.9,1.84,324,30.5,3.43,537.91
3292,625.6,0.65,111,60.1,3.82,446.2
3293,813.8,1.89,303,71.1,4.75,553.26
3294,766.9,2.48,424,61.5,5.61,540.64
3295,689.6,1.93,252,69.3,4.22,482.41
3296,696.2,1.16,166,70.0,4.87,490.23
3297,833.8,2.17,369,72.6,5.22,572.2
3298,702.7,1.4,274,43.3,6.54,531.18
3299,692.3,1.86,266,73.6,5.06,495.63
3300,806.9,1.72,473,62.7,5.1,578.5
3301,766.9,1.45,367,44.5,4.39,551.48
3302,703.1,2.3,352,79.4,6.84,526.15
3303,760.8,2.71,132,77.5,5.76,513.43
3304,698.7,0.51,465,58.7,3.89,521.73
3305,805.0,2.83,56,72.2,6.5,523.44
3306,803.1,1.78,341,43.1,5.72,558.53
3307,776.6,2.25,19,50.8,5.23,512.92
3308,768.1,2.64,153,39.2,5.66,489.84
3309,838.1,1.67,440,56.0,6.14,612.82
3310,750.0,2.59,308,54.8,4.25,516.93
3311,690.9,0.94,161,40.6,4.61,495.12
3312,772.5,0.9,496,63.6,4.96,560.22
3313,854.3,2.14,145,35.9,3.76,521.62
3314,699.3,2.68,84,33.1,5.73,467.8
3315,731.9,2.73,370,49.2,4.72,484.42
3316,770.8,2.11,35,50.5,4.61,476.17
3317,747.3,1.81,16,46.0,4.36,487.57
3318,700.9,1.33,88,42.9,4.97,490.89
3319,806.1,2.95,24,46.9,5.16,518.38
3320,866.0,1.3,441,38.2,6.0,600.33
3321,759.8,2.36,396,50.2,6.02,529.08
3322,704.8,1.83,409,75.2,3.87,502.81
3323,672.6,2.02,216,41.2,5.46,479.52
3324,762.9,1.48,98,64.2,6.23,519.86
3325,805.2,2.91,106,37.1,4.78,487.77
3326,773.8,1.93,407,47.7,4.83,546.33
3327,749.9,2.84,225,46.1,4.6,482.22
3328,720.5,0.52,468,76.9,5.54,566.35
3329,695.4,1.93,268,51.4,5.29,501.02
3330,791.7,2.29,338,64.5,5.98,546.46
3331,795.7,2.36,463,60.1,4.89,557.67
3332,672.7,2.76,296,37.1,6.26,476.4
3333,829.5,0.51,384,77.0,5.6,597.85
3334,778.7,0.5,473,47.3,6.18,571.22
3335,820.0,1.68,84,32.2,4.4,485.38
3336,682.9,0.57,251,45.0,6.57,514.71
3337,681.7,2.94,26,46.8,4.44,425.28
3338,742.6,1.06,186,34.6,4.49,498.85
3339,775.1,1.68,268,61.0,4.61,521.04
3340,839.8,0.65,132,47.3,4.5,563.58
3341,785.3,1.81,476,61.5,6.89,588.05
3342,737.9,1.45,481,30.3,5.52,545.93
3343,698.7,0.61,320,79.1,5.5,526.92
3344,811.5,1.34,120,38.5,3.11,518.84
3345,701.8,1.48,265,63.0,6.29,525.61
3346,831.4,2.97,243,65.8,3.96,545.46
3347,735.8,1.02,465,38.6,4.96,535.86
3348,829.5,1.86,365,35.6,4.3,539.44
3349,783.9,2.97,49,37.6,5.24,491.12
3350,743.2,2.48,131,42.3,6.53,481.09
3351,724.0,2.98,459,38.4,4.04,502.89
3352,733.0,2.92,224,63.7,4.28,487.46
3353,771.4,1.72,305,51.0,5.14,533.04
3354,753.9,2.24,295,56.9,6.57,549.03
3355,720.3,0.78,290,32.4,4.58,515.04
3356,741.7,1.6,16,73.1,4.28,491.87
3357,753.9,2.52,101,38.5,5.16,498.63
3358,643.6,1.76,370,48.0,5.01,481.51
3359,772.9,2.26,443,33.6,3.98,525.35
3360,701.0,2.36,132,36.8,4.59,460.47
3361,692.3,1.13,346,63.3,3.03,501.91
3362,665.6,2.69,105,64.6,4.97,453.38
3363,660.3,1.65,10,63.8,3.75,458.53
3364,682.2,1.03,100,57.6,7.47,495.09
3365,714.5,2.66,437,77.6,5.55,518.29
3366,847.7,1.54,493,55.4,5.25,605.54
3367,723.7,2.38,442,52.5,5.53,529.7
3368,758.9,1.87,16,42.4,4.51,483.74
3369,770.0,1.45,129,34.9,4.86,508.31
3370,756.6,2.52,396,57.4,5.51,526.36
3371,746.1,1.96,359,45.7,4.02,505.98
3372,690.2,1.48,138,56.2,5.68,487.03
3373,822.5,0.77,188,40.3,7.11,577.48
3374,840.4,2.74,107,71.9,3.52,521.51
3375,665.9,0.59,431,80.0,5.53,528.71
3376,698.8,2.66,52,46.1,4.18,451.04
3377,736.0,1.4,192,72.1,5.69,510.1
3378,701.8,2.1,194,73.6,5.34,497.05
3379,775.3,2.81,62,79.8,6.88,498.29
3380,713.6,0.88,237,47.1,6.7,527.63
3381,858.3,1.92,170,67.8,3.55,550.88
3382,809.5,2.41,244,41.4,5.76,537.76
3383,760.6,2.39,473,61.2,5.75,547.42
3384,801.3,1.81,455,65.2,6.19,566.36
3385,805.3,2.06,367,67.1,5.47,558.36
3386,721.8,2.39,404,40.4,5.6,534.96
3387,709.2,2.6,209,72.4,3.97,476.39
3388,753.9,2.4,445,51.0,5.42,532.71
3389,793.1,1.39,10,40.8,4.78,491.91
3390,757.0,2.99,23,57.1,5.68,484.77
3391,671.2,1.59,487,73.2,4.91,521.04
3392,709.9,0.56,222,78.4,5.45,518.86
3393,746.3,1.41,387,67.4,5.62,543.3
3394,746.2,0.82,286,30.3,5.63,519.95
3395,848.6,0.8,43,36.7,4.26,541.65
3396,680.7,1.2,495,33.8,7.42,544.21
3397,775.3,0.63,483,35.1,5.25,548.22
3398,824.5,2.22,370,49.2,5.63,561.91
3399,863.6,0.68,279,46.9,5.06,603.94
3400,729.8,1.01,177,35.7,3.89,498.0
3401,774.6,0.73,387,74.1,5.78,576.63
3402,778.5,0.66,428,60.8,5.27,582.37
3403,759.8,1.17,179,69.8,5.89,539.04
3404,745.1,1.93,91,48.6,4.34,482.72
3405,771.8,2.91,413,50.5,4.67,509.35
3406,623.4,2.69,325,45.9,5.27,482.48
3407,784.1,2.69,146,51.9,5.05,513.37
3408,756.3,0.94,242,60.5,4.71,538.88
3409,738.9,1.16,124,54.6,5.27,518.83
3410,852.3,0.69,261,71.9,6.43,608.33
3411,716.3,2.45,298,75.0,5.46,514.46
3412,729.8,0.67,58,53.5,6.17,511.43
3413,849.6,1.89,461,42.0,4.83,577.65
3414,708.4,1.12,13,77.3,5.05,493.11
3415,722.5,1.11,388,66.8,5.24,537.73
3416,742.6,2.98,185,62.0,4.56,487.06
3417,792.0,2.39,281,67.3,5.25,545.57
3418,760.4,2.59,440,33.8,6.57,561.39
3419,685.4,1.93,35,33.4,6.74,459.91
3420,723.4,2.68,79,37.7,6.38,483.27
3421,719.6,2.11,302,37.4,5.31,492.84
3422,746.1,2.87,415,51.0,4.28,513.58
3423,771.3,1.2,243,37.9,7.45,534.23
3424,770.9,1.99,240,72.7,4.49,515.22
3425,661.2,2.23,272,58.9,6.52,487.08
3426,803.2,1.48,435,48.4,5.37,579.88
3427,762.6,2.7,295,33.5,3.97,485.39
3428,819.2,2.95,83,59.6,3.52,503.5
3429,772.2,1.73,130,35.8,6.39,520.05
3430,805.1,1.48,472,67.2,4.43,585.83
3431,773.3,1.68,15,70.1,3.74,489.86
3432,817.3,2.63,33,57.2,4.73,511.14
3433,776.1,2.11,203,37.5,4.99,512.18
3434,745.1,0.61,177,69.3,5.37,520.59
3435,863.6,1.86,386,45.4,5.32,577.89
3436,794.5,0.54,408,41.1,4.27,557.39
3437,778.7,2.45,446,53.5,5.0,525.6
3438,686.2,1.32,350,76.1,6.72,542.6
3439,685.6,1.68,219,44.9,3.95,470.82
3440,764.6,2.5,142,75.3,5.47,513.71
3441,757.3,0.62,354,32.7,3.95,524.65
3442,719.3,0.9,301,34.2,4.59,514.33
3443,757.0,1.49,467,64.9,6.13,567.73
3444,829.4,1.07,183,39.5,2.97,535.13
3445,784.8,1.34,160,45.8,7.1,535.76
3446,692.9,3.0,97,36.8,3.71,447.27
3447,744.4,2.56,310,46.6,2.99,470.36
3448,709.8,2.71,275,44.0,5.02,469.67
3449,730.6,2.84,319,66.8,4.57,498.83
3450,729.3,1.35,79,65.1,4.38,466.96
3451,726.1,1.24,214,77.7,5.64,513.34
3452,687.2,1.09,350,66.2,4.07,501.32
3453,743.6,2.58,41,64.7,5.57,499.57
3454,722.0,2.2,52,64.7,5.83,477.27
3455,603.5,1.09,127,74.1,3.63,434.62
3456,852.6,1.44,386,44.8,6.03,572.35
3457,804.4,1.77,24,45.0,5.77,519.37
3458,731.2,1.82,331,67.1,6.55,534.01
3459,750.9,2.72,408,41.4,5.01,508.07
3460,691.4,1.45,124,75.6,4.17,487.74
3461,834.8,2.77,346,56.7,6.25,571.42
3462,844.9,1.6,29,45.0,5.05,528.27
3463,757.8,2.37,187,68.8,6.82,503.82
3464,801.2,2.83,271,45.6,5.71,519.82
3465,758.8,2.77,88,78.2,4.97,507.61
3466,683.2,0.64,390,79.1,4.12,520.83
3467,729.4,1.01,410,63.3,4.9,532.09
3468,756.6,1.69,129,35.7,5.94,523.68
3469,727.3,1.58,35,43.2,3.49,466.4
3470,739.1,2.1,31,55.8,4.59,477.91
3471,745.4,2.86,210,72.6,3.39,508.6
3472,746.0,0.78,73,39.2,3.96,505.43
3473,752.6,1.63,469,35.2,4.39,533.76
3474,697.0,0.98,223,33.7,4.73,498.04
3475,714.1,2.74,323,55.3,5.35,503.81
3476,685.8,2.91,480,74.2,5.7,517.78
3477,798.9,1.7,302,32.1,6.38,542.13
3478,644.7,0.76,87,40.6,6.6,491.7
3479,807.7,2.46,225,64.7,6.19,556.6
3480,819.3,2.24,465,71.3,4.62,558.69
3481,734.9,1.39,483,70.4,5.23,549.73
3482,619.8,2.72,233,69.3,4.44,441.88
3483,731.9,2.94,386,36.5,5.25,506.93
3484,746.8,1.89,37,49.9,4.84,493.52
3485,699.5,1.91,489,79.2,3.86,514.1
3486,724.2,1.24,479,79.4,6.45,563.77
3487,826.5,1.96,314,60.1,6.71,578.6
3488,783.2,1.6,210,65.5,4.24,531.01
3489,703.8,1.26,76,77.6,5.52,498.01
3490,670.1,0.67,482,52.5,4.29,524.47
3491,733.6,1.13,368,36.8,4.92,530.5
3492,739.3,0.99,135,63.4,4.47,488.7
3493,774.8,1.86,469,78.0,4.37,543.54
3494,723.2,2.0,358,64.9,5.19,505.81
3495,775.6,2.02,204,70.2,3.18,497.04
3496,846.8,1.47,434,51.1,4.48,572.05
3497,790.8,1.55,183,34.8,8.0,561.64
3498,747.6,2.59,96,38.4,3.46,481.44
3499,740.8,1.69,352,79.1,4.62,535.73
3500,732.2,2.97,320,54.7,5.29,492.05
3501,809.0,1.6,475,30.6,4.82,556.45
3502,718.6,2.12,404,77.8,4.24,509.08
3503,752.3,0.63,493,54.9,5.97,565.39
3504,752.6,2.13,163,71.8,5.15,521.21
3505,724.9,2.63,465,57.4,4.38,500.56
3506,681.4,2.86,485,35.1,5.86,503.65
3507,766.1,2.99,219,60.8,4.47,486.63
3508,746.9,1.21,22,79.9,4.13,500.64
3509,775.0,1.94,173,31.7,5.59,512.03
3510,723.3,1.63,499,72.1,3.69,519.09
3511,811.0,1.91,497,41.8,6.76,578.27
3512,706.2,0.89,264,49.7,6.52,528.97
3513,835.6,2.64,393,48.6,5.55,546.63
3514,662.6,2.77,73,74.9,4.42,435.4
3515,771.7,1.62,316,55.2,3.93,526.22
3516,773.8,1.2,85,52.4,2.43,480.4
3517,710.2,0.85,31,70.9,6.62,495.03
3518,771.2,2.21,69,32.4,4.03,499.05
3519,814.0,1.28,395,34.3,5.35,555.32
3520,639.2,2.77,65,31.1,5.2,420.51
3521,775.1,2.18,177,64.4,3.33,506.58
3522,625.3,2.11,421,56.3,4.4,470.98
3523,701.7,1.9,214,73.8,3.87,478.58
3524,831.5,0.61,362,54.9,5.79,599.25
3525,720.9,2.83,268,41.1,5.84,473.26
3526,691.3,2.07,200,70.3,4.76,489.07
3527,740.1,2.99,491,44.7,4.16,504.15
3528,853.4,1.84,416,76.8,5.19,564.11
3529,658.4,2.28,64,42.5,6.11,473.88
3530,697.4,0.64,425,38.4,3.52,515.12
3531,824.9,2.08,349,54.7,7.11,583.68
3532,842.9,2.41,293,32.5,4.76,557.66
3533,744.8,2.45,389,31.8,4.88,505.28
3534,688.0,2.43,273,54.8,6.6,493.11
3535,854.8,1.07,268,40.8,4.94,572.6
3536,829.7,2.94,359,30.5,4.89,534.51
3537,783.9,2.99,98,44.8,4.09,497.51
3538,709.4,0.69,446,53.9,4.42,546.76
3539,747.5,2.84,231,49.7,4.29,489.09
3540,742.0,1.22,422,36.8,3.23,527.88
3541,766.5,2.22,359,59.0,2.92,522.82
3542,822.6,1.35,491,65.5,4.77,588.58
3543,794.0,2.92,98,63.8,3.62,486.22
3544,696.1,0.75,474,49.7,5.65,514.49
3545,818.8,1.74,68,36.9,4.78,521.32
3546,765.7,1.57,161,55.0,3.4,510.94
3547,784.4,1.32,431,74.5,6.52,569.51
3548,823.3,2.11,37,53.4,4.57,517.19
3549,694.4,0.83,234,39.8,5.52,509.44
3550,748.2,2.29,327,34.7,6.64,531.21
3551,723.4,2.95,493,77.2,4.97,523.23
3552,671.6,2.51,60,67.2,5.01,441.16
3553,767.3,2.65,272,45.6,6.44,536.38
3554,875.6,1.4,288,44.8,4.71,578.37
3555,658.0,1.31,55,74.8,6.07,467.97
3556,748.4,1.79,483,38.9,4.93,523.1
3557,782.0,0.61,343,56.8,5.17,566.1
3558,756.2,2.86,115,65.7,5.16,516.04
3559,744.3,0.86,293,49.8,4.63,526.65
3560,685.0,2.76,33,32.0,4.47,431.93
3561,761.6,0.71,16,41.4,4.35,501.19
3562,712.2,2.56,377,75.1,3.7,496.8
3563,640.5,0.88,493,56.2,4.55,503.23
3564,809.7,0.6,496,70.8,4.73,613.55
3565,797.9,2.3,344,57.8,5.41,546.71
3566,752.6,1.2,442,77.2,4.91,541.71
3567,761.5,2.29,12,75.5,6.08,488.54
3568,803.7,1.89,267,54.1,6.03,561.53
3569,761.2,0.77,272,45.9,6.35,551.92
3570,795.2,2.83,130,60.1,4.8,503.3
3571,735.1,1.63,217,63.7,4.49,502.13
3572,815.6,2.34,30,54.9,3.63,507.07
3573,766.0,1.75,402,71.1,6.31,550.21
3574,759.7,2.01,149,39.2,3.85,490.62
3575,686.5,1.26,486,46.7,4.1,522.16
3576,764.3,1.0,289,64.3,5.23,536.71
3577,708.4,1.86,298,42.3,4.69,509.8
3578,718.1,1.6,215,52.0,6.45,496.39
3579,709.2,1.48,52,78.2,4.23,479.07
3580,696.7,2.18,347,61.3,5.03,501.3
3581,856.2,2.23,127,77.5,3.15,511.99
3582,816.6,0.61,14,66.1,6.23,542.05
3583,846.0,1.35,216,66.2,3.32,557.11
3584,688.9,1.53,132,59.6,7.49,494.25
3585,753.6,0.74,336,37.1,4.88,536.45
3586,685.3,1.09,354,56.0,4.71,504.48
3587,715.2,0.63,151,42.6,4.97,513.14
3588,704.1,2.99,381,79.9,3.93,494.52
3589,812.0,2.34,241,43.3,5.66,533.65
3590,730.2,0.72,173,41.5,4.59,500.77
3591,803.4,0.55,44,61.2,4.69,542.39
3592,780.2,2.3,373,55.5,6.29,550.13
3593,865.2,1.6,443,31.1,3.28,584.23
3594,676.0,2.47,481,36.5,4.8,500.97
3595,813.0,2.81,344,70.6,4.89,511.51
3596,807.3,2.0,20,54.2,5.14,523.65
3597,701.3,0.97,417,37.3,4.44,519.39
3598,800.4,2.46,84,53.3,4.68,508.93
3599,766.8,2.89,309,42.7,6.85,507.63
3600,738.6,1.95,444,41.2,5.5,528.58
3601,708.8,2.2,410,77.9,4.22,511.09
3602,714.0,1.34,390,48.1,5.65,515.22
3603,852.5,1.45,207,32.3,5.05,570.99
3604,750.0,2.34,350,78.5,5.74,540.28
3605,789.1,2.82,273,69.7,4.8,519.76
3606,710.5,2.07,344,42.7,4.19,514.38
3607,711.0,2.47,383,50.4,3.33,493.46
3608,804.1,0.93,233,73.1,6.15,580.13
3609,682.5,1.03,131,47.9,5.68,479.49
3610,729.2,1.83,83,58.4,5.36,495.59
3611,751.7,0.94,37,56.7,5.65,524.23
3612,755.6,2.09,472,50.1,6.24,562.72
3613,741.0,1.23,405,62.0,3.32,537.41
3614,769.8,2.48,180,53.7,5.08,519.86
3615,784.6,2.52,475,31.1,3.19,542.43
3616,786.7,1.66,385,70.7,4.61,529.1
3617,700.7,0.95,430,35.7,5.33,522.63
3618,735.8,2.12,373,53.2,4.65,499.47
3619,809.7,2.98,392,59.0,6.76,541.63
3620,794.7,2.06,225,65.3,4.71,524.86
3621,681.4,0.59,328,50.5,4.23,501.43
3622,767.6,0.54,110,66.8,5.03,543.58
3623,651.1,1.3,255,36.6,3.96,454.99
3624,752.3,0.99,102,62.7,4.12,508.41
3625,844.9,2.53,72,71.3,5.94,555.18
3626,702.6,2.61,275,74.5,5.99,498.03
3627,708.3,1.15,215,59.0,5.16,525.41
3628,788.2,1.31,89,45.6,5.61,506.05
3629,672.9,1.09,46,38.2,7.09,473.3
3630,718.4,2.77,20,47.3,4.94,473.37
3631,779.8,1.76,124,57.0,4.13,501.97
3632,718.3,2.14,99,39.8,5.54,477.66
3633,738.2,1.54,241,77.6,5.84,543.76
3634,787.2,2.08,28,74.9,5.93,522.17
3635,771.1,1.46,61,31.6,6.14,496.06
3636,763.3,1.35,383,58.1,5.99,560.81
3637,733.0,2.09,283,69.5,5.52,509.69
3638,768.5,1.98,103,42.3,5.64,502.07
3639,743.8,1.23,41,56.2,5.41,500.28
3640,772.9,0.87,160,50.3,3.41,509.73
3641,725.2,1.42,149,39.8,3.28,485.65
3642,740.9,1.54,67,60.7,3.95,478.38
3643,700.5,2.07,470,79.7,5.82,533.01
3644,748.2,2.79,30,48.3,4.56,476.84
3645,709.4,0.59,158,57.6,5.14,506.77
3646,694.3,1.11,230,46.4,6.56,511.44
3647,762.9,0.98,230,73.8,6.08,547.24
3648,760.6,1.76,251,73.2,2.83,509.63
3649,789.1,1.57,228,38.9,5.73,536.3
3650,728.4,2.32,38,75.0,5.06,477.79
3651,770.4,1.11,472,37.6,4.34,551.74
3652,777.5,1.99,56,34.8,4.67,497.0
3653,772.2,2.71,405,62.6,4.69,526.63
3654,708.7,2.78,67,49.3,3.69,447.48
3655,757.5,2.9,434,56.5,5.24,538.04
3656,768.2,2.43,284,62.6,7.18,560.07
3657,750.4,2.76,149,32.6,6.02,518.09
3658,645.7,1.09,32,44.6,2.97,435.79
3659,758.0,0.99,398,53.0,5.29,541.91
3660,860.6,0.52,387,43.3,5.29,599.26
3661,732.0,2.27,419,32.4,4.01,509.27
3662,713.6,2.84,382,34.3,3.79,495.97
3663,768.7,0.97,72,70.1,5.9,520.51
3664,765.6,2.09,61,75.6,5.1,501.5
3665,809.6,2.37,275,37.6,4.52,519.48
3666,687.1,2.82,351,42.5,5.6,503.9
3667,786.6,2.12,176,62.6,7.12,544.89
3668,779.5,2.93,160,77.7,5.26,506.61
3669,742.9,1.36,20,45.0,5.29,493.16
3670,766.9,1.37,485,72.8,4.98,549.79
3671,801.5,1.86,104,55.3,4.61,522.81
3672,793.6,1.46,81,77.8,5.82,537.71
3673,692.8,0.5,393,36.8,4.81,503.79
3674,791.0,2.33,496,78.7,5.5,559.65
3675,746.8,2.38,57,52.0,6.5,492.46
3676,753.6,2.37,357,77.6,5.74,531.71
3677,753.7,1.36,281,52.9,3.73,512.35
3678,742.5,1.81,439,56.5,3.67,526.25
3679,809.6,1.4,440,70.2,6.25,600.74
3680,745.8,0.54,104,66.1,4.89,522.87
3681,694.0,1.91,242,61.0,5.26,504.43
3682,730.3,0.81,57,50.8,4.21,495.45
3683,758.9,0.7,217,69.6,5.62,539.02
3684,811.5,2.39,462,77.4,6.89,580.91
3685,780.2,0.52,236,30.5,5.15,551.04
3686,707.5,2.9,418,59.4,5.65,513.32
3687,874.3,1.79,86,73.3,6.25,581.69
3688,763.2,2.96,358,62.7,6.68,534.52
3689,813.8,0.64,228,70.0,4.32,544.24
3690,742.4,1.96,369,74.8,5.41,531.7
3691,776.7,1.37,90,67.5,6.28,515.1
3692,792.0,2.61,46,65.9,6.55,513.57
3693,810.9,1.4,111,78.2,4.58,523.97
3694,802.9,1.15,200,73.2,4.33,542.23
3695,793.6,2.64,38,70.8,4.85,502.48
3696,734.2,1.44,323,34.3,4.68,514.69
3697,721.4,0.54,262,42.0,4.72,515.83
3698,766.6,1.48,260,57.8,5.41,530.57
3699,796.7,2.14,235,65.5,4.46,540.24
3700,738.9,1.14,103,45.2,6.56,517.64
3701,803.3,1.58,424,34.7,4.6,541.23
3702,822.6,0.64,95,45.6,4.4,542.1
3703,704.2,1.97,119,68.6,3.83,486.5
3704,708.2,2.39,226,73.9,6.26,497.03
3705,743.0,1.53,205,75.6,3.71,502.59
3706,765.4,1.55,492,48.9,5.46,565.17
3707,723.8,0.72,306,48.6,5.69,523.59
3708,817.6,1.0,443,50.3,2.08,544.53
3709,771.2,0.89,53,48.8,3.69,487.97
3710,752.0,1.7,402,63.3,4.62,543.03
3711,678.2,1.82,452,47.9,6.89,531.36
3712,684.2,2.87,99,31.0,4.62,437.89
3713,764.1,0.68,484,52.0,4.5,551.43
3714,643.4,2.0,164,41.2,4.25,454.34
3715,800.6,1.82,475,31.4,4.23,552.52
3716,742.1,1.79,487,53.5,4.36,515.9
3717,900.0,2.68,118,40.3,4.33,549.56
3718,865.4,1.01,68,52.6,4.29,554.97
3719,740.9,0.6,119,43.9,4.28,519.92
3720,744.7,2.18,488,60.2,4.62,543.69
3721,799.8,1.36,115,79.5,5.95,552.72
3722,835.2,0.54,396,57.4,3.88,573.81
3723,668.1,1.13,230,62.3,4.35,470.32
3724,660.7,1.27,272,76.0,4.48,493.11
3725,718.9,2.04,91,48.7,5.0,478.68
3726,779.1,0.93,281,38.3,4.24,542.44
3727,774.8,1.53,58,44.1,7.08,525.13
3728,803.5,1.71,386,50.1,5.58,576.65
3729,690.0,1.65,41,62.3,5.97,472.68
3730,634.2,2.93,495,30.2,5.24,473.35
3731,792.9,0.61,98,72.7,6.4,545.66
3732,708.6,2.88,437,33.8,3.86,480.62
3733,649.1,1.95,489,75.0,4.44,511.26
3734,757.3,2.49,28,77.5,4.18,480.57
3735,789.7,1.58,12,79.5,4.83,538.69
3736,743.9,1.63,387,70.5,6.58,536.86
3737,727.1,2.7,69,37.1,7.2,486.42
3738,742.0,2.74,428,65.3,5.95,532.67
3739,731.5,1.1,251,40.2,4.9,526.96
3740,682.6,1.0,38,74.9,6.12,478.66
3741,714.3,1.74,84,45.8,6.48,485.98
3742,776.1,2.75,79,46.3,6.18,487.43
3743,766.1,1.31,92,75.9,4.87,531.16
3744,758.4,2.13,366,30.7,4.89,505.27
3745,700.2,2.27,182,39.7,4.34,470.91
3746,740.9,2.45,420,51.1,4.75,545.18
3747,641.1,1.91,206,65.0,4.2,467.89
3748,758.9,1.51,355,62.4,4.94,551.36
3749,821.4,2.92,428,63.5,4.98,572.53
3750,676.3,2.03,156,74.0,4.14,468.03
3751,720.7,2.32,282,36.1,7.69,519.41
3752,766.5,1.36,44,56.1,5.3,508.85
3753,812.6,2.17,122,66.3,6.29,537.03
3754,727.6,1.14,470,61.8,6.2,548.75
3755,715.4,1.11,215,52.4,6.94,537.0
3756,651.6,2.29,167,30.9,4.09,436.13
3757,755.2,1.8,262,33.0,4.45,507.53
3758,852.1,2.21,131,35.9,3.19,508.86
3759,763.9,1.17,57,47.2,3.38,501.88
3760,748.9,2.0,194,35.9,3.99,509.1
3761,766.1,1.61,282,51.3,4.85,506.18
3762,749.4,1.99,110,38.9,4.91,507.52
3763,709.3,1.23,24,69.0,8.0,516.25
3764,791.2,2.29,137,73.6,5.5,535.98
3765,761.3,2.51,219,49.5,5.97,518.07
3766,750.9,1.15,121,55.6,5.14,518.77
3767,701.2,1.25,279,77.7,3.69,504.38
3768,815.2,2.15,151,56.8,5.3,521.97
3769,783.2,2.24,182,79.8,3.39,508.23
3770,722.4,2.26,362,37.1,4.82,499.97
3771,800.1,2.21,175,73.1,5.65,545.05
3772,725.1,1.48,456,54.9,4.41,527.33
3773,710.9,1.49,128,31.1,5.19,489.69
3774,712.0,1.14,212,78.6,4.4,494.91
3775,661.4,0.89,20,78.3,3.89,477.75
3776,773.6,2.23,258,49.2,5.49,527.21
3777,658.4,0.73,313,77.7,6.04,500.12
3778,688.6,2.84,257,37.1,6.04,488.83
3779,646.2,2.57,163,64.0,4.76,450.77
3780,745.7,2.64,332,39.6,2.82,497.59
3781,742.5,2.77,34,42.3,5.09,501.99
3782,733.7,1.52,474,69.0,6.27,566.25
3783,697.9,2.62,454,48.9,3.69,503.76
3784,691.4,0.9,351,30.4,6.78,521.43
3785,773.2,0.55,230,50.7,2.94,526.03
3786,722.5,2.46,119,41.4,5.4,475.19
3787,765.8,0.69,419,64.2,5.83,557.04
3788,705.7,2.97,427,39.7,6.47,504.88
3789,759.1,2.19,99,72.1,5.46,516.41
3790,815.2,2.38,274,43.4,4.67,538.39
3791,779.3,1.11,49,49.7,5.17,504.62
3792,729.4,2.18,468,44.9,4.32,518.56
3793,762.9,0.61,272,62.2,3.01,520.07
3794,738.0,2.59,167,35.1,4.76,487.19
3795,750.4,0.92,127,53.9,5.49,512.42
3796,733.7,2.24,459,46.7,6.03,529.03
3797,741.8,1.06,265,74.2,4.51,513.74
3798,760.6,0.67,423,33.7,6.48,583.13
3799,700.3,1.7,205,71.5,4.83,492.64
3800,699.2,0.92,323,38.4,5.48,514.65
3801,680.6,2.32,320,34.4,5.75,490.68
3802,670.0,1.09,23,40.1,5.05,464.92
3803,689.1,1.36,470,35.1,4.91,509.75
3804,758.0,1.92,127,56.0,6.56,519.66
3805,705.4,1.21,226,79.4,3.3,495.22
3806,775.7,1.44,214,31.7,5.04,534.13
3807,751.7,2.54,86,53.1,3.17,478.22
3808,651.6,0.95,430,49.3,3.2,490.0
3809,782.7,0.71,389,47.0,4.95,562.31
3810,790.5,1.32,181,46.6,4.47,525.17
3811,700.3,1.56,399,74.8,7.08,539.58
3812,771.0,1.86,35,30.9,4.75,491.02
3813,707.2,1.43,137,68.7,6.14,504.18
3814,754.9,2.47,383,42.6,5.05,507.51
3815,686.8,0.6,151,49.2,3.8,476.38
3816,660.3,1.58,401,51.0,3.24,496.21
3817,730.9,1.46,33,45.2,3.64,466.61
3818,743.8,2.12,479,34.7,5.33,532.98
3819,730.1,2.92,241,35.7,6.6,500.8
3820,690.8,1.78,432,44.9,4.09,500.27
3821,730.0,2.97,186,71.1,5.84,488.03
3822,763.5,1.26,350,36.7,4.82,546.03
3823,747.8,0.58,244,67.1,3.94,516.98
3824,759.1,0.91,328,44.4,5.35,523.29
3825,716.5,1.49,35,74.2,6.59,511.73
3826,808.6,1.29,275,51.4,4.92,539.29
3827,691.2,0.74,470,38.6,5.83,542.79
3828,774.4,1.58,371,79.3,5.31,550.38
3829,809.1,1.35,126,38.8,5.31,548.82
3830,774.0,0.81,67,58.4,4.2,512.01
3831,739.9,1.24,279,58.5,5.49,523.71
3832,723.6,2.72,338,48.6,3.54,496.5
3833,801.8,1.26,464,77.6,5.36,594.95
3834,678.9,2.28,304,72.2,6.37,516.18
3835,701.5,2.03,131,71.5,6.8,471.5
3836,730.1,1.57,168,78.7,3.96,478.69
3837,811.9,1.1,187,52.9,5.44,539.87
3838,769.0,1.42,153,34.9,4.29,497.12
3839,701.6,1.98,337,68.3,5.14,502.29
3840,734.5,1.38,377,49.0,6.92,546.64
3841,719.3,1.04,316,39.5,5.88,527.78
3842,714.5,0.79,408,54.2,4.35,534.7
3843,798.9,2.7,98,76.3,4.29,499.33
3844,681.4,1.6,248,38.6,5.02,483.81
3845,830.4,2.06,47,72.4,5.08,529.07
3846,791.4,1.73,370,50.9,5.13,551.08
3847,804.5,2.68,88,36.8,3.51,486.36
3848,726.9,1.87,354,72.4,7.0,541.26
3849,742.5,1.7,336,78.5,7.1,538.55
3850,678.3,2.81,355,44.6,5.48,500.62
3851,723.8,2.3,261,45.2,4.13,480.15
3852,774.7,0.78,337,49.5,4.37,550.83
3853,814.8,0.94,475,70.7,4.06,578.5
3854,694.6,2.47,158,30.5,3.97,450.93
3855,731.7,2.59,25,41.2,4.37,445.74
3856,742.4,1.86,376,65.3,5.42,528.28
3857,680.2,1.89,332,50.3,5.13,491.34
3858,779.6,2.08,330,46.5,6.52,540.48
3859,713.8,1.6,278,73.6,3.48,505.3
3860,740.2,2.2,127,75.9,4.12,506.04
3861,727.4,0.77,201,77.4,3.0,504.04
3862,710.5,2.9,326,43.6,5.14,495.05
3863,749.6,2.38,297,75.6,6.6,544.65
3864,739.2,2.08,405,66.8,4.53,514.55
3865,731.4,1.29,360,37.7,6.37,554.28
3866,713.6,0.9,306,60.5,5.69,514.64
3867,766.0,1.52,203,31.3,5.87,523.97
3868,832.7,2.15,498,65.4,5.59,592.83
3869,757.0,2.08,401,66.7,6.8,567.5
3870,799.8,1.46,452,69.5,4.8,570.32
3871,680.5,2.03,290,38.6,5.69,489.62
3872,757.9,2.53,398,61.4,6.85,560.74
3873,695.1,0.57,310,38.9,3.98,489.96
3874,676.2,1.63,395,77.3,4.78,497.13
3875,713.0,2.4,435,63.8,5.57,508.1
3876,809.6,1.87,259,34.8,4.14,520.39
3877,797.5,2.13,431,39.4,4.1,534.1
3878,762.2,1.79,240,63.2,7.03,552.82
3879,673.4,2.98,12,53.8,4.19,444.04
3880,740.2,0.64,183,66.8,4.63,525.31
3881,765.1,1.73,249,44.0,5.22,533.4
3882,758.8,0.73,495,62.9,5.43,579.96
3883,657.8,0.9,415,38.8,4.45,499.85
3884,705.5,1.46,113,57.2,4.79,493.42
3885,746.8,0.89,298,77.9,4.0,539.52
3886,776.8,2.91,253,61.4,4.45,515.91
3887,640.2,2.87,297,32.5,5.7,458.15
3888,741.9,1.34,376,79.4,5.91,550.83
3889,757.2,2.1,282,37.8,6.02,522.0
3890,792.5,1.83,129,65.9,5.0,506.03
3891,784.6,2.54,347,56.6,4.8,530.92
3892,779.1,2.07,449,44.7,3.69,536.5
3893,710.0,0.5,268,38.9,4.64,504.38
3894,654.6,2.41,79,38.9,5.17,436.78
3895,730.3,2.37,442,72.9,6.09,543.12
3896,800.1,1.77,192,73.6,3.07,529.8
3897,819.7,2.76,470,53.3,4.66,540.2
3898,785.5,2.77,256,35.2,2.73,487.69
3899,771.5,1.81,127,74.2,3.4,510.68
3900,769.0,2.02,40,54.4,6.32,495.22
3901,722.2,2.99,474,51.9,3.7,500.14
3902,743.5,1.25,158,50.4,5.11,498.37
3903,833.5,1.31,25,48.3,6.03,532.86
3904,702.9,0.96,282,56.3,4.53,511.85
3905,830.7,2.74,361,60.2,3.78,549.49
3906,733.9,2.36,394,53.3,5.12,529.46
3907,816.3,0.76,377,74.8,6.56,623.6
3908,679.7,2.95,111,45.9,5.99,455.43
3909,779.3,2.33,81,58.9,4.75,499.17
3910,713.2,2.63,202,45.0,4.44,487.53
3911,679.2,0.62,331,67.7,6.16,536.61
3912,760.9,1.76,120,35.1,3.54,494.72
3913,800.5,2.25,302,39.4,5.94,539.2
3914,707.8,1.86,417,70.1,4.47,523.58
3915,675.0,2.17,356,39.2,3.51,467.67
3916,745.4,2.54,349,61.3,3.23,495.39
3917,745.6,1.44,376,78.5,6.64,557.88
3918,777.4,2.62,327,56.1,4.8,545.28
3919,797.5,0.91,286,39.4,4.11,541.49
3920,747.0,1.18,115,46.0,4.96,506.5
3921,842.8,0.61,46,71.2,4.43,535.32
3922,761.2,1.41,300,47.6,4.46,518.15
3923,732.7,1.45,431,66.2,4.5,538.12
3924,669.4,2.51,190,68.9,5.01,470.98
3925,736.9,2.13,152,55.1,5.76,520.03
3926,733.2,1.59,123,69.2,3.47,477.18
3927,798.0,2.13,247,45.8,6.35,543.59
3928,773.1,0.63,435,55.8,4.06,554.57
3929,691.0,0.95,103,64.3,5.26,492.69
3930,758.6,2.07,269,38.4,4.94,508.84
3931,783.6,2.1,116,43.7,4.19,484.24
3932,826.4,2.44,253,62.6,6.14,559.9
3933,794.4,1.51,432,62.8,4.21,550.73
3934,788.0,2.31,344,54.7,6.42,547.14
3935,753.0,2.21,32,69.8,5.67,495.86
3936,769.4,2.91,370,54.1,4.25,516.37
3937,812.5,1.04,280,74.1,3.8,524.75
3938,683.4,1.88,483,66.8,6.07,509.66
3939,732.5,2.0,149,45.7,3.86,478.97
3940,711.4,3.0,475,49.8,4.87,529.01
3941,769.0,1.0,463,63.4,5.7,561.58
3942,811.5,1.81,393,74.7,5.46,566.53
3943,720.2,1.37,91,38.9,4.8,498.44
3944,630.5,1.81,386,55.7,4.27,480.16
3945,729.4,1.08,447,35.9,5.72,547.5
3946,795.7,0.62,353,44.0,3.12,549.86
3947,776.9,1.93,431,64.3,5.26,534.13
3948,771.4,1.34,165,33.9,3.7,490.95
3949,736.0,0.95,344,63.1,4.12,519.87
3950,686.0,1.31,28,75.0,5.37,472.81
3951,775.8,0.62,78,78.5,4.25,536.99
3952,708.3,2.88,457,40.8,6.16,513.26
3953,859.2,1.95,141,67.4,5.71,553.33
3954,778.5,2.54,265,76.3,4.3,516.84
3955,721.0,1.56,218,34.6,4.77,510.15
3956,719.4,2.76,19,50.7,3.9,451.71
3957,745.4,1.71,149,76.0,5.47,519.83
3958,738.0,1.93,462,40.1,6.57,539.62
3959,805.8,1.73,144,76.7,3.8,506.14
3960,759.3,2.33,264,56.4,5.19,523.17
3961,713.4,1.92,309,35.0,5.32,506.51
3962,844.5,1.18,416,52.5,3.75,586.92
3963,752.5,0.86,267,46.3,3.99,524.1
3964,788.4,2.02,103,44.1,3.19,519.18
3965,719.6,1.72,381,57.1,5.56,515.86
3966,768.2,0.74,250,54.2,4.64,526.71
3967,765.6,1.49,246,54.1,4.27,519.67
3968,655.5,1.79,174,34.4,7.06,474.66
3969,850.8,2.57,334,70.1,3.2,547.16
3970,814.5,0.69,157,54.1,6.29,561.02
3971,730.1,1.37,227,71.0,2.85,494.0
3972,694.9,2.56,437,71.2,4.48,497.17
3973,767.4,2.12,117,45.9,3.3,477.19
3974,754.3,1.22,240,30.2,4.18,518.58
3975,767.8,2.61,79,75.6,4.46,504.57
3976,759.6,1.73,230,68.0,4.29,549.88
3977,775.3,1.75,83,35.4,5.25,509.76
3978,822.4,2.94,188,65.1,5.88,546.08
3979,778.4,2.87,89,31.0,4.89,489.39
3980,697.5,1.4,363,31.4,5.32,516.57
3981,818.1,0.85,168,56.3,6.56,564.67
3982,832.0,1.31,365,34.8,4.3,560.91
3983,900.0,0.58,178,78.2,5.9,604.99
3984,693.8,0.55,323,74.7,7.53,564.37
3985,762.1,1.49,398,62.5,6.81,579.69
3986,645.9,2.85,170,33.2,6.63,444.58
3987,777.7,2.68,436,46.2,5.73,547.34
3988,722.6,1.78,412,48.6,6.15,529.72
3989,846.2,1.91,41,54.0,4.52,546.91
3990,711.3,0.51,130,38.4,4.92,487.59
3991,665.5,1.04,224,58.9,4.8,497.66
3992,726.4,0.56,12,51.8,4.34,490.76
3993,651.2,2.39,394,77.4,5.15,469.04
3994,787.6,0.86,237,76.8,4.48,566.46
3995,646.7,2.67,434,58.3,5.06,463.32
3996,751.4,2.11,485,62.2,3.62,520.8
3997,646.1,1.07,57,36.9,4.47,436.32
3998,734.0,0.89,176,41.2,6.32,535.11
3999,832.2,2.07,398,75.0,5.19,567.97
4000,768.0,2.75,342,65.0,6.33,523.82
4001,706.8,2.3,20,39.5,4.39,459.28
4002,748.4,1.37,247,58.5,4.75,509.78
4003,750.9,1.97,287,76.7,5.21,530.91
4004,773.6,1.28,250,47.3,4.81,535.28
4005,681.7,3.0,480,39.3,3.61,482.41
4006,779.6,2.37,201,77.1,5.57,506.53
4007,614.8,2.04,21,53.1,4.01,427.57
4008,718.5,1.56,62,50.9,4.99,497.16
4009,725.6,2.05,64,43.4,2.87,468.18
4010,781.7,1.35,318,74.6,4.35,552.9
4011,751.1,0.57,30,72.3,4.87,510.8
4012,679.7,1.49,28,50.1,5.56,483.93
4013,700.8,2.83,462,31.5,3.76,474.33
4014,759.9,2.07,353,52.3,4.11,498.59
4015,746.0,0.71,359,39.0,6.76,567.82
4016,721.0,2.71,465,37.1,6.97,510.59
4017,726.0,1.17,331,49.7,5.51,539.12
4018,784.8,1.11,324,35.0,6.28,543.33
4019,724.1,1.24,442,77.9,4.61,545.36
4020,745.6,1.94,491,32.4,5.65,534.07
4021,858.5,1.86,68,50.1,5.6,550.65
4022,678.8,1.73,160,38.1,4.06,476.86
4023,657.4,2.29,268,64.4,5.2,465.56
4024,789.2,1.29,449,33.9,4.7,574.66
4025,716.1,2.46,381,57.3,5.37,511.21
4026,734.1,0.94,67,68.7,4.46,500.54
4027,710.9,2.46,225,77.5,3.55,491.42
4028,737.0,2.16,71,64.9,5.02,499.8
4029,829.9,2.21,155,35.0,5.83,536.55
4030,790.1,1.7,454,34.4,5.83,547.35
4031,793.1,2.17,391,66.6,3.22,535.79
4032,679.2,0.7,248,40.8,5.18,484.08
4033,692.4,2.63,302,52.4,5.69,488.95
4034,608.0,0.64,191,78.8,5.14,466.79
4035,709.5,0.87,378,71.0,5.86,524.72
4036,797.8,1.94,104,72.3,3.59,502.13
4037,775.8,2.35,87,73.0,3.85,508.05
4038,738.9,0.69,458,61.0,5.59,556.64
4039,748.9,2.8,151,67.2,4.65,484.86
4040,715.6,2.93,114,47.9,6.17,481.55
4041,760.2,2.01,270,79.9,5.31,545.84
4042,788.3,1.7,104,44.0,4.1,501.73
4043,669.2,2.35,232,59.5,4.05,474.73
4044,765.0,1.32,487,44.1,3.12,540.42
4045,796.6,1.73,493,35.6,5.69,588.26
4046,729.2,2.79,199,58.4,4.88,496.92
4047,785.0,2.89,138,47.7,5.92,505.06
4048,890.7,2.82,328,59.2,5.26,580.16
4049,744.8,1.16,204,57.9,5.11,512.14
4050,769.7,1.08,29,57.1,5.82,519.02
4051,713.1,1.24,308,36.2,4.9,501.68
4052,759.1,1.6,249,52.0,4.67,513.28
4053,773.0,1.29,244,70.6,5.0,549.64
4054,759.7,1.44,94,45.8,5.84,514.92
4055,699.0,2.05,103,52.2,4.06,467.35
4056,760.3,2.41,51,54.7,5.92,491.13
4057,823.1,2.34,373,73.1,5.06,558.25
4058,772.4,2.54,359,62.8,4.62,523.97
4059,798.1,0.58,462,35.0,5.18,572.77
4060,738.1,0.62,83,73.3,6.18,517.39
4061,787.5,2.47,481,71.6,6.17,556.74
4062,764.0,1.83,374,67.7,5.39,530.16
4063,702.5,1.95,124,53.3,5.63,482.18
4064,765.9,0.63,432,67.9,5.04,557.34
4065,700.4,1.14,199,53.9,4.42,509.61
4066,718.4,2.1,441,66.8,5.44,514.26
4067,759.5,2.65,134,74.0,4.55,491.24
4068,764.9,2.79,15,74.5,3.97,483.87
4069,690.5,1.75,467,52.7,4.58,491.2
4070,802.7,1.86,388,73.0,3.36,554.43
4071,778.6,2.58,51,35.1,3.76,470.28
4072,714.8,1.84,67,35.1,7.03,479.82
4073,673.1,1.79,436,57.4,6.13,520.67
4074,742.8,2.76,19,62.6,4.76,478.24
4075,727.7,2.47,98,37.6,5.52,467.43
4076,755.7,2.77,343,53.6,4.05,504.15
4077,731.8,1.05,120,34.7,5.66,516.83
4078,649.6,1.81,48,60.1,5.26,446.23
4079,730.6,2.61,406,72.8,4.3,503.05
4080,734.7,0.78,468,66.9,4.68,550.34
4081,781.7,2.49,176,48.9,4.61,506.01
4082,715.1,0.96,20,79.7,5.85,496.86
4083,833.9,2.52,119,63.1,4.92,533.82
4084,654.4,2.03,25,70.8,3.42,427.36
4085,815.6,0.98,42,63.5,4.55,538.21
4086,738.8,1.68,242,79.5,4.22,508.35
4087,793.0,2.2,498,71.1,3.52,536.91
4088,754.0,2.08,197,56.0,4.24,517.67
4089,807.0,1.57,233,48.3,2.84,508.36
4090,730.6,2.75,68,64.1,4.07,474.58
4091,695.1,1.8,467,59.5,5.2,519.3
4092,821.0,1.76,60,61.5,5.45,532.16
4093,744.3,0.66,280,47.2,5.5,528.46
4094,761.1,2.81,473,51.4,5.96,535.76
4095,811.7,0.94,52,57.9,6.19,552.46
4096,698.4,1.82,36,72.0,3.98,452.04
4097,779.8,2.51,65,68.1,3.62,483.83
4098,720.5,1.04,130,35.9,5.04,506.61
4099,743.4,1.82,122,42.3,5.55,493.76
4100,753.6,1.1,325,31.3,4.16,525.09
4101,675.0,2.4,124,30.4,5.26,456.04
4102,711.1,1.91,118,41.2,6.82,485.07
4103,817.6,2.64,489,70.0,3.66,559.85
4104,794.3,2.74,463,75.2,5.01,552.55
4105,746.9,2.12,184,49.6,6.04,502.11
4106,762.2,2.31,121,58.2,4.8,504.54
4107,735.3,1.87,109,65.3,5.41,499.68
4108,817.8,1.46,17,77.6,5.91,537.09
4109,740.0,2.12,456,75.6,4.7,531.67
4110,761.6,2.77,482,32.9,3.94,506.06
4111,807.3,1.54,144,42.4,4.9,528.18
4112,711.1,1.29,260,32.5,3.91,470.99
4113,827.9,1.47,346,60.8,4.45,572.43
4114,673.5,1.59,249,65.5,5.44,480.17
4115,831.5,0.68,231,45.4,5.18,572.47
4116,731.4,1.75,395,72.7,6.0,525.43
4117,737.9,1.74,154,52.6,5.23,489.08
4118,655.5,1.97,386,79.9,4.22,480.17
4119,727.3,1.41,13,30.0,4.0,487.83
4120,698.0,2.03,291,35.5,5.63,490.94
4121,719.6,2.7,343,45.1,5.24,517.05
4122,743.1,2.89,337,31.3,4.81,504.83
4123,797.9,1.96,206,69.1,5.34,534.45
4124,760.4,0.61,398,32.6,4.3,547.22
4125,765.4,2.92,137,67.4,2.55,478.94
4126,695.2,2.26,270,32.6,6.04,495.27
4127,706.0,1.34,100,42.6,5.65,501.53
4128,839.9,0.87,334,72.1,4.91,585.61
4129,713.2,0.86,268,77.6,4.1,520.59
4130,832.8,0.92,431,50.7,4.79,605.64
4131,737.8,0.61,103,78.5,3.27,486.95
4132,750.1,2.76,266,61.3,5.11,505.67
4133,803.5,1.85,145,50.8,3.06,517.95
4134,813.6,2.25,22,70.1,5.11,502.11
4135,744.5,2.57,477,44.8,4.29,511.67
4136,730.6,2.48,207,43.3,4.85,479.06
4137,747.2,2.71,187,62.8,3.86,490.37
4138,766.9,2.92,121,49.5,6.51,508.79
4139,794.6,1.6,273,36.8,5.36,532.27
4140,750.2,2.88,423,33.3,4.31,514.39
4141,780.9,2.31,378,69.4,4.82,533.95
4142,831.9,0.68,433,63.8,6.61,620.81
4143,769.1,2.2,88,50.6,4.05,495.84
4144,765.6,2.22,387,74.8,3.89,536.77
4145,674.1,2.76,265,50.5,3.84,474.9
4146,618.5,1.43,83,65.5,4.32,446.85
4147,769.4,1.96,392,75.5,6.5,552.3
4148,745.3,0.53,170,72.0,4.44,524.81
4149,724.3,1.33,210,55.6,4.58,490.9
4150,762.2,0.66,378,64.0,5.2,547.62
4151,747.0,1.8,317,50.7,4.97,528.07
4152,806.4,2.54,386,62.4,5.97,574.18
4153,754.3,1.02,42,42.9,5.82,520.1
4154,712.7,1.82,82,51.7,5.33,484.9
4155,799.5,1.01,471,40.5,4.77,556.78
4156,739.1,0.8,361,31.9,5.96,543.9
4157,776.3,1.78,302,59.4,4.21,519.45
4158,726.1,0.7,207,73.2,4.15,518.56
4159,717.5,1.97,334,31.3,4.59,487.0
4160,754.2,0.58,397,39.8,6.16,562.27
4161,750.6,0.77,325,53.0,4.16,528.66
4162,774.0,1.87,249,63.3,4.4,524.21
4163,736.6,1.98,473,38.6,5.17,526.82
4164,658.2,0.57,83,32.8,4.94,452.14
4165,728.4,1.93,40,56.0,4.62,487.14
4166,789.7,2.6,488,70.9,5.47,556.18
4167,735.1,2.31,23,31.8,4.53,461.03
4168,737.7,0.83,214,47.5,6.06,527.19
4169,799.3,1.98,325,63.2,5.24,542.76
4170,714.4,2.18,77,36.5,6.02,471.73
4171,672.9,0.59,137,41.8,4.21,491.01
4172,742.0,2.64,35,56.8,4.85,474.75
4173,725.8,2.77,417,77.7,3.1,496.5
4174,701.7,2.63,193,44.4,6.34,467.86
4175,741.2,2.56,146,54.4,7.29,503.1
4176,774.6,2.36,300,50.0,4.71,512.0
4177,749.5,2.08,115,74.9,5.37,500.04
4178,765.3,2.2,472,33.6,5.11,555.05
4179,840.7,2.52,33,58.3,3.71,524.91
4180,732.9,2.16,424,72.3,6.25,536.88
4181,763.9,1.32,348,79.4,4.73,538.9
4182,724.5,1.44,459,64.9,2.95,526.58
4183,707.7,2.74,203,49.0,4.28,481.54
4184,720.8,0.54,178,50.6,3.61,498.24
4185,726.1,2.25,45,47.6,5.12,494.02
4186,768.0,2.89,110,60.2,5.12,488.62
4187,867.5,2.27,43,67.0,6.19,547.28
4188,714.2,2.98,386,71.0,6.83,517.24
4189,729.2,2.22,48,50.8,6.91,488.66
4190,746.8,0.59,220,65.8,3.97,512.31
4191,769.8,2.57,239,75.8,5.62,530.99
4192,763.2,1.21,288,76.0,5.8,545.29
4193,814.2,1.62,89,65.2,4.48,548.69
4194,628.7,1.28,247,61.8,5.29,481.5
4195,630.7,1.17,181,56.6,5.4,471.28
4196,725.2,1.58,335,39.2,4.51,530.31
4197,804.9,1.45,451,36.2,6.28,584.19
4198,671.7,2.08,68,54.3,5.24,464.18
4199,600.0,2.53,419,38.0,4.83,446.21
4200,778.6,1.24,31,58.8,3.78,499.93
4201,762.2,1.03,374,62.3,6.15,570.23
4202,695.5,2.17,376,56.3,5.07,510.82
4203,700.7,2.18,353,31.8,5.08,490.09
4204,701.5,2.75,247,32.9,4.15,490.93
4205,755.5,0.54,305,35.7,5.89,545.42
4206,718.7,2.63,350,37.7,3.87,500.0
4207,774.7,1.8,103,79.5,2.79,500.18
4208,607.3,2.05,253,47.2,4.29,445.72
4209,707.2,0.73,20,44.6,5.35,482.92
4210,693.7,1.58,126,32.6,5.34,479.15
4211,737.2,1.07,274,61.8,5.14,512.22
4212,723.1,1.14,21,62.6,4.83,498.56
4213,789.9,1.76,163,38.8,5.16,529.7
4214,657.0,2.53,47,76.0,7.86,487.78
4215,752.3,2.36,140,70.0,5.25,502.83
4216,777.9,1.98,391,41.5,4.58,526.64
4217,842.8,1.85,234,54.3,4.9,569.78
4218,725.9,1.57,152,52.9,4.79,492.65
4219,766.2,2.93,440,47.4,5.07,492.77
4220,659.8,1.9,398,70.9,4.09,493.68
4221,630.4,1.13,63,35.5,5.8,461.83
4222,792.2,1.08,33,50.8,5.3,534.2
4223,749.7,2.03,404,51.4,4.21,515.02
4224,808.9,1.81,130,53.4,6.02,542.08
4225,681.3,0.52,128,73.1,3.1,484.57
4226,776.0,2.58,170,40.9,7.15,528.07
4227,843.4,2.26,480,35.1,6.89,584.58
4228,771.0,2.15,83,60.9,6.73,520.64
4229,763.8,0.67,194,38.7,4.5,536.05
4230,750.4,1.41,445,33.7,5.24,524.1
4231,671.5,2.84,201,51.3,4.38,453.61
4232,817.8,2.66,436,41.0,5.43,566.86
4233,719.5,1.21,229,48.1,5.02,523.93
4234,775.2,0.89,496,43.0,4.54,579.84
4235,671.8,1.62,130,34.6,4.53,470.21
4236,691.0,1.39,218,58.0,5.08,512.62
4237,821.8,2.21,393,31.4,7.94,588.92
4238,732.6,2.92,309,78.3,6.31,492.91
4239,822.7,1.41,355,47.1,5.09,562.21
4240,746.1,0.66,482,64.8,4.82,575.12
4241,657.9,2.74,173,70.5,5.62,456.01
4242,794.6,0.59,277,44.0,4.39,563.27
4243,720.5,2.88,449,67.4,4.77,520.04
4244,784.9,2.16,12,71.6,3.05,504.9
4245,751.3,2.85,59,42.1,5.09,471.88
4246,672.8,1.0,422,79.6,5.12,503.46
4247,758.2,0.6,373,31.0,4.46,540.5
4248,859.8,1.72,481,40.9,5.45,581.15
4249,774.6,1.63,220,69.0,5.12,526.68
4250,747.1,1.33,470,39.7,4.47,512.63
4251,803.8,2.89,25,64.9,5.82,507.23
4252,760.5,2.56,177,72.8,4.82,508.57
4253,760.5,2.15,292,78.0,3.95,523.0
4254,695.4,0.91,388,53.7,3.24,516.7
4255,761.7,2.34,335,78.6,6.44,545.48
4256,801.8,2.32,307,50.6,5.13,532.64
4257,708.2,1.56,194,40.9,5.08,504.51
4258,821.2,2.81,147,55.7,4.96,528.24
4259,745.4,0.92,134,62.5,6.22,525.55
4260,705.6,1.17,431,52.9,5.14,527.53
4261,799.9,0.66,401,58.3,6.55,582.21
4262,735.7,2.49,411,50.8,5.15,532.45
4263,788.0,2.05,489,56.2,2.33,536.77
4264,735.4,1.29,410,77.6,6.27,562.31
4265,747.0,0.91,67,55.0,5.32,489.53
4266,774.7,0.6,371,42.7,4.49,554.45
4267,764.5,0.92,75,67.9,4.74,519.35
4268,650.2,1.63,437,46.9,4.69,480.49
4269,693.9,1.12,349,70.8,3.76,499.58
4270,796.5,1.15,211,32.8,5.88,552.2
4271,743.4,2.69,18,46.6,4.55,472.72
4272,723.8,1.79,441,34.7,4.13,518.56
4273,682.1,2.32,432,34.3,8.0,533.58
4274,696.0,0.59,114,62.9,3.85,492.22
4275,648.9,1.41,98,49.3,4.91,470.73
4276,744.9,1.7,98,73.6,2.7,473.76
4277,720.1,0.97,353,55.8,6.25,541.33
4278,701.7,0.8,15,44.8,4.72,477.87
4279,746.6,2.68,167,66.0,5.82,489.66
4280,768.2,2.85,388,61.2,4.06,537.07
4281,854.7,0.7,339,70.0,3.38,576.46
4282,674.4,1.37,112,62.2,4.25,471.96
4283,808.0,2.9,232,38.4,6.35,526.63
4284,798.7,0.71,411,63.5,5.58,592.78
4285,711.0,2.11,180,49.6,3.38,468.48
4286,760.2,2.93,42,53.2,2.58,455.8
4287,727.1,2.95,190,76.1,4.68,484.77
4288,759.3,1.68,193,48.0,6.09,524.26
4289,825.5,0.91,412,60.6,4.24,572.97
4290,780.3,1.01,96,48.2,6.08,523.52
4291,775.4,2.72,78,34.7,5.13,484.38
4292,728.5,2.78,389,52.7,6.75,521.8
4293,675.8,2.02,35,59.9,4.32,452.42
4294,739.6,2.42,422,50.4,4.94,517.69
4295,810.3,2.35,417,49.5,4.34,537.31
4296,673.6,2.15,15,71.0,5.99,449.25
4297,697.2,2.57,265,31.5,5.59,473.25
4298,756.3,2.21,191,44.8,3.3,492.67
4299,700.8,1.84,304,70.6,5.69,519.02
4300,710.4,1.09,269,76.0,3.51,493.41
4301,728.8,2.36,393,50.6,4.09,511.39
4302,681.7,1.68,323,74.4,5.75,511.51
4303,701.3,1.24,313,39.9,3.75,514.75
4304,785.2,2.5,325,41.1,4.63,547.71
4305,684.6,2.24,243,72.3,5.76,501.28
4306,670.1,2.84,291,75.2,5.42,485.78
4307,718.5,0.91,216,41.1,5.36,516.76
4308,786.6,2.12,86,33.0,5.79,502.64
4309,740.2,1.11,177,34.5,6.31,508.5
4310,726.8,2.76,351,43.1,3.76,474.93
4311,752.2,0.75,388,68.1,5.33,557.7
4312,662.7,2.14,470,55.5,5.96,499.53
4313,774.7,2.48,65,52.8,5.77,509.4
4314,769.2,1.39,304,59.2,4.84,526.47
4315,729.5,2.89,90,74.5,4.78,477.51
4316,800.3,2.63,493,34.5,5.82,550.31
4317,693.6,1.24,176,64.7,5.21,481.31
4318,806.4,0.52,185,76.3,6.09,559.99
4319,757.7,1.24,290,40.7,5.11,524.3
4320,733.2,1.2,427,71.9,4.63,540.3
4321,749.0,2.72,392,64.9,3.24,501.01
4322,744.6,2.92,158,30.7,4.77,469.19
4323,811.0,0.68,265,41.6,3.77,540.98
4324,696.2,1.68,290,60.3,3.17,447.59
4325,711.9,1.87,354,55.1,4.13,499.87
4326,801.8,0.73,287,56.4,5.7,567.19
4327,720.2,1.44,288,41.6,4.76,503.69
4328,795.0,1.29,418,63.8,5.18,570.52
4329,835.0,1.84,215,43.3,5.67,562.62
4330,729.9,2.15,471,49.5,4.96,537.85
4331,784.1,2.26,419,48.4,4.31,547.74
4332,692.3,0.84,497,63.6,4.55,527.0
4333,787.7,2.53,39,34.5,5.77,489.58
4334,760.0,2.2,227,40.3,4.97,502.95
4335,773.7,2.72,431,40.0,2.46,516.03
4336,717.7,1.62,479,35.4,4.65,527.64
4337,666.9,2.73,240,40.4,5.53,457.44
4338,775.2,2.66,368,60.4,5.18,543.0
4339,646.8,1.6,171,66.6,3.98,446.97
4340,734.1,1.45,226,63.0,4.25,502.37
4341,797.1,2.83,237,53.8,3.05,506.15
4342,759.6,2.29,342,32.6,5.55,532.17
4343,847.4,2.82,230,78.0,5.62,565.48
4344,801.3,2.49,243,38.4,4.87,526.44
4345,717.3,2.02,82,63.4,4.65,465.33
4346,751.4,0.79,408,75.6,3.92,558.05
4347,747.6,1.23,104,64.9,5.33,501.56
4348,670.9,2.92,437,40.9,3.36,464.54
4349,703.0,1.3,484,45.8,5.78,525.66
4350,722.0,0.73,104,31.5,5.58,500.83
4351,648.2,2.27,403,60.6,6.17,483.39
4352,752.4,2.34,252,60.6,5.05,516.52
4353,737.5,1.21,382,66.3,4.48,538.37
4354,666.4,1.24,302,30.5,5.43,498.84
4355,770.2,1.67,272,70.9,5.78,543.89
4356,785.8,0.55,133,66.9,3.84,532.92
4357,761.4,2.47,297,37.0,4.93,502.57
4358,733.8,1.29,276,47.4,5.27,513.84
4359,779.6,2.63,441,61.9,5.48,545.33
4360,784.0,2.51,118,54.8,4.65,502.36
4361,765.4,2.15,357,35.8,5.63,528.49
4362,708.8,1.31,461,34.4,4.04,523.14
4363,763.8,1.79,57,69.1,7.02,543.81
4364,809.8,1.61,310,37.8,4.38,548.19
4365,720.2,1.35,104,38.6,5.41,485.25
4366,854.9,2.62,486,71.5,4.45,587.24
4367,723.7,1.71,42,60.6,5.1,477.32
4368,751.6,2.58,127,60.2,3.92,486.67
4369,716.4,0.76,141,54.0,6.08,517.82
4370,761.2,0.85,260,58.4,4.18,533.43
4371,662.9,2.94,312,60.1,5.08,463.91
4372,722.7,1.97,131,78.4,4.94,493.72
4373,695.4,1.77,227,41.1,4.3,475.42
4374,756.8,1.81,62,40.7,2.45,466.78
4375,799.7,1.04,135,32.9,6.06,523.7
4376,782.3,2.3,168,62.9,5.14,515.88
4377,631.4,0.71,168,57.5,3.26,477.38
4378,852.1,1.93,292,35.6,3.09,519.67
4379,764.8,1.93,98,48.2,4.68,476.56
4380,711.2,2.79,185,38.9,4.92,472.51
4381,757.9,1.82,301,46.6,4.79,529.75
4382,758.8,0.84,442,77.6,6.44,562.59
4383,716.7,1.93,168,64.2,3.33,480.24
4384,759.9,0.73,258,30.4,5.21,532.23
4385,719.6,1.01,366,42.6,5.65,525.24
4386,729.8,0.58,131,30.5,5.62,514.64
4387,715.7,1.78,246,65.7,5.89,501.3
4388,678.4,0.71,437,53.5,5.12,534.14
4389,757.3,1.67,134,79.7,5.25,497.24
4390,779.3,2.83,324,66.7,4.67,522.66
4391,775.7,2.3,288,55.9,3.49,513.84
4392,791.0,0.69,364,70.2,5.33,570.47
4393,766.2,1.06,333,65.2,4.6,539.12
4394,723.4,2.18,101,42.2,4.26,478.0
4395,792.0,2.74,435,56.5,5.37,543.19
4396,682.1,0.58,114,57.8,5.46,477.61
4397,705.0,2.53,51,52.6,4.29,448.2
4398,701.8,1.9,406,39.0,5.25,511.36
4399,804.0,1.87,138,41.2,4.92,516.95
4400,797.1,2.89,469,44.1,5.19,543.52
4401,774.4,2.37,62,30.5,6.25,508.85
4402,803.6,2.63,177,75.8,5.44,522.63
4403,706.0,1.38,99,64.3,5.37,489.65
4404,767.4,1.89,256,64.5,4.11,516.81
4405,743.7,2.04,183,58.6,4.26,507.63
4406,792.3,1.3,381,64.5,5.48,565.95
4407,744.2,1.93,96,79.1,3.41,494.23
4408,730.8,1.09,378,49.3,4.64,522.44
4409,777.0,0.86,159,65.6,4.24,545.8
4410,793.8,1.43,258,48.0,4.86,548.34
4411,716.6,2.35,124,72.7,4.78,497.48
4412,746.9,2.79,189,72.9,5.13,500.76
4413,697.1,1.64,129,75.1,5.47,483.79
4414,625.1,2.11,37,30.3,5.97,430.13
4415,760.0,0.76,318,44.9,6.04,553.42
4416,780.4,2.76,126,36.7,4.76,496.5
4417,763.1,1.92,200,52.7,4.41,505.16
4418,652.5,2.45,154,54.8,4.21,444.7
4419,732.5,2.49,329,42.8,4.68,504.78
4420,639.1,1.14,271,66.2,4.01,465.51
4421,818.5,1.82,151,43.5,5.47,532.83
4422,695.7,2.9,123,72.7,6.02,487.05
4423,812.8,0.72,393,38.9,3.48,573.43
4424,797.3,2.21,282,48.4,5.01,526.22
4425,705.0,2.91,47,61.1,6.56,489.21
4426,693.4,1.25,206,60.3,3.52,475.03
4427,767.5,2.65,22,33.9,6.48,495.89
4428,707.8,2.83,121,72.3,4.14,477.13
4429,755.1,2.37,446,59.9,4.39,522.08
4430,725.9,1.08,146,73.5,5.62,502.84
4431,660.9,1.34,181,73.4,5.51,489.12
4432,638.5,0.59,136,57.3,4.89,469.97
4433,761.3,2.58,371,75.5,4.24,519.85
4434,721.9,2.62,419,72.4,3.76,492.34
4435,722.3,2.08,342,77.9,4.92,529.34
4436,784.8,1.38,28,72.5,4.79,517.18
4437,808.7,0.69,441,71.1,4.21,586.92
4438,736.4,2.38,474,53.5,4.74,537.88
4439,733.0,2.32,217,40.6,5.25,478.49
4440,775.0,2.78,167,75.5,6.07,519.35
4441,682.2,2.33,169,66.1,5.2,457.89
4442,761.2,2.57,343,44.1,4.82,524.65
4443,777.6,2.36,249,47.0,4.18,525.15
4444,784.0,2.08,385,64.3,4.26,539.19
4445,653.2,1.57,88,53.9,5.22,458.1
4446,711.9,2.76,341,34.1,5.27,498.94
4447,706.1,2.13,366,37.1,4.78,504.38
4448,755.0,1.5,340,67.3,5.91,542.9
4449,774.0,0.71,206,46.4,5.06,544.05
4450,824.8,1.23,129,55.4,4.51,538.02
4451,725.3,1.86,257,68.3,4.34,506.35
4452,725.1,1.19,148,67.6,4.28,486.94
4453,807.5,1.05,235,38.4,5.48,563.52
4454,764.8,1.82,92,34.9,4.38,485.13
4455,813.4,0.92,419,59.6,5.11,584.01
4456,764.4,2.5,35,67.1,4.15,471.46
4457,692.1,1.71,137,37.5,4.83,468.23
4458,683.3,1.93,410,48.6,4.95,496.8
4459,672.4,0.87,232,73.5,7.36,523.53
4460,783.1,1.31,348,77.2,3.69,559.95
4461,809.4,1.53,53,52.7,5.81,522.56
4462,842.5,2.52,93,34.0,4.23,507.82
4463,792.2,2.43,416,42.9,6.35,565.06
4464,808.1,1.06,34,41.6,4.3,511.64
4465,721.0,2.04,229,41.9,6.04,526.35
4466,692.2,1.11,302,54.7,5.22,498.52
4467,792.5,2.97,213,59.2,3.67,510.89
4468,770.9,2.88,377,36.1,5.2,506.8
4469,755.4,1.91,202,74.5,5.52,510.9
4470,769.4,2.25,11,61.0,5.59,486.77
4471,766.2,2.5,211,59.9,4.76,502.07
4472,814.2,2.3,363,79.4,7.59,588.1
4473,814.7,2.25,41,61.4,6.95,531.82
4474,777.2,2.9,98,76.4,5.34,513.91
4475,792.3,1.99,211,44.3,3.68,522.43
4476,775.7,2.09,448,42.0,4.0,526.06
4477,726.9,2.62,187,55.8,4.73,483.33
4478,787.8,2.17,202,55.4,4.9,533.94
4479,680.3,2.33,169,41.3,4.17,448.69
4480,802.7,1.09,302,65.0,4.46,561.01
4481,690.3,1.43,213,31.5,3.01,460.95
4482,764.3,0.87,250,64.5,2.84,511.62
4483,707.7,1.76,124,52.9,5.01,479.77
4484,777.7,1.64,219,64.5,6.59,532.69
4485,748.3,2.99,231,53.9,3.45,494.83
4486,670.3,2.03,406,78.9,4.79,472.09
4487,771.0,2.47,191,46.7,4.98,512.03
4488,721.1,1.34,268,79.1,5.37,527.13
4489,794.1,2.58,478,33.2,4.49,537.9
4490,750.1,2.04,435,64.2,3.9,508.33
4491,769.8,2.24,471,52.7,5.65,555.08
4492,702.1,1.24,49,71.1,3.05,462.45
4493,720.5,1.87,339,69.5,5.38,513.72
4494,727.1,2.09,331,70.0,4.2,520.67
4495,792.8,1.97,69,34.7,5.24,523.38
4496,833.9,2.79,494,71.1,6.16,577.73
4497,709.7,2.75,20,40.7,4.31,439.58
4498,803.8,2.93,129,31.3,4.63,472.88
4499,641.5,2.17,394,40.9,4.58,456.57
4500,690.3,2.93,419,54.0,7.28,504.5
4501,702.1,2.58,51,67.1,4.87,472.29
4502,682.4,1.18,199,40.9,4.83,489.06
4503,670.8,1.57,132,35.7,4.91,475.39
4504,770.6,1.1,198,62.3,6.35,550.52
4505,739.3,0.51,261,79.2,4.36,533.22
4506,769.0,0.97,470,60.0,5.79,573.07
4507,784.5,0.51,101,64.6,4.24,535.06
4508,763.3,2.3,493,58.1,4.17,535.88
4509,782.9,1.56,222,69.1,5.37,541.64
4510,746.5,1.28,327,78.8,6.21,552.07
4511,690.7,2.4,211,57.2,4.62,476.14
4512,802.9,2.58,277,50.8,4.61,522.06
4513,720.5,2.94,164,73.0,5.64,499.38
4514,703.2,2.11,204,78.5,4.99,504.56
4515,741.1,1.65,37,36.5,5.68,477.95
4516,704.4,1.26,203,58.9,3.37,465.61
4517,729.1,1.06,421,69.6,3.96,529.36
4518,767.2,1.03,232,56.7,4.94,525.79
4519,767.4,1.52,116,50.5,5.45,498.94
4520,705.1,2.98,158,62.8,4.87,464.89
4521,725.6,0.5,144,43.5,5.08,524.63
4522,803.7,0.99,104,47.5,5.61,543.43
4523,774.8,0.97,279,79.6,3.75,547.56
4524,853.8,2.29,432,61.8,5.61,598.06
4525,809.0,1.38,383,73.6,6.05,586.85
4526,807.2,1.64,135,70.4,4.66,530.4
4527,680.6,0.87,368,62.6,4.14,519.9
4528,788.2,1.51,338,72.0,5.89,552.68
4529,747.3,0.76,480,44.4,6.72,555.51
4530,722.5,1.83,327,61.9,5.15,530.16
4531,758.4,0.74,21,59.5,4.12,517.97
4532,797.3,2.48,486,61.1,4.99,553.51
4533,775.0,1.92,303,38.4,4.17,516.01
4534,706.1,2.31,451,43.9,5.72,522.39
4535,787.1,1.55,449,44.3,4.95,547.01
4536,718.1,1.45,304,60.1,4.07,505.09
4537,760.8,0.75,351,78.6,5.2,559.43
4538,734.8,1.81,13,77.7,4.34,474.47
4539,739.1,1.79,313,41.4,3.68,515.93
4540,788.3,1.67,400,45.2,5.76,560.52
4541,698.0,2.35,325,31.8,5.3,489.49
4542,847.3,2.58,177,49.9,4.53,544.63
4543,658.9,2.38,17,71.7,6.27,455.58
4544,720.1,0.86,133,75.8,4.25,495.03
4545,768.5,2.06,381,41.8,4.57,542.59
4546,779.2,0.7,323,43.3,5.38,555.2
4547,745.0,2.24,194,41.0,5.88,471.93
4548,747.1,1.45,44,47.5,5.39,500.22
4549,770.5,0.83,82,70.2,4.44,500.21
4550,738.4,2.66,380,62.3,4.76,534.9
4551,819.7,2.04,22,69.3,4.35,518.83
4552,792.0,1.39,48,59.2,4.67,519.43
4553,793.6,0.58,93,42.9,4.74,538.12
4554,701.7,1.84,30,41.4,5.42,450.36
4555,746.0,2.81,262,30.5,4.31,493.23
4556,735.0,1.99,312,69.0,5.95,516.02
4557,699.7,2.93,476,72.4,4.98,504.39
4558,768.0,0.84,267,68.4,4.15,541.77
4559,723.1,1.92,309,33.7,5.39,502.37
4560,782.8,2.5,497,68.1,4.88,533.7
4561,696.5,1.81,39,32.3,4.54,462.41
4562,836.0,0.73,480,35.3,6.42,613.39
4563,705.2,1.96,137,52.0,4.69,466.19
4564,761.0,2.03,320,53.8,4.55,514.65
4565,789.6,2.32,49,70.8,5.96,512.79
4566,721.5,2.4,470,64.0,5.5,547.04
4567,792.6,2.43,106,37.7,5.75,528.55
4568,688.5,2.16,233,41.3,4.44,484.34
4569,822.6,1.04,101,44.3,5.22,562.89
4570,750.7,1.51,289,36.2,3.61,520.35
4571,720.2,2.44,179,44.4,3.08,468.98
4572,735.0,2.88,293,66.4,4.41,485.73
4573,790.4,0.7,231,42.1,5.05,529.05
4574,720.8,1.84,126,71.8,7.4,507.83
4575,712.5,1.28,257,53.5,6.25,520.68
4576,738.9,1.06,370,46.1,3.91,548.79
4577,691.2,1.76,358,50.6,5.88,507.97
4578,841.0,2.02,363,65.5,3.65,560.64
4579,721.7,0.52,444,55.8,6.53,563.15
4580,791.6,2.45,415,30.4,4.49,537.09
4581,760.5,2.55,98,76.1,4.43,510.19
4582,700.8,2.91,87,33.3,6.02,474.92
4583,749.7,0.95,467,76.9,4.44,556.17
4584,789.2,1.99,83,31.4,6.75,514.23
4585,740.6,1.57,401,68.5,4.43,526.99
4586,809.7,1.34,23,56.7,5.89,531.59
4587,801.1,1.91,54,55.3,5.12,508.56
4588,795.9,2.46,47,33.6,5.68,512.63
4589,727.0,0.56,425,41.9,3.99,527.38
4590,696.0,2.92,254,68.9,3.17,479.6
4591,719.3,2.52,71,74.6,4.06,474.47
4592,759.8,2.38,105,56.5,4.6,478.97
4593,777.3,2.4,332,47.7,4.8,541.08
4594,641.4,1.47,261,33.0,4.52,451.34
4595,749.6,2.38,477,64.1,2.86,535.25
4596,757.9,1.47,70,43.9,4.36,502.88
4597,736.1,2.75,278,32.8,5.04,516.81
4598,814.6,0.94,128,63.3,4.76,518.74
4599,771.1,1.23,96,54.3,4.63,514.41
4600,815.5,1.88,92,30.6,4.54,515.8
4601,739.2,1.3,89,35.5,5.06,489.52
4602,796.9,1.56,237,65.0,3.95,543.37
4603,831.8,1.73,492,33.2,4.75,572.87
4604,815.6,2.64,312,73.3,4.59,556.61
4605,695.4,1.81,120,45.6,3.75,454.15
4606,737.3,1.41,379,34.4,4.82,506.52
4607,732.7,1.12,319,68.0,3.01,506.32
4608,774.5,1.52,80,56.2,4.32,511.83
4609,784.3,1.79,445,45.3,5.34,566.22
4610,708.1,2.37,494,50.3,5.41,511.37
4611,753.4,0.8,337,31.1,5.01,543.04
4612,649.0,1.05,34,63.1,5.22,464.04
4613,822.1,1.45,288,48.3,5.62,564.67
4614,724.4,1.4,211,65.7,5.1,527.56
4615,752.8,1.48,423,61.4,6.18,552.33
4616,734.5,2.48,234,62.6,2.88,472.16
4617,807.3,1.31,276,69.6,5.82,564.38
4618,608.1,1.75,428,61.6,2.83,456.59
4619,749.2,2.06,292,50.9,4.37,520.19
4620,744.7,1.08,126,49.5,5.73,515.19
4621,727.3,2.3,76,36.0,5.62,481.21
4622,836.3,1.87,56,69.0,4.03,523.64
4623,705.6,1.62,250,68.1,4.95,479.46
4624,788.6,2.52,187,42.3,4.4,509.31
4625,767.8,1.11,17,73.1,5.85,530.71
4626,813.1,2.71,192,59.5,4.92,530.82
4627,716.6,1.9,86,53.9,4.35,459.59
4628,713.4,2.02,435,30.9,5.38,513.0
4629,804.8,2.69,76,49.1,5.58,508.14
4630,771.3,2.54,157,62.0,4.8,509.67
4631,672.8,2.0,182,34.5,5.65,472.69
4632,723.0,2.38,44,53.0,6.56,453.82
4633,769.3,1.58,86,79.7,2.92,487.26
4634,791.9,1.87,413,65.8,6.21,563.47
4635,716.0,0.66,289,57.3,6.43,529.46
4636,604.3,0.72,194,56.7,5.45,462.89
4637,776.2,2.57,64,32.2,4.69,481.58
4638,689.0,0.65,402,77.9,3.44,514.87
4639,649.1,0.92,103,76.4,5.04,480.49
4640,608.4,2.49,482,64.1,4.6,481.03
4641,790.7,0.5,153,35.0,3.61,524.51
4642,756.4,1.21,256,40.4,4.34,525.79
4643,738.7,1.96,448,39.2,4.96,532.93
4644,819.5,1.99,209,56.0,5.27,556.5
4645,781.9,2.44,245,40.4,3.98,515.3
4646,830.8,1.76,323,64.8,2.62,565.35
4647,680.4,1.77,329,57.3,4.74,500.7
4648,748.3,2.31,229,30.9,4.08,475.79
4649,669.2,1.75,341,67.2,4.56,504.8
4650,738.5,2.02,380,39.4,2.95,511.75
4651,737.6,2.74,225,71.2,4.68,504.39
4652,781.3,1.5,58,47.8,5.37,500.52
4653,752.3,1.46,294,46.9,4.56,533.34
4654,781.2,0.51,472,30.6,5.1,581.41
4655,785.2,2.03,127,79.4,4.71,504.02
4656,857.7,0.57,91,60.6,3.03,556.33
4657,734.2,1.76,272,51.1,5.08,515.51
4658,702.9,2.51,86,34.8,4.22,453.64
4659,762.3,1.87,220,65.0,3.68,508.08
4660,709.9,1.17,131,44.1,5.68,477.89
4661,824.1,2.47,334,79.4,5.27,557.83
4662,735.8,1.17,99,77.5,4.39,509.89
4663,721.7,2.33,267,66.8,4.84,491.46
4664,726.4,2.03,170,78.6,5.16,499.77
4665,785.9,0.92,185,35.3,3.3,513.85
4666,742.1,2.76,302,44.0,3.86,488.31
4667,717.9,1.0,98,42.7,3.91,465.36
4668,833.3,2.97,136,33.6,5.5,528.51
4669,707.2,0.52,482,78.6,6.57,563.97
4670,751.8,1.16,368,33.0,5.59,532.66
4671,782.6,1.0,295,72.8,5.12,566.26
4672,668.4,0.53,306,68.4,3.97,508.96
4673,774.0,2.33,269,48.8,5.74,525.95
4674,697.2,2.23,348,30.9,4.64,501.71
4675,791.1,2.48,484,30.3,3.99,554.2
4676,701.9,1.14,253,40.2,5.72,498.38
4677,784.6,1.61,120,54.7,6.33,519.65
4678,805.3,2.15,432,52.9,5.74,541.67
4679,793.1,1.6,33,59.3,7.38,527.32
4680,762.6,2.24,59,68.6,4.24,485.97
4681,738.4,2.08,46,48.9,4.53,461.02
4682,721.2,0.79,190,38.0,4.12,491.63
4683,823.6,2.45,262,70.0,4.11,545.14
4684,715.0,2.3,34,46.6,6.4,480.02
4685,698.1,2.14,358,44.3,3.89,481.54
4686,783.3,0.89,134,68.2,4.45,542.48
4687,710.2,1.17,40,76.7,6.26,485.75
4688,702.5,1.48,246,75.7,5.39,513.19
4689,677.8,1.2,236,36.9,3.98,476.06
4690,725.9,1.07,357,55.2,4.92,530.02
4691,745.9,2.51,47,34.6,3.3,463.35
4692,762.2,2.1,392,78.0,4.8,550.8
4693,797.6,1.91,67,40.8,5.08,518.78
4694,776.3,1.06,245,39.9,5.14,547.44
4695,740.5,2.8,190,74.4,6.88,500.93
4696,740.1,0.98,123,78.4,5.74,518.61
4697,775.5,2.49,315,64.9,3.83,508.74
4698,813.6,2.92,141,36.1,5.11,498.63
4699,756.3,2.32,357,54.3,4.93,532.89
4700,726.5,2.98,189,70.8,6.87,481.42
4701,700.4,2.13,424,58.6,4.56,501.68
4702,677.7,1.04,480,36.6,5.13,514.23
4703,783.3,1.01,87,38.6,5.27,520.1
4704,778.9,1.31,229,73.2,3.93,518.6
4705,778.9,0.52,151,56.4,3.48,517.13
4706,743.6,2.2,394,65.3,4.77,544.42
4707,820.3,1.17,52,48.7,5.67,535.58
4708,725.8,2.54,489,56.6,3.69,503.87
4709,797.8,1.4,127,78.9,4.9,536.98
4710,748.1,1.7,68,46.5,4.33,488.49
4711,719.6,2.91,70,63.7,3.06,469.75
4712,779.6,1.11,50,38.6,5.23,511.54
4713,770.5,2.3,283,36.1,5.41,526.06
4714,767.8,2.39,197,69.2,5.67,506.8
4715,754.1,1.05,462,72.2,5.78,559.03
4716,748.1,1.75,499,63.4,4.9,541.56
4717,869.4,1.38,344,37.9,5.4,572.36
4718,809.2,2.43,196,42.0,5.19,526.3
4719,786.1,2.06,435,75.6,2.43,537.12
4720,755.6,1.69,473,44.4,3.5,533.55
4721,800.4,2.45,237,70.9,4.26,509.69
4722,775.9,1.09,173,44.3,5.05,517.91
4723,751.3,2.38,433,77.0,5.27,534.44
4724,734.8,2.66,295,75.7,5.65,501.44
4725,746.0,2.7,111,32.2,5.67,464.36
4726,600.0,2.46,480,68.5,5.19,481.52
4727,760.5,1.52,276,38.5,5.49,543.94
4728,725.6,2.95,133,40.8,6.53,495.38
4729,829.6,1.45,162,53.0,5.41,553.16
4730,751.0,2.1,438,58.8,4.97,530.02
4731,690.6,0.9,188,46.3,5.46,519.49
4732,747.5,2.95,436,58.8,5.82,539.33
4733,697.7,2.26,75,38.5,6.55,466.15
4734,773.7,2.38,108,31.1,3.91,501.53
4735,764.5,0.66,440,58.6,3.36,551.79
4736,797.9,2.41,33,55.9,5.21,518.33
4737,710.5,2.44,342,64.5,3.55,506.41
4738,751.7,2.18,258,62.5,4.75,505.9
4739,681.7,1.23,499,74.9,6.81,543.46
4740,785.1,1.72,174,53.0,5.0,526.6
4741,775.9,0.78,393,30.4,5.01,555.73
4742,774.8,1.68,449,61.5,4.6,541.53
4743,750.1,1.11,103,63.8,6.51,525.66
4744,770.7,1.37,468,56.1,5.42,559.59
4745,830.2,0.91,352,64.5,4.53,574.05
4746,735.7,1.08,133,46.2,6.48,501.71
4747,756.9,0.69,311,37.4,5.19,538.71
4748,695.7,2.8,165,63.2,4.59,487.11
4749,706.6,1.83,358,42.3,2.91,493.35
4750,754.9,1.49,258,52.8,5.14,522.04
4751,805.2,1.84,445,54.6,4.55,565.85
4752,737.2,2.07,280,53.9,4.69,521.72
4753,738.2,2.8,438,59.9,4.63,509.89
4754,729.7,0.95,67,31.5,3.17,493.84
4755,723.3,1.24,204,79.5,7.56,524.82
4756,764.7,2.94,210,65.8,4.31,494.4
4757,675.1,1.43,81,51.3,5.67,468.31
4758,814.0,0.56,256,39.6,4.78,571.33
4759,716.7,0.87,490,34.0,2.26,504.91
4760,786.1,0.57,107,63.6,4.85,545.8
4761,686.5,2.97,338,45.8,5.12,478.06
4762,783.4,1.2,90,41.5,4.45,514.91
4763,783.6,2.81,434,49.0,6.45,561.48
4764,769.2,2.99,74,59.6,6.79,507.6
4765,700.3,2.0,433,63.6,5.29,530.73
4766,762.5,0.58,14,62.3,5.42,528.19
4767,690.8,0.7,487,73.2,3.85,556.02
4768,737.4,1.7,468,40.9,3.84,536.89
4769,801.5,1.52,293,61.8,4.35,546.69
4770,789.8,2.02,303,35.1,7.0,550.36
4771,750.8,1.6,90,57.4,4.45,514.19
4772,701.3,2.84,96,59.2,6.32,476.24
4773,782.3,1.84,411,40.8,4.28,545.61
4774,751.0,2.23,302,49.6,4.04,519.68
4775,634.0,2.74,420,71.4,4.5,467.68
4776,789.1,0.87,290,37.4,4.47,535.73
4777,748.8,1.07,206,51.7,4.27,521.06
4778,810.1,0.77,261,76.6,6.56,574.84
4779,695.2,0.85,92,55.2,4.95,502.71
4780,600.0,1.78,36,66.3,4.8,401.05
4781,764.0,1.3,342,71.3,5.03,541.46
4782,764.6,1.56,191,40.2,5.91,527.49
4783,665.5,2.96,144,40.9,5.03,439.64
4784,701.1,0.89,99,67.9,5.31,511.46
4785,887.8,1.85,215,67.7,6.02,589.06
4786,734.7,0.75,36,33.0,3.93,479.9
4787,786.5,1.3,387,46.1,4.16,551.51
4788,717.5,1.82,68,49.9,5.11,466.73
4789,645.5,2.87,81,71.5,4.29,438.0
4790,741.5,1.48,424,51.1,4.77,550.24
4791,736.7,0.66,236,76.3,3.9,521.99
4792,730.0,1.47,100,79.8,4.14,494.84
4793,744.3,0.86,77,69.0,6.11,510.48
4794,763.2,1.07,371,63.3,4.63,540.8
4795,742.5,2.05,269,49.6,4.54,518.47
4796,686.8,0.67,155,33.4,4.17,481.53
4797,774.3,1.66,72,58.7,4.11,525.38
4798,652.5,2.02,352,48.1,3.96,478.28
4799,647.5,1.55,489,47.5,3.71,480.07
4800,787.0,0.55,469,64.4,4.3,599.13
4801,775.4,2.96,189,53.2,4.88,488.9
4802,747.1,1.42,477,67.6,5.64,554.33
4803,680.2,2.45,120,49.9,4.92,460.97
4804,714.6,1.31,200,37.5,3.99,493.55
4805,736.9,1.69,438,53.1,4.46,525.01
4806,670.2,1.47,405,77.6,4.4,506.25
4807,713.0,1.36,401,70.1,4.34,537.52
4808,782.6,0.55,255,40.3,4.62,558.54
4809,821.4,1.4,287,49.6,5.89,584.97
4810,729.0,2.72,356,76.4,5.67,509.78
4811,787.8,2.23,434,36.2,6.6,562.43
4812,654.3,0.86,381,42.7,4.11,498.6
4813,783.0,1.98,306,43.1,3.88,506.06
4814,709.8,2.73,346,58.5,4.63,492.05
4815,765.4,2.25,132,50.5,6.17,518.31
4816,737.6,0.87,66,34.0,2.9,479.61
4817,816.0,2.67,169,61.5,5.11,520.54
4818,706.3,1.25,136,35.0,4.66,488.66
4819,781.4,1.64,234,60.3,5.62,551.21
4820,736.0,1.82,104,55.4,5.42,499.38
4821,742.1,2.63,320,54.7,5.62,493.84
4822,740.8,2.83,15,33.4,5.49,480.8
4823,707.7,2.82,432,62.0,7.8,518.04
4824,749.3,0.52,274,51.6,6.78,542.01
4825,746.9,2.8,243,50.6,5.83,509.01
4826,762.1,0.64,297,59.8,4.51,545.94
4827,754.2,1.16,429,60.3,4.62,542.24
4828,789.9,1.79,393,30.8,6.15,564.03
4829,796.2,1.7,25,36.3,6.19,518.2
4830,697.5,2.01,149,41.8,4.15,452.77
4831,793.4,1.7,306,63.9,3.0,520.5
4832,690.7,2.84,204,58.8,3.17,452.12
4833,779.4,1.1,195,67.9,6.17,548.19
4834,781.0,1.19,484,67.0,6.36,577.79
4835,654.4,2.8,484,72.7,5.02,473.63
4836,754.6,0.69,402,48.8,5.32,548.52
4837,726.6,2.02,134,47.3,6.78,509.46
4838,712.1,2.2,26,71.6,7.01,489.34
4839,817.5,1.76,375,41.9,5.68,575.12
4840,717.3,2.24,398,53.1,4.98,521.02
4841,709.7,0.93,35,39.7,4.57,461.69
4842,753.8,2.63,222,75.7,4.72,499.42
4843,784.3,0.85,394,50.4,4.23,563.52
4844,742.9,1.5,10,40.6,5.65,496.77
4845,808.3,0.69,300,64.6,4.87,572.46
4846,776.5,1.86,274,42.2,4.18,531.05
4847,641.1,2.17,352,77.2,6.13,502.92
4848,723.5,2.85,47,48.4,5.55,450.9
4849,721.9,2.35,242,63.2,5.26,495.54
4850,774.0,1.85,269,47.3,4.84,532.86
4851,618.8,2.83,317,70.4,5.46,466.46
4852,877.5,1.7,412,74.8,4.65,615.03
4853,776.6,1.9,494,69.4,7.77,599.1
4854,757.4,1.99,270,72.4,7.28,555.37
4855,809.1,1.52,485,35.1,4.18,559.61
4856,867.2,2.6,247,76.2,4.74,569.31
4857,793.5,0.96,115,61.2,4.1,547.04
4858,797.4,1.89,256,73.5,3.12,541.71
4859,756.5,2.31,313,64.2,6.71,540.8
4860,742.9,2.76,352,40.1,4.85,521.49
4861,726.2,2.71,456,60.5,3.91,512.09
4862,708.7,1.77,47,34.5,3.27,457.41
4863,715.6,2.11,317,64.8,5.22,507.4
4864,682.5,1.49,352,50.5,5.36,492.0
4865,746.2,1.67,55,37.6,5.41,502.95
4866,665.8,2.77,219,79.0,6.07,475.37
4867,759.5,2.83,102,75.1,5.9,502.63
4868,748.2,2.74,229,74.7,3.71,499.09
4869,757.3,0.85,265,69.4,3.91,525.34
4870,723.9,2.63,146,64.6,5.97,500.24
4871,900.0,2.87,240,62.8,4.38,562.92
4872,818.0,1.4,315,35.3,3.53,543.37
4873,687.8,1.8,211,75.0,3.63,446.38
4874,761.6,2.45,75,74.1,5.94,506.24
4875,719.6,1.91,470,67.4,5.92,530.14
4876,699.3,2.98,47,76.4,5.13,455.48
4877,683.0,1.64,164,57.7,4.06,464.39
4878,771.6,2.28,114,52.4,4.94,495.45
4879,715.9,2.48,264,78.4,4.84,495.86
4880,798.4,1.74,413,53.2,4.56,560.42
4881,799.7,2.64,497,62.1,5.68,579.4
4882,818.7,1.87,455,48.7,4.52,567.86
4883,707.4,1.53,467,61.8,5.54,530.1
4884,773.8,0.77,25,66.0,5.33,518.99
4885,781.6,1.48,88,61.2,3.56,515.86
4886,726.3,2.33,22,55.7,6.99,492.85
4887,711.4,2.8,379,45.0,5.58,490.43
4888,830.5,1.13,111,62.2,3.41,528.31
4889,761.4,1.39,413,75.4,3.56,541.29
4890,781.8,0.88,161,30.3,6.58,539.85
4891,708.9,2.23,498,36.7,5.18,513.17
4892,689.0,2.9,187,36.0,5.56,463.52
4893,721.5,2.1,400,76.2,5.39,529.02
4894,743.8,2.04,96,63.1,6.09,507.19
4895,696.8,1.88,97,77.6,6.13,489.09
4896,749.5,0.72,38,59.1,4.12,510.22
4897,665.6,2.32,398,53.1,5.5,497.18
4898,694.0,2.01,372,69.6,3.6,484.77
4899,783.5,2.15,428,38.0,3.91,531.2
4900,780.2,2.75,330,49.1,4.7,520.44
4901,730.4,2.46,109,53.3,3.3,464.83
4902,699.1,2.45,124,44.9,4.22,452.07
4903,698.6,2.82,219,48.6,2.83,449.24
4904,731.3,2.97,463,33.9,4.98,520.09
4905,782.2,1.95,352,39.9,6.64,541.68
4906,796.4,0.77,83,46.8,5.03,528.47
4907,725.2,1.65,144,69.8,5.03,511.75
4908,692.3,2.47,437,39.1,4.64,495.58
4909,763.4,0.57,465,47.3,5.98,597.5
4910,708.8,0.64,278,33.2,4.95,529.42
4911,724.1,0.67,359,57.9,3.9,504.94
4912,816.3,2.33,475,60.6,5.17,557.74
4913,791.4,1.75,87,73.3,6.55,535.1
4914,757.9,1.42,468,71.0,3.57,541.0
4915,686.4,0.76,389,44.3,4.06,516.93
4916,760.6,2.33,499,36.8,4.9,544.65
4917,803.1,1.3,134,37.8,4.65,511.97
4918,731.2,1.16,47,78.4,5.42,514.72
4919,817.6,2.13,278,63.7,4.02,558.78
4920,814.6,1.9,319,32.1,4.47,528.79
4921,833.2,1.41,115,36.8,5.05,535.97
4922,765.3,2.1,53,54.3,5.09,492.89
4923,779.4,1.18,234,40.4,7.6,568.35
4924,820.7,2.49,251,70.2,5.78,563.92
4925,772.4,1.07,406,58.7,3.46,540.02
4926,724.9,0.9,162,60.6,3.98,496.55
4927,727.6,2.46,33,53.1,3.64,468.86
4928,761.9,2.27,133,42.8,6.61,509.57
4929,685.5,0.96,294,59.5,3.93,499.91
4930,742.8,0.79,493,65.8,5.59,575.13
4931,804.8,2.6,463,48.5,5.49,564.84
4932,640.4,2.44,411,55.2,3.53,467.62
4933,826.7,1.32,357,72.0,4.58,558.89
4934,806.1,2.15,270,37.4,4.74,538.56
4935,727.0,0.81,155,57.3,3.42,506.93
4936,777.2,1.77,200,47.4,6.78,544.21
4937,750.2,0.55,390,65.1,5.17,542.63
4938,811.5,1.48,174,30.9,6.59,555.8
4939,799.1,0.69,80,63.5,7.21,548.95
4940,680.0,1.69,448,35.1,5.16,483.02
4941,779.4,1.55,210,33.2,5.37,525.08
4942,739.7,1.61,364,66.2,4.21,513.27
4943,754.1,0.61,21,62.0,6.33,522.0
4944,713.6,1.4,61,74.7,4.95,475.71
4945,837.4,2.39,450,56.0,4.58,565.8
4946,802.0,1.42,265,56.5,4.23,525.24
4947,713.0,2.29,311,65.4,5.07,496.51
4948,683.3,1.42,369,46.2,5.62,513.15
4949,730.7,1.56,309,31.8,5.2,532.34
4950,771.7,1.91,496,41.5,5.46,552.12
4951,762.0,2.88,417,41.9,4.78,520.71
4952,812.7,0.77,18,46.8,5.5,542.76
4953,789.5,0.58,149,77.2,5.47,554.3
4954,798.5,2.02,109,70.2,6.21,537.0
4955,766.3,2.87,494,76.8,5.81,556.64
4956,680.5,2.97,146,79.9,5.15,459.14
4957,740.2,1.71,368,51.7,5.41,522.64
4958,803.0,1.67,375,41.4,3.85,547.17
4959,747.4,2.11,381,58.0,6.28,514.98
4960,775.2,1.89,31,74.1,4.75,482.58
4961,734.1,2.09,154,53.3,4.88,507.23
4962,698.5,2.68,170,55.3,4.52,478.12
4963,743.8,2.37,258,36.7,4.11,487.43
4964,765.5,1.74,184,51.0,4.18,496.43
4965,717.2,1.65,97,49.3,3.92,480.7
4966,738.2,2.1,408,47.6,4.76,529.04
4967,703.0,1.64,486,74.4,5.83,529.3
4968,806.0,1.64,489,33.0,4.98,566.09
4969,735.3,0.54,42,78.6,5.66,497.56
4970,822.6,0.94,486,30.4,5.48,584.18
4971,826.4,1.72,280,77.3,4.55,555.32
4972,745.9,2.56,292,57.4,6.24,521.31
4973,699.6,1.2,235,65.1,6.0,534.45
4974,645.7,1.81,454,39.4,5.82,485.42
4975,676.4,1.36,461,62.7,5.42,536.07
4976,681.3,0.76,121,74.1,4.66,482.02
4977,818.9,2.9,91,37.0,4.66,497.95
4978,755.8,2.64,222,36.4,4.97,508.94
4979,769.5,0.7,313,45.2,6.38,551.88
4980,639.0,2.3,17,38.1,6.12,427.73
4981,690.1,1.37,143,35.5,3.56,472.37
4982,794.4,2.99,456,63.9,5.26,552.76
4983,764.3,1.26,127,40.7,2.51,486.49
4984,742.6,1.1,93,63.4,4.56,521.41
4985,778.2,1.92,267,73.1,4.32,523.41
4986,831.8,2.59,252,62.6,5.56,532.68
4987,738.9,0.98,246,36.0,3.91,497.83
4988,753.5,2.27,159,58.7,3.47,476.23
4989,759.6,0.65,383,49.7,4.5,544.95
4990,869.6,2.8,30,47.2,4.99,541.44
4991,645.0,0.7,143,45.9,3.26,437.93
4992,784.2,2.79,388,76.5,6.14,565.92
4993,744.3,1.73,105,67.1,4.8,492.05
4994,778.3,1.62,463,36.7,5.03,547.53
4995,717.1,2.93,22,53.8,6.1,458.61
4996,747.6,2.98,10,45.9,4.27,455.3
4997,785.6,2.13,159,78.9,6.48,532.79
4998,900.0,0.82,126,78.9,5.01,588.61
4999,790.4,1.77,161,46.0,5.79,531.84
5000,707.6,1.82,73,47.6,5.44,456.82
5001,728.8,1.79,434,60.0,5.69,534.94
5002,727.3,1.92,487,54.0,5.08,538.3
5003,660.2,0.55,159,40.7,4.53,475.75
5004,733.5,2.28,326,63.0,6.94,526.84
5005,786.6,2.28,373,46.7,4.98,533.27
5006,686.3,0.79,21,62.7,3.9,478.77
5007,802.4,1.93,99,49.2,6.47,535.92
5008,774.4,1.92,397,65.0,4.69,541.14
5009,713.3,2.21,92,63.4,3.28,467.68
5010,742.9,0.71,473,55.4,4.18,558.95
5011,829.9,2.07,259,65.2,3.04,521.82
5012,786.7,1.2,393,53.0,4.22,557.23
5013,750.4,1.77,405,35.8,6.76,537.63
5014,738.1,2.43,42,39.1,5.46,489.75
5015,753.8,2.26,158,42.3,5.0,487.7
5016,724.4,0.8,137,33.2,4.42,495.94
5017,644.8,1.98,109,65.6,4.86,453.91
5018,852.1,2.92,466,48.4,6.11,560.95
5019,757.8,0.89,496,34.7,3.17,521.87
5020,769.9,2.63,371,71.0,7.94,552.49
5021,747.1,2.26,337,64.2,4.12,530.51
5022,713.2,2.44,221,52.6,4.75,482.47
5023,740.7,1.2,83,42.4,4.84,501.75
5024,670.0,1.22,105,37.6,4.81,434.83
5025,863.9,2.77,101,52.9,4.33,537.66
5026,688.3,1.4,339,74.3,5.87,522.77
5027,698.4,0.66,337,39.4,6.14,533.41
5028,728.0,2.0,445,58.4,5.96,536.65
5029,814.4,0.81,184,78.1,5.09,546.4
5030,750.7,2.49,234,61.9,4.41,493.93
5031,688.2,2.1,324,52.0,4.81,481.84
5032,812.7,2.69,184,65.8,4.91,531.06
5033,786.6,2.46,65,71.2,4.02,494.5
5034,776.9,0.78,278,59.5,5.18,558.44
5035,785.8,1.45,437,73.6,6.8,586.72
5036,869.7,2.44,44,55.7,4.83,552.57
5037,859.3,1.54,128,71.5,5.5,564.63
5038,715.7,2.93,380,77.6,4.34,497.74
5039,831.2,2.34,422,55.1,5.89,574.35
5040,769.2,0.54,65,60.3,4.34,491.1
5041,775.0,2.7,398,60.5,4.59,526.41
5042,665.4,0.75,460,69.1,5.52,533.65
5043,741.5,0.85,318,71.1,4.01,527.94
5044,709.4,2.34,366,31.4,5.43,499.51
5045,791.4,2.66,385,66.7,6.05,547.45
5046,803.6,1.84,325,69.2,5.16,569.95
5047,646.3,1.22,114,65.0,5.87,475.0
5048,748.9,1.38,399,65.7,3.71,530.49
5049,806.1,1.36,185,32.1,5.45,563.03
5050,740.7,1.32,115,52.1,4.54,485.69
5051,786.5,1.11,89,70.9,5.39,524.56
5052,767.6,2.02,172,76.7,6.58,519.92
5053,767.1,2.75,411,41.5,2.02,492.99
5054,736.4,1.27,276,59.0,4.38,529.77
5055,689.2,0.97,60,70.2,2.71,453.19
5056,693.9,2.6,386,67.6,3.77,488.68
5057,785.5,2.35,288,60.9,4.52,531.02
5058,751.0,2.83,312,30.9,5.86,517.24
5059,743.1,0.91,84,66.2,5.81,510.02
5060,728.8,0.86,452,68.7,5.78,561.07
5061,734.7,1.85,450,66.1,5.56,535.89
5062,802.3,2.04,358,68.3,3.66,541.53
5063,733.2,1.7,136,51.5,5.8,492.04
5064,682.9,2.0,255,79.7,4.32,471.29
5065,787.2,0.95,321,68.5,5.45,565.34
5066,739.8,1.7,243,58.9,4.08,529.7
5067,751.6,2.15,164,76.7,4.82,502.38
5068,830.4,1.58,82,75.4,4.93,540.15
5069,749.0,2.2,428,70.7,5.35,544.59
5070,764.5,1.63,448,58.2,4.16,553.78
5071,691.1,1.33,146,56.4,5.66,501.82
5072,739.0,1.26,283,46.4,3.69,515.91
5073,780.5,1.53,53,42.5,6.7,520.46
5074,672.2,0.56,256,55.6,4.25,501.63
5075,760.0,2.17,158,58.9,3.04,492.89
5076,755.0,2.61,65,42.2,4.93,480.25
5077,752.1,1.39,185,76.1,4.59,526.96
5078,801.9,0.62,365,57.9,4.08,568.78
5079,766.7,2.97,266,56.3,6.35,513.44
5080,823.9,1.16,420,51.8,5.75,574.93
5081,700.3,0.82,310,32.9,5.46,498.76
5082,756.8,1.42,72,74.1,4.04,491.35
5083,754.2,2.35,323,45.8,4.47,512.65
5084,696.5,1.23,433,62.1,4.39,530.02
5085,797.8,1.94,72,60.4,3.17,499.43
5086,866.2,1.54,303,59.2,5.27,585.6
5087,749.1,0.79,38,56.3,5.34,515.28
5088,775.3,1.33,49,39.1,5.12,495.95
5089,754.2,2.31,156,44.0,5.23,494.59
5090,714.3,2.03,97,56.2,3.87,457.94
5091,659.0,0.8,65,69.5,4.11,461.29
5092,714.7,0.91,309,51.6,4.68,520.38
5093,680.4,2.1,202,40.2,6.38,483.98
5094,835.2,2.53,109,34.4,6.16,523.7
5095,744.2,1.37,224,63.2,5.52,529.4
5096,732.7,1.99,150,51.2,7.01,512.88
5097,794.5,0.93,423,36.3,5.51,574.53
5098,693.9,1.28,58,63.7,5.64,485.44
5099,711.7,0.55,124,40.4,6.48,504.56
5100,753.4,2.42,238,55.5,5.7,501.48
5101,801.4,1.5,261,45.3,6.65,561.19
5102,775.1,2.54,84,76.6,5.03,506.92
5103,762.4,2.27,200,41.4,4.36,501.21
5104,753.9,2.57,208,51.0,4.9,521.11
5105,770.0,1.21,172,78.0,5.24,528.44
5106,760.1,0.96,148,45.9,4.1,515.16
5107,698.5,2.93,58,62.2,4.29,450.47
5108,752.3,2.29,372,45.8,4.58,518.87
5109,696.3,2.59,376,35.5,3.9,470.98
5110,754.1,0.53,124,61.4,4.41,516.41
5111,726.0,1.39,177,75.8,5.73,524.38
5112,877.0,2.36,286,52.6,5.79,581.83
5113,748.0,0.69,56,61.3,3.6,507.42
5114,679.8,1.92,268,60.4,5.31,483.42
5115,743.3,1.57,423,50.8,4.93,545.55
5116,776.0,0.54,225,60.7,6.05,543.75
5117,833.7,1.09,239,43.0,4.73,556.49
5118,720.5,1.21,136,48.9,3.76,476.39
5119,670.9,0.78,332,52.1,4.51,519.14
5120,790.8,2.08,327,73.2,3.8,536.11
5121,681.0,1.11,430,47.4,2.74,506.0
5122,728.2,1.19,234,61.8,4.95,519.46
5123,737.1,2.75,159,40.7,5.52,491.95
5124,746.5,1.67,296,42.6,5.19,510.72
5125,784.5,1.48,55,62.4,3.72,504.01
5126,715.8,2.31,469,68.1,3.65,500.98
5127,736.3,2.77,310,53.1,5.22,499.96
5128,749.3,0.56,23,46.8,6.7,520.44
5129,757.5,1.62,130,75.5,6.29,515.13
5130,754.9,2.03,405,36.8,4.71,514.09
5131,771.8,1.3,384,66.0,5.21,542.43
5132,792.2,2.43,200,64.5,5.91,536.56
5133,769.6,2.93,484,64.5,4.86,534.54
5134,772.7,2.86,342,76.8,3.66,503.08
5135,670.9,1.16,353,66.4,2.18,481.18
5136,752.5,1.07,175,45.1,5.18,525.78
5137,774.0,2.89,126,47.7,4.8,491.32
5138,786.4,1.65,440,49.6,3.29,527.71
5139,715.4,1.02,133,31.5,3.57,478.64
5140,717.0,2.27,63,75.7,4.74,466.9
5141,721.3,1.21,448,33.7,4.45,528.47
5142,776.8,1.17,313,65.0,6.43,556.28
5143,801.7,2.7,466,66.5,6.42,569.02
5144,729.6,0.91,465,72.2,4.15,526.01
5145,795.4,0.66,366,57.7,6.5,581.79
5146,756.2,1.17,280,66.3,6.62,545.95
5147,743.8,2.02,208,45.1,5.29,496.16
5148,739.4,0.81,225,67.3,4.07,519.03
5149,787.3,1.68,122,47.2,5.12,515.33
5150,766.3,2.07,25,75.1,2.87,478.65
5151,863.8,2.62,225,38.2,4.41,532.95
5152,707.4,1.07,436,45.8,5.27,531.7
5153,775.9,2.54,144,54.9,5.39,488.72
5154,723.5,1.09,52,68.8,4.56,488.78
5155,706.5,2.19,261,67.4,5.07,495.25
5156,749.5,1.58,293,40.5,3.98,528.72
5157,756.9,0.79,331,37.2,6.41,548.77
5158,895.9,2.29,107,45.2,6.45,582.85
5159,740.8,1.04,69,54.2,5.71,518.62
5160,693.5,0.94,239,57.0,4.73,499.01
5161,763.7,1.4,393,51.5,4.18,537.5
5162,646.3,2.13,140,63.2,5.85,449.53
5163,745.4,1.08,394,51.4,5.18,536.63
5164,750.8,0.96,168,77.3,4.0,518.39
5165,789.7,0.52,321,43.0,6.06,564.28
5166,798.7,1.68,480,61.4,4.55,573.82
5167,724.8,1.57,93,60.6,4.14,489.82
5168,742.5,1.08,217,44.1,5.95,527.66
5169,711.7,0.63,183,50.6,4.21,507.19
5170,693.6,1.57,297,48.3,5.13,503.29
5171,765.5,2.47,90,38.6,6.28,501.12
5172,686.3,2.29,27,53.9,6.18,455.99
5173,729.3,2.65,205,49.3,5.34,508.87
5174,700.2,0.52,300,38.9,3.83,511.78
5175,777.5,2.92,369,52.5,4.5,525.02
5176,840.1,1.35,365,51.1,7.42,589.4
5177,684.9,2.98,288,36.6,5.95,501.69
5178,657.3,1.13,472,36.6,4.77,497.87
5179,743.8,1.68,406,62.4,3.74,525.91
5180,750.8,1.38,471,65.3,3.1,537.03
5181,760.9,1.39,263,77.1,6.22,531.63
5182,727.7,2.61,151,34.4,6.24,492.44
5183,740.0,2.37,174,35.9,4.96,492.78
5184,768.4,2.98,14,32.6,4.59,459.16
5185,802.0,2.03,260,56.6,6.13,555.17
5186,652.2,1.66,159,61.1,3.52,443.12
5187,731.6,0.73,37,50.2,7.0,511.5
5188,760.7,2.99,246,69.9,5.74,505.41
5189,704.1,1.88,141,64.3,3.75,479.55
5190,836.6,2.25,315,79.3,5.79,574.54
5191,718.2,1.52,367,36.9,4.32,499.04
5192,747.9,1.87,294,32.9,3.66,497.14
5193,777.8,2.86,302,43.7,5.78,517.57
5194,720.4,0.92,172,31.0,3.9,498.38
5195,657.7,1.23,413,76.6,3.66,490.19
5196,728.6,0.88,428,45.2,5.48,542.66
5197,801.5,2.48,236,57.6,4.9,525.5
5198,733.2,0.66,477,45.9,6.01,556.55
5199,707.7,0.7,139,42.3,4.7,512.38
5200,796.3,1.25,381,37.6,4.61,547.12
5201,733.5,1.79,67,46.0,2.96,465.65
5202,724.5,1.52,155,60.8,5.5,507.4
5203,757.5,0.61,487,78.6,4.98,567.9
5204,788.5,2.89,371,57.9,6.19,537.2
5205,869.1,2.88,321,56.6,5.76,572.92
5206,791.4,1.2,131,31.8,5.33,534.94
5207,808.0,2.33,201,72.0,4.27,540.09
5208,724.7,1.95,254,32.2,4.58,492.35
5209,698.7,1.09,486,75.3,5.55,534.68
5210,753.1,1.16,112,56.9,4.95,503.46
5211,755.4,1.73,388,38.4,6.42,558.74
5212,696.1,1.55,445,52.6,6.31,533.43
5213,741.2,1.23,259,79.7,4.75,518.28
5214,770.0,2.52,31,45.3,5.09,480.22
5215,768.0,1.7,486,43.5,4.21,533.97
5216,775.2,2.14,69,35.9,4.9,494.85
5217,764.5,0.97,247,59.9,5.95,549.49
5218,724.6,1.83,403,34.5,4.46,528.97
5219,724.3,1.29,349,68.3,4.63,535.74
5220,690.1,1.82,393,76.0,3.83,502.33
5221,839.2,2.45,345,76.6,4.44,552.26
5222,750.7,2.42,143,35.4,5.61,499.8
5223,738.8,1.39,346,57.9,4.76,510.37
5224,703.6,2.24,271,34.9,3.85,469.11
5225,896.8,2.85,351,58.6,5.21,588.22
5226,696.3,2.06,347,70.7,4.95,512.58
5227,728.6,0.87,489,56.9,6.12,572.83
5228,770.8,2.2,421,73.6,4.86,542.96
5229,780.0,0.76,51,70.1,4.0,530.21
5230,797.9,2.68,83,43.8,5.96,506.58
5231,840.4,1.79,306,61.5,4.03,553.05
5232,775.3,1.46,328,30.4,3.7,528.47
5233,697.2,0.64,31,49.8,3.96,485.4
5234,737.2,1.45,229,41.9,4.39,514.65
5235,765.4,2.76,88,76.9,3.11,489.58
5236,853.4,0.55,244,50.3,3.27,570.7
5237,680.1,1.69,166,62.7,5.78,495.01
5238,810.1,2.83,336,66.6,4.83,540.4
5239,759.0,1.49,123,68.7,4.83,515.35
5240,791.9,1.57,299,66.8,4.94,575.25
5241,744.9,1.95,105,44.5,5.56,505.73
5242,707.9,1.66,139,64.3,4.18,482.14
5243,787.5,0.92,419,57.5,5.56,580.52
5244,782.7,0.55,118,59.9,5.11,525.98
5245,798.6,2.02,84,30.0,4.04,497.77
5246,749.3,2.8,482,42.9,5.61,529.41
5247,720.0,0.77,284,76.5,5.06,521.49
5248,672.1,1.03,390,44.5,3.95,516.2
5249,791.0,1.43,29,51.9,4.03,509.95
5250,771.2,2.52,170,39.3,5.48,511.9
5251,701.7,1.17,218,36.9,6.01,503.64
5252,723.1,2.71,381,40.4,5.28,493.92
5253,726.7,0.64,103,57.7,5.89,513.63
5254,675.9,2.85,91,76.0,6.23,460.05
5255,709.1,1.9,361,46.3,4.77,495.88
5256,693.3,2.15,113,46.2,5.16,476.3
5257,729.4,1.42,246,58.2,5.67,516.53
5258,713.1,2.45,269,47.8,3.85,463.3
5259,668.6,0.92,169,75.5,6.03,497.49
5260,851.1,0.62,412,48.9,6.36,609.61
5261,812.6,1.49,396,54.5,4.26,568.21
5262,711.0,2.63,495,56.7,7.87,542.17
5263,763.6,2.39,357,69.1,5.79,530.97
5264,770.9,1.79,70,58.2,4.85,509.21
5265,809.6,1.93,47,42.0,2.92,489.84
5266,709.1,0.82,127,36.2,4.91,499.87
5267,804.6,2.6,399,76.9,5.42,567.8
5268,722.6,2.47,321,70.1,5.31,484.5
5269,683.2,2.14,177,31.1,3.69,448.23
5270,786.2,1.67,386,71.1,4.34,554.37
5271,814.5,2.91,346,59.5,5.68,548.47
5272,879.4,2.7,371,55.9,5.59,594.21
5273,690.0,2.11,385,30.6,5.94,515.7
5274,784.9,1.43,78,69.0,5.12,531.15
5275,729.5,2.05,92,39.9,4.97,463.92
5276,789.2,1.94,244,66.4,5.51,537.12
5277,676.5,1.49,51,30.8,5.09,465.57
5278,686.9,1.27,108,69.8,3.47,469.7
5279,711.2,1.52,479,31.2,6.52,536.68
5280,753.9,1.93,481,41.8,5.92,561.17
5281,717.9,1.57,467,43.4,5.42,536.05
5282,783.0,1.16,139,37.9,3.63,509.44
5283,801.3,2.4,37,54.1,5.84,500.33
5284,780.0,1.83,242,44.2,4.56,539.6
5285,830.9,0.67,238,79.7,5.83,584.92
5286,770.8,1.42,126,59.0,5.55,517.94
5287,689.2,2.71,410,58.3,4.66,502.19
5288,818.2,2.39,335,41.0,6.05,538.18
5289,719.7,1.31,116,50.4,3.81,500.64
5290,795.5,2.85,388,36.2,5.06,539.96
5291,828.7,0.69,334,68.1,6.66,618.22
5292,772.8,2.9,304,46.6,5.49,525.39
5293,675.2,1.11,400,67.6,5.91,524.71
5294,704.1,0.52,169,48.6,5.08,498.61
5295,816.1,1.58,13,79.4,4.98,522.9
5296,741.5,1.4,158,38.6,3.78,481.01
5297,754.0,1.85,243,30.1,4.84,529.15
5298,787.9,2.49,263,59.7,5.67,533.21
5299,784.8,2.61,425,77.6,3.91,546.35
5300,763.9,1.5,257,62.4,4.04,532.33
5301,739.6,1.57,347,34.3,5.42,523.31
5302,734.4,0.87,362,57.0,5.83,536.65
5303,792.9,0.62,407,75.5,7.02,587.72
5304,777.7,2.1,79,30.3,4.73,480.25
5305,737.1,0.66,212,38.3,4.75,506.0
5306,804.1,2.33,311,70.7,5.83,556.8
5307,743.5,1.85,157,74.7,5.57,521.92
5308,707.4,1.0,230,65.4,4.74,507.63
5309,712.1,1.85,195,79.6,4.97,507.48
5310,701.1,0.96,364,34.5,4.37,520.02
5311,736.4,1.6,345,57.3,3.84,512.6
5312,811.7,2.5,57,64.2,4.86,522.84
5313,709.7,1.65,272,65.1,6.52,517.32
5314,759.4,0.87,305,69.7,4.28,534.8
5315,717.2,2.31,324,75.9,3.56,497.07
5316,737.0,0.97,301,48.1,4.0,505.15
5317,674.5,2.35,181,32.1,5.53,464.66
5318,739.0,1.7,373,48.1,5.43,506.91
5319,740.3,1.63,40,63.6,6.27,509.43
5320,777.0,2.63,179,40.7,6.06,500.42
5321,761.2,2.27,53,70.5,5.3,497.46
5322,690.1,0.58,436,41.0,5.65,547.28
5323,804.2,1.24,52,30.5,4.25,513.99
5324,760.5,2.68,440,55.4,5.69,518.1
5325,759.9,0.55,143,66.3,4.89,530.3
5326,749.5,1.86,358,47.5,5.85,531.38
5327,724.1,2.32,228,67.4,5.42,510.64
5328,760.9,2.05,459,51.9,4.53,537.08
5329,773.8,2.4,95,38.6,3.9,497.56
5330,662.7,2.31,260,34.5,4.5,466.0
5331,723.1,2.23,274,65.5,5.18,513.98
5332,737.3,2.55,20,49.3,4.18,462.86
5333,762.8,2.11,89,75.6,4.85,515.25
5334,809.7,1.51,118,57.0,6.09,536.77
5335,711.4,1.68,470,47.4,6.17,517.3
5336,725.1,2.29,127,47.4,5.48,474.66
5337,724.4,2.69,261,36.6,6.36,501.37
5338,709.9,1.18,27,59.7,3.73,474.33
5339,732.6,1.36,265,59.1,6.3,530.95
5340,788.5,2.83,254,70.0,3.64,523.48
5341,697.3,1.95,162,40.1,5.01,478.48
5342,771.4,0.95,106,44.5,4.19,515.64
5343,664.9,2.16,467,34.9,5.74,510.16
5344,721.9,2.98,195,44.8,3.43,447.14
5345,733.5,2.56,39,51.4,3.24,463.97
5346,833.7,2.36,124,78.2,4.35,544.33
5347,736.3,1.02,250,62.7,4.27,525.18
5348,639.9,2.69,266,69.1,4.43,457.61
5349,650.1,1.81,456,46.3,4.33,496.52
5350,751.7,2.72,362,37.2,5.69,497.11
5351,780.7,1.32,122,42.8,4.92,517.38
5352,768.8,0.66,344,42.8,6.55,550.73
5353,758.4,1.69,38,59.2,5.23,503.58
5354,808.1,1.17,331,47.1,5.88,557.53
5355,723.0,2.29,468,72.9,5.58,541.31
5356,794.7,2.89,446,79.4,4.1,538.32
5357,668.4,2.23,235,47.2,4.48,452.54
5358,704.8,2.72,253,65.3,5.99,484.52
5359,659.6,1.63,370,62.9,3.22,466.73
5360,736.3,2.43,28,39.7,5.49,474.48
5361,747.7,2.61,331,75.9,4.82,523.15
5362,755.7,2.28,121,40.0,4.26,480.15
5363,753.1,1.77,221,66.8,4.73,501.18
5364,703.6,2.06,242,47.4,6.62,502.74
5365,740.5,2.25,445,48.4,3.28,512.5
5366,675.1,1.13,168,52.8,3.78,467.35
5367,818.2,2.52,69,73.2,3.06,495.13
5368,734.8,2.88,382,37.0,4.56,514.11
5369,725.6,1.66,333,32.7,4.38,501.06
5370,829.4,2.25,102,50.1,5.16,513.69
5371,687.9,2.34,257,32.8,4.52,471.03
5372,693.7,2.16,167,64.4,5.45,487.5
5373,695.2,1.87,150,68.0,4.21,480.18
5374,746.6,2.7,408,72.7,7.1,526.96
5375,771.6,1.62,413,67.2,5.61,569.14
5376,787.0,0.65,427,75.8,5.52,583.61
5377,878.6,2.61,229,67.4,5.63,574.11
5378,637.5,2.18,413,76.8,3.95,503.03
5379,780.4,2.62,315,39.7,4.75,527.57
5380,722.1,0.85,98,55.0,4.8,504.23
5381,720.7,0.58,164,79.7,4.53,511.47
5382,719.0,2.84,423,64.1,4.65,507.21
5383,704.6,0.87,449,73.9,5.83,533.89
5384,834.2,2.52,242,31.5,4.94,537.34
5385,792.1,2.56,477,73.6,5.3,575.0
5386,751.2,2.27,202,64.9,3.31,496.85
5387,817.6,0.83,108,38.5,3.25,547.98
5388,674.4,2.17,448,31.3,4.06,492.32
5389,683.5,2.72,122,43.0,6.64,471.41
5390,641.1,1.56,116,75.8,7.01,476.17
5391,715.0,1.53,33,63.4,5.98,509.15
5392,758.1,1.61,290,76.0,4.61,525.33
5393,755.1,0.71,497,52.3,5.43,560.74
5394,757.5,2.73,446,76.8,6.26,537.04
5395,679.4,2.67,213,53.1,6.85,505.36
5396,790.2,2.99,20,40.2,3.85,477.39
5397,762.0,1.96,359,37.6,5.2,531.02
5398,786.7,2.38,325,79.7,4.68,542.22
5399,655.4,1.01,214,46.7,5.59,482.13
5400,765.6,2.17,440,38.0,5.05,529.56
5401,690.6,2.12,418,30.4,4.0,482.61
5402,730.1,2.75,34,44.3,5.39,459.81
5403,776.7,2.58,410,74.5,4.3,515.17
5404,754.6,2.85,149,56.7,4.96,491.62
5405,707.4,2.67,132,61.6,5.01,456.52
5406,750.3,2.67,445,76.1,6.69,552.37
5407,673.4,0.66,20,55.6,5.32,483.01
5408,807.5,2.61,275,71.9,4.91,530.91
5409,739.7,2.02,90,46.2,5.72,496.9
5410,805.9,1.45,453,78.9,4.12,577.28
5411,723.7,0.64,319,33.9,5.1,541.22
5412,723.8,2.19,118,66.2,5.63,487.53
5413,711.8,1.32,217,63.0,5.59,495.69
5414,793.8,1.67,328,39.6,4.47,530.36
5415,714.5,2.2,253,49.4,5.36,480.18
5416,782.2,2.78,285,45.6,5.68,528.94
5417,730.9,2.56,270,34.7,4.09,454.13
5418,651.2,1.63,306,59.2,4.4,467.49
5419,721.5,1.47,383,79.7,4.68,528.41
5420,691.0,1.1,72,58.0,7.33,489.11
5421,751.7,1.43,193,57.3,4.25,501.82
5422,690.5,0.78,41,32.0,5.33,485.54
5423,796.3,2.93,292,37.0,4.65,507.0
5424,745.4,1.93,333,55.7,4.06,510.3
5425,741.1,0.82,370,79.3,5.7,563.16
5426,782.8,1.38,441,73.8,3.59,549.72
5427,798.2,1.87,16,47.0,6.44,543.59
5428,749.0,1.83,183,57.2,3.96,510.47
5429,711.4,0.59,471,57.6,4.33,550.49
5430,661.3,2.88,368,64.3,5.57,468.08
5431,715.7,1.19,481,64.4,5.75,545.93
5432,719.1,0.54,377,69.5,5.23,539.72
5433,755.4,0.69,155,31.2,4.47,509.9
5434,732.7,1.95,261,77.2,3.41,494.71
5435,784.4,0.84,175,33.5,4.91,530.14
5436,719.4,0.6,112,53.8,4.15,472.88
5437,747.1,1.45,497,76.0,7.41,566.8
5438,809.2,2.06,202,54.4,5.13,551.51
5439,767.1,0.78,26,33.2,3.71,491.09
5440,747.0,1.28,99,41.5,4.67,492.36
5441,719.9,1.54,380,58.9,5.76,529.49
5442,718.3,0.9,95,34.4,6.16,502.41
5443,707.5,1.77,112,51.2,4.69,455.41
5444,722.9,0.71,91,46.5,4.88,500.09
5445,787.8,0.62,135,70.8,5.56,551.85
5446,738.9,1.8,47,35.5,4.06,480.41
5447,682.5,1.12,357,64.1,5.35,505.28
5448,838.4,0.74,222,50.3,5.29,585.77
5449,766.0,1.56,328,59.4,5.53,556.79
5450,679.7,2.79,495,40.3,4.96,509.05
5451,727.9,2.31,234,60.5,3.44,493.23
5452,755.5,2.54,231,63.7,5.23,506.5
5453,835.2,2.68,435,33.5,4.12,551.28
5454,694.6,2.93,256,71.2,6.73,508.58
5455,798.8,2.41,145,73.1,6.75,513.55
5456,820.0,2.02,295,33.2,3.86,527.9
5457,718.6,1.41,240,60.2,4.14,505.85
5458,736.1,0.95,329,59.7,2.69,511.99
5459,698.2,2.22,18,30.6,5.74,455.49
5460,739.8,2.99,234,47.1,4.43,501.83
5461,748.2,1.67,322,78.4,5.27,543.03
5462,783.0,2.31,116,57.8,4.46,513.6
5463,804.5,1.74,196,76.7,3.4,519.79
5464,712.6,1.58,230,63.8,5.21,499.26
5465,651.6,1.53,104,31.4,6.29,468.07
5466,748.9,1.76,204,33.9,4.97,510.13
5467,764.7,1.42,251,66.1,3.97,541.7
5468,762.5,2.37,239,57.7,4.85,515.62
5469,733.7,2.69,340,36.4,5.51,523.14
5470,756.2,2.71,14,60.7,4.8,483.8
5471,825.8,1.07,360,70.5,3.9,567.24
5472,769.1,2.74,477,67.6,7.02,551.03
5473,731.3,1.35,13,42.3,3.49,478.67
5474,725.0,1.27,273,42.9,7.27,528.8
5475,741.5,2.32,435,78.4,4.91,531.27
5476,831.8,1.26,262,74.4,5.9,567.35
5477,740.8,0.63,172,45.9,5.22,520.43
5478,749.0,1.43,150,71.2,4.12,512.36
5479,725.9,2.3,398,38.1,6.33,519.2
5480,804.9,1.32,305,39.8,5.62,549.6
5481,848.0,2.07,28,39.1,4.9,526.0
5482,772.5,2.15,91,34.4,5.73,508.28
5483,754.1,2.33,490,72.7,4.86,542.58
5484,751.8,2.74,390,58.9,2.8,521.46
5485,630.8,1.58,13,42.9,3.29,421.42
5486,787.3,0.92,137,72.4,4.98,542.52
5487,756.7,1.3,196,70.1,4.68,530.67
5488,771.4,1.58,155,35.0,4.91,516.48
5489,714.4,2.28,161,62.2,4.66,472.09
5490,730.8,0.53,372,66.1,3.88,526.79
5491,729.4,1.29,102,65.8,3.62,477.29
5492,801.1,2.45,40,66.2,4.15,487.17
5493,731.1,2.18,323,38.5,5.75,516.29
5494,854.1,2.33,37,45.8,4.18,533.22
5495,771.5,2.53,146,72.2,6.04,523.31
5496,686.2,2.46,438,74.9,3.96,503.88
5497,743.6,2.21,99,44.0,6.19,486.71
5498,717.4,1.6,58,31.2,4.48,476.6
5499,640.3,2.96,376,73.0,4.69,472.26
5500,830.0,1.92,267,48.9,4.7,565.67
5501,785.2,1.01,15,46.5,5.58,522.42
5502,776.7,1.23,38,47.3,5.25,529.46
5503,758.3,2.23,419,50.8,5.14,535.7
5504,680.9,2.81,165,48.9,4.92,462.58
5505,725.8,0.95,272,58.3,4.43,528.88
5506,792.1,0.71,43,33.9,6.1,533.78
5507,697.4,2.7,449,78.6,5.09,494.98
5508,623.4,2.79,246,76.8,5.57,444.82
5509,738.6,1.19,147,76.7,5.2,542.18
5510,742.9,1.44,377,74.0,4.58,536.37
5511,756.8,2.15,498,63.0,7.4,573.67
5512,786.4,1.32,497,41.1,6.23,566.3
5513,781.9,2.69,66,32.5,4.46,488.86
5514,762.9,0.77,184,35.0,7.05,555.81
5515,809.8,0.59,223,46.2,5.93,545.59
5516,674.1,1.02,36,55.2,3.91,461.49
5517,775.2,1.22,304,79.7,5.88,558.93
5518,781.3,0.78,415,51.8,5.42,571.94
5519,688.0,0.66,128,56.2,5.17,514.22
5520,674.9,2.39,156,64.8,6.01,471.24
5521,712.7,0.91,365,39.0,5.34,521.29
5522,716.9,2.78,274,76.6,2.99,476.6
5523,787.7,1.42,412,56.5,3.65,571.43
5524,719.3,2.18,267,43.8,4.14,490.75
5525,707.2,1.06,357,76.8,7.0,549.67
5526,719.4,1.1,198,61.3,5.65,491.39
5527,805.9,1.94,324,54.2,5.54,554.2
5528,750.7,1.9,240,59.0,5.11,514.57
5529,741.0,2.42,479,67.4,4.08,527.09
5530,744.5,2.39,207,37.7,3.55,480.4
5531,814.6,2.18,248,73.2,6.0,540.0
5532,712.5,1.62,336,78.0,6.66,530.03
5533,815.8,2.73,79,58.3,5.68,533.58
5534,760.5,2.06,426,64.1,4.51,538.04
5535,742.0,2.98,261,73.0,4.59,479.82
5536,875.0,2.55,471,48.7,5.69,580.82
5537,697.2,0.61,202,79.6,4.88,513.02
5538,732.3,1.3,34,64.0,4.84,480.64
5539,688.4,1.93,79,51.2,4.46,463.36
5540,797.6,2.3,165,63.9,4.34,529.59
5541,834.5,1.88,155,56.1,4.88,546.15
5542,833.5,2.47,328,35.6,3.42,525.54
5543,811.2,1.21,228,69.8,5.62,561.18
5544,740.1,0.96,58,58.2,3.13,494.18
5545,731.7,0.63,388,69.8,6.07,548.16
5546,666.4,1.93,389,37.7,4.47,474.23
5547,851.8,2.22,203,56.9,4.88,549.18
5548,773.4,1.32,49,68.3,5.56,533.95
5549,725.4,2.03,94,79.4,4.71,477.3
5550,816.4,0.63,352,74.2,4.26,570.56
5551,701.4,0.75,459,73.2,5.29,530.82
5552,770.3,2.25,345,42.4,7.2,538.55
5553,741.4,1.42,13,71.9,5.79,499.77
5554,781.9,2.18,299,38.5,4.24,519.22
5555,746.8,2.58,256,39.9,4.65,470.05
5556,677.5,2.63,14,35.5,4.52,432.09
5557,753.8,0.93,235,72.9,3.97,543.08
5558,802.4,1.72,159,35.4,5.6,532.23
5559,748.5,2.33,247,36.9,4.67,497.99
5560,788.8,2.43,157,42.3,5.32,507.46
5561,697.7,2.46,112,58.6,2.39,436.23
5562,748.7,1.07,184,74.0,5.69,530.88
5563,718.8,0.98,470,50.9,4.41,539.89
5564,787.3,1.98,245,57.3,3.99,539.61
5565,751.6,2.35,43,38.3,3.66,461.4
5566,784.5,1.3,181,43.3,4.08,533.72
5567,804.4,0.76,15,36.7,4.57,532.98
5568,784.6,2.29,449,50.5,5.89,551.24
5569,763.7,1.25,294,59.5,4.56,526.52
5570,700.1,0.92,234,44.2,5.98,496.85
5571,749.9,0.87,62,72.3,5.29,515.21
5572,723.3,1.29,266,79.1,6.82,532.92
5573,732.8,1.98,68,36.0,4.5,486.19
5574,731.3,1.4,441,30.9,5.41,538.24
5575,701.0,0.55,255,69.5,6.25,508.48
5576,652.1,0.74,16,39.5,5.63,461.35
5577,716.6,1.23,223,47.7,4.83,506.83
5578,759.7,2.15,425,49.7,4.51,529.07
5579,682.6,0.75,87,75.8,3.06,480.23
5580,750.8,1.9,198,62.9,4.76,503.66
5581,845.0,0.8,450,32.0,4.08,595.3
5582,801.2,1.03,316,30.7,4.46,543.05
5583,832.2,0.93,225,40.0,5.05,557.16
5584,769.6,0.67,412,45.9,3.44,565.91
5585,808.4,2.18,292,54.2,4.01,520.58
5586,713.8,1.66,328,71.9,5.39,520.4
5587,717.8,2.58,453,45.7,3.73,505.28
5588,613.0,0.75,70,48.8,4.95,441.11
5589,809.3,0.86,70,46.5,3.6,526.6
5590,827.0,1.27,224,30.4,5.53,561.95
5591,722.3,2.41,391,77.8,5.66,526.16
5592,737.3,1.26,54,36.9,6.23,503.5
5593,712.3,1.52,414,44.4,6.25,536.87
5594,769.1,1.25,181,36.5,5.27,515.46
5595,806.2,0.7,230,54.5,3.24,534.75
5596,662.9,2.85,394,76.6,5.0,489.11
5597,770.5,1.87,104,35.0,5.46,502.63
5598,736.2,2.47,356,52.0,5.12,512.98
5599,755.7,2.15,53,31.1,6.66,473.32
5600,772.9,1.79,237,68.5,6.3,546.78
5601,740.6,0.72,71,62.1,5.03,522.52
5602,744.8,2.11,326,65.0,5.75,533.88
5603,739.3,0.89,228,53.6,3.53,517.76
5604,798.5,1.54,344,75.4,5.19,569.72
5605,770.9,2.07,98,50.5,3.74,490.18
5606,761.0,2.46,121,55.7,4.82,486.06
5607,686.5,2.21,216,64.8,4.32,479.82
5608,731.1,2.18,497,56.0,4.35,537.57
5609,794.9,0.87,476,39.5,4.19,556.43
5610,751.9,1.37,376,45.9,4.6,540.68
5611,783.0,0.61,315,34.6,4.43,550.19
5612,838.3,2.3,212,51.6,5.63,547.82
5613,801.9,2.88,306,60.5,4.74,527.15
5614,754.7,1.16,42,35.9,4.95,501.03
5615,724.5,0.72,498,61.5,5.29,548.9
5616,622.3,1.69,224,74.6,5.29,495.44
5617,741.6,2.64,21,46.9,3.93,448.49
5618,733.7,1.88,11,41.1,4.74,448.38
5619,769.5,0.62,372,74.7,5.24,567.75
5620,742.3,2.94,158,64.6,4.12,480.96
5621,734.0,2.57,151,35.3,4.01,478.12
5622,661.0,0.83,299,50.4,3.83,457.47
5623,703.0,2.8,216,63.7,5.2,462.06
5624,773.8,1.63,350,58.7,4.71,536.02
5625,835.8,1.43,201,60.9,4.85,564.02
5626,745.1,1.65,416,58.4,3.22,504.27
5627,766.4,2.59,350,69.9,5.07,533.09
5628,797.6,2.15,315,46.0,5.12,537.03
5629,709.5,0.65,407,65.4,5.26,541.01
5630,768.3,2.89,478,79.6,6.44,554.12
5631,713.0,0.87,261,49.5,4.24,507.36
5632,793.2,2.36,213,69.6,5.49,530.94
5633,757.6,2.09,371,42.3,5.33,541.01
5634,764.9,0.97,55,44.1,5.46,514.04
5635,710.9,0.93,383,76.7,4.69,541.13
5636,785.4,2.68,270,31.3,5.76,518.01
5637,854.2,1.55,75,40.9,4.27,547.84
5638,699.6,2.14,159,54.1,4.53,471.47
5639,733.0,1.76,79,50.1,4.81,484.1
5640,761.6,2.32,373,61.5,4.77,510.84
5641,789.3,1.7,11,39.6,5.37,497.52
5642,722.0,1.22,38,33.5,5.26,477.23
5643,608.3,1.41,265,48.5,5.27,443.21
5644,818.0,2.65,70,56.2,6.32,515.89
5645,788.0,1.67,109,58.1,4.79,524.74
5646,662.9,1.03,393,60.1,6.06,524.52
5647,719.6,2.84,464,57.4,3.94,487.89
5648,828.4,2.49,153,42.3,4.87,542.39
5649,822.4,0.64,201,68.2,4.93,571.95
5650,796.9,3.0,362,34.4,3.69,537.81
5651,741.2,2.24,362,39.9,5.05,527.35
5652,754.1,0.9,279,67.0,5.12,558.51
5653,743.5,1.09,308,44.0,5.6,537.97
5654,806.4,2.23,469,54.7,5.48,558.2
5655,706.2,2.45,436,46.4,3.72,499.19
5656,709.7,1.1,335,55.3,6.2,507.21
5657,800.5,1.14,320,47.3,4.54,550.33
5658,747.8,1.27,213,79.7,4.4,519.89
5659,818.9,2.0,254,47.9,5.49,557.28
5660,716.4,0.93,40,61.4,5.85,500.38
5661,747.3,0.76,341,74.4,4.53,538.5
5662,703.9,2.2,467,61.9,4.96,503.45
5663,750.4,2.45,433,58.3,5.91,530.17
5664,676.1,1.75,420,58.5,4.07,495.38
5665,725.6,1.41,61,54.8,2.2,458.05
5666,678.2,1.58,393,70.4,5.54,487.12
5667,784.7,1.47,252,32.5,5.92,539.63
5668,785.8,2.9,272,74.3,3.41,505.65
5669,663.5,2.42,183,59.3,4.98,456.54
5670,816.7,1.02,109,72.4,4.5,543.29
5671,874.9,1.46,426,30.5,5.13,589.6
5672,752.3,1.86,484,73.5,2.93,542.77
5673,717.9,2.03,401,36.0,3.73,494.06
5674,891.2,1.67,398,66.1,5.45,598.38
5675,684.1,2.53,70,50.8,4.87,444.81
5676,751.0,2.42,465,64.1,6.5,550.5
5677,759.0,1.76,369,61.4,5.59,543.91
5678,817.3,2.64,197,38.2,4.04,510.12
5679,768.0,2.38,478,55.7,5.72,549.67
5680,725.1,2.45,417,43.9,6.71,531.4
5681,702.4,2.89,16,58.0,4.93,457.05
5682,732.9,1.17,198,66.9,5.4,517.48
5683,699.7,1.17,92,34.1,5.83,478.55
5684,752.4,2.72,360,55.8,4.83,508.11
5685,721.8,2.43,429,60.9,2.88,502.17
5686,675.3,2.82,292,44.8,5.56,482.33
5687,812.8,0.66,133,77.7,5.8,562.05
5688,725.1,2.07,166,56.0,6.46,500.21
5689,686.6,0.86,96,39.1,3.9,464.82
5690,741.6,1.76,157,35.4,3.95,496.65
5691,753.4,0.89,79,57.1,4.31,493.79
5692,662.7,0.82,469,48.8,4.83,510.7
5693,766.6,0.53,379,39.6,5.54,573.89
5694,697.6,2.08,85,31.5,3.88,465.47
5695,835.6,1.4,123,58.3,5.95,556.93
5696,776.2,0.76,12,59.9,5.9,519.59
5697,730.0,1.31,243,37.1,5.93,515.16
5698,712.7,0.92,176,60.1,4.69,503.79
5699,744.8,2.85,108,77.6,2.76,489.31
5700,780.6,1.3,133,78.9,6.6,553.8
5701,748.7,1.33,476,74.4,4.41,559.09
5702,739.1,2.6,54,70.4,5.72,484.74
5703,752.9,2.12,391,40.5,5.12,522.61
5704,719.8,2.28,333,37.8,6.13,509.26
5705,732.8,2.09,296,52.2,4.95,519.01
5706,645.7,2.87,115,61.0,5.07,455.92
5707,798.7,1.02,303,72.5,5.18,554.1
5708,764.9,2.97,490,41.6,5.42,511.96
5709,711.3,2.58,143,54.0,3.76,461.5
5710,844.9,1.97,17,62.4,6.88,557.39
5711,754.4,2.16,37,52.3,4.93,480.79
5712,698.2,2.12,280,52.7,5.58,501.12
5713,792.8,0.65,232,41.3,6.52,549.35
5714,769.9,1.05,17,79.3,4.99,512.04
5715,769.7,2.9,319,53.8,4.0,500.71
5716,728.7,1.84,143,56.6,3.97,483.84
5717,772.5,1.45,38,40.9,4.55,501.37
5718,736.9,2.41,124,55.7,5.33,496.47
5719,777.8,1.81,43,42.8,5.44,500.77
5720,654.8,0.53,16,40.1,6.13,459.4
5721,728.3,2.34,49,43.8,3.46,443.67
5722,836.1,2.33,339,30.1,5.22,564.69
5723,711.6,0.91,406,58.5,5.62,529.54
5724,719.8,2.89,71,49.4,5.58,474.02
5725,727.6,1.06,95,74.9,2.58,467.66
5726,689.3,1.64,222,32.0,4.63,495.28
5727,639.6,0.79,125,32.2,5.81,496.24
5728,738.5,2.01,74,74.3,4.19,488.54
5729,756.8,1.44,306,36.3,3.81,514.25
5730,747.4,1.38,388,30.1,5.56,551.36
5731,742.8,2.57,179,38.9,5.3,487.0
5732,752.2,0.52,125,71.2,5.23,528.45
5733,801.1,2.49,331,70.1,4.35,509.7
5734,740.5,1.93,125,47.0,3.69,481.62
5735,721.3,2.97,230,63.4,5.95,505.63
5736,735.9,1.97,404,55.4,8.0,547.33
5737,779.0,0.64,366,75.2,3.38,547.96
5738,820.6,0.63,59,32.8,6.02,541.91
5739,718.6,2.71,336,70.7,4.83,521.4
5740,754.9,2.6,428,38.5,5.32,529.18
5741,766.9,1.36,487,49.6,4.94,557.92
5742,700.4,2.05,345,39.6,7.2,512.88
5743,751.0,1.72,88,65.1,4.2,504.97
5744,676.7,2.92,497,63.9,4.4,485.67
5745,661.5,2.87,29,57.4,5.08,448.21
5746,768.3,2.96,421,64.9,5.57,534.25
5747,730.8,2.67,388,62.0,6.33,536.39
5748,760.1,2.77,46,68.8,5.49,486.19
5749,749.1,1.04,268,42.0,5.23,536.79
5750,701.2,2.58,102,51.4,4.56,466.09
5751,747.7,2.27,196,37.6,5.51,501.57
5752,688.3,2.91,366,51.5,4.29,493.03
5753,819.5,1.93,210,65.1,5.2,558.46
5754,682.2,0.71,420,64.6,4.78,517.07
5755,740.2,1.99,297,65.5,4.02,502.26
5756,697.9,2.22,57,45.4,6.56,472.29
5757,778.5,1.05,262,63.1,4.02,532.98
5758,733.4,1.49,55,48.4,4.61,495.96
5759,724.1,2.0,379,77.2,3.42,513.28
5760,792.7,1.44,240,47.2,4.83,527.78
5761,751.5,1.44,104,60.2,5.43,501.73
5762,775.8,0.83,312,67.5,4.09,546.87
5763,700.9,2.85,227,75.3,3.18,474.41
5764,679.8,2.38,49,51.9,4.62,463.98
5765,755.4,0.5,396,48.0,4.84,554.81
5766,734.1,2.41,212,51.5,4.76,491.73
5767,781.3,2.35,125,46.2,6.59,516.66
5768,746.0,0.52,422,62.7,5.33,552.23
5769,760.3,1.42,100,76.6,5.26,515.92
5770,668.8,2.02,67,36.3,5.33,448.21
5771,844.4,1.63,443,58.0,5.32,584.32
5772,741.8,2.44,19,74.9,4.56,482.92
5773,784.9,1.56,265,35.0,4.06,510.47
5774,708.2,0.88,326,54.7,7.47,522.62
5775,765.4,2.94,258,73.3,4.85,501.33
5776,684.9,1.11,492,75.0,5.02,539.93
5777,772.6,2.29,376,55.7,5.05,538.79
5778,732.2,0.86,386,31.2,4.24,536.16
5779,751.5,1.32,326,35.3,5.18,513.85
5780,784.9,1.61,416,59.3,3.72,550.54
5781,688.4,0.98,15,36.2,5.72,460.17
5782,715.8,1.62,340,37.5,4.74,497.46
5783,772.9,0.89,197,68.6,6.13,534.38
5784,854.9,1.9,244,67.5,5.52,557.98
5785,743.1,2.16,380,72.1,5.39,557.86
5786,779.6,0.66,420,35.3,4.21,561.24
5787,744.7,2.68,192,39.9,5.07,472.54
5788,847.1,0.96,296,71.6,5.76,573.45
5789,662.6,1.06,132,66.1,5.12,478.96
5790,754.7,2.15,167,70.3,3.64,497.6
5791,668.7,1.67,332,79.5,5.99,500.14
5792,624.7,1.75,22,73.2,5.76,461.66
5793,764.9,0.82,324,56.0,3.5,525.63
5794,757.0,2.51,63,45.5,5.13,494.83
5795,735.8,2.04,369,58.5,5.82,537.01
5796,744.7,0.84,286,61.9,4.4,553.74
5797,900.0,1.43,52,46.8,3.67,577.14
5798,737.1,2.53,276,68.5,3.93,504.34
5799,775.5,1.92,118,34.6,4.89,504.91
5800,717.5,0.77,332,69.0,5.93,542.39
5801,764.8,1.43,175,31.6,3.91,510.99
5802,738.1,1.11,360,54.9,3.92,507.14
5803,729.5,1.79,417,73.1,4.7,514.71
5804,840.9,2.61,115,34.3,5.69,539.74
5805,808.9,1.59,60,55.9,6.75,552.37
5806,756.8,1.58,213,38.0,5.09,530.06
5807,634.8,2.76,454,74.7,4.33,472.09
5808,731.9,1.94,311,71.6,4.2,514.45
5809,885.2,1.92,52,76.7,6.37,564.52
5810,738.5,1.15,292,73.7,3.74,538.72
5811,805.2,2.02,94,66.8,5.19,520.25
5812,822.1,1.94,226,39.2,6.32,543.66
5813,760.9,1.49,167,45.1,4.84,510.91
5814,707.9,2.98,359,54.8,3.92,480.04
5815,628.2,2.7,136,59.4,5.53,439.65
5816,784.2,2.37,200,69.1,5.1,530.99
5817,709.3,1.84,275,41.3,5.47,502.68
5818,758.8,1.66,396,36.4,5.58,534.69
5819,687.5,0.96,470,54.1,5.52,525.28
5820,736.7,1.26,69,37.9,5.3,490.06
5821,751.7,2.43,292,64.7,5.68,501.86
5822,763.4,1.63,475,58.8,6.35,573.79
5823,694.3,2.71,388,67.1,4.22,497.16
5824,809.8,0.87,438,33.2,4.73,588.0
5825,720.2,1.77,71,78.2,5.79,498.63
5826,666.3,2.12,417,30.0,4.93,472.42
5827,744.5,1.79,311,46.3,3.74,510.38
5828,751.7,2.72,135,64.0,5.33,496.81
5829,758.0,2.97,471,32.3,4.51,526.9
5830,818.1,0.79,496,34.2,7.12,622.86
5831,738.2,0.82,181,33.8,5.99,508.62
5832,744.0,0.83,72,59.1,6.16,523.79
5833,694.8,2.2,269,74.8,5.04,491.8
5834,791.0,1.43,25,57.8,5.31,542.77
5835,759.2,2.33,188,60.2,4.66,512.73
5836,729.0,1.51,339,47.3,4.16,510.64
5837,654.8,2.07,377,30.9,4.09,484.93
5838,822.2,2.42,110,31.1,7.14,532.9
5839,688.6,1.87,484,74.4,5.4,531.2
5840,720.4,1.85,185,35.1,3.68,474.82
5841,767.9,0.72,202,80.0,5.96,550.4
5842,690.2,1.53,462,38.2,7.62,550.13
5843,675.3,1.86,470,63.7,3.46,494.05
5844,643.8,1.65,310,77.4,5.6,458.76
5845,786.0,2.75,396,48.1,3.88,517.41
5846,722.7,2.77,282,66.7,6.16,521.37
5847,896.4,2.55,476,47.5,2.86,594.29
5848,700.3,1.44,430,45.2,5.08,512.45
5849,703.9,2.29,270,40.1,5.44,475.13
5850,721.7,1.49,184,71.0,3.62,488.34
5851,762.2,1.08,243,42.9,5.44,542.58
5852,726.5,1.36,309,44.2,4.54,511.05
5853,780.6,0.68,225,79.9,6.72,545.27
5854,701.1,1.33,426,46.4,3.58,514.37
5855,680.9,1.65,256,51.1,5.91,505.71
5856,660.1,2.89,30,79.5,4.9,454.65
5857,638.8,1.28,460,48.5,6.29,488.43
5858,724.1,2.76,333,48.3,6.32,521.65
5859,735.0,1.07,252,71.4,4.75,525.03
5860,718.4,0.98,297,45.6,4.96,511.18
5861,812.2,1.8,289,41.7,5.91,537.35
5862,811.4,2.18,253,51.2,5.52,523.96
5863,733.3,0.61,172,65.0,4.88,511.52
5864,660.3,1.05,155,32.2,4.17,455.33
5865,721.7,1.64,76,48.7,5.37,486.04
5866,720.0,1.33,112,47.3,3.89,497.19
5867,717.1,2.28,319,42.2,5.65,504.65
5868,715.1,1.78,419,62.7,6.11,517.56
5869,717.3,0.9,453,44.5,4.17,520.03
5870,730.7,2.74,134,60.3,4.58,481.15
5871,718.2,1.23,126,55.2,4.37,483.28
5872,760.4,2.33,481,40.9,6.05,545.44
5873,768.0,2.45,260,43.3,5.05,525.33
5874,704.5,2.91,330,38.5,4.63,488.45
5875,813.6,1.75,444,32.8,5.65,563.89
5876,701.0,2.04,379,61.0,4.52,494.18
5877,669.1,1.34,235,63.6,4.8,505.59
5878,769.0,2.2,197,38.3,3.89,492.33
5879,709.1,1.66,196,60.8,5.84,526.47
5880,766.1,1.59,85,79.1,3.91,520.3
5881,629.8,2.64,282,33.7,6.43,459.83
5882,819.6,0.63,478,54.5,5.24,582.7
5883,783.6,2.7,158,66.7,4.84,509.28
5884,675.0,2.63,204,32.3,4.99,472.44
5885,676.1,1.77,373,68.9,6.71,512.92
5886,833.6,1.73,293,79.0,3.65,541.93
5887,713.1,1.4,482,34.4,3.73,512.45
5888,708.3,2.99,53,71.1,5.96,472.58
5889,636.7,0.78,463,48.9,4.08,501.99
5890,732.5,1.98,455,37.2,4.26,520.85
5891,738.6,2.2,179,54.7,4.56,488.62
5892,785.8,2.84,103,33.6,6.13,502.65
5893,680.0,2.45,233,56.1,5.81,476.02
5894,674.0,2.11,287,31.0,4.86,476.5
5895,772.5,0.79,47,66.4,5.4,526.54
5896,800.3,1.43,279,54.4,5.38,549.06
5897,671.4,0.85,491,52.9,4.0,507.1
5898,804.1,2.7,244,39.8,4.07,527.68
5899,751.9,2.37,120,48.1,2.96,477.37
5900,804.6,2.39,387,39.1,6.49,564.76
5901,746.5,2.13,419,66.8,4.33,520.34
5902,623.9,1.77,177,40.0,5.01,447.13
5903,742.4,0.87,63,60.8,5.54,503.25
5904,803.0,1.32,406,44.0,4.03,569.67
5905,705.3,0.84,136,62.8,4.15,481.25
5906,730.6,2.31,487,57.0,4.08,511.41
5907,741.2,0.9,284,51.2,2.1,505.45
5908,605.0,2.26,51,63.7,4.93,410.63
5909,833.6,2.23,50,50.8,7.34,556.88
5910,704.9,1.65,59,71.1,4.47,461.21
5911,775.3,0.84,496,66.5,4.5,568.3
5912,745.7,1.29,396,57.0,4.63,533.17
5913,812.9,1.3,168,73.9,5.31,553.08
5914,770.3,2.25,341,71.4,5.88,533.61
5915,738.3,0.78,408,56.6,4.17,541.67
5916,705.3,2.57,191,33.4,5.46,467.91
5917,789.9,2.4,190,58.3,4.91,508.47
5918,656.3,0.97,438,47.8,5.3,508.08
5919,782.3,2.3,175,57.0,5.45,518.07
5920,695.0,2.17,241,62.4,4.03,476.17
5921,812.6,2.37,215,62.2,4.47,525.59
5922,758.1,0.97,364,63.7,5.46,566.26
5923,782.2,0.89,473,64.0,4.86,575.73
5924,754.1,1.09,59,35.5,5.79,510.61
5925,662.4,1.41,417,39.6,4.78,508.24
5926,707.0,2.48,410,61.5,6.01,503.01
5927,783.6,2.34,155,50.4,3.04,515.35
5928,758.3,2.81,307,68.1,5.32,501.38
5929,809.0,0.65,154,36.2,3.71,545.68
5930,770.2,0.53,25,39.6,6.12,506.76
5931,701.7,2.25,94,57.9,4.85,468.35
5932,710.2,1.2,225,55.0,4.66,495.77
5933,755.1,1.34,491,43.3,4.17,560.16
5934,634.3,1.87,61,50.4,5.66,453.13
5935,833.7,0.76,45,31.7,5.57,541.56
5936,772.1,2.11,116,31.9,4.72,503.13
5937,811.4,1.31,228,34.7,5.67,552.53
5938,671.0,2.08,432,58.8,5.22,508.68
5939,812.2,2.59,346,73.2,5.09,547.76
5940,861.6,0.93,418,43.0,5.78,596.87
5941,684.0,2.83,380,31.7,6.81,475.05
5942,788.6,1.83,495,65.4,5.28,564.61
5943,750.1,2.81,307,72.8,5.28,516.66
5944,672.8,1.02,263,36.9,5.92,488.56
5945,774.6,2.01,414,49.3,4.05,534.09
5946,791.7,1.51,77,37.9,4.82,524.44
5947,719.9,2.44,482,35.3,4.61,514.1
5948,808.3,2.01,196,62.4,5.3,530.37
5949,666.7,1.74,133,78.4,5.22,483.08
5950,675.3,2.78,39,63.9,6.76,462.49
5951,756.8,1.44,194,79.2,6.5,539.19
5952,751.3,1.05,298,51.7,3.49,516.4
5953,714.2,2.02,368,74.9,5.36,506.93
5954,790.5,2.06,483,40.3,5.71,563.83
5955,776.5,1.6,482,35.9,5.08,559.1
5956,792.9,1.72,62,65.1,4.48,505.63
5957,743.8,2.9,409,48.6,6.38,528.23
5958,780.1,2.33,186,45.9,5.33,524.54
5959,727.7,0.78,481,63.6,3.96,532.88
5960,852.7,1.03,142,46.7,5.98,572.03
5961,709.4,2.94,371,58.6,5.47,499.79
5962,855.3,2.32,496,45.0,4.36,587.51
5963,751.7,2.79,86,69.2,4.24,490.85
5964,681.2,1.26,359,45.6,4.2,498.44
5965,818.4,2.35,69,56.7,6.18,527.99
5966,756.3,2.29,464,31.2,5.59,534.74
5967,792.6,1.24,376,69.6,5.96,560.67
5968,811.2,1.88,474,61.0,5.2,577.11
5969,766.9,2.07,320,39.6,4.32,519.69
5970,720.4,1.7,100,40.8,4.21,469.11
5971,798.8,2.57,428,43.1,6.07,534.98
5972,750.0,2.58,462,58.8,5.45,540.77
5973,784.3,2.63,307,57.4,4.73,521.32
5974,642.3,2.51,334,43.7,5.02,471.9
5975,772.3,1.72,289,64.7,6.0,529.95
5976,718.1,1.45,208,74.5,5.56,512.96
5977,832.7,2.58,464,32.2,4.91,561.16
5978,781.2,1.73,127,50.9,4.95,513.53
5979,762.0,1.12,192,59.7,4.41,537.35
5980,774.3,1.77,407,59.3,5.02,549.83
5981,700.1,0.85,64,31.0,4.71,460.45
5982,831.2,2.23,280,40.5,4.95,542.38
5983,849.6,1.34,14,33.1,4.46,513.95
5984,769.6,1.15,110,58.4,3.66,522.13
5985,829.5,2.89,397,62.3,5.95,566.18
5986,721.5,2.44,295,38.0,5.57,498.72
5987,710.1,2.47,477,46.7,4.73,497.51
5988,752.0,2.06,62,46.5,4.68,488.07
5989,771.7,2.6,227,71.0,3.61,514.43
5990,730.3,2.4,338,39.7,6.07,520.63
5991,776.9,2.0,295,57.4,6.25,548.0
5992,765.3,2.9,249,69.1,4.91,524.12
5993,700.1,0.98,223,71.5,5.33,525.57
5994,775.9,2.86,113,63.3,4.01,490.81
5995,793.2,1.5,370,45.0,5.09,559.24
5996,758.6,1.82,373,71.2,4.31,550.4
5997,807.6,0.81,231,67.1,4.32,542.44
5998,689.1,1.85,349,65.2,4.71,505.34
5999,773.4,2.03,357,33.4,4.58,517.48
6000,691.5,2.99,198,32.2,4.87,455.79
6001,694.3,2.94,336,64.8,6.06,509.75
6002,718.5,2.92,333,77.2,2.89,474.91
6003,702.9,1.37,485,68.7,4.47,540.03
6004,722.6,2.98,320,71.6,5.63,498.55
6005,739.3,1.64,108,57.2,5.19,510.45
6006,791.9,2.63,106,45.2,4.22,511.43
6007,733.9,1.04,336,63.9,7.11,542.32
6008,670.7,1.76,82,65.6,7.7,493.48
6009,807.0,2.92,491,63.8,4.98,567.65
6010,708.1,2.87,265,77.3,4.01,476.48
6011,747.1,2.21,240,48.4,4.75,510.01
6012,772.3,2.49,179,32.0,3.87,480.61
6013,760.0,0.94,491,75.4,5.4,593.48
6014,804.7,2.3,342,38.0,5.58,538.14
6015,774.0,2.05,166,64.9,5.99,521.72
6016,706.9,0.73,428,73.7,5.4,541.51
6017,858.9,0.78,438,45.5,5.23,604.01
6018,759.7,0.77,467,71.5,3.99,562.62
6019,742.6,2.31,231,46.6,3.78,495.34
6020,798.2,0.85,373,69.7,2.98,542.86
6021,762.5,1.67,355,33.5,5.08,519.74
6022,770.0,1.39,108,62.8,5.86,541.1
6023,874.6,1.88,229,63.9,6.15,592.68
6024,736.2,2.27,422,54.6,5.84,518.15
6025,734.1,2.21,253,64.4,4.63,506.97
6026,755.8,1.79,463,76.2,6.86,574.31
6027,803.6,1.66,268,66.7,4.05,560.61
6028,674.7,1.49,486,78.1,4.0,508.36
6029,651.7,2.65,450,52.4,5.77,499.88
6030,720.6,1.33,203,56.4,6.41,524.53
6031,668.3,1.15,384,43.2,6.79,511.2
6032,728.8,2.36,159,79.3,6.0,499.02
6033,775.1,1.4,376,32.8,5.73,542.31
6034,705.5,2.62,164,47.9,5.81,482.82
6035,678.7,1.32,31,44.9,4.72,445.23
6036,753.5,2.25,467,49.3,4.2,527.21
6037,793.1,0.61,125,75.9,5.27,542.94
6038,665.3,1.46,122,48.4,3.3,431.84
6039,791.0,1.36,442,75.8,4.69,570.49
6040,790.9,2.54,220,51.2,4.47,521.77
6041,797.7,2.92,33,72.7,5.58,490.24
6042,810.9,1.65,292,56.1,5.22,553.62
6043,860.1,2.56,301,45.6,6.49,557.57
6044,732.2,2.25,372,52.5,5.82,524.2
6045,755.5,2.92,410,51.2,4.36,526.93
6046,729.2,2.53,65,43.0,5.67,471.86
6047,750.1,0.69,275,44.5,3.27,516.18
6048,826.6,2.28,63,39.3,5.73,545.0
6049,682.7,1.84,346,46.8,4.25,481.51
6050,706.9,0.54,117,61.2,4.39,487.3
6051,818.9,1.13,211,49.3,6.34,563.04
6052,801.0,2.8,211,65.6,5.39,550.15
6053,731.8,2.82,431,79.3,4.81,521.97
6054,792.7,2.5,346,48.9,6.02,537.55
6055,767.1,2.95,392,53.1,6.47,542.21
6056,825.0,2.52,483,38.2,4.0,562.41
6057,753.7,0.53,227,49.6,4.29,533.39
6058,801.3,1.22,252,66.3,5.81,566.31
6059,882.1,0.58,363,40.9,5.31,616.53
6060,779.9,0.74,397,39.1,3.14,542.67
6061,752.5,1.05,187,48.8,6.78,533.86
6062,786.1,1.76,484,70.9,4.52,569.98
6063,731.7,2.62,70,61.2,4.0,443.22
6064,869.4,2.65,414,77.9,5.01,557.3
6065,759.0,2.04,45,75.2,5.9,499.32
6066,736.4,2.82,367,37.6,6.13,511.19
6067,708.2,1.75,55,32.1,5.06,477.02
6068,804.9,2.72,104,50.0,7.54,525.67
6069,793.4,1.64,336,56.1,7.82,584.97
6070,725.1,1.19,53,55.8,5.45,496.52
6071,778.8,2.79,329,36.7,4.94,511.45
6072,674.6,1.47,235,36.2,4.66,491.01
6073,759.2,1.76,155,32.3,4.85,505.91
6074,772.6,1.32,481,72.5,6.5,565.98
6075,835.4,2.16,278,77.4,5.34,569.28
6076,711.5,2.99,22,35.8,5.87,464.45
6077,686.1,0.56,34,40.7,5.69,470.19
6078,705.2,2.75,270,34.5,5.61,485.87
6079,683.2,0.51,137,73.9,6.09,512.52
6080,816.8,1.41,48,77.9,5.83,524.55
6081,827.4,0.92,166,43.1,5.48,566.36
6082,766.0,2.39,373,45.2,6.84,536.17
6083,811.1,0.63,194,48.1,3.68,533.48
6084,756.7,1.88,183,55.1,5.28,510.09
6085,745.2,1.24,426,64.1,4.47,548.87
6086,733.3,0.83,481,55.2,5.92,569.35
6087,734.5,2.43,403,77.6,3.37,527.13
6088,672.6,1.04,195,35.0,5.23,474.74
6089,763.2,1.06,290,69.9,5.48,550.06
6090,748.0,1.19,498,46.7,6.22,569.87
6091,787.3,1.97,83,48.9,4.58,510.7
6092,754.7,2.15,304,65.4,7.79,536.61
6093,741.9,0.54,25,76.5,4.41,507.93
6094,706.4,1.1,197,65.8,3.86,497.49
6095,753.6,1.58,421,68.8,5.61,544.54
6096,786.9,1.33,469,67.5,4.87,573.54
6097,692.8,2.71,181,46.0,6.84,484.56
6098,754.4,2.47,195,67.8,3.41,478.24
6099,761.7,2.06,41,69.2,5.04,503.26
6100,714.1,1.35,72,56.7,5.82,494.52
6101,720.6,2.25,358,56.8,4.33,485.57
6102,761.5,2.61,310,68.0,3.61,505.41
6103,693.3,1.99,318,70.9,6.45,514.08
6104,767.5,2.46,198,46.9,4.16,492.13
6105,705.2,2.37,315,70.1,6.04,511.58
6106,803.1,1.93,420,70.7,4.08,552.32
6107,866.9,1.28,35,41.7,4.68,555.56
6108,707.0,2.36,396,65.8,5.76,518.39
6109,776.7,1.02,355,39.3,5.35,571.15
6110,713.7,2.45,48,34.7,4.07,439.03
6111,802.0,2.51,202,58.7,5.53,532.37
6112,686.7,2.56,172,75.4,2.83,454.33
6113,774.0,1.68,62,31.8,3.8,495.0
6114,706.4,0.98,484,71.3,6.75,569.55
6115,739.7,0.75,183,55.3,4.83,504.13
6116,698.4,2.36,205,73.0,5.72,496.43
6117,791.1,2.72,220,72.2,5.69,531.38
6118,708.2,2.13,287,73.8,4.66,490.14
6119,777.6,0.86,197,68.4,5.12,553.17
6120,732.8,2.84,399,72.1,3.83,506.23
6121,744.3,2.97,317,38.8,5.13,494.3
6122,757.4,1.58,466,45.2,4.51,546.97
6123,711.9,1.99,340,42.1,7.09,531.65
6124,760.5,2.44,223,67.1,4.3,508.89
6125,826.5,2.34,338,37.7,5.51,549.37
6126,711.1,2.92,38,39.1,4.73,442.79
6127,808.6,0.79,180,73.9,5.81,553.34
6128,824.9,1.95,131,65.3,3.64,532.89
6129,709.2,2.23,467,73.8,4.87,531.01
6130,677.2,2.73,427,37.0,5.59,489.28
6131,765.1,2.69,168,49.9,5.24,524.47
6132,722.6,2.94,95,44.2,5.5,467.89
6133,843.4,1.78,311,30.5,4.17,552.47
6134,751.7,2.58,13,44.2,4.65,467.74
6135,709.9,1.57,11,49.0,4.98,470.63
6136,692.6,1.56,142,34.6,5.78,482.7
6137,804.5,1.13,311,58.3,6.4,577.18
6138,721.4,2.55,88,49.2,3.14,453.98
6139,752.2,2.96,156,32.3,4.68,486.73
6140,797.8,1.14,175,65.2,4.34,520.13
6141,725.8,0.64,324,66.5,4.23,522.23
6142,747.7,2.54,472,71.7,5.27,534.52
6143,749.2,2.05,247,54.3,5.03,509.81
6144,784.2,2.9,337,78.4,3.88,504.08
6145,779.5,1.13,285,75.7,3.83,548.45
6146,739.0,0.68,213,57.6,5.46,514.03
6147,753.2,1.73,461,52.2,3.91,528.28
6148,731.4,0.71,62,30.2,4.31,489.82
6149,676.1,1.15,495,65.5,5.92,553.51
6150,762.9,0.81,116,58.2,5.17,523.04
6151,844.6,1.06,64,76.9,6.55,571.23
6152,705.8,0.77,255,59.7,4.89,498.31
6153,711.3,2.88,432,79.6,7.23,521.73
6154,706.5,1.2,386,72.7,4.82,518.43
6155,786.2,1.61,173,77.7,6.2,537.19
6156,772.4,2.75,451,46.4,4.16,537.58
6157,742.1,2.19,24,37.5,4.35,464.84
6158,704.1,2.05,10,69.8,6.69,487.69
6159,754.6,2.26,360,69.3,4.3,515.04
6160,671.8,2.57,146,40.6,4.78,449.26
6161,757.2,2.69,160,68.2,4.34,469.54
6162,793.6,2.11,189,59.1,6.12,534.24
6163,687.4,2.73,419,35.5,3.79,479.61
6164,673.4,1.84,241,55.1,6.31,489.82
6165,829.0,1.19,496,76.6,5.24,618.06
6166,719.4,2.7,197,55.3,5.19,484.16
6167,806.8,1.85,27,69.4,4.94,490.67
6168,742.3,2.77,234,31.4,6.25,489.34
6169,741.9,0.6,114,66.4,4.78,515.33
6170,771.9,1.49,496,77.3,4.29,559.52
6171,705.8,2.87,215,55.0,5.52,472.9
6172,756.6,1.12,195,46.9,4.91,510.32
6173,730.9,2.85,74,62.3,6.96,503.63
6174,684.0,2.88,342,75.8,5.91,504.72
6175,766.9,2.71,381,38.8,5.35,536.6
6176,736.8,1.91,216,50.2,6.43,509.75
6177,742.1,2.12,238,37.8,3.55,497.33
6178,689.5,2.67,78,54.8,5.56,434.87
6179,829.6,2.44,151,57.0,5.1,528.28
6180,793.8,2.08,215,77.2,4.8,526.4
6181,798.2,2.96,183,50.6,4.72,507.01
6182,734.7,2.21,206,58.3,6.11,509.85
6183,663.5,2.94,340,74.3,3.14,458.83
6184,847.6,0.64,425,46.1,5.47,589.56
6185,746.9,0.85,316,63.7,3.57,520.1
6186,712.6,1.63,206,67.9,4.76,503.56
6187,770.8,1.46,237,46.5,4.95,530.65
6188,808.4,2.46,280,38.2,6.62,562.23
6189,748.8,0.9,446,55.1,4.47,551.87
6190,813.9,2.94,208,47.8,5.05,536.87
6191,804.1,1.29,334,43.3,3.77,530.97
6192,696.2,1.57,487,78.7,5.51,540.6
6193,716.3,1.19,24,55.1,3.67,479.91
6194,797.9,1.95,295,72.8,3.22,535.62
6195,614.4,0.65,343,39.8,3.49,455.5
6196,742.5,0.87,417,77.0,4.72,553.66
6197,678.5,2.36,225,69.7,4.77,471.28
6198,726.2,0.97,44,70.4,6.13,513.01
6199,735.1,1.09,78,49.5,6.52,510.73
6200,732.1,2.48,405,54.3,6.5,523.98
6201,722.4,0.73,221,59.7,6.15,550.67
6202,695.1,1.59,55,69.5,7.08,485.67
6203,864.6,0.56,391,72.5,5.46,614.92
6204,843.4,1.37,462,33.9,5.47,594.91
6205,691.9,2.25,257,75.2,6.83,502.37
6206,829.1,0.73,429,76.9,3.89,597.31
6207,730.0,2.72,94,59.6,5.94,493.0
6208,756.5,2.77,57,39.3,4.95,460.75
6209,746.8,0.76,240,70.9,6.33,551.18
6210,717.0,2.98,76,57.4,6.18,491.68
6211,799.2,1.24,486,70.9,4.84,570.6
6212,756.3,0.71,447,70.7,3.8,539.53
6213,726.2,0.51,98,34.3,6.35,510.43
6214,684.8,1.52,228,60.4,4.53,486.0
6215,705.3,2.07,429,54.2,5.12,515.2
6216,667.9,1.33,61,77.3,3.88,470.7
6217,750.6,2.59,31,44.8,4.64,466.34
6218,690.2,2.29,431,40.3,6.02,514.51
6219,736.7,1.38,108,74.9,5.39,516.02
6220,818.5,2.34,455,37.4,4.25,554.32
6221,810.0,2.85,458,64.3,3.12,533.06
6222,748.4,0.73,140,45.0,5.69,510.68
6223,745.6,1.27,97,58.4,4.58,486.28
6224,844.0,1.66,145,60.8,5.17,536.75
6225,776.0,1.74,383,50.9,4.86,527.0
6226,733.6,1.86,48,78.7,4.57,501.75
6227,678.7,1.25,27,36.6,5.62,465.01
6228,769.7,2.17,114,49.6,4.13,515.43
6229,791.5,2.11,396,51.5,5.15,552.38
6230,718.4,1.94,155,61.6,5.41,478.8
6231,764.6,0.78,345,50.4,6.35,558.36
6232,731.8,1.69,233,34.9,5.05,509.83
6233,740.8,1.39,126,77.4,3.81,502.47
6234,625.6,1.73,10,50.8,5.67,433.3
6235,738.9,2.8,126,47.1,4.11,481.22
6236,798.5,1.7,393,52.3,4.33,540.34
6237,718.4,0.53,35,40.8,4.5,489.69
6238,752.6,1.6,445,35.0,4.82,545.68
6239,712.2,2.55,21,37.4,6.29,463.82
6240,768.0,2.45,303,38.3,5.65,527.74
6241,739.2,1.78,350,39.9,3.9,509.76
6242,703.0,1.12,178,51.0,6.51,510.95
6243,816.6,1.66,62,61.2,6.06,540.96
6244,796.4,1.91,278,61.4,5.42,541.52
6245,719.8,3.0,257,30.0,2.68,473.89
6246,774.9,2.11,137,76.0,4.16,510.4
6247,776.9,2.24,85,71.1,5.01,512.07
6248,782.1,1.73,278,78.2,6.66,566.84
6249,665.3,1.39,155,48.0,6.33,488.82
6250,800.3,2.53,412,63.2,4.03,532.15
6251,721.5,1.74,412,38.4,3.32,513.04
6252,732.1,2.99,463,70.9,4.82,521.38
6253,881.9,1.64,57,38.1,5.14,545.28
6254,765.1,0.67,208,46.3,3.76,534.14
6255,730.7,2.21,80,54.5,4.13,463.7
6256,639.7,0.62,421,59.7,7.12,519.01
6257,819.5,1.13,101,58.0,4.63,533.6
6258,682.7,1.38,412,35.1,4.7,491.92
6259,699.8,2.35,473,51.1,7.83,535.57
6260,733.4,1.74,218,76.1,4.66,502.09
6261,820.8,0.57,351,73.6,3.99,577.51
6262,788.7,2.04,348,59.5,4.29,554.68
6263,742.1,1.53,57,58.6,5.29,497.06
6264,765.4,2.8,38,35.6,4.53,479.21
6265,720.0,1.75,185,40.0,4.87,491.15
6266,757.0,2.27,28,42.6,4.96,479.61
6267,753.7,1.05,364,54.4,8.0,576.0
6268,798.4,2.4,56,66.6,5.71,505.8
6269,798.4,2.3,354,53.0,4.05,544.9
6270,774.7,2.76,69,36.3,4.83,477.89
6271,731.9,0.58,185,52.0,5.8,538.64
6272,787.1,1.62,264,38.1,6.08,539.11
6273,745.4,2.2,413,67.6,3.4,509.54
6274,695.9,0.74,238,38.3,3.58,491.64
6275,729.8,1.53,156,54.1,5.47,488.47
6276,754.2,2.86,307,64.7,4.36,495.83
6277,795.5,1.59,342,41.4,4.22,546.13
6278,740.8,2.96,248,33.8,5.19,503.06
6279,689.5,0.64,341,58.2,5.79,519.48
6280,752.8,2.29,442,32.7,4.76,538.84
6281,755.7,1.95,408,59.4,3.06,516.51
6282,759.3,1.75,197,67.7,4.47,515.82
6283,796.0,2.93,333,46.5,3.84,520.38
6284,800.9,0.82,344,54.4,5.56,585.55
6285,720.3,2.74,218,76.4,7.05,517.06
6286,719.2,2.23,420,53.6,5.29,516.92
6287,698.0,1.15,84,79.8,5.44,517.47
6288,784.9,2.75,192,37.9,5.81,513.29
6289,822.4,1.57,96,65.4,6.35,548.53
6290,734.2,2.54,280,62.6,4.42,502.43
6291,737.9,1.47,189,73.6,4.95,508.95
6292,823.3,2.63,424,34.6,5.95,574.98
6293,775.3,2.09,254,44.0,4.06,512.57
6294,771.8,0.85,355,36.6,3.49,542.45
6295,690.5,2.12,16,76.7,4.53,431.1
6296,783.9,0.98,278,51.3,6.26,558.76
6297,703.5,1.53,447,75.5,5.14,526.47
6298,693.3,0.93,22,44.7,4.53,471.07
6299,732.7,0.56,413,36.3,6.02,539.54
6300,720.7,1.03,235,44.8,5.55,513.61
6301,738.9,1.84,275,59.9,4.22,510.59
6302,678.0,1.7,251,72.3,4.81,485.11
6303,797.9,1.75,389,49.3,3.98,551.61
6304,806.4,1.12,189,75.7,5.14,552.02
6305,652.6,2.21,430,42.2,5.64,496.98
6306,798.9,2.26,189,64.7,2.54,515.82
6307,709.5,1.39,135,66.8,3.98,495.72
6308,792.8,2.7,292,43.7,6.68,535.18
6309,746.6,2.11,427,31.3,4.66,519.02
6310,751.4,2.28,365,48.3,6.66,552.46
6311,740.7,1.19,199,32.3,3.72,489.86
6312,810.6,0.5,25,75.0,4.47,532.81
6313,688.0,2.66,324,77.7,5.22,490.76
6314,780.4,2.56,30,66.8,4.68,484.29
6315,805.1,0.81,25,66.3,6.27,544.14
6316,785.8,1.44,474,42.0,4.88,573.02
6317,866.2,2.15,472,33.7,5.71,572.01
6318,723.6,2.13,278,70.1,3.91,492.63
6319,797.9,2.65,42,58.0,5.26,504.75
6320,744.7,0.85,191,64.1,4.69,536.82
6321,811.7,1.57,78,69.0,4.0,507.39
6322,749.6,0.74,420,50.5,5.47,564.43
6323,730.6,1.47,61,37.2,6.36,495.77
6324,815.3,0.54,74,69.8,4.4,544.14
6325,725.4,2.75,309,52.7,5.42,513.78
6326,679.4,1.82,423,71.3,4.78,506.33
6327,724.2,2.62,416,51.9,5.11,512.59
6328,781.0,0.65,344,40.9,5.84,564.19
6329,819.6,1.07,237,38.6,6.44,567.61
6330,755.6,1.15,476,67.2,6.24,558.84
6331,815.9,1.47,231,58.7,4.25,545.24
6332,682.1,2.51,281,50.2,3.66,471.02
6333,727.8,1.47,448,54.6,2.99,502.15
6334,735.6,1.01,27,57.5,5.63,509.98
6335,744.3,0.66,227,42.0,4.47,529.92
6336,754.2,0.7,282,48.9,6.06,548.99
6337,784.5,2.4,468,44.6,3.97,524.63
6338,727.8,1.61,317,49.4,5.45,513.59
6339,757.0,2.32,182,55.0,3.23,465.64
6340,747.7,2.21,65,38.7,5.5,483.96
6341,703.7,0.84,358,49.7,5.39,516.13
6342,744.3,0.86,447,49.3,3.9,540.47
6343,742.8,2.39,18,44.3,5.19,485.77
6344,741.7,2.3,410,79.9,7.07,543.51
6345,751.6,1.45,292,33.7,5.69,532.41
6346,753.8,0.69,302,62.1,7.96,567.41
6347,728.4,0.53,31,38.7,5.15,487.96
6348,813.6,1.22,81,72.0,5.58,557.06
6349,691.5,0.52,460,75.7,4.52,544.19
6350,714.0,1.08,431,50.1,5.25,522.88
6351,889.0,1.55,364,71.2,4.02,596.93
6352,698.1,0.8,489,42.5,5.91,539.61
6353,682.3,0.76,337,37.0,4.19,506.07
6354,786.7,2.74,181,45.8,6.67,509.37
6355,646.1,1.96,132,47.1,3.65,436.5
6356,738.2,2.84,100,49.9,4.7,477.55
6357,857.3,1.36,233,48.6,4.75,554.99
6358,672.8,2.19,301,50.6,3.88,474.25
6359,650.9,1.01,363,65.5,5.23,498.8
6360,675.0,2.05,261,42.3,4.47,473.33
6361,794.9,0.82,418,30.9,6.4,587.89
6362,806.2,0.51,488,54.5,4.19,610.01
6363,724.4,2.83,307,52.4,5.42,500.32
6364,784.2,1.89,376,33.0,4.91,537.76
6365,819.5,2.82,265,36.7,4.79,547.48
6366,839.4,1.33,22,55.5,5.09,548.9
6367,737.7,1.32,449,41.7,5.71,562.77
6368,634.9,1.5,344,73.9,3.11,471.78
6369,709.0,2.27,127,38.7,5.05,481.0
6370,728.7,1.91,444,31.0,4.17,516.22
6371,737.1,2.81,187,52.4,4.25,481.77
6372,740.6,0.56,470,79.3,5.24,566.74
6373,805.9,2.27,317,61.7,6.1,558.08
6374,813.7,1.33,170,47.7,6.55,554.96
6375,741.4,0.95,104,30.8,4.42,511.02
6376,804.9,1.78,418,54.2,2.15,543.25
6377,767.9,1.76,377,40.3,5.07,539.58
6378,753.2,0.84,323,62.4,3.18,529.34
6379,795.3,1.0,177,59.2,5.44,540.91
6380,753.6,1.52,96,43.3,4.1,482.67
6381,852.9,1.52,431,33.4,5.34,596.47
6382,678.1,1.29,12,67.8,4.15,469.42
6383,724.2,0.87,381,59.3,3.84,514.96
6384,743.7,0.51,25,72.1,3.86,490.0
6385,772.0,2.93,139,43.0,5.4,503.78
6386,813.4,2.86,32,62.6,3.68,490.7
6387,748.8,1.71,107,35.9,5.55,490.4
6388,678.9,2.99,167,44.6,6.78,453.43
6389,792.1,2.18,248,62.8,6.67,541.28
6390,787.7,0.67,19,71.3,3.4,514.73
6391,652.9,0.79,330,46.0,3.65,481.25
6392,749.8,2.79,31,69.9,5.48,470.07
6393,670.5,2.08,317,63.9,3.93,472.06
6394,716.8,2.61,376,47.4,5.62,513.7
6395,704.9,2.75,193,73.8,3.29,481.36
6396,790.5,1.62,426,55.5,4.93,558.79
6397,755.8,0.62,226,62.4,5.94,554.35
6398,685.7,0.97,223,54.8,3.45,491.01
6399,794.0,0.67,345,52.6,4.88,557.47
6400,678.3,0.97,167,72.4,4.87,499.6
6401,766.5,1.53,219,44.7,5.61,538.36
6402,709.3,0.8,417,31.8,4.33,517.14
6403,731.7,0.92,142,74.0,3.57,501.53
6404,775.2,1.61,62,71.3,2.48,485.38
6405,776.1,1.35,238,48.3,6.33,530.86
6406,816.8,1.67,192,39.3,5.83,555.16
6407,745.9,1.57,32,63.8,4.98,510.25
6408,765.3,2.11,115,33.9,4.95,496.47
6409,728.1,2.84,100,51.2,5.43,470.66
6410,759.1,0.77,128,34.3,5.97,535.4
6411,772.0,0.75,469,59.9,2.98,564.5
6412,745.1,2.63,147,31.4,3.22,460.04
6413,659.8,1.77,491,61.5,3.07,492.15
6414,766.6,2.42,129,63.7,4.65,519.39
6415,768.2,1.04,170,54.4,5.18,546.33
6416,716.0,2.57,217,38.8,6.01,481.23
6417,685.8,2.81,358,35.1,2.09,442.05
6418,823.8,2.09,327,45.7,3.66,544.65
6419,774.6,0.76,347,53.3,5.13,562.87
6420,738.5,2.74,164,62.1,5.25,498.25
6421,693.1,2.48,272,30.1,4.8,481.11
6422,708.9,2.38,365,65.6,3.87,499.24
6423,815.1,0.59,164,65.6,4.3,546.33
6424,756.9,2.5,339,52.2,4.86,511.81
6425,722.5,0.84,403,47.2,3.28,528.61
6426,775.5,1.06,468,72.1,4.15,555.48
6427,709.3,1.94,322,69.2,3.62,480.12
6428,825.0,1.16,295,79.2,5.5,577.24
6429,817.6,2.15,268,48.6,4.09,537.6
6430,726.7,2.02,166,75.3,3.69,506.06
6431,718.6,0.77,23,34.4,4.48,481.6
6432,619.1,2.14,86,50.6,5.75,425.08
6433,675.9,2.81,348,53.3,4.98,491.61
6434,683.0,0.9,418,52.0,6.1,528.37
6435,756.8,1.99,403,61.3,5.95,543.37
6436,733.7,1.35,344,38.5,4.25,505.31
6437,682.7,1.65,229,73.3,5.13,496.97
6438,735.9,1.22,241,57.6,6.1,529.59
6439,775.3,1.39,442,75.2,4.52,559.09
6440,776.4,0.57,303,30.1,5.24,558.63
6441,655.0,2.95,464,61.5,4.1,486.99
6442,743.6,2.06,151,50.6,4.77,498.24
6443,680.8,1.75,260,55.3,4.74,490.81
6444,795.1,1.46,423,67.2,5.63,574.78
6445,789.2,1.85,305,41.4,4.62,550.33
6446,705.1,1.45,149,40.2,5.22,478.78
6447,711.7,1.4,485,65.2,5.38,528.64
6448,726.9,1.66,151,56.1,4.21,478.25
6449,637.4,1.19,138,41.7,4.6,460.24
6450,766.8,0.95,333,54.2,5.46,549.6
6451,736.4,1.89,314,53.0,6.84,521.04
6452,798.5,2.61,27,64.6,3.74,489.42
6453,695.1,0.88,252,30.1,5.53,525.94
6454,719.0,0.58,173,59.3,6.21,527.49
6455,674.7,1.12,329,60.3,5.1,519.47
6456,699.8,2.95,105,67.3,4.1,441.9
6457,690.9,2.57,37,74.5,4.95,460.42
6458,799.8,1.99,485,52.0,4.03,560.64
6459,715.1,2.82,239,47.1,4.5,485.12
6460,756.2,1.61,425,35.1,5.39,539.2
6461,731.0,2.96,465,46.8,4.94,523.91
6462,686.5,1.24,34,33.4,5.2,471.87
6463,741.6,1.1,184,70.1,3.83,510.26
6464,780.0,2.1,413,70.4,4.39,539.69
6465,689.6,1.45,170,50.9,5.61,474.53
6466,790.5,2.07,39,43.0,3.33,469.24
6467,707.5,1.26,174,35.9,3.67,473.79
6468,725.9,2.04,217,72.6,4.69,498.57
6469,776.5,1.19,446,73.9,4.48,554.89
6470,716.8,0.63,482,43.3,5.77,554.26
6471,751.9,2.78,111,61.1,2.61,475.66
6472,734.3,2.71,382,42.9,4.92,495.66
6473,756.5,2.93,115,41.3,6.37,500.24
6474,631.0,2.29,339,31.1,5.33,463.09
6475,658.5,2.21,78,58.9,3.47,419.52
6476,780.8,1.9,17,37.5,7.43,526.51
6477,801.9,0.81,132,30.6,4.45,520.66
6478,704.5,0.97,362,35.2,2.57,522.26
6479,737.8,1.22,110,45.7,5.81,519.4
6480,764.7,2.73,10,63.5,4.19,474.43
6481,784.7,0.93,360,40.1,6.87,570.77
6482,648.6,2.81,16,74.4,5.72,424.95
6483,705.7,1.81,327,44.4,7.13,538.93
6484,733.4,2.29,120,46.6,3.95,466.81
6485,785.2,0.78,352,40.9,6.28,567.9
6486,874.9,1.17,195,42.7,4.19,559.42
6487,738.6,2.9,225,33.7,5.34,494.3
6488,679.7,1.17,471,44.7,5.17,519.75
6489,770.1,1.24,352,73.0,6.39,556.49
6490,816.0,0.99,132,64.4,5.81,558.32
6491,755.4,0.82,210,73.8,4.54,544.91
6492,704.7,1.08,17,35.2,6.09,484.01
6493,797.9,2.11,73,52.8,4.91,489.19
6494,783.2,1.64,145,41.5,5.69,527.74
6495,698.7,1.88,396,66.1,5.3,500.54
6496,769.1,0.81,392,78.5,4.79,547.63
6497,799.9,2.51,195,70.8,3.68,499.95
6498,809.1,2.46,136,31.8,5.2,522.73
6499,746.7,0.55,425,45.8,4.32,532.41
6500,732.1,1.46,381,31.4,3.77,523.03
6501,811.4,0.67,461,32.0,5.83,596.06
6502,689.5,2.48,58,34.0,4.37,437.05
6503,771.9,2.34,175,43.8,3.19,496.11
6504,681.5,2.75,395,45.2,5.0,498.41
6505,803.3,1.09,136,50.0,4.85,529.36
6506,737.1,1.64,402,50.2,4.94,542.2
6507,813.4,0.96,311,68.6,4.94,569.78
6508,774.6,1.43,330,37.1,3.99,523.02
6509,688.8,1.81,186,37.9,4.6,481.96
6510,821.2,0.63,212,61.3,6.04,564.93
6511,827.6,2.29,166,58.6,5.85,556.22
6512,794.1,1.86,355,37.7,4.65,529.47
6513,711.9,2.57,228,72.6,5.59,507.92
6514,734.7,1.18,495,46.5,5.09,549.39
6515,757.3,2.76,294,48.3,4.67,513.56
6516,714.8,3.0,298,51.0,6.25,494.36
6517,834.6,2.8,37,46.1,4.11,508.39
6518,757.2,2.44,360,57.9,5.31,501.65
6519,614.8,2.53,92,49.4,3.34,412.68
6520,767.0,1.93,121,43.0,5.36,493.9
6521,732.6,0.98,163,75.2,4.34,517.7
6522,746.3,2.19,379,45.4,4.62,513.74
6523,731.6,2.28,38,64.9,4.71,470.4
6524,790.4,2.96,404,47.4,2.78,503.6
6525,806.0,1.85,498,51.8,3.39,558.32
6526,764.2,1.18,489,41.8,5.83,556.4
6527,733.0,2.21,222,67.6,5.1,503.06
6528,747.9,2.95,111,66.9,6.46,493.99
6529,751.0,0.94,427,31.1,3.63,523.47
6530,709.9,1.31,369,33.0,5.85,518.17
6531,778.9,1.85,223,76.1,5.46,529.04
6532,773.0,0.93,313,74.4,6.16,572.12
6533,827.0,0.56,164,55.3,4.89,570.19
6534,812.8,1.34,389,54.7,5.11,556.26
6535,715.7,2.66,209,70.6,4.12,481.85
6536,791.0,0.61,177,36.9,4.73,534.67
6537,702.5,1.57,247,62.7,4.51,487.43
6538,784.8,2.41,168,53.8,3.67,503.27
6539,724.2,2.88,202,67.2,5.14,492.11
6540,698.8,2.96,176,31.5,5.94,442.93
6541,764.0,1.55,235,59.6,6.18,546.23
6542,616.3,2.88,376,57.8,4.19,456.43
6543,662.5,0.59,260,72.0,4.96,500.37
6544,741.1,2.36,289,63.8,4.87,501.34
6545,754.1,2.11,485,74.0,6.47,564.28
6546,731.5,1.12,461,74.4,6.79,557.46
6547,671.0,1.77,475,50.4,3.7,509.15
6548,709.1,0.82,230,36.9,5.49,519.26
6549,769.6,2.68,32,61.5,5.53,492.54
6550,779.1,1.39,494,73.7,4.8,560.2
6551,749.2,2.07,198,33.7,3.74,495.03
6552,807.8,0.9,420,57.9,5.71,591.34
6553,769.9,1.02,281,35.7,6.22,543.33
6554,712.6,2.98,438,31.3,4.45,498.29
6555,736.0,2.38,36,64.0,6.2,483.72
6556,679.9,2.9,466,64.1,5.0,479.48
6557,744.6,1.24,398,60.0,6.42,537.17
6558,805.6,0.91,452,73.0,6.42,597.49
6559,784.3,1.76,465,34.0,4.98,568.4
6560,820.1,1.74,219,35.3,5.42,534.45
6561,734.9,0.94,44,73.2,4.3,488.69
6562,817.3,2.33,207,55.2,3.38,523.21
6563,740.3,1.4,480,43.7,5.25,545.65
6564,823.6,0.97,183,66.9,3.53,547.62
6565,748.9,1.33,227,74.7,7.09,548.41
6566,785.4,1.91,65,64.5,6.14,520.71
6567,823.8,2.32,392,69.6,4.85,562.94
6568,740.3,1.7,496,44.1,7.67,552.11
6569,760.9,1.81,161,44.4,4.37,498.64
6570,814.4,0.85,403,73.2,4.61,592.2
6571,743.3,2.79,472,60.7,4.6,528.26
6572,684.0,2.82,47,41.7,4.94,446.35
6573,857.2,2.21,477,56.2,4.69,575.02
6574,726.5,0.54,486,64.3,5.46,551.59
6575,757.9,1.84,207,40.9,4.0,491.78
6576,807.8,2.07,441,62.7,5.13,546.31
6577,719.6,2.99,18,32.1,4.46,444.37
6578,699.6,2.99,187,45.2,5.06,462.82
6579,762.7,2.64,334,63.7,3.92,514.79
6580,660.3,0.66,185,37.5,4.14,484.36
6581,735.6,2.88,432,41.1,7.13,524.28
6582,762.3,2.03,476,74.0,4.08,555.38
6583,736.5,2.5,270,63.7,5.52,514.32
6584,672.8,1.52,93,54.9,4.46,476.97
6585,829.7,1.3,148,40.5,3.98,524.19
6586,755.2,1.66,251,47.1,5.06,531.57
6587,821.6,0.87,325,58.7,4.13,558.7
6588,737.0,1.39,164,37.8,5.52,498.9
6589,706.0,2.64,230,54.1,4.88,480.11
6590,763.5,0.59,144,50.4,6.34,530.01
6591,739.2,0.88,197,53.8,3.69,512.19
6592,691.1,0.81,187,35.3,5.28,503.4
6593,823.5,1.51,76,35.3,5.37,536.45
6594,718.9,2.99,78,78.2,4.0,461.0
6595,658.0,0.93,448,79.0,4.34,524.35
6596,816.4,0.86,86,51.3,3.58,532.34
6597,724.8,2.79,409,69.4,3.44,498.53
6598,719.6,2.71,383,62.8,4.88,505.03
6599,661.7,0.58,21,35.8,5.81,461.08
6600,837.0,2.38,496,44.8,4.87,563.42
6601,685.5,2.14,292,45.7,4.91,480.03
6602,752.9,2.42,255,59.8,3.7,488.98
6603,795.6,1.74,246,59.0,2.9,509.34
6604,771.1,2.98,261,76.2,5.34,508.89
6605,747.0,0.61,426,69.5,4.34,563.13
6606,664.9,1.09,216,72.8,3.2,466.09
6607,709.5,1.49,350,74.6,4.46,523.73
6608,759.4,1.62,117,70.1,5.25,507.22
6609,710.6,2.8,218,46.6,5.4,483.37
6610,760.2,1.9,320,40.8,5.2,518.25
6611,784.1,0.61,317,58.6,4.3,554.9
6612,798.1,1.52,302,64.5,5.59,579.0
6613,688.7,1.54,122,49.3,4.98,469.13
6614,859.8,2.91,385,72.4,4.12,559.64
6615,788.4,2.0,24,78.0,3.88,488.26
6616,749.9,2.09,349,58.5,5.2,537.8
6617,804.5,2.28,92,52.8,5.87,534.55
6618,868.3,2.43,74,72.1,5.59,539.38
6619,678.1,2.09,461,31.2,5.16,499.2
6620,738.7,1.09,12,36.5,5.63,498.69
6621,631.1,2.69,465,72.3,7.37,500.84
6622,759.6,2.33,370,66.6,5.29,523.63
6623,768.3,2.35,245,50.8,5.16,506.78
6624,748.0,2.99,398,74.4,5.54,512.88
6625,717.3,2.51,402,47.6,5.75,524.39
6626,647.5,2.57,138,61.7,3.66,442.55
6627,768.7,2.88,256,61.7,5.18,529.57
6628,822.8,0.88,244,39.2,6.0,557.06
6629,720.4,1.74,39,44.2,6.75,494.18
6630,772.0,1.95,80,75.8,5.02,510.73
6631,671.6,1.32,479,39.2,4.55,512.09
6632,772.9,2.6,157,38.7,5.16,507.28
6633,730.3,2.41,102,54.0,4.36,507.26
6634,711.9,2.3,292,34.6,6.57,536.97
6635,712.0,2.99,226,74.7,5.48,491.52
6636,730.3,1.15,247,35.0,4.95,528.0
6637,769.1,2.34,236,60.8,6.11,517.83
6638,684.4,1.88,228,47.0,3.85,470.62
6639,730.1,1.28,328,70.2,2.93,503.19
6640,747.9,0.9,468,59.5,5.42,562.68
6641,695.0,2.74,346,49.4,6.07,502.37
6642,839.8,1.99,40,79.2,4.86,556.96
6643,707.3,2.56,475,33.3,4.32,492.62
6644,716.5,1.86,412,58.9,4.04,526.29
6645,701.1,1.05,123,79.5,3.77,482.29
6646,839.9,1.34,111,64.5,5.67,549.91
6647,777.6,1.45,102,67.0,5.82,524.27
6648,703.2,2.93,216,31.6,5.92,496.44
6649,805.3,0.51,455,31.1,5.01,560.08
6650,760.0,2.96,400,31.8,3.84,510.71
6651,762.9,2.95,238,79.6,4.29,515.24
6652,732.8,2.99,430,79.0,5.6,514.19
6653,712.5,1.69,80,46.7,3.96,475.54
6654,766.9,2.91,351,44.5,4.9,509.12
6655,722.7,1.49,469,37.3,3.98,541.93
6656,840.8,0.57,145,46.5,4.3,542.5
6657,686.5,1.06,450,48.5,3.85,517.67
6658,826.8,2.86,475,67.4,5.02,561.36
6659,744.4,0.53,293,73.3,3.54,529.21
6660,765.0,1.86,347,67.3,4.24,527.97
6661,791.7,0.69,360,62.3,5.85,585.52
6662,718.5,1.22,26,68.3,6.05,498.59
6663,793.2,0.72,224,66.9,5.67,543.88
6664,614.6,2.65,404,53.8,6.42,477.13
6665,714.0,1.98,408,46.8,3.68,506.36
6666,703.8,2.76,423,44.1,4.91,509.35
6667,687.3,2.22,253,64.0,5.08,489.01
6668,739.3,2.93,104,78.0,6.95,484.71
6669,769.3,1.77,130,59.1,4.76,522.36
6670,785.1,2.1,15,75.6,5.8,523.34
6671,762.0,1.94,277,30.7,6.69,536.94
6672,716.7,1.71,96,69.7,5.13,492.45
6673,768.5,2.61,198,72.7,4.53,510.99
6674,756.2,2.11,112,61.5,4.62,508.41
6675,796.8,2.5,113,76.7,3.29,515.51
6676,788.8,2.47,429,59.5,4.54,548.33
6677,751.5,0.98,300,42.0,3.58,526.9
6678,705.1,2.13,76,40.8,5.78,475.93
6679,717.4,1.0,115,57.8,3.44,509.51
6680,722.5,1.96,257,75.3,5.39,490.95
6681,734.2,2.19,357,33.6,6.14,514.51
6682,763.4,2.99,216,60.2,5.73,500.54
6683,785.8,0.58,214,68.5,4.52,567.31
6684,747.4,0.73,328,35.8,5.76,540.62
6685,750.8,0.69,92,35.8,5.01,490.25
6686,757.2,1.5,433,48.3,4.54,532.92
6687,724.2,2.55,91,43.7,4.64,474.67
6688,703.7,2.61,296,39.9,5.44,489.75
6689,662.2,2.34,46,39.9,3.44,426.79
6690,715.2,2.74,222,36.5,4.5,476.99
6691,773.7,1.31,496,60.5,5.37,580.42
6692,714.9,0.72,142,64.4,4.49,511.64
6693,738.1,0.65,124,65.1,3.71,497.13
6694,773.3,2.63,386,56.6,4.11,527.09
6695,776.0,2.33,474,77.6,5.17,570.18
6696,696.0,2.25,220,74.0,5.48,493.28
6697,799.9,1.35,141,77.9,6.08,542.06
6698,806.4,1.45,383,49.4,5.78,557.3
6699,693.5,2.9,163,73.9,5.77,478.2
6700,708.8,0.66,417,68.1,3.08,520.35
6701,809.6,2.43,432,47.0,5.75,558.21
6702,742.7,1.27,449,35.3,4.48,538.26
6703,639.0,0.6,447,64.1,3.56,491.73
6704,680.0,2.36,303,36.8,5.56,496.34
6705,737.5,1.33,375,44.7,5.18,531.42
6706,691.8,2.31,191,55.0,5.88,503.17
6707,729.3,2.27,156,64.0,4.47,497.18
6708,751.6,1.84,231,76.3,4.99,519.07
6709,823.1,2.44,291,59.7,3.2,518.05
6710,735.5,1.95,136,63.6,6.96,519.73
6711,803.6,1.22,317,45.5,3.66,548.57
6712,821.4,2.34,212,64.4,4.19,524.68
6713,821.7,1.97,127,51.9,3.97,510.71
6714,764.2,0.53,70,72.8,5.21,526.69
6715,651.8,2.75,240,49.6,4.15,450.88
6716,773.0,1.86,460,53.4,6.08,561.78
6717,802.4,2.67,159,51.6,5.31,518.18
6718,745.9,2.71,154,70.6,3.51,492.92
6719,837.2,1.61,404,77.7,5.78,583.27
6720,793.0,1.77,120,46.4,5.91,545.49
6721,778.4,1.54,176,53.8,4.27,501.38
6722,804.3,1.62,198,65.3,3.86,523.24
6723,766.7,2.74,484,74.8,5.4,534.66
6724,625.4,2.47,58,54.7,5.66,435.33
6725,725.0,0.82,116,35.4,4.0,494.71
6726,809.9,2.03,102,48.4,5.92,546.2
6727,709.6,2.99,133,57.5,4.43,464.6
6728,738.8,1.99,326,50.9,6.18,535.45
6729,697.8,2.46,149,39.3,3.42,443.0
6730,839.2,2.42,406,31.8,4.27,540.49
6731,834.1,1.38,323,64.4,4.79,583.3
6732,705.8,1.43,20,79.6,4.01,481.96
6733,757.4,2.31,457,76.0,4.97,544.66
6734,716.0,1.75,424,64.2,4.65,513.64
6735,780.7,1.93,404,72.1,4.79,573.89
6736,775.5,2.28,387,42.8,4.6,539.3
6737,790.6,2.44,370,61.1,3.71,523.47
6738,766.6,1.18,180,33.0,4.98,519.98
6739,896.8,0.87,45,65.4,4.87,559.07
6740,698.6,1.23,139,78.5,3.99,487.36
6741,664.5,1.77,352,73.0,6.25,501.45
6742,730.3,1.36,70,56.7,5.31,519.82
6743,671.6,1.92,429,69.4,5.72,518.49
6744,675.4,0.63,343,77.2,4.19,485.27
6745,699.9,1.77,494,40.8,2.69,519.16
6746,703.9,1.42,58,69.7,6.74,501.17
6747,702.3,1.84,420,43.5,5.17,529.06
6748,775.9,1.56,405,73.8,5.36,561.14
6749,724.7,1.21,195,34.9,5.32,506.83
6750,741.0,2.76,230,38.9,5.4,486.93
6751,794.7,0.96,15,66.0,3.94,521.54
6752,711.7,2.2,309,38.7,3.97,498.66
6753,736.8,2.81,184,37.9,3.97,457.18
6754,768.3,1.85,288,57.8,5.55,525.97
6755,652.9,2.69,380,71.7,3.79,456.88
6756,630.8,0.81,467,43.4,3.47,505.94
6757,767.3,1.73,363,72.1,4.36,549.19
6758,774.6,1.64,373,70.4,4.73,542.94
6759,853.2,0.52,213,59.0,4.95,589.28
6760,757.9,1.61,105,62.3,4.51,489.73
6761,791.0,1.42,291,32.0,5.48,547.2
6762,740.2,2.17,144,48.4,6.17,511.71
6763,764.9,2.85,425,43.2,5.05,520.77
6764,833.4,0.71,42,37.5,6.16,551.07
6765,643.8,1.32,91,49.5,5.55,465.41
6766,770.7,1.61,492,47.7,4.04,559.51
6767,856.8,1.64,157,66.4,4.15,536.42
6768,764.1,2.44,104,59.9,4.1,487.84
6769,832.5,1.61,462,75.7,4.81,576.53
6770,718.5,0.57,489,37.3,4.72,548.37
6771,748.4,2.28,445,33.0,5.59,528.67
6772,751.7,2.71,179,56.7,4.84,502.56
6773,639.1,1.78,220,30.1,5.25,446.01
6774,691.6,1.95,394,69.4,3.83,494.42
6775,695.2,0.91,200,55.3,5.24,521.59
6776,791.1,1.05,16,54.4,4.52,512.15
6777,793.6,1.09,389,48.1,4.45,568.12
6778,766.2,1.58,323,48.7,4.35,518.43
6779,791.2,2.82,351,51.6,6.51,529.22
6780,741.8,1.8,443,30.8,3.82,534.19
6781,810.1,0.98,43,34.2,5.68,539.89
6782,750.4,1.17,60,55.3,4.95,499.05
6783,752.9,1.46,129,37.5,3.64,509.04
6784,736.7,2.06,147,68.9,4.7,489.22
6785,784.2,1.6,376,43.7,2.66,518.98
6786,728.9,1.48,115,34.9,6.72,505.6
6787,798.8,1.91,291,41.8,4.63,532.83
6788,693.4,1.1,41,47.9,6.12,472.85
6789,695.1,0.7,133,31.8,6.35,499.01
6790,784.4,0.56,179,37.1,4.43,535.51
6791,745.6,1.13,484,46.2,5.03,559.25
6792,727.3,0.73,455,45.5,5.19,573.01
6793,794.5,1.34,21,70.0,6.9,548.34
6794,719.6,2.43,177,72.2,4.81,476.95
6795,740.0,2.29,352,39.7,4.95,540.12
6796,820.0,2.03,87,36.2,3.6,509.15
6797,827.0,2.63,43,61.7,4.11,511.54
6798,828.6,1.21,218,70.2,4.5,549.89
6799,735.9,2.71,335,78.2,6.3,523.72
6800,811.5,1.5,420,30.3,6.89,578.97
6801,702.6,1.5,17,50.7,5.5,481.94
6802,704.7,1.51,234,66.7,5.35,513.77
6803,632.5,0.75,236,71.4,5.68,484.03
6804,833.6,2.94,184,33.1,4.32,530.02
6805,706.8,0.85,90,64.0,6.39,500.97
6806,743.7,1.35,291,44.4,3.57,521.94
6807,704.5,1.3,66,33.7,4.55,465.97
6808,784.8,0.69,144,54.5,5.65,530.41
6809,731.2,0.88,247,37.9,4.52,510.4
6810,684.8,0.61,481,66.9,7.47,554.48
6811,772.1,1.23,226,67.1,5.67,531.24
6812,678.3,2.67,236,72.1,5.98,478.57
6813,708.1,1.35,35,48.9,4.24,465.44
6814,644.7,0.81,196,30.7,5.96,479.85
6815,678.8,2.11,379,43.0,5.81,504.9
6816,758.9,2.99,127,53.4,6.56,500.18
6817,651.8,1.08,206,64.7,2.81,452.55
6818,675.9,1.2,125,49.1,4.22,465.66
6819,749.9,2.93,312,56.8,5.34,520.45
6820,722.8,0.95,111,56.2,5.37,497.4
6821,849.6,1.78,389,38.2,4.95,564.31
6822,841.7,1.1,172,61.2,3.47,532.32
6823,706.6,2.83,423,52.0,5.2,496.64
6824,777.9,2.95,187,70.4,5.31,519.23
6825,787.5,2.54,482,64.5,5.0,545.43
6826,720.1,1.29,289,35.6,4.96,510.07
6827,675.2,1.51,295,54.4,5.94,495.78
6828,749.4,1.11,221,65.1,4.85,519.1
6829,741.4,2.73,63,34.4,3.75,473.85
6830,728.2,2.79,76,69.6,6.4,485.27
6831,772.1,1.55,41,41.1,6.35,500.82
6832,712.5,2.14,260,55.2,4.96,480.41
6833,692.4,0.91,17,77.0,5.88,478.62
6834,755.5,1.59,443,58.6,3.48,521.79
6835,769.3,2.08,440,51.2,4.86,550.51
6836,691.2,1.46,224,30.3,3.29,469.48
6837,796.4,1.39,55,36.7,6.12,525.98
6838,661.5,0.5,89,58.9,3.5,462.82
6839,721.1,2.51,44,54.7,4.59,462.8
6840,737.1,2.72,198,48.2,5.22,500.49
6841,718.2,2.92,98,76.2,5.82,489.83
6842,721.7,2.3,344,46.6,5.53,528.09
6843,843.6,1.87,444,56.9,6.14,582.48
6844,707.5,1.17,456,58.4,5.8,535.54
6845,872.1,3.0,145,56.4,6.31,554.53
6846,771.9,1.97,43,53.9,3.24,499.71
6847,754.6,2.2,290,46.9,4.52,504.57
6848,773.8,2.21,122,75.4,5.45,524.33
6849,876.5,2.61,181,52.5,6.57,559.87
6850,700.3,0.52,348,56.4,4.49,531.1
6851,694.0,1.05,52,62.8,6.97,498.67
6852,712.3,2.16,391,33.4,5.35,498.45
6853,751.6,2.74,443,69.1,4.29,522.84
6854,663.7,2.21,22,55.6,3.85,440.92
6855,751.1,1.53,183,62.9,5.74,492.72
6856,834.7,1.4,134,68.6,4.36,554.0
6857,757.6,2.34,341,73.7,4.73,510.71
6858,735.4,2.35,216,49.6,5.16,495.68
6859,719.1,2.02,352,70.6,5.2,516.29
6860,794.9,1.23,446,42.9,6.91,554.96
6861,708.7,2.81,456,63.0,5.39,506.9
6862,842.3,1.88,113,35.1,4.4,534.75
6863,846.7,2.48,139,31.0,4.25,543.0
6864,762.8,1.04,49,34.8,6.67,527.16
6865,749.4,1.36,32,46.0,4.48,499.3
6866,801.5,2.69,261,31.6,5.58,505.39
6867,804.7,0.63,452,61.5,5.19,583.38
6868,709.7,1.78,334,45.8,5.42,528.46
6869,723.7,1.7,299,66.8,6.4,537.13
6870,683.9,2.38,211,32.3,5.28,465.21
6871,770.5,1.2,164,40.8,5.82,529.22
6872,783.3,1.05,64,50.4,5.31,531.95
6873,682.5,2.82,115,49.1,4.55,459.12
6874,727.2,1.93,269,36.5,5.49,505.1
6875,682.6,0.76,461,79.7,4.35,525.54
6876,705.1,0.98,209,44.2,3.84,495.78
6877,777.6,3.0,335,66.1,5.58,538.82
6878,713.3,0.99,226,41.0,5.46,505.99
6879,735.0,2.03,420,73.9,5.36,516.24
6880,668.6,1.55,56,49.4,4.98,458.22
6881,759.3,2.71,379,75.0,4.93,514.54
6882,747.8,2.39,126,47.1,3.92,500.21
6883,713.6,1.99,383,30.4,3.14,481.99
6884,740.5,0.53,433,55.9,5.89,560.1
6885,759.0,2.7,221,56.2,5.87,504.41
6886,709.3,1.61,164,36.0,4.75,478.91
6887,676.2,2.83,272,41.7,6.47,488.24
6888,840.3,1.74,160,69.2,5.5,565.81
6889,718.3,2.24,221,31.8,5.34,496.05
6890,745.2,0.67,201,54.5,7.02,552.38
6891,800.5,2.36,378,56.5,3.75,530.92
6892,900.0,1.34,252,64.4,4.95,582.35
6893,687.8,1.38,107,31.9,4.15,457.41
6894,772.5,0.8,38,59.3,4.63,518.68
6895,714.6,0.87,198,30.2,4.93,513.9
6896,723.1,0.96,181,43.3,4.96,493.35
6897,714.0,1.32,380,55.0,3.93,510.7
6898,693.7,2.73,206,75.6,5.07,475.2
6899,747.9,1.42,164,36.3,4.18,491.81
6900,676.3,2.31,149,38.5,6.2,475.86
6901,797.3,0.71,410,63.5,5.76,592.16
6902,752.8,1.98,302,48.7,5.34,547.39
6903,771.1,1.7,299,61.2,4.52,550.84
6904,726.7,2.94,265,79.9,5.15,506.37
6905,731.6,2.62,487,79.3,5.71,532.12
6906,764.4,1.64,173,47.7,4.66,518.74
6907,691.8,2.44,143,55.2,3.41,435.11
6908,732.1,0.98,361,75.2,5.72,552.1
6909,707.0,1.91,425,34.6,5.53,519.81
6910,705.5,0.69,338,52.6,5.32,526.82
6911,644.5,1.37,387,48.9,4.24,476.36
6912,817.0,1.06,415,44.7,5.96,591.32
6913,715.7,2.3,275,79.7,6.15,502.87
6914,808.2,1.73,38,66.7,5.28,534.41
6915,803.4,2.38,148,49.4,4.6,521.05
6916,685.7,1.79,357,71.5,4.62,505.99
6917,695.6,0.72,459,54.5,4.6,520.19
6918,878.0,2.34,321,73.6,4.56,569.16
6919,837.5,2.58,94,43.3,4.65,504.93
6920,748.4,2.76,258,41.2,5.32,510.26
6921,762.9,1.93,360,42.4,5.9,538.67
6922,718.5,2.38,323,56.9,6.45,510.06
6923,771.6,2.38,242,44.6,4.09,505.11
6924,714.1,0.89,317,37.4,4.25,522.01
6925,648.4,0.91,70,79.7,5.84,464.7
6926,683.9,0.68,282,75.0,4.09,500.53
6927,751.1,1.3,228,61.8,3.84,498.15
6928,693.4,1.68,295,74.6,4.06,484.87
6929,746.6,2.99,498,76.8,4.82,528.54
6930,696.3,1.58,258,63.8,6.64,523.83
6931,710.9,2.32,81,55.9,4.87,476.61
6932,792.7,2.23,302,74.1,5.27,552.72
6933,762.4,1.01,398,58.4,3.8,549.22
6934,749.5,0.65,419,36.3,6.07,548.87
6935,793.9,1.87,207,48.3,5.87,552.96
6936,774.0,2.25,89,52.3,4.53,504.23
6937,822.3,3.0,394,76.8,4.31,566.12
6938,727.0,1.4,146,63.0,5.96,526.82
6939,728.5,2.74,222,73.8,4.77,491.45
6940,684.9,1.45,336,67.9,4.34,495.75
6941,728.6,2.22,116,45.5,4.63,456.87
6942,798.2,2.0,457,65.9,5.24,566.71
6943,815.0,0.63,216,39.8,5.73,561.48
6944,798.0,0.7,161,50.4,5.32,539.35
6945,660.3,0.55,142,70.3,5.27,483.31
6946,804.2,1.43,444,60.6,4.76,574.52
6947,658.1,2.36,175,71.3,5.15,444.5
6948,794.9,0.93,422,42.7,4.61,577.06
6949,731.6,2.01,439,67.5,4.73,537.58
6950,785.1,1.22,189,40.1,6.42,538.7
6951,683.4,2.49,130,57.3,5.04,462.18
6952,808.6,2.5,183,51.7,4.63,523.79
6953,676.8,2.44,340,57.8,4.33,488.16
6954,716.6,1.81,77,36.8,2.8,477.85
6955,700.1,1.21,196,48.1,7.09,507.44
6956,662.3,2.52,147,63.3,7.2,488.54
6957,754.7,0.97,363,57.9,5.63,548.74
6958,840.3,1.22,397,57.4,3.96,571.51
6959,883.3,0.96,317,55.5,7.73,618.13
6960,754.9,2.19,339,77.2,3.6,528.26
6961,805.8,2.22,490,76.7,5.39,567.38
6962,761.6,2.13,247,48.0,3.29,501.44
6963,774.9,1.54,27,47.6,2.83,479.67
6964,732.9,0.75,85,57.7,5.23,503.35
6965,759.8,2.78,444,34.8,5.36,541.26
6966,776.9,1.77,160,45.2,5.12,516.97
6967,721.1,1.52,117,41.5,6.49,494.61
6968,746.1,1.97,162,41.2,4.95,493.67
6969,747.1,0.98,325,61.9,5.81,548.15
6970,791.3,0.83,46,49.2,4.22,516.8
6971,696.7,1.51,461,38.6,6.3,529.41
6972,747.4,1.07,342,74.4,6.38,551.16
6973,845.6,1.11,155,73.7,4.75,571.71
6974,808.2,2.73,135,73.1,5.38,528.71
6975,817.5,1.83,294,49.5,4.3,542.38
6976,751.2,1.71,117,32.8,4.78,496.56
6977,766.0,2.22,295,35.3,5.74,516.27
6978,800.1,2.88,249,43.8,5.48,523.52
6979,828.0,0.78,384,41.0,3.27,558.12
6980,652.4,2.58,111,73.7,3.86,441.39
6981,684.2,1.96,229,79.3,4.41,482.25
6982,815.5,0.87,16,70.8,5.22,535.51
6983,736.2,1.24,225,66.5,4.08,512.42
6984,716.4,1.71,178,59.4,3.59,486.44
6985,687.3,2.23,83,68.5,2.37,453.97
6986,722.2,1.11,302,77.4,7.09,551.98
6987,679.9,1.84,36,60.1,5.2,471.41
6988,854.6,2.21,286,37.7,3.56,541.9
6989,748.9,1.62,493,38.2,6.03,555.55
6990,747.1,2.66,52,59.2,6.49,509.85
6991,779.4,2.67,316,46.7,5.21,523.59
6992,798.1,1.68,102,75.5,5.62,534.12
6993,797.3,2.93,80,60.6,6.31,514.65
6994,803.7,0.69,278,63.8,5.61,567.27
6995,718.5,0.51,118,30.3,5.63,518.15
6996,735.1,1.45,190,54.9,3.47,490.64
6997,788.5,2.0,224,51.6,2.27,514.7
6998,723.6,2.07,456,65.3,5.86,543.12
6999,749.7,1.69,123,49.1,4.78,499.07
7000,769.9,0.81,194,78.8,4.55,531.85
7001,789.3,0.93,418,63.5,5.97,577.69
7002,661.1,2.63,134,63.0,4.05,455.89
7003,785.7,2.67,114,76.0,4.96,519.12
7004,738.3,2.18,246,79.8,5.06,520.01
7005,785.4,2.16,150,39.9,5.69,516.51
7006,788.8,1.99,302,70.5,5.34,544.8
7007,830.4,1.01,167,38.1,5.34,559.75
7008,817.7,1.57,483,52.9,4.6,572.33
7009,817.3,2.24,405,35.0,4.62,559.18
7010,822.2,1.84,458,61.2,5.34,579.56
7011,764.6,0.55,283,53.4,4.5,551.52
7012,751.6,2.88,387,61.4,4.17,498.11
7013,793.6,2.61,350,63.9,6.29,543.34
7014,786.6,1.15,126,61.0,4.33,520.57
7015,734.5,2.04,383,44.7,4.54,519.78
7016,770.2,2.81,71,71.8,6.23,500.11
7017,748.2,0.74,33,57.6,4.31,522.39
7018,707.3,1.76,69,54.5,5.32,466.82
7019,814.5,1.64,410,79.4,5.41,587.16
7020,752.8,1.53,371,44.2,4.91,545.42
7021,852.4,2.59,325,56.4,4.61,562.0
7022,668.7,1.45,274,64.1,3.87,477.81
7023,722.2,0.66,189,36.3,5.63,514.51
7024,751.6,0.66,241,47.7,6.1,549.19
7025,806.9,0.61,485,70.1,6.0,584.69
7026,770.0,1.52,152,41.8,5.37,511.69
7027,765.5,2.3,342,54.7,3.02,504.98
7028,693.6,1.01,421,61.5,5.77,537.36
7029,692.2,2.12,254,63.6,4.89,498.52
7030,766.1,2.22,90,66.4,4.41,516.14
7031,681.8,1.14,135,73.3,5.66,473.7
7032,723.4,2.0,146,49.6,5.23,479.63
7033,775.0,2.21,65,65.3,6.01,507.39
7034,700.9,1.67,222,66.6,5.34,504.6
7035,830.3,1.34,103,45.0,4.73,544.99
7036,811.2,2.05,392,78.4,4.65,548.67
7037,671.4,2.94,468,73.3,5.61,503.96
7038,703.4,1.57,487,44.5,3.66,488.06
7039,635.7,1.48,301,63.8,4.5,477.1
7040,710.9,1.66,137,65.9,2.81,471.54
7041,788.3,0.69,449,51.6,5.42,576.24
7042,729.3,1.88,226,73.2,5.65,509.51
7043,773.0,1.32,208,64.5,4.23,524.19
7044,673.9,0.8,29,62.9,3.91,466.91
7045,789.9,1.67,64,41.0,5.95,535.52
7046,722.2,0.51,255,50.4,4.29,504.15
7047,750.6,1.5,260,51.7,5.64,524.61
7048,745.4,0.76,69,66.7,4.99,516.81
7049,686.4,0.56,172,60.9,4.47,493.74
7050,692.3,2.56,211,34.3,5.58,475.7
7051,798.4,2.79,236,45.4,5.03,513.99
7052,769.9,1.02,138,53.7,6.49,544.56
7053,802.5,1.85,471,66.8,4.26,541.08
7054,766.2,1.19,54,67.2,3.68,491.57
7055,757.1,1.73,206,54.5,4.98,534.97
7056,663.7,1.59,433,35.8,5.48,490.02
7057,736.5,1.17,175,44.6,4.81,498.19
7058,748.6,2.25,256,42.7,6.8,514.44
7059,847.7,0.82,235,69.1,6.21,582.01
7060,784.3,0.63,289,39.0,4.47,545.72
7061,826.8,2.42,269,53.2,5.06,555.14
7062,779.9,2.16,356,63.5,3.19,529.04
7063,714.4,1.75,206,78.2,6.05,508.56
7064,755.9,1.67,116,80.0,4.32,523.24
7065,761.8,1.74,278,77.6,5.2,529.5
7066,703.0,1.59,241,65.9,4.74,498.76
7067,730.8,1.48,414,67.3,3.51,524.19
7068,739.7,1.75,110,68.0,5.83,514.84
7069,830.3,1.82,169,73.1,3.94,526.87
7070,646.0,2.23,431,77.6,4.48,476.21
7071,810.3,2.28,104,52.3,5.85,535.14
7072,703.2,1.44,425,50.8,4.03,530.64
7073,681.4,1.53,216,53.0,6.49,494.37
7074,809.0,1.43,322,63.0,4.01,538.46
7075,786.6,1.84,441,68.8,3.83,537.14
7076,812.7,1.63,423,73.5,5.05,583.69
7077,790.0,2.72,244,52.8,6.63,516.67
7078,853.0,2.24,336,48.2,4.99,565.67
7079,777.9,2.75,431,79.2,5.98,549.39
7080,742.2,2.27,488,41.6,3.66,513.26
7081,767.1,2.93,437,41.1,4.63,514.73
7082,812.2,2.09,163,65.8,4.7,537.06
7083,711.0,2.91,109,39.0,3.74,458.69
7084,717.4,0.9,247,50.0,3.41,512.13
7085,734.6,0.63,116,44.6,4.76,511.49
7086,644.8,1.95,355,38.4,6.58,489.12
7087,756.9,2.96,373,59.0,5.22,521.72
7088,655.7,1.54,139,48.7,4.32,467.45
7089,752.7,1.03,308,53.1,2.96,501.58
7090,793.3,1.8,52,39.8,4.63,509.97
7091,726.2,2.12,72,68.4,4.56,473.71
7092,833.9,1.29,82,45.7,5.38,546.66
7093,677.0,2.29,195,47.1,4.75,455.54
7094,809.6,2.94,126,42.6,5.63,522.35
7095,783.8,2.74,313,51.7,5.77,537.02
7096,664.2,1.23,14,53.2,4.93,450.27
7097,885.5,1.32,484,56.5,4.94,608.2
7098,746.8,1.43,85,78.4,5.03,501.58
7099,706.1,1.49,300,75.2,3.26,498.48
7100,679.6,0.75,358,60.5,5.72,541.57
7101,739.0,2.4,409,31.9,6.7,512.38
7102,743.6,1.41,92,60.6,5.06,505.93
7103,755.1,2.7,442,34.5,4.22,521.14
7104,735.1,2.82,69,65.5,4.99,470.26
7105,781.7,0.56,116,49.5,4.57,511.77
7106,730.6,2.97,126,71.9,5.03,478.06
7107,653.3,2.28,316,77.1,4.69,464.67
7108,742.5,1.8,392,50.9,2.85,516.68
7109,631.6,1.47,356,53.0,5.1,467.67
7110,767.7,1.8,91,59.5,7.22,525.13
7111,701.0,1.31,324,39.9,3.66,488.06
7112,758.2,2.06,329,76.4,6.1,551.89
7113,815.7,0.73,370,51.6,5.4,595.01
7114,702.6,2.05,150,38.3,4.08,464.08
7115,803.1,1.19,231,68.1,3.66,528.89
7116,728.3,0.54,419,41.0,5.26,561.6
7117,837.7,1.88,79,37.2,5.36,531.74
7118,731.7,1.95,396,58.1,3.49,514.87
7119,708.0,1.57,480,63.6,5.93,537.74
7120,784.4,0.68,21,58.5,4.51,516.2
7121,728.2,2.73,306,62.8,5.49,500.9
7122,707.9,2.03,114,35.8,5.7,460.29
7123,726.1,0.79,216,53.8,5.9,542.09
7124,747.8,1.78,74,47.9,4.01,486.73
7125,817.1,1.74,72,78.7,7.01,548.68
7126,653.3,0.65,187,32.5,4.08,478.76
7127,751.2,2.02,440,44.9,5.89,536.24
7128,781.2,2.52,17,77.1,4.5,497.0
7129,759.7,2.37,168,79.2,5.05,501.5
7130,815.5,1.01,20,71.2,4.88,530.05
7131,746.3,2.66,282,33.8,5.47,510.56
7132,740.8,1.36,420,58.1,6.05,552.06
7133,779.6,2.87,389,50.0,4.39,521.0
7134,755.0,0.68,104,70.3,4.12,521.93
7135,730.5,1.72,164,32.8,2.94,468.02
7136,775.8,1.99,215,39.9,5.18,509.92
7137,717.4,1.12,124,54.5,4.83,491.06
7138,719.4,2.43,388,37.9,5.11,504.45
7139,723.6,2.07,96,64.6,4.9,480.57
7140,817.7,0.55,321,71.0,5.76,580.68
7141,600.0,2.02,206,65.2,4.49,447.92
7142,769.8,1.73,359,52.0,5.35,557.05
7143,751.7,0.99,107,73.9,4.97,515.67
7144,666.0,2.99,440,36.9,4.04,477.13
7145,765.5,2.74,28,43.0,4.31,466.77
7146,773.8,1.23,322,54.5,5.92,551.4
7147,779.5,1.85,424,33.1,5.82,556.28
7148,617.4,1.29,25,34.8,5.74,430.56
7149,818.3,2.44,54,49.9,4.83,519.14
7150,713.1,2.83,164,77.2,2.76,453.61
7151,784.3,1.4,454,75.4,3.34,563.87
7152,787.1,2.51,419,53.3,4.74,548.94
7153,706.2,1.75,240,37.1,3.48,490.35
7154,783.0,1.49,166,38.9,6.14,542.07
7155,730.7,2.85,122,48.9,4.19,487.87
7156,646.4,1.78,386,40.5,4.73,485.9
7157,808.4,1.67,368,34.1,6.74,554.24
7158,711.2,2.18,392,63.7,6.03,522.85
7159,707.3,1.15,53,59.1,5.35,483.07
7160,729.8,1.31,374,44.6,5.22,515.51
7161,763.6,2.83,422,68.9,4.24,537.86
7162,747.1,2.2,374,68.8,5.76,531.17
7163,777.4,2.57,119,54.6,5.21,488.59
7164,683.0,1.18,120,34.8,4.86,467.61
7165,712.9,1.86,232,75.9,5.64,530.31
7166,744.2,2.93,395,63.4,5.66,535.97
7167,844.9,1.3,399,42.4,4.03,580.73
7168,744.3,0.9,274,60.5,5.92,546.07
7169,804.3,1.78,280,50.3,4.91,534.11
7170,751.9,1.47,221,61.8,5.08,511.67
7171,725.8,0.9,323,53.7,3.68,522.16
7172,737.7,2.72,267,54.3,3.71,504.2
7173,741.6,2.98,396,66.8,3.55,493.25
7174,780.2,1.92,256,60.7,7.39,550.03
7175,818.7,2.44,445,34.0,7.27,577.85
7176,768.0,2.65,64,33.3,3.3,465.09
7177,809.4,2.25,318,45.3,3.49,527.87
7178,701.8,0.61,359,51.5,4.49,510.49
7179,729.3,0.89,81,43.8,6.11,510.53
7180,713.8,0.68,305,62.6,5.63,532.84
7181,765.7,0.52,222,39.8,7.17,560.46
7182,732.1,1.26,304,65.2,4.7,521.23
7183,786.5,1.48,180,68.7,4.3,534.18
7184,703.4,1.1,255,36.2,5.06,506.08
7185,752.2,0.66,150,62.5,4.83,535.62
7186,784.3,1.82,113,78.1,4.97,518.32
7187,646.7,1.18,114,39.6,5.11,469.76
7188,856.1,2.49,249,75.5,7.12,574.93
7189,735.8,0.52,430,60.3,5.12,559.92
7190,648.7,2.61,320,59.5,3.94,472.82
7191,757.9,2.89,425,32.6,4.71,528.64
7192,751.7,2.29,407,67.4,5.73,536.27
7193,745.9,2.33,330,53.9,5.6,516.12
7194,799.6,2.83,420,66.1,5.55,561.18
7195,787.4,1.02,289,70.5,3.3,534.85
7196,764.9,2.99,380,56.2,3.44,518.14
7197,772.5,2.43,378,43.2,4.87,516.78
7198,744.8,2.32,31,37.1,5.45,484.42
7199,838.8,1.4,87,38.0,4.17,528.16
7200,676.0,1.86,310,73.3,6.49,490.33
7201,757.0,2.13,401,36.2,5.54,525.22
7202,753.3,2.05,484,49.2,4.48,532.83
7203,790.7,2.26,204,46.7,7.78,563.45
7204,707.8,0.71,329,73.3,4.53,494.21
7205,662.8,1.39,362,53.9,4.63,490.35
7206,757.8,1.59,380,79.8,4.58,538.15
7207,764.1,1.15,440,66.9,5.04,549.26
7208,824.5,0.93,30,72.5,3.93,528.32
7209,686.5,0.85,169,34.9,5.74,492.49
7210,807.7,1.42,241,42.7,5.87,544.96
7211,868.4,1.73,370,36.8,5.67,590.2
7212,731.1,0.66,310,53.2,4.55,544.09
7213,685.5,2.87,53,65.9,4.55,446.44
7214,729.7,2.41,306,38.5,5.61,499.38
7215,750.7,2.33,361,36.5,5.22,518.58
7216,778.2,0.93,189,60.7,4.2,526.32
7217,720.4,2.01,481,41.5,2.98,518.42
7218,827.8,1.82,404,54.0,4.61,561.73
7219,694.3,2.96,110,32.6,5.52,461.18
7220,663.0,2.37,124,64.0,5.49,463.23
7221,805.3,1.94,222,57.1,3.49,524.93
7222,636.3,2.63,27,62.4,5.84,424.0
7223,739.8,0.89,404,43.8,6.85,551.07
7224,900.0,0.54,36,43.9,4.65,569.82
7225,749.4,2.23,436,70.1,4.8,522.52
7226,694.0,0.75,367,65.9,4.48,509.85
7227,747.1,0.79,458,59.0,4.65,548.78
7228,747.5,2.36,447,61.4,6.21,546.17
7229,758.0,1.18,294,34.7,4.22,537.31
7230,783.1,2.07,158,72.8,5.24,525.72
7231,698.0,2.79,294,68.5,4.72,486.04
7232,834.4,1.29,146,59.5,5.19,553.34
7233,762.3,1.04,198,75.9,4.71,526.79
7234,786.3,0.77,199,38.4,5.82,544.28
7235,718.6,0.83,208,64.3,6.04,528.93
7236,814.3,0.66,111,78.1,5.37,564.49
7237,737.1,0.72,488,45.5,4.78,527.06
7238,763.9,1.58,100,30.8,5.79,516.19
7239,703.3,1.3,499,66.7,4.25,526.72
7240,700.2,2.27,233,30.3,5.43,487.68
7241,784.4,2.68,14,73.6,4.49,494.63
7242,727.8,2.46,362,32.8,5.21,505.22
7243,707.3,1.83,24,62.6,4.04,468.96
7244,717.8,0.76,450,48.9,6.18,553.22
7245,784.9,2.27,14,40.2,3.74,482.3
7246,718.5,1.41,413,74.9,4.87,530.76
7247,744.1,0.71,239,67.3,3.52,509.75
7248,750.8,2.61,366,47.0,6.16,526.88
7249,654.1,1.35,346,44.2,6.55,482.43
7250,676.4,1.05,123,66.8,3.81,475.35
7251,766.8,2.68,13,71.8,5.32,497.08
7252,713.1,2.76,193,65.8,4.7,464.57
7253,802.8,1.35,222,62.0,5.51,547.22
7254,798.3,1.39,256,41.4,6.58,569.58
7255,786.0,1.95,43,72.6,5.39,535.4
7256,841.0,2.33,305,67.5,4.23,551.96
7257,745.8,0.66,462,55.9,4.31,552.38
7258,782.4,1.98,205,55.6,4.65,519.69
7259,720.8,2.88,415,58.5,4.27,503.39
7260,872.6,1.16,136,71.4,5.76,590.76
7261,849.2,2.77,151,67.1,5.85,545.24
7262,750.6,2.88,461,72.8,6.26,527.59
7263,769.3,1.17,145,55.4,4.58,521.39
7264,818.0,2.39,137,61.2,6.15,532.42
7265,742.6,1.1,332,72.7,6.68,541.27
7266,717.2,2.34,183,41.6,3.67,460.0
7267,793.7,2.49,422,52.2,4.51,540.74
7268,753.9,1.12,227,61.0,4.89,532.78
7269,759.1,2.29,123,75.8,5.82,516.14
7270,708.3,2.53,384,30.8,6.34,520.51
7271,664.1,1.4,359,40.6,3.27,471.3
7272,761.8,0.92,21,41.7,4.33,495.06
7273,795.2,0.73,472,46.3,6.15,593.73
7274,738.7,1.94,253,44.1,4.15,507.18
7275,821.8,2.95,61,59.5,5.8,511.85
7276,714.8,2.56,195,74.3,5.57,485.71
7277,697.3,1.59,242,61.8,5.78,508.27
7278,746.6,1.84,11,42.1,5.79,498.22
7279,745.9,1.2,10,73.2,4.57,493.62
7280,788.5,0.91,248,61.6,4.73,551.13
7281,711.3,1.71,64,40.9,4.65,471.89
7282,818.4,1.66,229,48.1,5.23,540.82
7283,848.3,1.8,113,69.5,2.87,537.42
7284,748.0,2.88,364,66.9,5.48,518.11
7285,812.5,2.01,427,58.8,6.72,563.38
7286,697.2,2.01,457,37.2,5.2,505.35
7287,803.8,0.82,333,70.2,4.88,545.91
7288,802.4,2.99,347,45.4,5.07,559.35
7289,793.2,2.43,405,68.6,5.53,566.24
7290,749.2,2.69,315,62.4,6.14,509.18
7291,602.3,1.54,286,43.2,4.93,449.06
7292,717.9,1.76,19,40.6,4.83,472.39
7293,718.7,1.81,350,36.5,3.63,514.24
7294,701.1,0.99,113,42.1,5.05,494.9
7295,756.1,2.22,354,37.9,3.8,513.41
7296,729.1,2.76,379,60.9,4.45,499.34
7297,708.8,0.91,474,59.9,5.88,551.93
7298,697.1,0.72,380,59.3,6.02,538.87
7299,714.2,2.35,207,62.1,5.46,493.26
7300,806.1,1.18,23,70.7,6.21,537.47
7301,716.9,2.06,494,75.7,3.35,513.91
7302,724.3,2.24,177,41.5,6.63,513.17
7303,727.2,1.3,369,59.4,4.15,505.23
7304,766.9,2.54,347,33.9,5.3,525.26
7305,772.8,1.87,39,36.0,4.33,490.36
7306,600.0,2.67,466,62.7,5.31,447.0
7307,801.1,2.41,23,54.3,5.02,499.57
7308,821.8,2.67,247,67.9,6.14,538.37
7309,697.5,0.55,445,51.3,7.46,544.93
7310,701.4,1.11,375,36.4,5.88,515.23
7311,727.5,0.73,410,73.6,4.88,557.96
7312,712.2,1.61,71,34.1,6.53,488.3
7313,761.2,2.72,491,39.4,3.3,526.01
7314,652.7,1.67,119,43.8,4.42,439.44
7315,694.1,2.62,415,79.8,4.77,497.15
7316,827.0,1.32,318,50.8,4.72,559.08
7317,703.6,1.35,169,55.1,4.26,488.23
7318,812.2,2.74,341,68.5,5.7,556.2
7319,767.8,1.56,64,61.8,5.0,510.45
7320,659.5,2.47,258,72.1,4.86,461.94
7321,781.8,1.09,473,54.3,6.41,587.68
7322,744.1,2.87,265,78.6,4.55,495.83
7323,727.2,1.94,31,69.8,6.03,493.23
7324,762.2,2.4,431,50.1,4.73,517.7
7325,773.7,0.72,443,49.1,4.75,560.62
7326,785.4,1.73,112,76.5,4.24,521.26
7327,808.9,2.75,459,64.2,3.54,545.0
7328,770.4,2.69,310,61.1,4.34,507.52
7329,681.2,0.62,384,67.9,3.22,513.09
7330,726.3,1.26,273,58.0,5.26,512.13
7331,897.2,1.61,245,38.0,4.69,560.88
7332,786.2,0.93,330,46.0,6.08,572.95
7333,868.5,2.32,242,57.9,4.27,545.8
7334,819.8,0.96,177,30.9,4.74,551.66
7335,762.1,1.37,242,51.9,6.22,534.91
7336,765.1,2.16,14,67.8,5.89,507.05
7337,748.2,1.71,54,38.2,5.14,482.91
7338,663.1,2.35,55,33.2,3.97,440.34
7339,750.9,2.9,173,71.8,5.59,495.18
7340,810.5,0.79,410,60.9,4.71,574.6
7341,720.0,2.27,178,38.8,4.48,457.53
7342,770.6,1.08,423,70.3,6.33,556.51
7343,792.6,1.54,445,62.9,6.47,585.27
7344,704.5,0.58,344,46.7,4.11,509.55
7345,727.4,0.84,413,48.8,6.72,533.99
7346,699.1,1.3,173,37.8,4.91,480.8
7347,708.9,1.35,265,71.8,5.78,523.02
7348,685.6,2.75,75,55.5,6.83,456.24
7349,705.0,2.35,438,57.9,4.84,520.54
7350,821.0,2.93,269,74.2,5.26,535.53
7351,704.2,2.0,443,30.8,5.72,512.52
7352,756.3,1.1,97,33.3,6.58,511.98
7353,724.9,1.32,249,38.1,5.02,489.68
7354,808.9,1.3,320,31.5,5.81,557.06
7355,815.6,1.32,68,62.9,4.23,526.09
7356,793.2,2.18,179,61.7,3.52,514.65
7357,765.3,1.83,267,40.5,4.32,507.97
7358,738.4,1.46,55,37.5,4.32,466.53
7359,690.4,0.87,11,37.3,5.98,496.04
7360,847.2,0.56,443,77.7,4.93,608.93
7361,712.0,1.05,138,64.7,4.39,493.71
7362,783.2,0.77,278,59.3,4.11,554.29
7363,803.0,2.46,335,46.1,4.58,525.12
7364,722.2,0.78,287,51.7,5.92,519.35
7365,801.9,2.31,26,34.5,4.11,498.96
7366,788.2,1.46,196,79.9,4.87,555.39
7367,836.4,0.68,351,67.8,4.62,570.13
7368,726.5,2.53,335,61.1,5.35,509.27
7369,685.7,1.95,125,59.4,6.84,490.34
7370,724.7,1.09,268,55.2,4.35,516.75
7371,760.4,2.74,375,42.9,5.32,518.45
7372,752.9,0.61,258,41.3,4.98,523.58
7373,730.3,1.0,207,57.5,4.53,490.13
7374,654.5,2.38,346,33.5,5.05,491.23
7375,773.5,2.27,236,33.7,6.82,544.2
7376,848.6,1.22,186,58.0,4.93,555.08
7377,773.2,0.66,252,76.0,4.93,548.75
7378,780.5,2.65,443,75.7,4.62,536.11
7379,778.6,1.28,366,30.5,5.42,545.16
7380,769.9,0.99,44,35.4,4.0,497.66
7381,796.6,1.79,416,59.2,5.12,547.06
7382,769.8,2.78,465,72.4,5.45,543.57
7383,734.4,0.61,144,77.7,4.15,513.8
7384,710.2,2.41,315,73.0,6.6,498.55
7385,737.6,1.93,19,63.9,6.56,489.14
7386,765.7,1.56,483,40.0,7.25,556.05
7387,734.2,2.36,192,33.6,5.57,482.66
7388,765.7,2.91,211,32.4,5.42,497.39
7389,772.0,1.07,28,60.6,4.92,509.5
7390,791.7,0.86,32,31.8,5.07,516.15
7391,814.1,2.78,104,67.0,5.93,544.59
7392,753.9,2.17,73,65.6,5.02,497.06
7393,684.6,1.59,426,34.0,4.85,508.34
7394,732.7,1.93,459,75.3,5.56,542.55
7395,752.2,2.36,229,56.1,4.37,486.77
7396,658.2,2.43,105,75.2,6.58,465.3
7397,819.4,2.8,362,75.1,5.01,551.04
7398,757.1,1.57,274,39.9,5.76,535.81
7399,769.1,1.23,390,49.0,4.2,530.79
7400,818.3,2.1,166,36.7,4.96,521.8
7401,718.5,1.54,216,68.7,4.61,491.12
7402,778.7,1.99,283,55.2,4.65,520.65
7403,744.5,1.55,347,76.4,3.86,521.85
7404,740.8,0.88,255,40.4,6.06,519.89
7405,711.4,1.67,208,64.4,5.48,510.48
7406,833.3,2.23,471,79.5,3.58,557.99
7407,731.2,2.5,294,63.3,4.79,509.75
7408,785.0,1.73,381,33.4,4.78,537.04
7409,656.2,0.91,92,59.4,5.4,468.24
7410,809.0,1.54,326,39.0,4.85,559.13
7411,802.6,2.47,142,31.5,6.09,526.72
7412,754.9,1.53,114,46.7,5.96,516.97
7413,738.7,2.24,379,43.3,7.21,518.76
7414,770.0,1.77,246,69.4,2.77,522.26
7415,864.4,1.1,78,48.7,6.37,582.51
7416,661.8,2.49,193,66.6,5.79,466.52
7417,789.1,0.71,127,30.8,4.82,518.39
7418,704.4,1.81,189,30.7,4.74,468.03
7419,749.0,1.02,280,31.5,4.91,521.61
7420,737.6,0.67,99,41.0,5.25,497.36
7421,728.6,1.76,97,48.7,4.46,480.63
7422,749.5,1.75,92,60.4,3.4,480.14
7423,693.3,2.27,29,79.3,4.48,445.6
7424,801.5,2.36,116,47.7,4.73,504.23
7425,660.3,2.32,338,32.8,5.57,478.95
7426,777.0,1.52,357,39.7,3.81,522.53
7427,733.7,2.08,281,74.9,5.64,515.48
7428,691.5,1.94,340,65.0,3.8,500.02
7429,760.1,1.55,107,69.5,5.4,507.05
7430,672.2,1.99,418,36.2,5.55,489.4
7431,752.0,2.87,241,36.7,4.87,495.71
7432,678.9,0.98,384,35.6,5.05,520.0
7433,773.1,2.76,66,72.9,5.7,505.08
7434,703.8,0.63,158,40.5,4.42,486.87
7435,727.5,1.27,398,62.2,5.31,529.69
7436,764.7,1.22,468,55.8,4.65,550.24
7437,711.4,2.07,244,57.2,6.55,504.71
7438,747.1,0.83,146,39.8,5.54,542.94
7439,674.3,2.71,276,61.8,3.96,465.94
7440,781.5,2.57,238,32.2,6.82,545.58
7441,838.2,2.13,370,79.7,6.0,588.76
7442,889.6,1.65,330,31.3,3.79,549.89
7443,754.6,2.83,456,32.5,3.47,504.33
7444,789.4,2.58,291,46.2,3.77,514.32
7445,661.0,1.75,211,71.6,4.02,470.22
7446,825.1,2.25,241,42.9,5.15,541.6
7447,788.8,1.92,28,53.6,5.08,488.84
7448,725.8,1.97,25,30.9,5.73,458.85
7449,811.9,1.33,65,33.9,4.69,521.07
7450,737.3,1.66,366,60.4,4.74,522.11
7451,727.1,0.7,123,39.7,5.11,517.52
7452,773.8,1.39,498,64.7,6.13,575.42
7453,696.8,2.24,77,69.3,3.11,460.62
7454,801.1,2.88,87,72.5,4.74,512.62
7455,697.2,2.91,39,36.7,6.32,456.95
7456,697.5,1.89,16,52.8,5.07,474.76
7457,704.5,2.02,405,77.4,4.71,510.04
7458,788.0,0.96,161,68.6,4.19,531.73
7459,719.2,2.24,496,35.8,5.9,529.32
7460,682.6,0.68,372,55.1,4.52,505.33
7461,719.7,1.21,31,76.1,4.51,475.18
7462,748.4,2.17,440,52.0,6.36,531.19
7463,691.0,1.28,39,71.9,3.95,457.5
7464,692.4,0.62,453,54.8,6.63,545.32
7465,855.6,2.58,176,35.3,5.17,543.26
7466,707.0,1.28,157,37.4,5.02,477.21
7467,733.8,0.66,419,32.3,5.29,544.16
7468,731.6,0.69,58,39.8,5.02,495.88
7469,728.9,1.13,334,74.7,4.47,537.08
7470,781.1,0.95,497,62.5,5.34,572.85
7471,797.4,2.44,307,66.9,4.51,549.98
7472,734.7,1.3,271,61.1,5.43,532.68
7473,688.2,2.51,190,49.3,7.31,485.97
7474,813.7,0.93,299,40.8,5.66,560.92
7475,745.2,1.73,131,76.3,4.81,513.93
7476,836.5,2.22,133,55.7,5.26,534.38
7477,637.7,2.13,462,54.1,4.68,484.14
7478,759.8,2.0,275,79.8,4.82,520.72
7479,845.9,2.81,37,49.2,4.89,511.24
7480,732.3,1.07,268,72.7,5.48,518.17
7481,738.7,1.73,86,73.1,5.91,518.98
7482,764.8,2.71,441,41.6,7.11,543.31
7483,722.1,0.69,376,34.7,5.65,537.76
7484,734.4,0.64,203,78.8,3.9,523.0
7485,733.1,1.08,391,51.3,3.72,538.63
7486,718.6,2.08,44,30.1,4.93,461.29
7487,811.4,1.15,445,55.0,6.0,563.0
7488,773.1,0.98,123,61.0,4.79,524.83
7489,762.5,1.65,71,68.8,4.81,509.97
7490,790.4,2.03,61,77.1,5.9,516.57
7491,736.8,1.12,125,75.8,4.97,516.44
7492,711.3,1.25,56,77.0,6.03,498.57
7493,719.9,2.03,447,31.6,3.5,501.28
7494,750.1,2.86,421,65.6,5.48,541.41
7495,697.0,2.19,110,41.3,3.22,448.49
7496,725.0,2.46,288,39.4,5.27,515.12
7497,724.2,1.42,116,70.0,5.9,506.49
7498,856.2,1.18,480,50.9,3.37,578.24
7499,611.3,1.64,44,75.8,2.7,398.61
7500,741.0,2.52,498,32.1,5.85,545.07
7501,836.3,1.64,368,70.1,5.45,589.29
7502,756.1,2.62,384,36.8,3.9,517.33
7503,787.7,2.97,297,38.8,5.24,532.64
7504,755.0,0.68,11,53.9,4.46,520.22
7505,716.6,0.61,248,49.8,4.82,495.11
7506,637.9,0.87,377,54.3,4.73,475.33
7507,760.3,1.46,387,77.0,3.67,534.31
7508,711.2,0.83,281,62.9,5.9,536.97
7509,710.0,2.68,153,44.5,3.94,465.16
7510,725.1,0.56,444,38.6,5.09,547.0
7511,837.2,1.29,460,51.0,5.65,588.91
7512,870.2,0.96,101,52.6,4.17,549.44
7513,760.9,2.83,230,60.1,4.73,501.81
7514,726.8,2.17,63,43.3,4.49,468.52
7515,691.1,2.78,413,68.4,6.72,508.58
7516,773.4,2.93,237,34.9,5.91,517.77
7517,839.1,1.74,42,58.0,5.76,539.9
7518,737.6,1.09,223,61.2,7.21,543.34
7519,631.1,0.98,145,40.3,5.35,461.13
7520,783.5,1.06,257,71.3,4.66,551.81
7521,799.3,2.27,417,60.8,3.56,530.09
7522,670.7,0.6,62,62.3,4.3,458.24
7523,758.8,0.63,73,54.9,5.16,514.99
7524,772.6,2.02,323,75.5,5.93,553.06
7525,746.3,2.11,383,64.7,4.35,519.67
7526,710.5,2.16,46,49.1,6.58,501.39
7527,800.8,1.43,221,41.9,3.46,515.13
7528,729.8,2.51,21,33.6,4.62,459.01
7529,675.7,1.83,477,38.3,5.4,490.97
7530,647.5,0.76,93,79.6,5.13,489.42
7531,813.0,2.49,397,50.3,5.48,554.09
7532,780.8,2.88,103,74.9,5.13,479.31
7533,754.4,0.65,424,38.5,5.65,555.1
7534,728.0,1.48,351,51.3,4.76,495.07
7535,723.6,1.72,216,78.0,4.7,517.38
7536,696.2,0.87,47,34.6,4.18,460.95
7537,728.4,2.67,430,59.7,7.17,535.61
7538,644.0,1.21,357,76.0,4.92,487.9
7539,713.2,2.46,212,77.5,5.44,493.1
7540,734.5,2.18,279,72.3,4.79,518.13
7541,780.5,2.0,84,72.8,6.59,521.47
7542,748.0,0.98,137,62.6,4.99,521.98
7543,789.7,1.05,338,41.0,5.33,527.6
7544,817.5,0.62,161,66.5,4.13,536.89
7545,802.9,1.1,19,78.9,6.76,544.79
7546,773.5,1.36,47,56.3,5.22,504.57
7547,750.6,2.58,436,43.0,6.8,551.68
7548,701.0,1.42,114,58.7,4.4,488.27
7549,787.0,2.39,174,64.5,4.56,527.7
7550,834.0,1.6,435,40.4,4.47,572.58
7551,767.1,2.46,41,66.0,4.72,482.4
7552,845.9,2.94,221,59.4,5.67,552.24
7553,673.7,1.1,23,60.6,2.95,439.1
7554,692.3,2.66,239,45.3,4.95,470.81
7555,792.8,2.05,141,37.8,4.22,512.33
7556,763.2,2.54,161,61.2,4.11,487.84
7557,815.7,2.13,105,59.3,5.47,552.92
7558,749.2,1.56,19,46.9,5.3,500.0
7559,706.6,1.07,383,44.8,5.86,519.7
7560,739.3,0.68,372,47.4,5.39,554.37
7561,673.4,1.84,25,54.5,5.18,472.41
7562,693.6,2.98,176,78.7,4.44,450.87
7563,798.6,2.35,105,68.2,4.07,521.16
7564,793.6,1.32,27,72.6,5.6,513.69
7565,768.2,2.57,418,55.3,4.74,531.33
7566,663.9,2.42,16,56.3,5.4,446.1
7567,732.1,1.2,193,40.2,5.0,500.57
7568,688.8,0.54,391,66.1,2.96,503.84
7569,808.8,0.8,254,51.1,5.48,553.24
7570,720.8,2.69,440,67.1,4.37,505.33
7571,695.7,2.59,380,50.5,5.86,492.31
7572,751.5,1.24,475,35.4,3.14,543.25
7573,718.0,1.21,376,38.7,6.9,523.69
7574,824.2,2.48,91,70.6,4.4,537.64
7575,713.3,2.84,140,42.9,5.47,471.07
7576,680.0,2.45,138,43.2,4.29,432.13
7577,642.4,2.01,298,76.5,4.42,479.11
7578,748.5,1.11,464,62.9,5.69,556.06
7579,721.9,1.81,83,35.7,4.8,465.46
7580,678.6,1.08,373,37.2,4.87,501.21
7581,809.5,2.52,68,43.6,5.85,507.52
7582,783.4,1.47,81,59.7,5.19,532.11
7583,748.6,2.58,169,67.6,5.45,493.87
7584,818.2,1.45,96,43.7,4.38,512.87
7585,783.1,2.56,410,73.5,5.67,542.68
7586,708.9,1.33,471,35.5,5.11,517.96
7587,698.0,1.6,26,40.4,5.43,480.25
7588,790.9,2.04,98,78.5,5.36,524.26
7589,769.8,0.68,158,36.7,6.13,521.78
7590,758.5,2.87,320,74.4,5.5,511.46
7591,707.7,1.93,15,65.2,3.84,455.8
7592,780.4,1.77,93,33.7,4.41,483.27
7593,712.2,2.6,442,54.2,5.23,501.46
7594,744.9,2.66,93,55.9,5.4,489.58
7595,822.3,1.81,259,76.6,3.68,562.54
7596,717.0,2.82,163,51.1,4.01,448.39
7597,671.4,0.66,425,52.3,6.09,555.34
7598,697.4,0.78,81,35.6,6.97,503.74
7599,799.7,1.99,118,62.0,3.35,496.81
7600,762.7,1.39,121,40.5,5.26,526.99
7601,743.6,1.66,181,33.9,5.05,507.02
7602,724.5,1.32,196,79.8,6.01,529.24
7603,774.3,1.51,294,43.5,5.5,546.94
7604,707.5,2.56,282,37.1,5.83,503.4
7605,765.3,1.98,27,65.0,2.72,464.79
7606,713.4,2.99,177,71.1,4.99,485.68
7607,705.1,2.47,328,33.2,4.09,483.2
7608,718.1,1.18,91,35.3,4.12,486.02
7609,731.2,1.16,84,34.5,3.77,475.64
7610,747.6,1.34,438,32.3,5.23,534.94
7611,761.8,2.61,469,63.0,5.33,535.2
7612,600.0,0.57,344,59.4,5.63,492.75
7613,709.6,1.08,355,63.1,4.6,519.75
7614,730.4,2.76,258,55.3,6.38,500.9
7615,825.3,2.1,140,70.9,4.07,525.63
7616,696.0,1.07,396,57.3,3.57,521.85
7617,758.1,1.05,431,75.9,5.22,565.4
7618,824.8,2.66,364,54.3,4.32,549.82
7619,684.4,2.73,210,69.5,5.53,479.27
7620,769.7,1.14,372,50.4,4.34,554.11
7621,709.9,1.55,305,51.8,4.42,492.75
7622,724.8,2.59,77,72.4,4.34,480.4
7623,709.8,2.43,447,35.4,4.27,502.51
7624,713.4,2.53,29,58.2,5.0,454.28
7625,886.1,1.8,280,66.3,5.24,586.27
7626,792.2,2.78,102,67.5,4.27,497.45
7627,805.1,1.31,142,59.6,3.83,530.55
7628,774.6,0.89,304,52.4,5.5,560.56
7629,669.7,2.27,305,43.0,5.39,469.18
7630,769.7,1.85,144,75.5,5.71,540.48
7631,803.6,2.64,465,48.5,3.96,526.8
7632,707.3,0.7,361,69.9,4.17,516.62
7633,798.3,2.61,365,31.6,5.82,560.96
7634,785.2,1.23,42,41.6,5.9,505.63
7635,842.6,2.14,383,47.3,4.59,557.95
7636,729.1,0.6,302,63.6,4.05,517.88
7637,695.1,2.02,41,46.0,4.3,431.27
7638,731.9,2.29,52,32.1,4.03,462.42
7639,821.8,1.42,456,38.7,5.8,586.64
7640,658.6,1.04,301,43.0,5.71,500.58
7641,646.6,1.84,363,38.8,5.08,473.86
7642,754.5,2.58,314,40.2,4.32,485.44
7643,727.9,1.31,290,68.4,4.12,507.8
7644,750.4,1.13,117,50.6,4.38,495.56
7645,797.3,1.2,105,50.3,4.11,523.37
7646,722.4,2.87,75,78.3,5.23,469.27
7647,656.3,1.4,18,52.3,5.76,462.42
7648,852.2,0.51,239,76.4,5.79,573.37
7649,700.1,2.45,230,45.0,4.12,478.24
7650,697.0,2.25,367,50.0,4.4,498.69
7651,805.2,0.82,411,49.8,4.45,558.33
7652,730.8,2.96,287,57.3,6.02,496.88
7653,746.8,2.02,108,59.2,3.67,481.15
7654,774.1,1.75,280,42.4,5.0,539.27
7655,804.2,1.46,272,69.7,4.13,541.88
7656,733.3,2.75,406,54.8,4.81,515.06
7657,826.0,1.11,371,30.4,5.69,575.18
7658,643.2,1.21,173,59.6,4.68,475.51
7659,788.0,0.81,25,69.9,4.25,520.4
7660,708.0,2.4,178,42.5,5.75,470.72
7661,818.6,1.99,30,31.9,5.13,510.79
7662,757.1,2.02,37,70.4,5.48,508.75
7663,716.4,1.05,339,78.8,5.26,534.69
7664,783.1,2.13,92,33.8,3.79,479.65
7665,794.7,2.41,282,76.9,6.31,565.68
7666,782.1,1.39,330,48.0,4.8,537.18
7667,698.5,2.5,406,77.1,5.84,523.51
7668,725.8,1.37,45,62.4,4.65,500.51
7669,749.8,2.4,323,74.5,5.57,536.54
7670,747.9,0.58,499,69.3,6.01,567.16
7671,787.5,1.88,285,31.4,5.88,548.98
7672,649.3,2.92,242,33.3,5.11,451.47
7673,766.7,2.95,113,56.3,4.66,474.71
7674,735.5,1.2,445,36.5,3.59,525.1
7675,708.1,1.6,15,53.1,3.76,451.64
7676,712.9,0.66,32,77.7,6.12,510.06
7677,739.3,2.68,179,44.7,4.18,488.52
7678,600.0,1.92,161,54.4,5.8,454.64
7679,714.9,1.46,253,49.2,5.91,511.91
7680,706.2,0.78,250,61.5,5.46,508.67
7681,776.6,2.87,270,39.7,5.39,502.5
7682,709.7,1.83,425,43.0,3.83,512.97
7683,739.2,1.21,55,72.9,3.65,500.05
7684,827.1,1.38,282,70.6,4.34,565.32
7685,799.7,1.18,84,69.5,6.65,537.57
7686,795.1,2.0,292,68.5,6.37,547.68
7687,725.0,2.82,205,53.0,5.04,478.9
7688,777.2,2.64,32,66.4,6.29,489.0
7689,738.3,1.65,96,49.4,4.07,490.97
7690,740.2,2.57,378,35.0,4.63,506.56
7691,770.5,1.56,130,49.7,6.59,541.66
7692,720.2,1.13,427,37.9,7.1,538.46
7693,824.7,2.96,158,49.5,5.77,525.62
7694,742.0,1.26,159,44.9,3.41,481.81
7695,780.9,1.31,74,60.0,6.35,525.79
7696,822.8,2.97,169,48.1,4.73,526.11
7697,801.6,0.83,455,65.3,5.72,588.37
7698,679.6,2.4,293,55.6,5.1,472.56
7699,772.2,2.84,91,76.0,6.01,490.9
7700,792.5,1.78,16,34.6,5.05,500.07
7701,794.6,0.51,191,64.4,7.73,576.7
7702,694.3,1.44,367,63.6,5.97,529.72
7703,717.1,0.78,463,77.5,3.74,530.25
7704,799.7,1.54,23,48.6,3.32,492.17
7705,711.9,2.48,487,45.3,3.33,522.46
7706,735.0,1.6,192,38.6,5.59,506.71
7707,828.8,1.58,323,43.3,5.96,579.04
7708,747.6,1.89,53,55.1,2.39,455.86
7709,713.7,1.95,183,71.9,6.22,507.94
7710,706.1,2.64,23,44.2,5.35,464.81
7711,766.6,1.27,309,37.9,6.62,549.32
7712,683.3,2.55,434,43.6,4.03,469.06
7713,737.6,1.91,82,35.0,5.29,477.75
7714,766.7,1.25,232,76.3,5.28,541.73
7715,815.0,1.24,11,73.6,4.23,507.84
7716,783.4,1.4,219,45.4,3.73,546.19
7717,714.3,2.06,270,42.3,5.93,515.31
7718,808.9,1.08,99,75.3,5.23,527.89
7719,735.0,2.8,352,30.1,5.39,506.96
7720,688.2,1.94,405,60.0,6.36,519.01
7721,741.4,2.8,343,75.8,4.96,524.79
7722,821.9,0.62,261,55.4,5.31,545.89
7723,758.3,1.36,392,30.1,5.35,542.57
7724,750.6,0.56,342,40.9,5.38,534.34
7725,831.9,1.18,364,76.1,3.59,574.26
7726,678.4,2.66,56,30.9,4.98,431.28
7727,685.7,0.59,344,49.7,6.16,539.47
7728,669.2,1.59,172,69.5,4.87,479.79
7729,768.6,0.79,125,71.9,4.53,507.48
7730,758.3,1.54,412,53.9,5.97,526.28
7731,827.1,2.6,88,41.6,5.01,521.72
7732,762.2,2.06,456,60.0,4.37,532.01
7733,729.8,2.34,380,43.2,4.14,510.64
7734,750.1,1.37,17,42.8,4.95,485.21
7735,755.9,2.86,32,70.4,4.34,487.62
7736,666.4,2.27,278,37.7,5.9,488.86
7737,885.5,1.55,288,30.3,4.24,577.72
7738,776.0,1.57,40,46.8,5.28,498.04
7739,760.5,2.8,423,54.5,5.42,524.82
7740,780.8,1.94,179,65.3,5.63,525.33
7741,785.5,2.27,139,69.1,6.57,518.73
7742,743.0,1.54,404,63.2,3.65,533.17
7743,718.4,1.06,418,61.3,5.61,537.29
7744,780.0,2.31,166,63.3,5.62,518.05
7745,769.3,2.02,31,43.6,3.91,478.54
7746,709.5,1.75,135,49.1,5.26,486.03
7747,821.0,2.06,412,60.8,4.58,563.87
7748,764.7,1.02,466,33.3,6.4,561.98
7749,786.5,2.48,178,44.8,4.43,504.57
7750,819.6,2.87,175,50.3,4.78,515.32
7751,751.1,2.73,166,56.7,4.62,485.78
7752,765.8,1.3,339,54.3,4.16,534.93
7753,790.5,1.52,31,65.9,3.45,476.87
7754,713.8,2.52,481,53.7,4.17,524.03
7755,752.7,1.99,273,75.2,5.14,531.74
7756,756.3,1.87,312,49.0,5.28,528.46
7757,702.2,2.82,399,56.3,5.81,513.4
7758,865.9,1.84,272,30.2,6.05,560.1
7759,679.6,1.79,221,45.5,5.4,465.3
7760,685.1,0.61,474,73.3,5.8,524.76
7761,815.7,0.67,173,46.7,5.52,560.7
7762,785.7,0.52,145,42.7,3.9,528.4
7763,698.7,2.78,261,57.2,5.38,487.66
7764,780.4,1.52,214,33.9,5.01,534.48
7765,823.4,1.67,353,56.6,4.44,535.99
7766,748.5,2.61,311,45.2,5.01,496.87
7767,879.9,2.02,251,49.2,5.36,567.1
7768,663.8,2.02,329,69.6,4.8,492.75
7769,784.7,1.24,424,63.1,5.99,573.57
7770,808.3,2.58,288,52.3,5.34,564.4
7771,794.6,0.91,70,58.9,5.87,526.01
7772,739.8,0.63,474,68.3,6.26,575.85
7773,735.5,0.98,315,67.3,4.6,539.5
7774,772.2,1.17,311,39.3,4.56,550.49
7775,790.8,1.21,481,45.0,6.16,576.99
7776,780.1,2.18,308,47.4,4.23,510.09
7777,802.0,1.04,403,39.4,4.9,571.72
7778,699.1,2.19,104,30.6,4.51,463.13
7779,738.6,0.73,157,38.7,4.01,509.78
7780,703.0,0.87,409,70.4,5.5,550.24
7781,730.7,1.77,471,57.3,4.73,530.94
7782,800.8,2.8,268,47.1,4.07,506.5
7783,755.4,2.65,39,60.4,5.93,496.03
7784,880.3,2.92,27,67.0,3.68,526.69
7785,759.7,2.13,196,47.7,4.85,503.41
7786,753.0,2.19,463,53.3,5.89,534.84
7787,755.3,2.06,221,33.2,5.92,517.55
7788,718.1,2.06,44,59.9,5.43,487.22
7789,747.1,0.87,156,47.8,4.12,492.92
7790,806.4,1.86,291,51.7,5.16,547.12
7791,755.7,1.47,44,51.1,5.36,507.53
7792,710.3,1.61,85,61.6,4.56,497.85
7793,703.7,1.81,81,58.6,5.38,480.28
7794,727.5,0.82,258,51.1,3.52,524.28
7795,753.7,1.4,66,30.8,3.25,489.79
7796,809.7,0.66,366,61.0,4.36,579.28
7797,683.0,2.95,314,74.0,5.69,479.59
7798,734.0,0.8,19,68.5,5.86,532.29
7799,757.2,1.15,222,79.1,3.72,522.15
7800,658.3,2.73,370,37.0,6.47,485.97
7801,708.3,1.71,246,41.1,5.09,496.34
7802,716.0,0.84,243,57.0,3.45,514.73
7803,710.2,1.46,422,41.8,5.3,543.42
7804,759.6,0.79,232,31.7,6.27,545.63
7805,742.0,1.0,113,50.1,4.52,499.57
7806,722.2,0.63,336,44.4,5.98,554.77
7807,771.4,1.6,107,43.2,6.44,508.89
7808,836.2,2.52,235,77.7,5.04,542.0
7809,832.0,1.96,231,41.9,4.25,525.44
7810,653.9,2.02,333,36.5,6.17,481.82
7811,778.9,1.0,498,36.3,6.17,586.83
7812,741.1,1.36,487,70.3,3.74,538.67
7813,757.8,2.61,482,65.7,4.9,538.36
7814,730.1,0.72,343,36.5,5.72,540.29
7815,755.9,2.64,289,41.0,5.78,512.33
7816,757.6,1.71,52,67.4,4.71,487.23
7817,721.1,2.59,360,43.7,4.04,477.57
7818,705.2,1.3,391,79.1,6.57,553.44
7819,727.6,1.35,432,57.0,5.09,530.17
7820,761.7,2.38,357,39.6,4.82,513.92
7821,779.9,2.46,162,72.9,4.41,494.26
7822,792.7,1.07,348,46.0,4.8,553.35
7823,725.3,2.93,461,44.4,3.43,503.44
7824,764.2,0.71,299,46.4,6.0,548.08
7825,798.1,0.67,233,68.4,4.73,557.87
7826,808.3,1.99,482,38.7,2.9,526.29
7827,747.1,2.31,128,49.1,4.02,485.06
7828,739.0,2.9,223,31.5,5.96,490.25
7829,759.6,1.51,62,71.3,4.86,491.34
7830,692.5,0.56,229,47.0,4.21,482.06
7831,740.3,2.01,448,42.4,5.13,522.36
7832,787.2,1.22,252,59.0,4.7,528.74
7833,782.1,1.58,62,65.2,5.11,518.89
7834,736.5,1.72,411,70.6,5.32,542.17
7835,760.9,0.66,126,47.4,4.18,516.72
7836,708.8,1.71,400,70.6,4.42,520.29
7837,785.2,1.57,456,53.2,4.27,538.4
7838,746.1,2.28,340,35.1,4.3,512.75
7839,736.2,2.11,51,72.3,4.37,487.65
7840,731.9,0.96,404,57.4,4.71,540.56
7841,746.9,1.02,256,60.1,4.39,522.88
7842,727.6,1.13,402,76.9,5.16,534.37
7843,782.9,0.95,300,58.0,4.69,551.81
7844,730.2,2.14,257,30.3,4.29,487.55
7845,829.6,2.99,110,73.5,3.07,515.37
7846,823.3,2.13,96,44.2,4.1,518.73
7847,705.4,2.02,362,55.1,4.64,502.1
7848,753.5,1.52,458,40.2,5.96,548.52
7849,717.5,1.28,93,44.8,4.93,486.35
7850,733.7,2.78,270,64.3,3.49,485.07
7851,850.1,2.92,230,51.5,5.1,541.79
7852,734.6,1.74,163,61.4,4.55,485.14
7853,768.0,1.23,60,71.2,5.57,521.88
7854,777.1,2.43,47,47.0,3.54,482.43
7855,700.0,0.83,268,58.4,6.21,510.31
7856,707.2,2.41,478,68.9,5.45,525.3
7857,689.7,2.55,196,65.8,4.79,472.68
7858,705.7,0.81,22,57.0,3.46,463.41
7859,607.5,2.94,232,49.2,3.54,425.57
7860,777.2,2.96,474,50.4,5.69,556.58
7861,852.7,2.84,428,51.7,5.8,568.97
7862,757.4,1.74,96,47.4,6.04,510.49
7863,679.2,1.12,268,65.0,6.67,526.43
7864,717.9,1.96,190,36.3,5.75,472.48
7865,727.1,1.55,320,78.4,5.41,546.86
7866,699.1,1.01,182,68.9,7.39,522.13
7867,793.0,1.56,331,44.9,4.45,549.8
7868,790.5,2.16,204,32.1,4.9,500.46
7869,692.2,0.68,349,65.6,3.46,495.33
7870,786.3,1.33,254,66.7,5.62,539.16
7871,826.3,0.54,437,78.2,4.8,585.96
7872,845.1,2.37,338,42.7,4.38,529.9
7873,893.3,2.1,377,34.1,4.4,569.74
7874,704.9,0.66,205,75.8,4.21,498.33
7875,891.2,2.91,71,42.9,4.83,523.35
7876,732.3,0.56,34,66.1,3.56,506.88
7877,720.4,1.97,61,33.0,3.65,467.6
7878,766.4,2.44,59,68.0,3.89,478.07
7879,720.9,2.47,387,36.4,4.38,505.93
7880,770.0,0.59,394,64.8,4.54,563.08
7881,684.0,2.77,304,56.6,2.95,444.73
7882,738.1,2.8,61,77.8,4.48,479.29
7883,814.3,1.9,341,31.8,4.16,537.99
7884,747.1,1.71,49,44.6,5.78,503.61
7885,757.1,0.61,241,33.5,4.1,512.87
7886,773.8,1.9,69,74.0,6.0,522.93
7887,808.5,1.52,225,59.7,6.74,570.75
7888,667.2,2.43,466,56.7,6.17,510.31
7889,779.2,1.51,375,36.6,4.02,518.39
7890,736.6,2.21,349,54.5,5.52,545.33
7891,758.3,0.75,206,49.9,4.04,527.47
7892,803.0,0.83,285,45.8,4.17,547.6
7893,690.3,0.85,350,68.6,4.24,519.31
7894,699.4,0.61,11,33.1,5.14,499.99
7895,653.2,1.85,478,62.3,4.13,480.1
7896,722.5,2.48,115,71.1,5.04,493.27
7897,816.5,2.03,225,75.4,6.26,554.37
7898,744.0,1.94,274,67.3,3.9,505.38
7899,683.0,2.2,176,44.1,3.39,452.73
7900,725.7,1.35,256,60.0,4.36,488.18
7901,675.6,1.4,423,37.1,6.43,522.52
7902,693.7,1.29,447,35.9,5.69,499.52
7903,769.4,2.28,219,61.9,4.15,503.83
7904,691.3,0.9,67,72.6,3.95,472.32
7905,805.6,0.53,437,33.4,5.32,576.76
7906,746.4,1.99,52,35.3,5.1,462.87
7907,754.3,2.86,147,58.3,5.62,505.42
7908,736.1,2.02,118,40.9,3.84,459.56
7909,788.6,2.46,498,60.6,4.92,545.44
7910,789.2,2.18,57,40.7,5.9,504.15
7911,766.8,1.74,135,35.8,6.13,513.07
7912,778.2,2.3,478,57.3,3.76,543.15
7913,739.4,2.56,223,73.1,4.91,501.3
7914,777.1,1.06,410,64.3,4.71,578.42
7915,733.1,1.34,137,70.9,4.16,502.8
7916,750.1,1.06,398,43.3,4.26,539.19
7917,736.3,1.63,207,74.3,5.57,511.89
7918,727.1,2.71,211,48.9,4.23,483.08
7919,715.5,1.36,201,72.6,4.88,500.44
7920,773.4,1.44,116,53.6,5.49,515.62
7921,815.5,2.65,203,43.4,6.75,571.52
7922,808.6,1.79,336,43.0,5.3,568.57
7923,687.2,1.84,247,58.4,5.72,485.81
7924,814.5,2.65,141,34.0,5.26,523.4
7925,734.1,1.73,366,76.5,4.79,530.86
7926,780.0,2.2,92,43.6,4.78,493.94
7927,704.7,0.71,293,46.8,4.88,535.65
7928,757.1,0.95,477,41.7,2.86,536.41
7929,765.7,1.51,231,30.2,4.67,530.73
7930,675.8,1.74,115,64.6,5.44,467.61
7931,780.4,2.91,303,59.5,4.26,525.97
7932,817.3,2.93,75,70.5,6.45,538.64
7933,741.3,2.63,204,32.1,5.13,480.55
7934,818.0,1.29,197,76.4,4.87,549.6
7935,740.5,2.91,56,46.5,5.84,476.7
7936,792.5,2.22,371,75.7,5.56,570.37
7937,639.1,1.48,368,35.4,6.13,506.04
7938,870.9,2.25,34,67.2,6.33,548.88
7939,824.8,0.54,75,59.0,6.47,557.97
7940,735.8,0.87,496,47.9,5.46,558.42
7941,651.4,2.57,344,34.0,3.96,442.31
7942,764.4,2.11,76,60.2,4.76,509.68
7943,677.8,1.41,206,31.3,6.64,484.21
7944,772.2,1.75,255,55.1,5.26,531.3
7945,770.6,2.76,305,60.2,4.57,529.88
7946,702.9,2.08,109,66.6,4.46,477.2
7947,806.0,1.5,187,79.6,3.92,531.88
7948,790.3,0.8,124,43.0,5.92,529.36
7949,798.8,1.23,177,46.1,4.55,531.9
7950,750.4,2.95,128,47.1,4.02,471.84
7951,679.2,1.59,495,66.6,4.13,539.19
7952,798.9,1.68,174,76.6,2.39,506.6
7953,736.5,1.75,228,78.7,5.71,515.43
7954,680.5,2.71,206,77.3,4.76,460.06
7955,817.6,2.01,410,74.0,3.77,554.92
7956,855.0,2.23,327,79.5,6.39,589.95
7957,747.9,1.47,495,48.8,5.05,539.57
7958,858.0,0.57,246,77.4,2.76,573.41
7959,754.6,2.83,178,68.1,5.72,492.0
7960,731.0,2.87,85,38.4,3.99,468.94
7961,718.5,2.87,435,32.3,5.6,503.58
7962,831.9,2.86,296,40.7,5.51,540.72
7963,711.0,2.54,42,68.9,5.14,481.87
7964,786.8,2.21,308,61.6,3.75,520.78
7965,722.0,2.61,358,41.2,3.77,495.03
7966,727.0,2.0,239,67.1,4.95,511.74
7967,801.5,0.84,204,37.1,4.06,549.35
7968,731.0,1.48,303,71.1,6.22,537.04
7969,729.8,2.93,306,69.7,4.9,497.09
7970,806.6,1.38,383,78.6,4.0,556.66
7971,829.9,2.67,456,37.5,6.0,571.65
7972,782.2,0.73,433,75.3,3.09,550.5
7973,717.3,1.34,423,47.1,4.87,532.02
7974,724.5,1.38,440,50.8,5.56,540.1
7975,754.0,0.63,287,53.4,3.97,519.72
7976,766.0,0.8,239,61.3,4.57,523.26
7977,700.6,0.98,105,79.7,4.33,490.73
7978,786.2,2.59,392,60.0,3.88,527.09
7979,754.3,0.66,448,76.3,5.08,573.71
7980,664.2,1.25,180,42.8,5.85,472.99
7981,703.6,0.53,326,49.9,7.0,547.08
7982,724.8,2.24,339,55.2,5.76,523.6
7983,746.4,2.05,41,46.1,4.73,469.96
7984,844.5,2.11,397,78.8,6.11,585.42
7985,761.9,1.44,486,66.3,3.87,562.71
7986,708.0,1.02,54,53.9,4.46,485.17
7987,761.0,2.3,81,67.6,5.95,504.16
7988,732.4,2.53,29,53.4,4.34,473.93
7989,766.2,0.85,248,30.9,5.06,527.62
7990,779.0,1.72,208,57.2,4.3,517.28
7991,810.5,1.12,74,61.3,4.78,534.45
7992,748.8,0.92,197,79.1,4.93,542.69
7993,831.9,2.34,98,32.0,5.47,516.3
7994,795.4,1.85,419,55.6,5.17,563.01
7995,714.6,1.04,210,34.9,5.71,504.43
7996,860.5,1.28,32,37.4,5.39,559.46
7997,766.3,2.92,305,60.5,4.8,521.22
7998,708.2,2.62,139,41.6,4.39,463.02
7999,832.6,2.7,163,67.5,4.09,531.34
8000,853.9,1.65,87,55.7,2.27,517.4
8001,748.3,2.06,199,40.9,4.88,495.08
8002,724.8,1.44,309,54.7,3.86,533.36
8003,741.4,0.69,424,30.0,4.12,532.95
8004,785.7,1.5,163,73.1,4.7,530.63
8005,813.9,1.98,122,30.6,4.48,513.0
8006,778.5,1.22,348,30.4,5.55,535.71
8007,755.1,2.62,495,60.6,4.83,525.89
8008,824.9,0.88,126,78.7,6.63,572.54
8009,734.4,1.42,14,72.8,7.19,496.06
8010,801.5,0.81,386,42.6,4.69,558.25
8011,735.6,1.51,335,39.8,4.15,520.32
8012,771.6,0.6,44,61.3,3.24,508.63
8013,744.3,1.18,281,71.1,6.83,542.66
8014,747.2,1.5,168,48.1,4.28,497.87
8015,731.1,1.7,219,51.6,4.46,490.29
8016,817.2,1.86,23,35.8,4.3,530.39
8017,713.4,1.19,34,37.6,4.67,466.53
8018,713.0,1.81,344,58.4,4.52,518.11
8019,856.0,1.77,227,35.1,5.83,542.12
8020,798.9,1.29,263,40.1,2.25,529.62
8021,630.7,2.58,493,41.7,4.81,485.36
8022,721.7,1.86,212,52.2,5.72,494.65
8023,659.4,1.33,110,32.3,4.31,448.52
8024,702.5,2.87,370,55.0,5.59,509.42
8025,600.0,2.61,238,76.4,5.09,430.36
8026,743.2,2.96,208,31.2,4.28,483.55
8027,692.9,2.23,411,61.5,3.19,483.39
8028,753.0,1.45,187,71.8,5.41,532.48
8029,668.7,1.2,285,45.6,5.32,512.36
8030,754.1,2.16,321,36.6,4.26,500.76
8031,729.3,2.95,139,32.2,5.76,483.51
8032,825.1,2.07,419,62.2,4.51,574.19
8033,820.6,2.7,288,57.6,6.03,529.04
8034,789.3,1.32,297,41.5,5.3,556.49
8035,733.7,1.52,150,71.6,6.48,521.85
8036,849.3,2.77,22,66.8,5.36,531.95
8037,672.3,2.39,410,43.8,5.03,471.33
8038,679.8,2.95,226,67.7,3.12,459.66
8039,745.8,2.44,195,42.2,5.05,494.06
8040,862.7,1.62,479,63.8,4.76,586.41
8041,739.9,1.83,36,35.9,6.62,502.08
8042,740.8,2.75,410,64.6,5.21,529.86
8043,677.9,1.88,227,41.9,5.78,482.93
8044,797.3,1.14,431,58.6,6.4,586.08
8045,797.7,1.59,23,38.6,6.34,519.8
8046,789.5,1.79,151,66.3,4.91,511.1
8047,718.5,0.74,405,33.0,7.13,548.24
8048,714.7,2.36,334,38.3,4.49,506.03
8049,685.3,0.77,494,39.2,6.33,551.86
8050,754.2,1.51,333,32.1,4.25,512.6
8051,696.0,2.51,64,67.3,5.86,472.26
8052,691.1,1.67,200,79.0,4.04,484.8
8053,728.8,2.61,294,68.9,5.62,514.03
8054,725.5,1.35,98,73.0,4.15,492.03
8055,723.1,2.89,54,30.3,3.96,456.98
8056,773.3,1.02,141,35.9,4.03,508.7
8057,754.0,0.6,409,58.0,5.5,571.66
8058,735.6,2.68,75,78.9,5.49,480.9
8059,759.2,2.38,288,63.0,5.49,524.84
8060,700.4,1.08,333,48.7,5.22,522.14
8061,755.3,2.96,157,37.3,4.52,484.24
8062,757.5,1.76,154,37.6,4.28,475.31
8063,674.8,2.88,445,48.1,3.96,482.54
8064,799.8,1.76,15,65.7,3.91,511.86
8065,705.9,1.68,91,31.6,6.21,487.04
8066,754.5,1.62,477,72.6,3.94,553.52
8067,808.2,1.34,132,77.1,4.07,545.02
8068,796.3,1.83,176,74.4,4.0,517.66
8069,751.7,1.63,246,75.7,3.67,496.32
8070,731.9,0.59,114,30.8,5.3,494.94
8071,797.4,1.15,299,78.9,4.46,555.81
8072,783.7,1.03,497,48.3,4.84,576.2
8073,719.1,2.67,247,73.5,4.88,491.79
8074,710.3,2.0,319,39.3,5.29,488.88
8075,646.4,2.41,481,52.3,5.1,491.84
8076,757.7,2.89,91,32.2,6.18,489.23
8077,745.9,2.11,103,32.0,4.33,482.78
8078,806.8,2.96,330,77.2,4.41,553.14
8079,768.0,1.28,352,70.5,4.91,556.18
8080,816.7,0.97,294,56.5,4.93,562.94
8081,715.1,1.51,306,56.3,3.52,486.6
8082,806.9,1.68,370,67.4,3.42,561.67
8083,723.6,2.74,328,47.1,4.86,479.3
8084,788.9,1.9,425,68.1,6.39,566.03
8085,677.1,1.23,75,54.3,6.48,471.9
8086,761.8,2.36,121,61.9,3.88,486.3
8087,650.8,1.76,365,78.2,4.57,487.75
8088,736.6,0.91,438,53.6,5.16,534.49
8089,772.0,1.94,410,50.9,5.3,520.78
8090,724.0,2.78,180,75.3,4.03,469.12
8091,697.5,2.61,256,75.1,6.7,487.63
8092,792.3,1.97,75,79.6,4.43,503.97
8093,744.8,1.44,77,57.5,5.37,499.99
8094,725.5,0.72,43,47.2,4.67,507.55
8095,752.1,1.67,10,42.0,4.68,478.89
8096,881.8,2.38,160,31.7,5.76,551.89
8097,807.7,1.4,399,66.3,5.98,576.7
8098,808.1,1.09,281,41.7,5.68,566.34
8099,771.8,2.83,267,60.3,4.12,512.61
8100,758.3,2.55,247,75.8,3.65,483.41
8101,630.2,2.1,125,77.5,7.66,461.13
8102,716.1,0.84,85,30.2,5.31,503.61
8103,726.0,0.86,292,45.9,4.1,509.95
8104,656.3,0.76,28,71.9,5.94,485.39
8105,692.1,2.04,293,56.8,4.09,492.14
8106,651.0,0.79,44,70.4,6.97,460.79
8107,748.1,2.61,380,72.7,4.59,503.72
8108,790.9,2.98,333,52.1,5.86,530.67
8109,805.3,1.42,314,47.9,4.96,556.91
8110,770.7,1.63,250,52.8,3.48,512.47
8111,701.8,2.28,16,62.6,4.02,451.4
8112,653.4,2.84,46,48.4,4.23,425.35
8113,662.2,2.74,380,68.7,4.32,475.38
8114,686.6,0.64,162,75.2,5.19,501.4
8115,705.6,0.92,254,44.1,2.57,463.36
8116,742.0,2.39,259,78.2,5.19,509.68
8117,699.3,2.22,124,61.1,3.02,454.0
8118,766.9,0.83,50,73.9,5.36,512.01
8119,738.4,1.76,346,35.2,4.2,504.24
8120,750.5,2.45,71,42.6,5.13,467.07
8121,807.0,1.05,178,46.1,3.67,535.34
8122,691.0,2.68,151,45.1,4.37,445.76
8123,770.9,0.63,494,38.6,2.95,550.25
8124,749.3,2.46,447,73.4,3.75,519.24
8125,733.3,2.04,267,50.9,6.4,516.7
8126,794.3,1.29,97,78.2,6.43,553.03
8127,794.0,2.3,472,59.2,3.76,538.87
8128,702.7,2.46,57,36.9,4.66,453.99
8129,740.9,2.83,444,57.3,5.46,531.35
8130,764.1,1.42,490,79.7,5.08,565.99
8131,736.3,2.22,320,58.3,4.42,500.64
8132,779.3,2.01,21,30.1,3.44,464.32
8133,764.1,1.81,220,76.7,5.88,523.88
8134,841.6,2.73,253,41.7,4.49,538.53
8135,673.5,0.51,248,64.4,3.35,489.3
8136,743.9,1.21,206,55.8,4.95,523.73
8137,704.6,1.85,266,46.3,4.66,489.11
8138,780.2,0.95,244,44.1,4.49,527.56
8139,669.1,2.77,196,76.4,5.13,450.92
8140,767.3,2.12,210,75.6,4.79,506.18
8141,718.5,1.69,112,55.7,6.12,486.88
8142,713.3,2.54,299,42.9,4.09,497.36
8143,677.7,1.63,230,35.1,4.23,461.02
8144,726.7,1.9,377,37.8,5.77,510.55
8145,804.2,0.51,311,56.1,7.5,582.22
8146,748.7,1.41,196,45.4,7.34,543.35
8147,781.4,0.85,459,32.1,5.73,575.41
8148,833.2,2.22,412,52.8,4.65,561.25
8149,763.2,1.7,421,67.3,4.47,527.46
8150,722.1,1.25,108,74.6,4.61,495.67
8151,773.4,1.67,433,59.3,3.26,544.48
8152,722.8,1.02,254,66.2,5.68,537.59
8153,724.8,2.81,322,48.2,6.32,484.98
8154,674.0,0.63,316,54.8,4.86,497.38
8155,796.3,2.66,31,66.5,7.09,518.32
8156,730.7,1.78,77,66.4,7.73,524.45
8157,759.1,2.05,401,51.2,5.89,526.95
8158,698.2,1.26,325,57.2,4.33,492.67
8159,771.8,2.92,74,76.2,4.14,480.22
8160,711.9,1.2,301,61.6,5.77,507.13
8161,742.9,1.97,464,62.1,6.05,525.96
8162,793.9,2.98,226,69.2,4.34,533.29
8163,789.5,2.7,38,35.8,3.84,476.62
8164,748.9,1.84,202,56.1,3.29,487.33
8165,661.6,2.98,65,78.0,3.96,420.34
8166,899.6,2.25,347,48.1,4.58,581.51
8167,837.3,1.02,397,44.7,6.09,584.78
8168,786.1,1.51,221,60.1,4.43,536.37
8169,712.3,1.34,247,41.1,2.0,464.81
8170,744.3,1.36,209,57.8,4.34,508.97
8171,722.8,2.4,484,37.8,4.67,514.07
8172,813.2,1.96,187,59.0,4.64,536.72
8173,763.1,0.6,432,60.1,2.42,538.19
8174,710.8,2.69,428,50.9,4.66,507.14
8175,726.5,1.24,162,49.1,6.32,514.9
8176,806.1,2.99,471,42.3,4.53,550.25
8177,830.0,2.89,53,46.5,4.33,509.02
8178,826.4,2.85,440,54.9,4.23,547.94
8179,787.9,2.53,177,42.4,5.15,526.98
8180,737.4,1.05,296,69.1,3.48,511.52
8181,600.0,1.83,206,65.5,3.87,450.06
8182,764.9,1.06,346,43.5,6.12,561.77
8183,749.9,1.15,83,34.9,5.67,512.1
8184,757.0,2.03,180,30.0,4.46,495.42
8185,752.7,0.6,389,59.8,5.49,550.12
8186,683.7,2.92,192,40.6,4.08,452.85
8187,777.9,2.8,25,30.6,4.07,474.32
8188,781.6,1.45,77,48.0,4.05,503.78
8189,784.1,1.79,384,78.1,3.43,545.34
8190,797.3,1.67,334,64.5,4.91,559.89
8191,780.2,2.71,51,72.9,6.99,505.04
8192,729.5,2.22,119,37.2,3.0,456.62
8193,746.5,1.2,50,33.7,6.69,495.71
8194,754.6,1.62,315,30.6,2.28,503.02
8195,755.4,1.57,477,77.8,5.5,574.69
8196,799.9,2.9,15,45.0,3.14,462.22
8197,782.2,0.94,340,53.0,5.51,550.4
8198,853.9,0.72,190,49.7,4.19,549.83
8199,860.3,2.7,282,66.5,5.72,559.66
8200,754.0,2.74,370,45.5,4.2,488.26
8201,600.0,2.68,194,56.8,5.49,444.84
8202,811.8,1.78,332,79.8,4.78,565.76
8203,723.0,2.15,153,52.2,6.21,499.13
8204,709.9,1.91,445,57.6,4.81,528.48
8205,730.1,0.67,109,55.1,5.21,518.1
8206,727.7,1.99,99,70.2,5.06,489.4
8207,780.6,0.53,481,43.3,5.87,568.27
8208,672.0,1.31,255,38.5,5.93,485.8
8209,696.1,2.83,248,67.7,5.04,479.44
8210,767.2,1.26,427,50.8,3.26,530.22
8211,781.1,2.85,221,75.7,4.02,525.65
8212,782.1,1.13,90,62.2,5.78,532.05
8213,710.6,1.29,124,58.2,3.45,480.21
8214,701.1,2.07,285,33.5,4.26,492.7
8215,724.7,2.4,89,66.5,4.39,477.5
8216,762.0,1.75,65,64.3,4.76,498.33
8217,824.3,2.71,188,62.0,4.62,542.75
8218,647.6,0.6,318,43.4,5.03,498.53
8219,739.0,2.81,58,77.3,3.93,465.15
8220,683.4,0.99,269,46.1,4.12,493.29
8221,667.4,2.71,283,37.6,6.77,475.29
8222,798.3,1.5,301,79.4,6.4,558.9
8223,777.2,2.58,382,67.3,5.51,548.44
8224,772.5,2.18,300,50.7,5.61,526.27
8225,796.1,0.94,39,76.8,5.26,525.06
8226,726.0,2.8,383,34.6,4.93,503.02
8227,728.4,1.11,261,34.4,4.11,516.47
8228,859.3,1.11,72,64.1,6.43,548.35
8229,737.7,2.54,91,38.9,6.85,485.49
8230,786.8,0.76,414,75.9,4.43,546.63
8231,750.3,1.06,445,72.0,6.08,530.97
8232,657.6,1.76,489,45.3,4.54,498.59
8233,647.8,2.58,334,74.4,4.18,453.84
8234,721.1,0.87,390,32.1,4.53,532.43
8235,802.8,1.87,178,57.4,4.59,515.93
8236,789.4,2.28,319,76.8,5.56,551.64
8237,795.7,2.65,352,72.8,4.52,540.07
8238,700.6,2.84,167,47.8,5.82,464.78
8239,830.8,2.46,484,39.1,4.23,555.73
8240,701.8,2.13,65,40.5,4.9,465.17
8241,760.6,1.58,344,55.7,3.83,531.63
8242,749.5,0.78,434,59.8,3.66,557.35
8243,741.3,2.27,151,31.6,5.33,493.0
8244,816.9,2.98,158,50.7,5.07,517.18
8245,714.7,2.34,385,71.5,4.5,509.07
8246,682.5,0.54,235,52.2,4.03,491.98
8247,751.0,1.74,483,38.5,3.8,527.05
8248,730.0,2.04,34,77.7,5.32,477.29
8249,900.0,2.22,187,43.3,4.27,565.12
8250,783.8,2.3,374,69.9,6.6,548.25
8251,729.5,1.9,104,39.7,5.14,487.59
8252,697.2,1.06,62,51.2,5.49,484.4
8253,656.0,2.86,313,54.5,6.38,484.13
8254,698.7,2.24,79,55.0,4.14,461.6
8255,755.7,1.09,185,55.8,5.42,518.18
8256,821.4,1.31,141,41.2,5.47,532.6
8257,806.1,2.8,417,55.8,4.45,552.94
8258,761.5,2.72,499,54.1,3.43,520.22
8259,733.8,1.51,424,40.4,2.81,526.4
8260,763.4,0.6,348,79.4,4.06,524.43
8261,724.1,0.62,468,73.3,6.09,564.61
8262,835.9,1.21,422,74.4,4.19,591.42
8263,740.5,2.07,398,64.3,5.93,537.29
8264,745.7,1.96,347,38.0,4.21,515.21
8265,639.2,2.08,460,58.4,5.02,494.63
8266,740.2,2.29,369,71.1,5.5,535.81
8267,791.8,0.55,340,31.9,6.0,573.87
8268,696.6,0.76,222,54.8,4.51,513.03
8269,712.5,1.4,487,49.8,4.33,522.59
8270,789.6,0.89,220,40.6,2.99,540.64
8271,676.2,0.69,446,48.9,4.54,507.94
8272,802.9,2.1,354,79.2,8.0,589.67
8273,723.4,2.54,73,66.2,4.75,477.06
8274,730.6,2.38,44,45.0,3.55,482.19
8275,693.8,2.54,21,60.3,4.82,455.66
8276,768.9,2.16,440,42.3,5.71,552.39
8277,873.0,2.34,355,60.5,4.37,556.09
8278,789.1,1.18,320,74.8,3.88,556.02
8279,706.8,2.98,257,57.8,7.51,505.3
8280,806.8,0.96,121,66.7,5.37,552.86
8281,734.2,1.04,334,52.7,6.53,534.02
8282,818.7,1.22,476,56.2,4.6,575.4
8283,790.3,2.94,100,64.8,6.77,519.09
8284,602.8,2.97,303,70.6,5.91,450.24
8285,699.8,2.49,38,63.0,5.51,467.43
8286,797.2,2.07,21,78.9,3.77,503.63
8287,757.6,1.8,156,71.0,4.26,501.64
8288,698.8,2.93,146,68.9,5.45,469.19
8289,718.3,2.24,347,72.3,4.65,501.41
8290,654.7,2.86,166,44.1,5.37,475.88
8291,745.6,1.29,268,51.6,4.52,523.05
8292,860.5,1.33,96,58.2,5.42,576.98
8293,790.2,2.64,167,53.1,4.34,495.79
8294,859.5,0.87,195,72.4,5.45,580.67
8295,794.1,2.86,353,31.4,3.99,514.11
8296,801.4,1.77,318,40.5,4.66,545.93
8297,848.7,2.82,366,74.1,4.78,564.73
8298,768.9,1.34,238,33.0,4.1,506.2
8299,740.6,2.29,13,41.3,4.36,472.62
8300,801.6,1.71,66,47.6,5.28,522.45
8301,822.7,2.07,447,67.5,5.71,581.16
8302,726.0,1.76,37,58.0,5.25,495.39
8303,713.9,2.92,25,77.7,5.51,476.19
8304,756.9,2.23,22,41.4,5.09,499.66
8305,791.6,1.13,209,73.6,4.31,542.77
8306,789.9,2.77,193,44.1,3.27,505.02
8307,678.8,1.24,318,42.3,4.47,491.69
8308,845.6,1.43,313,54.9,4.88,573.76
8309,717.9,0.76,290,33.6,4.37,517.81
8310,736.7,2.75,331,49.2,6.55,513.02
8311,704.9,1.22,167,47.8,5.28,496.39
8312,884.9,1.15,369,38.0,4.91,583.66
8313,762.1,2.8,268,73.0,5.55,530.87
8314,707.5,2.51,416,49.3,7.02,535.27
8315,793.2,0.85,166,79.1,4.72,531.87
8316,788.5,2.42,434,75.0,4.04,555.27
8317,740.6,2.78,103,39.7,5.32,488.75
8318,792.0,0.7,276,55.3,3.85,548.77
8319,708.7,2.56,30,60.1,4.05,456.79
8320,725.4,1.87,136,70.9,6.42,512.72
8321,649.5,2.17,356,74.3,6.3,481.43
8322,683.8,1.73,417,61.2,5.65,538.17
8323,840.4,2.24,360,31.8,5.39,539.85
8324,832.1,0.59,359,54.1,3.78,559.71
8325,753.3,2.41,458,74.2,4.19,542.57
8326,833.1,0.58,394,65.7,6.32,612.8
8327,742.0,1.64,447,73.5,4.49,556.52
8328,737.8,0.88,465,63.7,4.2,547.28
8329,752.8,2.56,121,32.2,4.81,474.58
8330,743.8,1.28,243,78.4,5.58,532.35
8331,739.2,1.64,43,75.9,4.79,501.41
8332,807.2,1.57,89,36.3,4.82,513.47
8333,757.5,2.43,484,35.6,2.82,504.71
8334,785.6,1.7,461,57.0,4.93,559.81
8335,801.6,2.47,92,67.9,6.0,515.46
8336,769.4,0.68,38,49.1,4.93,513.03
8337,701.5,0.98,498,36.8,7.07,543.85
8338,682.4,1.88,140,55.5,4.28,471.76
8339,757.4,2.87,20,46.9,4.51,465.74
8340,741.4,0.69,401,47.6,4.33,534.93
8341,754.4,0.61,71,62.2,4.3,518.0
8342,749.2,0.89,368,74.3,5.54,542.51
8343,879.2,2.1,42,57.9,4.73,534.8
8344,683.5,1.5,145,64.4,6.94,500.95
8345,650.5,2.56,418,63.0,5.25,476.11
8346,766.6,0.68,97,57.6,4.13,528.92
8347,731.2,0.99,419,45.5,4.01,519.4
8348,765.8,1.25,419,48.9,6.67,563.87
8349,779.2,2.07,26,45.8,5.22,489.85
8350,814.2,2.21,100,75.9,6.31,552.48
8351,674.6,0.81,422,71.3,5.07,512.42
8352,722.2,2.86,308,59.0,5.02,515.65
8353,771.4,1.35,496,75.6,6.34,580.02
8354,788.5,2.28,262,74.3,5.37,534.44
8355,859.7,1.81,82,76.4,5.36,533.35
8356,797.8,1.06,215,41.1,4.59,554.86
8357,747.2,2.62,270,65.9,5.87,520.79
8358,705.5,2.55,187,60.5,4.93,466.5
8359,721.8,1.49,487,66.7,4.44,530.1
8360,720.4,1.97,321,43.2,7.15,508.18
8361,782.8,1.14,456,64.7,4.7,558.23
8362,762.8,2.22,322,50.5,4.21,515.87
8363,683.8,1.27,229,71.7,6.14,522.62
8364,728.2,2.61,182,69.8,5.68,521.03
8365,793.9,1.04,174,40.6,4.34,534.91
8366,767.6,0.54,337,39.2,4.92,533.81
8367,778.4,1.17,344,65.9,5.67,581.97
8368,769.1,0.98,229,57.5,5.21,519.81
8369,831.3,1.77,301,57.9,5.79,575.93
8370,761.8,1.01,170,67.6,4.99,528.03
8371,730.7,2.41,399,72.7,5.82,540.52
8372,704.2,1.1,257,41.9,4.69,494.02
8373,762.5,2.27,380,57.8,4.35,536.45
8374,628.0,1.95,469,71.4,6.05,513.42
8375,740.8,2.97,80,73.6,5.29,485.88
8376,739.7,3.0,438,44.4,5.69,520.02
8377,681.8,2.67,101,35.2,6.22,470.75
8378,703.6,2.4,400,41.6,4.43,510.1
8379,790.5,1.47,370,77.3,5.53,559.75
8380,761.5,2.38,330,53.1,7.32,535.72
8381,755.1,2.89,254,50.9,4.84,494.34
8382,765.3,0.56,33,30.7,3.79,477.36
8383,754.6,1.84,54,32.6,5.82,505.4
8384,812.1,1.04,198,63.4,3.34,537.78
8385,756.2,1.89,412,59.5,3.9,526.56
8386,677.1,1.67,382,58.8,5.01,498.33
8387,831.5,1.94,425,35.5,4.97,571.57
8388,768.5,1.88,295,47.6,5.19,522.41
8389,720.5,2.9,330,70.6,7.21,528.24
8390,687.3,1.88,425,38.7,5.08,501.16
8391,769.8,2.62,450,74.1,4.42,525.73
8392,744.1,1.3,413,36.1,4.36,537.04
8393,828.7,1.6,350,38.5,4.54,550.44
8394,732.7,1.68,92,53.9,3.79,480.54
8395,708.1,1.2,231,77.3,5.56,524.3
8396,794.8,1.45,379,46.5,5.3,558.55
8397,796.3,2.0,485,62.9,5.47,569.84
8398,758.4,1.95,361,59.4,5.8,535.11
8399,783.8,2.09,423,37.5,5.62,550.95
8400,748.1,1.38,352,42.4,3.62,513.32
8401,761.7,1.29,228,76.5,4.72,535.29
8402,808.2,2.03,494,39.2,4.76,559.42
8403,781.3,0.83,452,64.8,6.38,581.92
8404,741.5,1.13,227,78.2,6.47,528.44
8405,817.6,0.61,199,36.0,4.57,555.67
8406,631.8,0.68,76,50.0,4.01,444.38
8407,852.6,1.11,40,41.2,5.16,535.05
8408,664.7,0.55,331,41.1,4.68,495.46
8409,718.6,1.11,259,35.9,4.92,516.74
8410,748.0,2.14,63,62.5,6.22,506.35
8411,742.7,0.65,19,67.3,5.27,485.99
8412,800.3,1.59,175,63.8,4.52,524.71
8413,697.1,2.78,348,76.2,4.34,504.08
8414,763.0,2.48,424,37.3,3.56,529.17
8415,721.1,1.26,294,46.0,5.56,507.1
8416,764.8,2.81,162,47.2,5.28,507.11
8417,746.8,1.32,41,41.6,5.56,484.46
8418,754.6,0.68,26,37.1,4.98,495.73
8419,722.5,2.99,380,54.3,3.94,482.23
8420,724.5,2.68,310,71.7,5.06,511.34
8421,764.4,1.66,314,77.7,6.14,548.71
8422,797.2,2.17,352,36.5,5.06,545.63
8423,720.1,2.18,155,71.2,6.64,484.58
8424,706.6,0.99,84,71.2,5.25,504.46
8425,780.7,1.0,388,49.4,6.97,590.83
8426,748.4,1.67,133,35.5,7.05,518.9
8427,791.5,2.78,61,79.5,4.1,516.39
8428,704.7,0.52,413,62.8,4.35,540.26
8429,661.0,2.46,199,79.1,4.54,480.86
8430,723.3,0.64,150,54.2,3.29,493.1
8431,711.7,1.7,97,49.8,5.46,488.47
8432,746.1,2.09,436,42.4,5.44,526.77
8433,718.2,2.22,93,79.2,5.19,470.45
8434,787.1,0.65,252,42.7,3.78,529.36
8435,735.6,1.55,115,31.2,6.59,508.23
8436,757.5,1.96,101,55.6,3.12,471.42
8437,757.9,0.67,364,48.9,3.68,539.33
8438,759.7,0.84,30,43.1,5.89,491.95
8439,748.8,2.16,15,61.7,5.32,483.7
8440,775.5,1.8,464,48.2,4.39,549.62
8441,710.2,0.9,230,50.1,5.05,502.09
8442,820.0,1.84,318,31.2,5.13,547.83
8443,738.2,2.78,96,59.5,6.18,489.22
8444,684.4,0.54,189,36.1,3.78,479.82
8445,759.4,2.11,462,40.7,5.29,543.52
8446,707.4,0.68,351,65.9,6.08,521.5
8447,783.3,0.52,402,45.7,4.0,546.49
8448,860.5,0.88,361,38.2,4.95,578.71
8449,710.7,1.56,255,58.9,4.94,501.61
8450,766.6,2.51,467,40.7,3.39,540.43
8451,662.2,1.2,183,43.5,5.29,483.58
8452,772.7,2.06,122,61.1,5.35,495.05
8453,705.7,1.53,485,67.0,6.5,546.9
8454,718.8,1.09,468,67.0,4.98,536.84
8455,694.9,1.79,80,54.1,5.44,470.67
8456,786.6,2.49,167,52.7,6.47,517.55
8457,800.4,2.58,308,69.4,4.36,530.05
8458,751.2,2.62,246,39.7,3.82,472.78
8459,706.8,1.35,196,37.6,5.12,493.03
8460,829.5,2.48,252,63.2,4.8,546.07
8461,712.5,1.03,175,50.5,4.91,492.51
8462,641.9,2.35,43,65.5,4.58,428.77
8463,772.9,2.87,264,42.8,4.16,490.55
8464,694.8,0.53,311,46.2,5.93,519.93
8465,799.4,1.6,229,74.8,4.98,545.13
8466,730.9,2.12,41,51.1,7.25,494.53
8467,780.2,2.25,409,59.5,3.96,541.5
8468,820.1,0.94,432,35.3,7.01,604.74
8469,689.6,2.93,266,38.9,5.29,467.08
8470,721.7,2.04,491,31.8,5.02,521.38
8471,746.2,0.91,242,51.2,3.9,506.09
8472,826.9,0.55,450,79.4,4.34,589.77
8473,717.1,2.46,224,73.7,6.26,504.83
8474,720.3,0.7,251,61.6,2.33,506.5
8475,773.9,0.85,254,73.1,3.2,530.47
8476,721.1,1.94,29,59.7,3.39,465.7
8477,757.6,2.01,219,48.4,6.17,508.22
8478,672.4,2.22,219,38.7,5.68,475.95
8479,860.7,1.48,435,62.7,3.99,578.21
8480,682.6,2.43,497,39.7,4.53,514.48
8481,733.9,2.94,478,50.9,5.13,537.99
8482,748.4,1.18,81,71.3,6.02,533.22
8483,845.6,2.26,171,36.5,3.99,520.97
8484,683.8,2.82,187,36.5,5.13,467.14
8485,849.2,2.22,20,41.2,4.66,496.23
8486,787.9,2.2,372,57.6,4.9,552.95
8487,770.9,1.06,308,42.6,4.1,533.11
8488,700.8,1.84,275,55.2,5.21,480.62
8489,778.6,1.91,17,45.1,4.22,496.92
8490,713.8,2.25,465,55.3,5.1,516.97
8491,813.3,2.99,284,43.9,6.56,538.45
8492,701.4,0.58,202,79.0,6.04,527.53
8493,744.3,0.66,320,54.6,6.39,561.38
8494,722.2,0.69,445,67.2,5.32,552.73
8495,700.6,2.36,268,65.0,6.13,477.4
8496,787.1,0.84,62,54.5,3.2,512.51
8497,776.8,2.06,309,41.9,3.31,503.96
8498,810.5,1.31,105,55.5,3.99,530.25
8499,661.0,1.64,313,64.0,4.06,484.13
8500,803.2,1.04,319,53.0,6.05,565.53
8501,875.3,2.67,409,34.1,3.49,559.61
8502,727.4,1.97,423,30.9,3.64,488.65
8503,844.8,2.86,101,46.4,4.88,537.93
8504,736.8,1.94,421,37.5,5.14,528.57
8505,681.4,0.81,153,75.3,5.88,503.43
8506,734.7,0.93,498,38.8,4.73,548.58
8507,802.4,2.97,316,49.7,4.82,509.0
8508,708.1,2.31,426,65.6,5.89,530.55
8509,720.0,0.62,418,70.8,4.1,532.51
8510,779.7,2.26,27,53.9,5.12,497.48
8511,750.2,1.53,135,39.1,5.57,501.06
8512,779.2,1.27,163,43.5,4.63,508.23
8513,761.9,0.89,15,50.9,5.86,507.49
8514,774.0,2.6,431,48.2,4.14,525.43
8515,728.4,0.66,437,47.4,6.56,556.88
8516,761.6,1.22,460,36.6,4.69,542.67
8517,703.6,1.27,436,75.7,4.56,525.58
8518,814.4,0.9,399,31.5,3.54,554.86
8519,718.3,1.77,343,52.0,3.88,489.17
8520,806.4,0.53,457,79.0,4.19,583.86
8521,738.3,1.25,347,63.0,3.87,522.49
8522,760.1,2.83,345,47.8,3.82,497.51
8523,725.3,1.28,97,37.3,5.04,499.35
8524,699.2,1.4,278,78.2,5.6,513.11
8525,662.8,1.68,74,30.7,5.28,457.45
8526,697.2,1.9,175,64.1,2.0,449.72
8527,733.8,2.52,73,74.0,3.96,465.66
8528,760.6,0.98,279,31.3,6.14,537.39
8529,800.5,2.68,154,66.3,3.66,493.17
8530,727.7,2.39,386,79.9,4.88,500.08
8531,705.9,2.31,342,62.0,3.9,505.46
8532,677.9,0.72,278,50.7,6.31,507.37
8533,774.0,0.55,338,73.7,4.21,552.61
8534,819.2,1.99,399,57.7,5.69,571.6
8535,813.3,2.66,15,67.5,4.28,498.29
8536,785.5,1.96,130,59.4,2.57,484.35
8537,781.9,1.03,359,31.9,5.47,563.66
8538,834.9,0.73,430,40.7,3.08,567.25
8539,766.6,2.25,322,33.9,4.09,518.8
8540,782.3,2.3,318,35.3,6.87,556.86
8541,734.0,0.93,311,30.8,8.0,536.24
8542,681.9,0.57,343,51.1,5.02,522.96
8543,715.8,1.52,141,38.9,4.11,481.87
8544,749.5,1.96,299,72.8,5.03,515.59
8545,753.0,2.27,459,67.5,3.69,532.36
8546,846.3,2.52,456,58.7,4.58,572.4
8547,754.1,2.03,198,54.5,6.6,516.26
8548,808.9,0.78,218,42.8,5.21,572.48
8549,728.2,2.21,51,53.7,3.58,468.34
8550,734.4,2.96,87,62.1,5.41,467.09
8551,683.5,2.76,329,69.1,3.29,474.19
8552,712.9,2.68,154,34.1,3.12,452.31
8553,776.3,1.26,454,65.4,5.77,558.97
8554,750.4,2.38,383,67.1,4.24,518.42
8555,797.1,2.63,295,57.9,6.57,548.84
8556,759.1,2.2,180,40.7,3.95,484.67
8557,732.4,1.13,102,57.0,6.23,498.1
8558,857.4,2.88,272,55.1,6.64,551.73
8559,745.3,1.63,466,53.8,5.16,530.92
8560,808.2,0.82,439,53.0,4.7,582.61
8561,729.9,0.77,32,35.5,4.4,491.11
8562,785.5,2.12,301,39.1,4.46,516.27
8563,796.4,1.59,151,34.9,3.4,508.12
8564,760.4,0.74,157,42.1,5.64,515.26
8565,632.3,2.35,449,43.2,5.61,475.17
8566,750.9,2.5,125,42.3,4.77,479.89
8567,811.5,2.31,90,40.5,5.03,517.2
8568,776.4,1.01,425,66.8,4.55,572.38
8569,772.3,2.22,34,70.9,3.78,477.23
8570,663.9,0.53,124,46.4,3.7,460.45
8571,714.0,1.26,103,45.3,4.43,486.47
8572,770.6,1.5,314,72.2,4.61,524.79
8573,770.5,2.59,194,61.2,6.16,509.67
8574,810.7,1.48,292,44.7,5.67,565.59
8575,742.8,0.53,164,65.7,6.54,550.24
8576,770.3,1.38,183,47.2,5.69,518.75
8577,750.8,1.75,360,59.3,3.42,510.44
8578,700.7,2.87,182,79.6,3.52,470.62
8579,637.2,2.85,163,45.1,3.94,437.9
8580,771.6,0.95,23,76.5,4.65,511.33
8581,758.7,0.96,387,46.0,4.22,533.76
8582,719.1,0.91,313,57.0,5.69,535.15
8583,669.0,2.47,137,53.0,6.18,469.4
8584,781.5,0.52,350,69.2,3.79,554.62
8585,736.7,0.82,101,33.1,3.36,506.13
8586,777.8,1.84,280,61.4,6.64,549.88
8587,843.2,1.12,231,68.0,5.23,560.04
8588,642.9,0.73,482,53.6,4.46,511.31
8589,715.0,1.4,316,35.3,6.58,516.18
8590,739.5,1.19,319,42.2,6.25,534.8
8591,822.7,1.78,404,64.0,4.41,572.76
8592,668.2,2.95,117,74.8,5.87,467.31
8593,846.8,0.81,340,51.1,6.15,564.89
8594,756.8,1.43,37,58.0,5.84,501.61
8595,745.2,2.83,448,41.4,6.27,524.84
8596,740.1,2.69,206,50.6,4.05,484.06
8597,728.2,1.49,485,46.8,5.03,528.8
8598,802.4,2.25,209,62.8,6.65,541.37
8599,696.6,0.72,163,79.2,4.61,500.04
8600,767.3,2.28,393,70.7,4.35,515.74
8601,730.8,2.93,79,39.6,5.11,465.64
8602,711.9,1.84,169,58.9,3.42,486.19
8603,879.3,1.75,441,33.3,5.33,583.26
8604,771.0,0.97,361,42.3,3.33,535.7
8605,780.7,2.08,405,38.6,6.27,552.18
8606,806.9,1.98,463,46.8,3.38,531.03
8607,678.9,2.13,470,63.9,5.85,511.89
8608,837.6,0.57,112,55.0,4.27,550.75
8609,624.6,1.87,497,76.6,3.94,497.58
8610,711.6,1.99,245,40.6,5.03,488.81
8611,727.0,1.02,198,48.2,5.3,516.27
8612,779.1,1.02,427,46.5,5.09,554.17
8613,760.9,1.19,352,41.8,5.34,545.45
8614,741.7,2.28,370,79.7,5.69,540.83
8615,749.4,2.02,118,49.4,2.99,462.11
8616,701.1,2.61,346,77.0,5.14,502.04
8617,675.1,1.24,310,49.5,3.64,490.89
8618,786.3,2.78,377,40.2,3.73,517.64
8619,784.7,2.36,264,36.0,3.9,513.81
8620,829.2,1.49,325,72.8,3.03,561.16
8621,710.5,0.74,202,31.6,4.99,489.39
8622,784.6,1.14,80,78.2,3.23,516.33
8623,735.8,2.89,278,50.9,5.41,511.6
8624,809.5,1.28,343,42.4,6.52,567.87
8625,801.1,1.32,218,60.9,6.56,551.42
8626,760.6,0.97,487,36.6,3.91,542.1
8627,733.0,2.52,185,33.6,3.81,477.92
8628,798.0,1.19,248,71.4,5.78,572.14
8629,782.3,1.33,390,51.2,5.06,575.4
8630,715.8,1.54,442,55.9,4.93,543.63
8631,683.6,1.58,107,38.8,3.69,454.37
8632,735.6,1.53,356,33.1,5.12,513.98
8633,825.8,1.76,451,48.4,5.87,565.92
8634,807.3,2.54,98,55.3,4.23,511.19
8635,694.4,2.55,261,68.3,5.46,518.41
8636,691.6,2.5,108,55.1,5.16,466.38
8637,813.7,0.75,338,69.1,4.35,573.15
8638,693.2,2.5,335,35.8,4.95,485.23
8639,775.5,0.8,454,33.2,3.95,558.89
8640,719.2,0.81,163,37.9,5.86,504.11
8641,830.9,2.87,495,68.6,3.97,564.4
8642,711.5,2.55,304,68.0,4.4,489.81
8643,807.2,1.88,451,37.1,5.9,573.36
8644,759.2,2.69,292,31.5,4.48,502.16
8645,762.6,2.97,305,64.3,4.06,511.0
8646,651.5,2.03,388,72.8,5.18,482.4
8647,639.9,2.03,40,67.7,6.8,467.93
8648,739.0,2.39,140,40.1,6.16,505.61
8649,762.3,1.08,225,59.2,5.61,533.33
8650,693.7,0.92,24,67.9,5.99,483.5
8651,695.6,2.4,447,42.8,5.52,495.65
8652,778.1,1.36,335,56.4,5.23,536.85
8653,778.1,0.84,276,45.7,5.91,548.41
8654,743.1,1.29,295,41.3,5.35,527.79
8655,789.0,1.4,300,78.5,4.95,553.76
8656,691.3,2.91,377,75.6,5.19,513.12
8657,732.2,2.24,495,52.3,5.33,528.55
8658,832.4,1.83,52,36.8,5.31,521.59
8659,753.4,2.92,454,66.4,5.36,530.94
8660,756.3,2.76,177,42.8,4.01,475.8
8661,865.3,1.78,358,38.4,4.79,591.25
8662,680.0,2.76,480,49.1,3.73,504.11
8663,789.8,1.51,435,56.5,5.26,571.72
8664,833.2,1.08,264,34.9,5.34,573.84
8665,733.8,1.08,179,58.6,6.32,522.24
8666,793.0,2.16,384,30.8,5.3,550.01
8667,700.9,1.75,268,74.6,4.63,511.8
8668,715.7,2.15,355,76.0,4.58,507.13
8669,769.2,2.22,87,66.7,5.65,522.31
8670,789.9,0.56,348,53.3,4.32,558.62
8671,806.0,0.64,94,42.7,5.15,537.85
8672,828.5,1.83,389,67.2,5.95,570.66
8673,746.6,0.98,158,76.6,7.02,541.26
8674,809.7,2.08,210,37.9,6.16,551.4
8675,732.9,1.88,86,53.3,4.47,460.65
8676,795.1,1.96,370,45.8,4.25,543.8
8677,760.4,1.26,259,47.8,5.63,541.42
8678,772.3,2.1,62,50.3,4.79,497.96
8679,771.2,2.57,309,77.6,3.52,495.21
8680,669.8,3.0,311,42.9,7.59,475.38
8681,693.8,2.6,302,54.6,5.17,486.25
8682,755.1,1.89,303,77.6,6.25,523.6
8683,665.6,0.98,118,53.8,4.67,498.98
8684,791.6,2.2,374,73.2,4.97,561.62
8685,793.6,2.84,97,32.9,5.15,487.79
8686,766.4,1.03,175,77.7,4.73,538.79
8687,693.9,1.14,276,39.4,4.24,500.87
8688,819.0,0.87,102,79.0,7.2,565.06
8689,851.9,2.34,182,38.8,5.35,555.1
8690,757.4,1.52,73,52.2,3.42,468.05
8691,775.5,0.66,437,45.4,5.1,562.8
8692,760.1,2.69,135,51.7,3.56,475.85
8693,776.5,1.89,377,42.5,4.15,550.19
8694,744.0,1.33,239,78.3,5.11,516.94
8695,748.3,1.36,114,45.3,5.54,515.28
8696,795.3,1.23,218,62.7,2.48,515.48
8697,867.3,1.64,71,36.9,6.72,571.18
8698,680.0,1.34,249,71.2,4.34,486.15
8699,744.8,1.87,483,57.1,4.78,527.83
8700,691.0,2.43,70,79.0,6.53,477.86
8701,829.6,2.19,355,51.2,6.71,581.34
8702,720.6,1.24,21,39.8,4.38,480.6
8703,677.8,1.82,475,47.3,6.06,503.12
8704,781.9,2.6,146,66.8,5.16,494.95
8705,837.2,0.67,204,63.0,7.65,585.51
8706,783.2,0.7,83,68.9,4.33,516.08
8707,760.2,1.89,372,33.7,6.65,534.31
8708,770.5,2.1,395,59.0,4.41,530.25
8709,820.7,1.03,145,76.6,3.93,549.74
8710,706.3,2.36,381,35.4,4.7,494.19
8711,744.4,2.12,52,34.7,3.36,454.81
8712,727.4,2.81,411,65.8,4.07,496.37
8713,691.6,0.92,445,45.8,4.68,526.49
8714,733.6,2.38,48,62.9,4.75,475.17
8715,805.4,0.71,40,57.3,5.92,534.11
8716,778.3,1.91,151,79.3,5.82,535.32
8717,782.2,1.88,329,74.5,4.96,552.13
8718,757.3,1.47,368,63.9,3.26,534.24
8719,776.2,2.61,362,43.1,2.87,507.74
8720,710.0,0.51,486,43.1,4.47,529.94
8721,734.5,1.8,53,74.1,4.16,481.52
8722,759.6,1.04,197,59.3,4.41,515.07
8723,763.9,2.36,362,69.5,6.62,519.11
8724,766.0,0.61,492,52.5,4.39,562.67
8725,743.1,2.58,11,35.2,4.13,439.43
8726,731.1,2.6,492,46.6,5.0,515.93
8727,900.0,2.58,425,38.1,4.48,579.08
8728,795.3,0.88,301,69.1,5.6,581.13
8729,770.7,2.08,320,65.0,5.25,523.03
8730,738.3,0.54,379,34.4,6.85,558.77
8731,727.4,2.62,352,61.1,4.71,502.42
8732,743.5,2.31,456,73.7,6.93,556.58
8733,764.6,1.83,334,64.9,5.7,534.74
8734,656.0,2.33,376,55.6,5.53,470.49
8735,671.5,0.74,345,45.6,3.01,490.53
8736,718.2,1.82,305,74.4,2.86,495.57
8737,760.4,1.23,33,51.1,3.39,491.16
8738,738.0,2.93,382,72.8,5.21,513.48
8739,823.9,2.64,451,69.1,5.75,567.87
8740,675.9,2.33,113,70.8,5.53,475.51
8741,712.4,2.83,421,79.5,5.04,518.49
8742,826.0,1.37,71,67.4,5.9,538.63
8743,756.6,2.75,162,31.7,6.19,497.72
8744,794.2,1.31,272,40.3,4.69,528.3
8745,852.6,2.33,303,31.8,5.56,565.97
8746,715.3,2.34,464,39.5,5.38,522.69
8747,745.0,0.55,384,33.1,5.81,564.9
8748,736.4,1.4,252,55.1,5.33,527.07
8749,652.3,0.55,351,31.4,5.26,501.75
8750,734.5,2.99,351,53.6,4.4,524.39
8751,794.1,0.81,356,74.9,5.21,574.4
8752,777.0,1.86,130,67.4,4.66,519.37
8753,781.0,2.48,362,77.2,3.93,512.29
8754,731.2,1.0,182,41.3,5.3,519.38
8755,717.2,1.71,425,56.6,3.98,540.24
8756,813.5,2.02,112,45.9,4.96,525.72
8757,725.1,0.9,169,54.7,4.63,513.94
8758,764.7,2.45,266,57.9,4.44,522.59
8759,758.2,1.25,211,31.8,6.41,548.22
8760,823.1,1.03,54,41.7,6.64,554.38
8761,798.6,1.9,73,65.2,4.7,500.06
8762,685.2,1.53,205,68.6,6.0,500.43
8763,690.6,2.8,486,58.5,3.42,498.56
8764,778.9,2.7,400,43.5,3.82,528.33
8765,746.8,1.71,431,50.3,4.94,535.17
8766,727.2,1.4,79,34.8,3.93,474.15
8767,800.8,1.31,190,77.7,5.38,545.05
8768,759.4,1.17,340,73.4,5.29,546.8
8769,752.6,1.86,256,33.3,4.95,513.2
8770,789.0,2.51,338,38.3,7.37,555.6
8771,731.2,1.28,167,59.1,5.37,514.06
8772,828.4,0.98,415,41.6,5.58,581.39
8773,710.6,1.69,195,76.7,5.49,491.77
8774,782.8,0.67,240,67.8,4.1,546.59
8775,821.7,2.25,82,43.7,6.95,532.96
8776,681.1,1.8,64,30.3,3.6,461.42
8777,732.8,1.74,495,70.0,5.29,554.65
8778,807.1,1.25,252,51.2,5.74,559.68
8779,807.9,2.76,311,62.1,5.98,538.27
8780,741.4,0.73,362,44.3,4.69,523.55
8781,713.3,2.67,419,37.1,5.74,509.3
8782,797.8,1.44,457,63.8,3.95,563.24
8783,809.2,2.7,473,52.5,6.67,552.85
8784,691.8,2.32,402,41.8,4.84,501.08
8785,689.8,0.76,224,36.9,4.5,493.86
8786,761.3,2.58,24,59.0,4.36,451.87
8787,781.5,2.21,156,66.3,5.3,510.31
8788,735.0,0.58,499,44.2,3.42,534.15
8789,784.0,0.83,153,66.8,5.88,533.19
8790,714.5,2.09,34,39.2,4.4,465.33
8791,644.3,2.16,108,46.9,6.3,473.65
8792,728.8,2.37,188,67.2,3.76,488.37
8793,753.2,2.3,342,63.0,5.13,531.16
8794,736.2,2.15,183,43.5,5.55,491.29
8795,692.1,2.42,272,36.1,5.66,490.02
8796,659.2,1.94,299,32.1,4.48,467.69
8797,724.3,1.15,67,71.9,3.77,486.75
8798,794.9,2.78,343,33.8,4.54,518.17
8799,812.8,0.55,288,35.7,6.17,557.66
8800,809.4,1.42,416,41.9,7.09,592.79
8801,709.2,2.32,154,52.3,3.38,466.24
8802,692.3,1.57,406,69.5,4.26,508.0
8803,774.8,0.56,131,42.4,3.27,532.63
8804,781.8,0.66,36,57.2,4.45,508.39
8805,770.0,2.12,75,34.5,4.36,495.79
8806,649.3,2.91,110,53.2,3.8,447.87
8807,706.7,1.88,423,38.9,6.66,531.1
8808,748.5,1.77,397,40.6,6.15,528.74
8809,774.4,1.3,103,48.3,5.24,527.74
8810,788.4,1.14,76,68.1,4.89,519.94
8811,757.2,0.55,259,67.2,5.89,544.29
8812,766.5,1.18,151,50.7,4.0,502.99
8813,754.2,1.62,276,35.9,5.24,538.01
8814,784.3,0.99,49,44.0,4.39,508.23
8815,765.6,0.72,224,55.3,7.34,547.61
8816,753.3,2.29,498,73.5,3.64,546.18
8817,736.6,2.74,489,78.4,4.73,512.98
8818,754.1,2.84,140,61.9,3.71,481.2
8819,774.2,2.04,499,47.5,5.75,551.62
8820,763.4,0.63,10,64.7,5.75,526.39
8821,769.0,2.35,18,46.8,4.3,476.98
8822,817.1,0.78,377,61.3,3.76,554.41
8823,763.3,2.17,338,42.2,4.61,522.67
8824,717.6,2.45,389,43.3,4.3,495.63
8825,794.2,2.31,341,33.8,5.06,543.54
8826,681.7,2.88,394,51.0,6.62,500.54
8827,695.9,2.35,153,60.9,5.66,501.01
8828,766.8,2.23,359,69.4,5.76,535.43
8829,775.8,1.15,337,70.5,5.0,564.15
8830,687.7,2.81,311,79.6,7.64,505.97
8831,730.9,0.95,147,34.4,5.12,503.2
8832,719.7,2.76,426,54.7,5.73,523.53
8833,725.7,1.28,367,56.1,6.1,527.86
8834,797.2,0.83,306,70.2,4.95,574.52
8835,785.3,2.57,188,43.3,5.21,519.43
8836,749.0,0.51,287,33.5,4.43,537.78
8837,722.7,2.58,153,45.7,5.02,488.33
8838,682.5,1.16,348,79.2,6.46,531.98
8839,821.0,2.71,468,75.0,6.16,582.87
8840,779.6,2.23,199,49.8,5.69,535.23
8841,714.7,2.17,446,73.8,5.91,531.33
8842,786.0,1.41,340,31.6,4.96,541.62
8843,746.5,0.65,279,45.7,5.95,546.49
8844,735.6,2.58,496,66.3,4.85,530.64
8845,771.8,0.93,196,41.1,3.37,525.16
8846,712.9,1.43,163,39.9,6.83,525.6
8847,732.8,2.0,181,73.1,4.8,491.1
8848,756.1,1.71,413,60.8,6.05,551.76
8849,725.0,1.0,477,79.5,4.64,537.17
8850,783.5,0.85,256,36.7,2.31,517.25
8851,843.5,0.81,398,47.8,4.93,587.55
8852,712.3,2.66,458,45.6,3.16,489.96
8853,666.7,0.58,20,74.0,5.76,490.22
8854,649.9,2.94,56,42.8,4.77,429.91
8855,742.5,1.0,275,47.7,6.22,530.92
8856,716.8,0.78,326,37.1,5.23,532.78
8857,760.4,1.94,120,68.8,3.97,497.28
8858,756.6,0.7,485,41.9,5.67,561.52
8859,669.8,2.01,310,33.4,3.44,455.87
8860,659.3,2.63,312,51.8,4.69,452.84
8861,764.8,0.62,427,49.6,3.14,540.54
8862,756.8,2.5,383,38.9,5.35,524.81
8863,728.7,1.49,406,36.7,5.25,537.36
8864,667.1,0.9,482,74.8,5.13,506.4
8865,773.6,0.94,288,33.4,4.06,550.08
8866,813.6,2.8,301,35.0,6.35,535.27
8867,763.9,0.78,456,42.3,5.91,563.73
8868,707.6,2.67,261,77.6,5.23,490.05
8869,752.2,1.86,85,34.3,4.42,480.62
8870,681.7,0.6,184,70.8,4.65,494.02
8871,802.9,1.66,118,74.6,4.98,529.16
8872,754.1,2.54,459,48.9,3.9,520.18
8873,661.6,2.32,349,44.7,5.85,501.55
8874,735.0,1.72,345,63.9,6.26,528.19
8875,773.2,2.65,23,65.1,6.71,522.6
8876,733.3,0.8,190,69.0,4.66,523.1
8877,736.2,2.77,331,71.5,6.38,506.04
8878,688.8,2.62,442,43.4,6.44,500.98
8879,778.3,2.27,281,64.3,4.37,513.62
8880,717.6,2.54,461,36.7,4.0,503.09
8881,642.2,1.86,52,55.5,6.09,466.17
8882,731.4,2.19,470,60.6,4.45,533.8
8883,799.1,1.9,111,38.1,4.27,500.06
8884,730.7,1.39,122,33.8,5.82,512.68
8885,836.9,1.92,202,39.7,3.61,522.22
8886,771.4,1.14,18,51.0,4.55,494.69
8887,766.9,1.6,158,74.4,3.14,515.84
8888,743.6,1.2,347,56.6,4.16,538.05
8889,746.6,0.81,233,67.4,4.34,533.67
8890,736.8,1.3,119,38.7,4.25,492.34
8891,734.9,2.63,363,35.3,4.57,501.74
8892,776.5,1.45,93,42.0,2.95,482.7
8893,703.2,2.37,52,45.7,3.99,452.35
8894,696.2,0.94,75,57.4,6.34,489.7
8895,693.8,1.56,397,74.1,5.3,518.24
8896,852.3,0.79,388,51.3,4.49,612.18
8897,776.5,0.85,118,55.9,4.34,524.93
8898,765.2,2.04,111,30.2,5.77,492.57
8899,697.1,2.02,144,31.7,5.09,484.3
8900,781.2,1.03,95,34.2,3.88,522.45
8901,744.2,1.69,93,64.9,4.47,509.26
8902,760.7,2.66,451,54.3,3.76,517.3
8903,701.2,0.94,236,39.6,4.31,495.18
8904,758.0,0.55,269,59.6,5.69,535.78
8905,728.8,2.13,389,57.2,5.58,540.01
8906,711.7,0.63,29,34.4,6.03,495.39
8907,786.7,2.95,44,62.0,5.14,480.53
8908,673.1,2.02,362,68.4,3.49,499.34
8909,778.2,1.68,252,44.3,3.75,511.39
8910,784.2,1.57,452,64.4,5.47,562.23
8911,706.0,1.93,478,40.0,5.1,508.99
8912,709.0,0.73,438,67.8,3.84,518.18
8913,738.8,2.83,279,75.6,4.66,505.9
8914,764.1,2.06,232,52.1,6.9,525.49
8915,742.4,0.96,415,42.2,5.93,535.19
8916,771.7,1.91,313,50.0,6.5,553.83
8917,838.1,0.83,167,42.5,3.82,552.86
8918,724.6,0.54,294,30.1,6.67,555.35
8919,664.2,2.08,45,62.5,4.48,443.07
8920,791.3,2.12,307,32.1,6.57,545.4
8921,834.2,1.96,38,40.5,5.36,528.35
8922,769.6,0.96,400,66.1,5.63,565.7
8923,695.6,2.01,425,63.3,5.69,520.57
8924,743.8,0.64,406,33.7,5.1,542.4
8925,694.1,2.02,264,63.0,5.58,478.88
8926,782.1,1.89,406,76.5,3.98,548.15
8927,682.4,2.14,447,33.7,4.87,504.19
8928,735.0,2.74,151,50.8,5.78,486.24
8929,699.8,2.63,143,66.5,5.11,497.54
8930,756.3,2.95,153,63.4,4.65,485.05
8931,731.7,2.94,306,41.3,5.23,490.41
8932,758.8,2.43,445,38.2,3.64,523.34
8933,751.1,2.89,377,69.2,6.05,530.96
8934,700.7,2.67,350,77.8,2.92,465.8
8935,781.3,2.32,254,68.4,4.98,534.66
8936,747.6,0.69,263,78.2,5.76,541.58
8937,700.6,0.62,373,60.2,5.08,541.34
8938,862.0,2.59,409,76.5,4.53,579.76
8939,773.8,1.72,14,64.5,6.1,509.71
8940,742.3,2.54,417,75.4,4.31,534.21
8941,820.8,1.28,436,38.1,6.68,583.3
8942,842.1,1.49,458,70.8,4.79,576.62
8943,742.7,2.25,275,39.8,4.75,490.16
8944,767.4,2.79,248,31.4,5.73,512.22
8945,700.6,0.72,259,55.9,4.69,527.59
8946,742.6,2.65,452,45.9,5.1,522.06
8947,740.0,2.48,300,32.2,5.57,514.79
8948,759.2,1.29,40,79.0,3.77,502.0
8949,766.6,1.39,129,63.3,5.61,518.98
8950,778.0,0.62,88,75.1,3.31,501.69
8951,761.9,0.54,404,80.0,4.99,567.31
8952,689.5,1.69,18,49.6,4.64,466.97
8953,703.1,0.74,459,42.7,3.69,526.97
8954,722.7,0.99,53,39.2,6.69,499.99
8955,735.9,2.62,381,55.8,5.17,510.18
8956,802.5,1.93,231,60.3,4.35,525.61
8957,691.9,2.08,153,53.6,5.14,469.02
8958,732.1,0.97,129,49.4,7.49,526.84
8959,797.7,2.57,441,38.4,4.0,535.37
8960,735.0,2.67,62,52.1,5.66,484.33
8961,773.0,1.81,74,34.3,4.09,483.22
8962,743.0,2.78,185,73.3,5.48,499.49
8963,762.8,2.61,79,32.3,4.34,478.2
8964,738.6,2.33,311,49.0,4.84,503.05
8965,783.4,2.34,130,35.0,5.16,508.71
8966,672.7,0.76,386,68.7,6.32,519.6
8967,731.8,1.18,212,45.6,3.53,510.38
8968,764.8,0.67,298,35.7,6.7,559.99
8969,776.7,0.52,189,56.6,3.08,530.17
8970,824.6,0.9,90,75.8,5.33,551.91
8971,730.4,2.7,64,75.4,5.06,474.43
8972,824.0,1.1,188,42.5,4.87,541.66
8973,717.0,2.93,107,66.0,5.04,462.55
8974,816.4,1.99,119,31.5,5.52,511.31
8975,790.9,1.09,433,36.6,5.46,568.0
8976,704.3,1.74,162,55.0,4.82,491.98
8977,765.4,1.05,456,41.4,5.7,549.98
8978,747.4,2.96,415,69.9,4.77,532.98
8979,781.3,2.62,483,76.6,5.09,536.93
8980,738.8,0.57,134,30.2,6.16,528.44
8981,734.6,2.87,100,41.6,6.19,474.08
8982,818.5,2.3,303,52.0,6.05,565.4
8983,745.1,0.71,402,58.2,3.97,548.81
8984,791.3,2.18,46,75.8,5.43,540.51
8985,738.7,2.12,14,74.6,5.46,481.12
8986,833.3,1.05,347,61.9,6.77,571.53
8987,716.1,2.4,159,42.9,5.79,466.36
8988,719.3,0.72,375,69.2,4.37,530.27
8989,826.2,1.72,405,40.1,4.62,565.53
8990,727.8,0.52,325,78.3,2.46,512.02
8991,830.1,2.92,181,30.3,4.92,524.5
8992,794.6,2.38,415,58.5,4.63,554.58
8993,742.3,0.9,271,34.4,4.48,525.58
8994,659.3,1.35,493,50.4,4.22,503.67
8995,749.0,0.9,36,61.7,6.54,510.43
8996,755.1,2.42,64,64.5,2.31,475.26
8997,808.4,0.65,408,69.3,3.73,585.84
8998,829.4,2.6,329,59.7,7.39,565.44
8999,715.8,2.86,258,42.6,5.98,479.94
9000,790.1,2.19,282,74.5,5.31,551.84
9001,788.3,1.03,268,70.6,5.0,554.81
9002,803.7,1.4,275,38.0,4.41,543.67
9003,774.9,1.69,200,71.3,3.72,533.99
9004,652.9,2.01,72,78.6,5.37,439.66
9005,742.2,2.17,354,61.9,5.8,526.58
9006,692.2,1.89,455,44.1,4.31,509.18
9007,739.9,1.38,350,60.3,3.18,536.51
9008,799.0,2.73,113,47.1,5.66,511.55
9009,765.3,0.7,402,63.8,5.78,562.37
9010,807.4,1.67,417,57.2,5.83,574.34
9011,767.1,2.44,297,76.5,4.84,531.81
9012,685.1,0.65,268,60.9,2.84,501.99
9013,624.0,2.26,170,40.7,3.77,444.23
9014,757.4,2.55,180,66.3,6.29,495.09
9015,739.3,2.15,118,45.0,3.65,469.2
9016,701.2,0.53,149,43.6,5.7,513.46
9017,665.0,0.95,102,49.6,3.98,466.08
9018,713.3,1.36,478,30.6,3.88,522.93
9019,740.3,1.08,112,78.5,6.83,521.8
9020,783.3,2.91,235,56.6,6.86,531.9
9021,759.4,2.13,362,68.7,5.16,531.94
9022,830.4,1.24,169,42.9,4.52,549.25
9023,698.2,2.82,413,67.3,6.03,514.62
9024,794.1,2.35,204,58.4,3.42,513.49
9025,752.4,1.21,333,51.2,6.21,548.73
9026,784.7,1.45,154,78.5,7.02,547.44
9027,728.2,1.0,251,54.7,5.58,539.81
9028,803.6,2.93,474,62.9,3.84,554.1
9029,764.8,1.79,412,30.8,6.52,550.42
9030,716.0,2.74,141,45.1,5.31,483.02
9031,749.4,1.37,102,74.4,4.86,529.11
9032,738.0,2.65,282,67.9,4.03,488.39
9033,774.5,0.63,201,56.8,3.86,523.22
9034,691.0,2.96,31,75.0,6.15,462.15
9035,748.5,2.78,203,54.3,4.92,498.01
9036,769.8,1.41,179,58.3,4.91,517.71
9037,751.7,2.44,469,49.1,5.13,540.88
9038,817.3,2.38,438,61.0,3.05,545.0
9039,788.7,2.75,20,46.0,4.98,500.82
9040,749.6,1.27,190,49.3,4.99,509.13
9041,760.8,1.66,241,78.3,6.5,532.61
9042,764.8,2.66,453,35.6,5.83,535.12
9043,770.2,2.45,38,35.3,3.79,473.93
9044,658.7,1.48,29,32.2,4.61,435.97
9045,734.9,2.61,14,46.0,6.05,477.22
9046,675.8,0.62,418,49.9,3.7,502.34
9047,813.9,2.46,43,34.7,6.7,539.14
9048,747.0,1.02,149,57.5,4.96,514.67
9049,740.3,1.22,37,59.2,5.54,504.85
9050,794.8,1.73,107,67.6,4.56,507.75
9051,771.1,1.62,271,78.8,4.54,539.01
9052,693.6,1.8,255,61.0,4.08,477.59
9053,746.5,1.86,28,35.6,6.54,505.01
9054,733.2,1.33,21,34.4,5.59,473.22
9055,662.8,0.94,34,68.9,4.03,459.4
9056,715.5,2.42,22,62.5,5.71,482.8
9057,740.8,1.5,474,38.1,5.94,549.51
9058,744.3,1.76,85,42.7,6.08,499.69
9059,675.9,2.11,268,67.5,5.28,499.79
9060,807.6,2.77,33,58.3,5.17,496.14
9061,744.9,2.27,17,59.3,4.07,460.91
9062,751.9,0.61,377,40.5,6.33,547.94
9063,770.0,2.6,237,61.5,5.67,509.45
9064,710.6,2.97,385,68.5,5.99,513.62
9065,772.8,1.68,132,74.3,3.12,500.48
9066,731.6,2.92,99,66.8,5.96,494.5
9067,705.2,1.87,310,58.8,5.03,508.55
9068,778.7,1.65,465,63.7,5.83,570.6
9069,824.6,1.33,233,54.3,3.8,527.59
9070,786.2,2.14,233,41.3,6.81,543.58
9071,796.1,1.07,266,74.1,4.35,562.11
9072,724.0,0.76,12,56.6,6.15,503.3
9073,670.1,0.57,330,59.7,4.8,498.65
9074,824.5,1.23,280,79.5,6.85,568.75
9075,852.7,1.49,315,79.3,5.3,594.0
9076,827.1,1.88,157,59.3,6.88,557.16
9077,733.2,1.23,396,31.7,4.93,515.24
9078,692.3,2.96,198,49.8,3.89,460.23
9079,696.7,1.23,408,76.9,5.3,528.08
9080,665.8,1.6,196,44.4,4.87,487.52
9081,744.6,0.76,447,80.0,4.4,546.66
9082,830.3,1.15,197,34.2,6.24,565.34
9083,742.9,0.62,133,58.4,3.65,518.45
9084,765.1,1.9,46,55.8,6.91,518.61
9085,818.8,2.38,158,42.8,4.81,521.73
9086,729.8,0.99,115,77.4,3.64,494.28
9087,851.8,1.42,112,61.0,5.39,553.39
9088,849.6,0.54,416,41.5,5.18,593.47
9089,743.4,2.6,386,49.2,4.85,508.37
9090,721.1,2.45,241,66.1,4.37,501.7
9091,784.9,0.66,364,44.9,6.31,582.33
9092,732.6,1.41,155,74.0,5.54,519.99
9093,692.2,2.89,26,38.3,4.51,441.39
9094,814.1,1.48,168,43.2,5.4,542.88
9095,810.8,1.82,457,37.2,4.22,541.92
9096,757.8,1.39,313,35.2,5.98,544.32
9097,686.9,1.99,291,45.0,7.1,505.9
9098,688.5,2.95,287,80.0,6.11,479.98
9099,755.4,2.99,134,34.7,4.34,487.21
9100,725.0,2.44,182,40.7,4.04,474.39
9101,732.9,1.51,429,43.6,5.1,540.38
9102,801.1,1.74,329,61.0,3.39,542.33
9103,786.7,1.39,172,67.3,5.91,531.8
9104,818.9,2.96,212,67.6,5.67,542.1
9105,700.5,2.27,484,30.4,4.85,501.4
9106,732.8,1.62,491,62.6,4.71,523.42
9107,787.9,0.53,347,61.5,4.89,572.62
9108,772.4,1.8,164,55.9,6.56,532.0
9109,826.6,2.96,333,49.0,4.59,539.92
9110,771.0,1.81,410,69.9,3.8,546.34
9111,842.4,0.96,463,47.2,4.22,576.44
9112,777.0,0.56,499,41.5,5.99,572.9
9113,803.1,1.39,404,45.5,4.04,543.62
9114,733.8,2.8,270,52.0,6.2,501.59
9115,750.7,2.99,195,40.7,4.8,490.68
9116,795.5,2.86,386,60.4,3.21,544.16
9117,830.6,2.32,475,74.2,5.75,580.97
9118,786.5,1.9,66,59.8,4.73,510.13
9119,745.8,1.98,226,52.3,5.37,497.48
9120,818.9,1.85,467,69.8,4.38,565.98
9121,640.4,2.27,498,67.4,6.23,483.13
9122,678.9,1.55,217,48.4,5.45,509.51
9123,784.1,2.17,211,60.2,7.17,522.69
9124,750.7,0.8,83,66.5,5.71,515.76
9125,780.3,1.16,493,42.3,4.77,562.58
9126,753.2,2.59,94,48.3,4.14,496.32
9127,778.5,2.76,129,35.3,3.58,485.9
9128,709.3,1.85,23,79.4,4.87,461.39
9129,778.5,0.58,337,34.3,4.91,549.36
9130,799.7,2.82,138,38.4,6.59,520.35
9131,811.0,2.26,409,54.0,4.59,546.19
9132,850.7,1.54,291,73.3,6.01,576.62
9133,762.2,2.0,58,47.8,4.89,485.31
9134,763.7,1.57,435,68.4,6.89,560.12
9135,673.8,1.66,463,63.8,3.43,489.66
9136,723.4,2.72,368,61.9,6.35,509.38
9137,740.3,0.9,251,72.3,4.5,522.64
9138,802.5,0.76,331,30.7,5.89,574.52
9139,719.4,0.51,62,76.5,6.57,505.6
9140,789.8,1.29,274,71.5,4.65,538.06
9141,749.9,0.87,78,76.9,3.9,506.52
9142,741.1,1.05,49,69.7,3.81,498.49
9143,762.4,0.53,193,73.9,4.15,546.67
9144,730.4,1.07,142,40.2,2.57,488.43
9145,728.5,1.33,65,46.0,4.77,489.08
9146,664.8,0.58,376,45.8,5.65,514.57
9147,737.6,2.02,465,35.5,5.25,529.48
9148,726.0,1.92,264,66.5,4.62,493.63
9149,724.2,0.74,14,36.8,4.11,484.34
9150,770.8,1.99,78,32.6,4.43,487.61
9151,782.9,3.0,61,68.8,5.28,498.02
9152,761.6,2.86,474,75.2,5.83,535.51
9153,799.8,0.51,338,68.2,3.5,558.48
9154,778.8,2.49,107,71.3,5.16,498.15
9155,735.2,1.38,170,59.8,5.27,515.41
9156,726.9,0.66,415,74.4,4.06,537.33
9157,765.6,1.24,478,54.8,5.55,565.7
9158,778.7,1.3,280,79.4,5.93,550.17
9159,819.9,1.81,74,35.2,4.43,523.8
9160,809.6,2.15,336,70.5,4.13,548.46
9161,722.9,2.37,416,62.1,7.16,527.47
9162,744.9,1.11,252,59.0,5.8,523.46
9163,783.6,1.3,376,66.3,5.18,567.32
9164,803.4,1.27,271,72.0,4.33,526.65
9165,796.9,1.41,221,73.1,4.23,551.76
9166,746.8,3.0,451,38.8,5.57,514.73
9167,687.3,2.44,163,39.9,4.18,463.99
9168,700.1,2.94,243,30.8,4.13,466.43
9169,763.6,2.23,149,36.6,4.87,494.73
9170,767.1,1.52,342,43.2,5.64,544.97
9171,695.1,1.47,124,66.1,6.76,499.98
9172,752.2,1.72,378,53.8,5.24,543.46
9173,781.6,1.54,342,67.9,4.18,534.21
9174,692.4,2.57,139,54.3,4.73,469.93
9175,805.2,1.66,425,57.8,6.3,556.84
9176,731.1,1.24,187,35.6,6.2,520.06
9177,812.9,2.44,104,68.8,6.25,531.77
9178,723.3,2.64,326,67.9,6.01,517.54
9179,698.7,1.55,404,45.4,6.91,535.51
9180,727.1,2.17,110,46.4,5.21,498.04
9181,745.2,0.65,205,41.0,5.75,530.26
9182,730.6,1.82,299,70.7,4.19,501.67
9183,739.2,0.61,217,67.4,5.23,548.68
9184,766.7,0.57,104,60.5,5.27,532.19
9185,741.4,2.03,482,41.9,5.79,549.08
9186,746.7,1.26,112,38.6,4.37,493.22
9187,664.5,2.36,17,32.5,3.43,418.72
9188,769.6,2.74,145,32.3,4.42,489.39
9189,745.5,0.85,107,39.4,6.06,522.3
9190,830.5,2.31,408,35.0,4.79,560.23
9191,703.0,1.79,270,57.8,5.47,492.88
9192,659.6,0.78,156,47.9,4.4,488.42
9193,780.9,2.13,467,52.2,6.04,547.95
9194,767.3,2.02,402,59.7,4.89,543.01
9195,699.6,1.79,194,63.0,4.88,488.73
9196,673.5,2.82,447,62.4,6.33,529.09
9197,826.9,1.8,422,43.0,6.58,578.08
9198,820.7,2.98,241,70.5,6.35,532.87
9199,625.6,1.77,110,75.9,4.67,453.34
9200,727.1,0.79,156,45.8,4.41,497.98
9201,833.2,1.68,214,30.9,4.09,548.55
9202,726.2,0.96,55,75.0,3.51,496.33
9203,725.5,1.99,113,76.2,4.07,490.89
9204,735.9,2.23,345,32.5,4.15,494.74
9205,694.0,1.67,455,30.2,3.74,509.84
9206,664.8,0.74,231,70.8,3.48,506.11
9207,802.6,1.67,453,45.1,3.7,549.41
9208,657.9,0.7,127,75.7,4.95,479.83
9209,762.4,2.21,14,40.8,5.44,486.64
9210,794.3,2.48,426,73.1,5.35,552.07
9211,677.4,2.91,220,33.4,4.48,455.38
9212,703.8,0.87,64,43.0,4.65,481.82
9213,810.7,1.83,28,78.7,5.37,525.46
9214,776.6,1.92,410,41.6,5.19,535.51
9215,719.1,2.81,97,36.7,5.56,481.42
9216,810.1,2.07,256,72.9,4.04,540.53
9217,810.3,0.86,126,35.9,6.73,562.73
9218,763.5,1.59,485,34.9,5.63,560.48
9219,705.0,2.14,179,46.2,5.74,460.4
9220,729.3,2.25,494,61.8,3.94,531.7
9221,764.3,2.66,159,65.5,3.92,500.92
9222,740.6,0.95,304,74.1,4.3,532.98
9223,796.9,2.88,217,57.0,5.74,546.19
9224,673.5,0.65,390,49.7,3.84,515.64
9225,675.3,2.96,492,47.9,5.45,506.91
9226,759.0,2.64,292,72.3,6.46,512.98
9227,725.4,2.15,341,66.2,4.29,521.55
9228,718.6,2.34,183,75.3,4.06,490.34
9229,661.6,0.68,136,78.2,4.27,466.28
9230,751.0,0.6,165,45.0,4.84,524.34
9231,747.4,0.75,189,56.5,5.95,515.58
9232,782.7,0.72,458,61.6,6.01,589.7
9233,753.4,1.87,432,38.2,5.8,543.49
9234,743.4,1.04,387,32.7,3.06,513.57
9235,808.9,2.65,411,73.4,4.81,559.87
9236,684.4,1.61,96,56.8,4.12,457.0
9237,776.8,2.24,415,58.5,5.4,547.49
9238,666.4,2.13,333,57.7,5.9,503.54
9239,708.1,1.3,276,67.7,4.5,504.04
9240,689.4,1.11,91,37.3,6.92,483.14
9241,789.1,1.36,73,60.7,4.09,524.31
9242,746.7,2.49,128,53.5,5.53,495.52
9243,749.3,1.97,464,74.8,7.14,582.78
9244,694.7,1.13,350,56.0,5.92,527.17
9245,735.0,2.54,322,77.1,5.59,525.71
9246,711.8,0.64,172,47.7,4.83,507.97
9247,769.2,2.25,302,78.3,5.61,541.46
9248,700.4,1.6,187,73.8,4.45,495.99
9249,816.5,2.33,386,59.2,6.13,572.48
9250,666.2,2.82,39,47.7,4.28,419.3
9251,709.7,2.38,410,48.8,4.75,496.85
9252,833.9,1.6,170,68.6,4.16,550.78
9253,728.2,0.88,409,59.0,4.66,538.86
9254,684.3,2.52,408,50.1,4.54,482.58
9255,761.0,1.65,406,61.8,2.98,530.21
9256,726.2,0.69,496,66.7,5.03,571.53
9257,708.2,2.3,12,31.1,4.52,453.74
9258,695.2,1.23,33,34.5,3.69,462.56
9259,888.4,0.62,416,34.7,4.32,610.34
9260,737.4,2.76,68,41.6,5.36,468.45
9261,653.7,1.71,246,51.3,3.23,457.81
9262,824.7,1.2,249,70.2,4.84,540.8
9263,780.6,2.29,320,47.6,6.15,530.05
9264,711.7,2.71,330,30.9,4.57,485.0
9265,703.3,0.5,169,54.2,6.46,505.81
9266,783.7,2.22,490,79.8,6.08,569.59
9267,737.7,2.42,69,47.5,5.36,478.42
9268,653.7,1.02,249,78.1,4.98,503.84
9269,839.4,1.72,423,35.1,5.01,594.28
9270,728.3,0.72,331,38.7,5.49,532.44
9271,824.8,2.37,411,66.2,7.0,584.75
9272,813.9,2.62,68,55.1,5.5,527.74
9273,699.9,0.77,62,68.3,6.49,503.03
9274,801.7,2.54,73,73.2,3.84,506.57
9275,717.4,2.43,130,42.6,4.46,456.6
9276,656.7,1.37,128,64.1,5.02,474.18
9277,728.8,2.23,295,60.4,6.34,531.67
9278,769.9,0.5,27,73.1,3.21,496.58
9279,726.9,2.83,14,51.5,8.0,470.62
9280,734.6,1.88,334,32.6,5.0,526.04
9281,807.2,2.05,401,58.7,6.18,564.65
9282,755.3,2.16,402,77.9,4.98,529.72
9283,707.8,1.9,169,30.7,4.18,474.46
9284,785.1,2.64,385,42.0,6.71,541.97
9285,759.9,2.02,151,45.8,4.81,491.76
9286,623.9,2.77,406,68.3,4.28,446.13
9287,771.4,1.96,27,46.2,5.38,516.29
9288,769.6,0.93,77,42.0,5.6,536.38
9289,751.0,2.78,123,62.4,5.33,489.42
9290,794.6,2.2,31,32.3,5.42,528.61
9291,716.4,2.25,29,38.5,5.38,480.75
9292,766.8,2.96,408,50.4,6.23,534.68
9293,671.7,0.69,272,47.8,5.06,522.22
9294,770.4,1.57,470,47.4,4.35,527.91
9295,847.7,1.1,107,35.4,5.72,553.19
9296,700.3,2.08,114,48.0,2.54,468.8
9297,712.0,2.52,295,69.9,5.6,499.67
9298,714.5,2.92,14,50.7,6.51,479.15
9299,756.5,1.64,138,59.3,5.76,506.36
9300,696.8,2.47,453,38.2,3.41,482.79
9301,771.1,2.79,168,33.5,6.44,512.3
9302,792.3,2.21,260,74.0,4.45,537.53
9303,776.7,1.11,285,46.6,5.2,545.0
9304,661.6,2.02,92,47.5,6.29,459.67
9305,799.8,2.92,329,73.9,4.38,522.0
9306,796.9,2.97,127,65.4,5.14,532.97
9307,791.5,2.11,457,67.8,3.7,551.27
9308,768.6,2.72,38,64.1,4.81,497.6
9309,761.0,1.0,367,35.3,3.83,542.75
9310,801.6,1.12,147,77.9,5.48,542.89
9311,846.2,2.88,166,75.5,3.55,527.06
9312,702.3,0.84,40,41.8,4.91,472.73
9313,803.9,0.98,340,70.2,4.43,570.76
9314,745.7,1.55,480,50.5,4.28,537.35
9315,743.5,1.97,295,64.2,6.1,544.61
9316,673.2,2.01,162,38.3,3.93,439.13
9317,735.8,1.23,345,56.9,4.46,531.23
9318,700.1,2.8,67,36.3,5.19,479.75
9319,726.8,2.79,322,56.8,5.64,498.68
9320,695.1,1.48,96,42.2,3.19,461.4
9321,727.6,1.59,132,52.6,4.82,490.04
9322,729.7,2.26,200,63.4,5.76,512.26
9323,754.8,2.16,362,73.9,6.66,525.78
9324,669.3,1.46,380,38.3,5.03,485.2
9325,677.7,1.54,302,74.7,3.6,477.48
9326,768.1,1.37,323,49.5,4.99,547.47
9327,710.1,1.09,37,72.2,4.52,482.31
9328,803.7,1.65,164,55.6,5.34,529.54
9329,761.3,2.22,463,73.1,6.84,565.36
9330,780.3,2.35,239,63.1,3.83,515.15
9331,820.5,2.45,46,55.4,6.1,521.76
9332,734.5,1.44,15,45.6,5.9,487.31
9333,721.3,2.41,482,78.4,5.65,524.86
9334,793.6,0.52,470,70.0,5.26,602.22
9335,775.5,1.69,327,49.1,7.07,570.2
9336,740.6,2.48,234,38.3,6.29,494.08
9337,819.6,2.08,42,69.0,4.42,513.59
9338,739.4,1.69,98,79.5,5.05,506.47
9339,751.6,2.11,343,43.9,3.91,502.95
9340,751.1,2.77,49,75.8,6.39,503.02
9341,703.3,1.92,178,36.3,5.05,483.23
9342,753.9,2.5,384,77.6,3.08,521.75
9343,819.8,2.95,307,67.3,2.54,543.1
9344,772.2,2.26,495,47.3,4.44,525.87
9345,751.6,1.93,402,45.2,4.16,538.82
9346,741.9,0.59,27,62.2,4.56,497.32
9347,766.5,1.44,24,59.7,4.79,508.89
9348,787.5,1.91,141,75.9,6.3,540.79
9349,780.5,2.49,299,68.3,6.42,555.55
9350,733.4,1.6,327,57.0,7.23,542.05
9351,766.2,2.9,303,76.4,6.71,526.04
9352,774.0,1.18,218,59.6,5.63,542.42
9353,699.6,2.36,336,72.5,3.6,505.8
9354,758.4,1.55,489,72.0,5.8,567.98
9355,641.9,1.71,288,76.0,3.42,460.59
9356,774.1,2.51,391,33.4,5.33,530.2
9357,783.0,1.24,285,59.2,3.51,535.58
9358,787.4,0.74,449,53.4,6.94,591.11
9359,730.2,1.8,318,54.5,5.38,519.39
9360,765.5,1.82,395,53.0,4.79,548.85
9361,821.2,2.49,286,71.9,4.55,563.9
9362,820.7,2.92,85,45.9,4.96,519.34
9363,748.5,0.64,307,53.1,4.27,540.36
9364,757.0,1.98,322,40.0,4.67,530.11
9365,805.5,2.2,387,42.6,3.0,539.03
9366,675.0,2.96,442,63.0,4.08,484.77
9367,733.8,2.86,356,35.8,3.84,486.33
9368,816.8,2.28,121,39.4,5.52,519.35
9369,798.8,1.8,275,56.4,5.03,542.69
9370,768.5,0.9,81,32.2,5.87,523.41
9371,674.7,1.46,326,36.3,4.58,500.72
9372,747.5,1.96,30,73.2,5.11,491.75
9373,720.5,2.31,197,72.3,2.97,473.55
9374,766.6,2.09,130,47.4,5.91,514.54
9375,709.5,2.29,351,47.4,6.27,516.98
9376,698.7,1.57,150,76.8,5.65,490.79
9377,646.8,2.32,313,31.3,4.12,449.98
9378,811.1,0.86,433,59.0,5.55,592.93
9379,730.0,0.91,456,59.9,5.18,547.86
9380,757.9,0.91,213,69.4,3.04,528.46
9381,749.9,2.73,218,77.6,6.24,518.39
9382,696.6,0.69,18,47.8,3.93,470.43
9383,687.0,2.5,194,51.9,5.58,464.06
9384,699.7,1.08,444,63.6,5.03,531.2
9385,713.8,1.67,378,78.4,6.35,525.78
9386,768.3,2.79,385,74.5,4.14,511.59
9387,710.2,1.96,305,63.4,4.49,516.42
9388,837.3,1.03,341,72.8,5.69,584.47
9389,801.4,1.21,210,34.3,4.4,543.09
9390,790.4,2.8,73,48.9,6.42,498.67
9391,744.0,1.57,359,30.7,4.24,511.45
9392,825.7,1.97,335,38.9,5.59,551.96
9393,739.1,1.65,329,61.5,5.0,532.57
9394,748.4,1.45,34,74.3,4.34,499.55
9395,758.5,1.06,421,61.6,6.32,552.34
9396,785.1,2.22,403,63.2,3.95,524.09
9397,781.8,2.3,498,35.2,5.53,558.2
9398,726.2,1.19,165,63.2,2.5,499.39
9399,723.4,2.47,230,52.7,5.32,507.58
9400,782.0,2.64,301,62.6,6.22,529.68
9401,785.8,2.8,148,46.3,4.85,498.35
9402,730.3,0.9,30,59.1,5.21,503.04
9403,670.6,1.26,495,51.2,6.71,538.06
9404,739.6,2.65,163,57.9,6.06,501.12
9405,781.2,1.0,411,37.4,2.77,535.12
9406,840.3,0.51,77,49.8,4.46,554.84
9407,690.1,2.68,50,48.7,4.71,450.2
9408,728.7,1.32,24,66.8,5.31,494.84
9409,730.5,1.54,288,65.3,4.94,527.43
9410,817.8,1.62,178,75.4,4.48,553.12
9411,748.3,2.62,143,61.6,4.41,490.97
9412,704.6,1.34,208,45.7,3.56,486.58
9413,777.9,2.73,247,69.2,3.99,508.4
9414,729.8,2.04,453,54.8,5.84,536.83
9415,688.8,1.82,121,39.7,3.95,468.27
9416,705.4,1.31,472,67.4,4.2,531.91
9417,836.7,1.11,61,36.6,3.54,521.0
9418,769.2,2.06,146,38.9,5.38,502.26
9419,755.4,1.62,264,67.9,5.96,528.67
9420,737.5,2.78,124,68.5,6.16,506.03
9421,764.6,1.73,167,69.5,4.61,498.12
9422,764.0,1.78,309,44.7,4.94,513.79
9423,764.6,1.54,455,73.3,5.03,550.5
9424,755.7,2.47,436,66.1,4.58,538.33
9425,793.4,1.56,421,71.7,5.33,564.71
9426,751.2,1.17,487,65.4,6.13,559.12
9427,701.1,2.66,273,59.0,6.0,497.65
9428,719.4,1.99,364,35.5,4.83,511.55
9429,651.0,1.98,316,65.5,4.47,483.41
9430,851.3,2.03,108,64.5,3.85,548.08
9431,793.1,2.3,130,45.6,3.26,509.42
9432,708.5,1.28,99,66.8,5.54,500.85
9433,735.9,0.58,39,57.5,5.0,503.17
9434,718.2,2.53,492,58.0,5.01,525.67
9435,827.1,0.82,239,48.4,7.45,579.9
9436,679.0,2.3,148,35.8,6.59,482.69
9437,755.7,0.71,263,40.8,5.04,529.05
9438,744.6,1.44,413,68.4,5.21,536.84
9439,791.3,0.66,40,43.6,3.89,524.45
9440,744.8,1.81,171,30.1,5.65,489.67
9441,662.1,2.13,405,79.9,5.23,493.05
9442,737.4,0.93,441,40.5,4.12,541.95
9443,701.4,1.43,165,62.8,5.25,493.44
9444,754.0,2.83,332,76.3,6.04,525.83
9445,821.7,1.61,126,60.0,7.07,545.32
9446,663.0,2.51,200,70.0,3.49,442.16
9447,710.0,2.82,185,78.8,3.86,470.09
9448,722.4,2.94,435,73.0,4.9,498.06
9449,730.9,2.75,445,57.9,5.23,519.89
9450,787.0,1.29,14,48.2,6.68,536.67
9451,741.3,2.91,342,54.1,6.23,527.94
9452,770.8,2.53,21,72.1,2.93,479.69
9453,718.7,2.59,68,72.7,4.58,471.75
9454,761.5,0.54,330,72.3,3.48,541.0
9455,788.9,2.89,317,59.9,3.69,516.6
9456,713.4,2.45,308,53.8,5.58,493.63
9457,789.1,2.42,259,45.6,5.14,519.31
9458,752.6,0.7,348,30.2,6.66,539.03
9459,802.3,1.08,102,68.2,3.59,533.06
9460,739.9,2.91,328,43.8,4.97,500.82
9461,769.1,1.75,120,46.5,4.46,521.82
9462,748.0,1.49,315,72.2,6.57,540.62
9463,745.2,2.6,377,32.6,4.1,504.5
9464,762.9,0.72,304,76.4,5.22,558.82
9465,776.8,1.54,435,30.1,3.61,540.65
9466,687.5,1.44,482,77.0,6.45,538.96
9467,821.7,1.37,345,52.7,6.84,597.91
9468,657.0,1.27,26,35.1,4.3,436.68
9469,715.8,1.03,229,63.7,4.18,511.32
9470,745.3,0.93,496,74.8,5.26,560.45
9471,770.6,2.1,308,51.9,4.18,519.49
9472,828.8,2.8,314,64.6,6.15,559.39
9473,657.1,1.77,14,79.0,5.46,455.85
9474,724.6,1.24,138,42.0,6.27,506.33
9475,643.7,0.9,332,71.0,3.92,473.26
9476,751.6,2.58,121,44.8,3.62,484.07
9477,763.6,2.93,33,51.3,5.37,468.2
9478,829.5,1.37,38,44.1,6.69,558.03
9479,756.0,1.23,408,52.3,4.06,537.35
9480,802.2,2.0,141,30.3,5.46,530.22
9481,779.2,2.44,53,45.2,4.34,466.77
9482,728.2,1.64,330,52.3,6.06,526.93
9483,679.6,2.08,385,61.6,4.12,491.12
9484,763.8,2.29,216,61.9,5.28,507.69
9485,675.4,2.9,391,59.2,6.12,501.91
9486,814.8,0.91,225,44.7,3.66,536.71
9487,741.9,2.99,253,77.4,5.6,498.41
9488,809.8,1.48,40,49.6,4.64,515.61
9489,726.0,2.31,413,40.8,5.85,530.13
9490,763.4,1.93,275,57.7,5.37,530.09
9491,760.5,1.72,20,67.4,4.58,498.11
9492,747.7,2.25,91,30.6,4.91,489.83
9493,728.4,1.49,491,43.8,3.16,520.23
9494,769.6,0.82,165,71.2,5.87,550.83
9495,703.7,1.72,175,55.4,6.9,507.75
9496,689.5,1.8,217,50.4,4.46,487.33
9497,812.1,1.0,33,76.5,4.96,528.69
9498,786.4,2.84,304,34.5,6.57,533.1
9499,753.3,1.07,384,60.8,3.21,540.03
9500,833.3,1.52,188,47.1,5.5,569.7
9501,736.6,0.89,341,33.5,6.67,553.57
9502,816.1,1.84,59,40.7,4.37,523.92
9503,758.8,1.27,499,61.4,4.46,541.54
9504,698.8,1.72,16,31.4,6.33,469.57
9505,842.4,1.06,109,59.6,3.91,549.98
9506,799.5,0.63,90,77.8,5.86,538.06
9507,743.9,2.45,250,69.8,5.38,515.17
9508,786.4,2.1,333,47.3,6.14,543.07
9509,729.8,1.35,190,36.9,4.87,498.78
9510,791.5,0.62,302,53.3,6.54,572.68
9511,630.4,2.66,490,49.6,4.62,477.78
9512,699.0,0.92,92,78.6,3.53,488.75
9513,799.0,2.83,63,79.5,3.46,483.17
9514,737.5,1.7,99,50.5,3.91,493.56
9515,760.4,1.35,448,37.4,5.68,559.65
9516,682.7,2.35,212,75.5,4.25,469.91
9517,842.4,2.69,40,69.7,4.98,532.81
9518,809.5,1.43,202,55.6,5.09,527.55
9519,740.0,1.52,497,48.3,4.23,539.52
9520,729.8,1.58,109,52.4,5.16,489.18
9521,801.5,2.81,358,75.1,5.94,540.3
9522,849.1,2.23,98,39.2,5.04,518.2
9523,797.7,1.12,452,70.3,5.92,590.62
9524,858.6,0.96,132,30.9,4.62,559.92
9525,703.9,1.08,383,76.0,5.27,542.3
9526,709.0,1.16,56,55.0,5.1,492.12
9527,690.6,1.08,442,41.3,6.07,526.59
9528,772.1,2.15,155,30.1,5.42,534.52
9529,758.8,0.79,12,58.0,4.36,512.76
9530,742.4,1.47,27,42.2,5.49,480.98
9531,790.5,2.06,323,61.6,4.04,532.03
9532,811.6,1.23,336,44.1,5.4,566.28
9533,673.7,0.66,485,34.4,4.97,519.68
9534,720.2,0.7,90,55.3,5.15,522.53
9535,791.0,0.81,162,58.2,4.96,537.05
9536,726.6,2.59,411,52.6,4.39,504.04
9537,710.1,2.14,317,52.9,4.27,502.42
9538,800.9,0.66,497,59.5,6.08,597.9
9539,685.5,1.48,308,56.3,6.88,513.57
9540,734.9,1.2,76,36.6,5.27,517.43
9541,766.4,1.95,98,39.9,5.03,515.48
9542,721.3,1.81,144,37.1,3.77,461.93
9543,789.2,1.7,376,64.7,3.24,557.21
9544,721.6,1.29,211,56.4,3.39,491.82
9545,820.4,0.84,437,51.5,5.53,600.25
9546,743.7,2.36,437,69.9,3.22,536.37
9547,783.6,2.7,188,46.3,5.66,522.47
9548,787.3,2.86,348,58.4,3.9,543.71
9549,718.6,0.65,88,33.7,5.16,505.0
9550,647.3,2.35,94,67.2,4.59,449.42
9551,768.0,2.32,30,64.8,3.94,494.18
9552,753.6,2.87,387,70.1,3.62,498.42
9553,777.8,1.13,174,74.2,3.28,518.33
9554,738.7,2.36,37,67.9,3.92,461.04
9555,728.5,0.64,246,72.2,7.22,545.38
9556,850.4,2.08,297,47.3,6.3,576.99
9557,676.4,1.38,194,47.2,5.18,481.32
9558,786.7,2.42,434,77.2,4.63,547.01
9559,721.3,2.66,319,75.7,4.41,485.81
9560,733.2,1.41,164,57.4,5.11,501.01
9561,734.1,1.81,132,48.3,4.43,505.45
9562,709.8,0.79,96,73.3,4.42,489.41
9563,778.6,1.54,211,46.2,5.49,527.36
9564,819.5,1.4,49,37.7,3.99,519.33
9565,773.5,0.96,178,62.0,2.52,515.67
9566,755.2,2.74,79,32.1,4.42,472.45
9567,700.7,0.87,289,49.0,6.45,510.06
9568,775.8,2.09,411,70.4,3.37,538.73
9569,857.8,2.73,339,44.8,3.76,568.11
9570,731.0,2.78,449,76.6,4.36,535.7
9571,731.2,2.48,408,77.8,3.4,501.98
9572,721.9,0.94,363,70.8,6.5,551.29
9573,725.5,2.54,337,79.4,5.1,537.31
9574,612.7,1.19,428,56.5,3.22,470.68
9575,770.3,2.81,36,58.5,4.87,487.37
9576,707.7,2.27,354,71.8,4.96,492.07
9577,669.5,2.46,140,54.6,4.76,465.7
9578,787.7,0.71,286,50.3,4.83,554.55
9579,695.9,1.96,386,60.7,4.87,497.73
9580,733.1,2.55,304,62.9,5.31,515.92
9581,823.3,2.65,297,67.5,5.37,558.68
9582,679.5,0.57,263,63.4,3.5,487.45
9583,673.4,2.85,443,67.3,5.06,476.66
9584,763.5,0.61,94,63.7,5.18,527.05
9585,807.5,2.04,18,54.0,4.39,512.68
9586,671.3,2.23,59,36.7,6.71,464.59
9587,770.4,0.77,10,69.3,4.92,527.06
9588,779.0,0.62,13,31.5,5.5,500.31
9589,647.0,2.46,13,79.6,4.55,424.24
9590,789.9,1.46,99,71.4,4.7,525.45
9591,793.8,0.77,171,63.5,5.34,531.87
9592,734.4,2.41,164,78.3,3.62,476.78
9593,812.6,2.62,24,60.6,5.75,508.0
9594,806.8,1.97,374,32.8,3.77,548.8
9595,755.2,0.9,41,58.0,5.88,528.8
9596,727.4,0.54,434,43.9,4.73,549.73
9597,701.4,2.25,464,48.5,7.06,548.44
9598,748.1,1.88,454,53.0,5.98,561.0
9599,778.5,2.13,72,68.7,5.99,523.01
9600,733.8,2.53,454,55.1,5.14,531.8
9601,640.1,1.59,373,53.7,6.01,487.6
9602,813.4,0.81,117,45.1,5.76,534.21
9603,759.5,2.85,23,57.0,3.06,454.91
9604,731.0,1.86,32,42.4,4.13,479.01
9605,792.9,2.04,120,43.0,4.07,502.82
9606,826.2,2.83,330,67.9,4.22,547.9
9607,609.9,2.83,169,47.1,4.74,406.07
9608,771.7,1.93,50,32.6,5.52,504.64
9609,678.7,1.24,291,47.2,6.17,497.43
9610,775.0,2.99,313,61.9,5.61,517.33
9611,756.4,2.2,466,70.7,6.24,570.68
9612,781.8,1.52,153,78.1,3.94,541.9
9613,725.0,1.9,424,67.3,4.5,512.97
9614,656.3,1.54,459,51.4,4.74,498.15
9615,727.5,2.72,297,45.0,4.33,489.03
9616,770.3,1.71,403,36.5,3.88,538.82
9617,800.8,2.56,162,61.4,5.39,517.86
9618,691.4,2.6,91,55.5,4.3,445.42
9619,801.4,2.56,374,63.9,5.81,555.4
9620,717.6,2.31,235,41.9,3.78,479.88
9621,768.1,2.64,486,46.2,5.86,554.4
9622,724.5,1.47,438,44.6,5.21,525.15
9623,759.1,0.79,161,69.9,5.22,528.86
9624,794.6,2.61,268,38.6,5.24,532.54
9625,688.6,1.75,327,60.4,4.92,499.17
9626,716.0,0.82,88,32.6,4.94,473.81
9627,759.2,0.79,204,57.5,4.73,545.1
9628,870.1,0.9,448,33.2,5.3,604.31
9629,706.8,2.38,232,38.8,5.55,486.41
9630,852.0,2.28,275,35.7,4.55,575.07
9631,850.2,1.01,239,47.3,6.39,603.39
9632,745.1,2.62,448,47.2,4.63,530.41
9633,735.1,1.2,159,71.3,4.3,495.39
9634,715.4,2.48,407,41.3,4.85,518.87
9635,746.6,1.72,466,34.3,4.23,512.9
9636,679.7,2.33,475,60.2,5.47,510.82
9637,746.2,1.45,145,64.4,4.86,504.21
9638,824.8,1.37,132,44.7,5.73,539.31
9639,719.4,2.6,367,60.1,4.94,508.1
9640,738.0,0.59,408,68.8,4.91,557.28
9641,664.9,2.94,119,47.4,4.59,448.11
9642,768.7,2.12,152,56.3,5.83,515.17
9643,763.2,1.58,445,37.3,4.76,540.82
9644,753.2,2.07,79,31.2,5.26,498.42
9645,739.2,0.81,63,79.1,6.05,528.03
9646,735.4,1.79,341,45.0,4.91,519.36
9647,775.1,2.96,435,43.9,4.9,520.56
9648,748.6,1.09,412,78.7,4.77,533.27
9649,765.7,2.31,49,66.4,5.19,503.1
9650,760.7,1.59,206,59.3,5.81,537.12
9651,806.2,2.13,36,65.0,5.78,518.51
9652,783.8,1.01,339,65.5,5.49,565.01
9653,759.6,1.68,308,68.2,6.21,556.62
9654,825.9,2.95,189,33.4,5.08,541.72
9655,771.0,0.99,55,50.6,6.4,521.8
9656,815.2,2.09,151,44.8,6.05,535.36
9657,780.3,1.94,329,33.5,4.35,531.41
9658,657.9,1.91,454,50.6,5.79,491.6
9659,815.2,2.04,107,60.8,3.14,489.53
9660,756.8,1.76,135,38.9,6.2,499.44
9661,747.4,0.54,67,45.3,4.93,506.75
9662,764.1,2.75,186,62.0,4.22,489.04
9663,732.8,2.57,216,59.0,3.25,471.35
9664,761.4,0.94,294,73.4,4.86,543.98
9665,720.4,1.53,163,69.6,6.22,510.91
9666,813.7,2.43,36,78.3,5.24,510.59
9667,744.3,2.95,460,59.9,4.6,503.82
9668,730.9,2.88,332,64.9,4.81,506.74
9669,703.8,2.75,172,73.0,6.33,498.69
9670,763.4,0.9,259,72.0,5.7,541.37
9671,759.4,2.79,197,65.9,4.96,498.31
9672,769.4,2.7,454,55.0,5.93,552.49
9673,698.6,1.44,492,43.7,5.79,542.43
9674,669.9,1.49,379,73.9,4.11,493.42
9675,781.3,1.65,463,68.8,4.65,558.08
9676,824.2,2.14,343,71.9,6.42,587.25
9677,698.7,1.15,99,37.0,5.68,495.35
9678,829.5,0.56,140,45.7,6.77,559.25
9679,764.2,0.85,426,51.2,5.6,545.5
9680,749.6,1.6,307,71.9,4.29,521.83
9681,730.1,1.21,22,74.6,4.98,484.36
9682,680.8,2.41,38,44.2,5.79,459.71
9683,799.4,0.77,274,64.3,4.99,566.69
9684,711.2,2.79,41,33.9,5.06,457.16
9685,711.0,2.74,159,50.5,7.04,482.34
9686,799.6,2.77,95,54.3,4.76,491.0
9687,655.9,2.35,67,68.3,5.32,456.85
9688,673.8,0.77,66,74.6,5.26,491.23
9689,749.1,1.6,491,46.9,5.91,565.05
9690,764.7,0.83,403,56.4,5.26,555.93
9691,774.2,2.97,34,62.4,5.13,486.21
9692,734.9,1.33,199,46.4,7.02,534.02
9693,876.5,1.96,456,79.3,4.9,601.34
9694,738.6,2.45,85,73.8,5.73,487.25
9695,738.5,2.8,380,44.8,3.71,490.27
9696,710.2,2.39,396,55.4,5.0,514.79
9697,756.2,2.19,348,41.5,4.9,518.31
9698,780.7,1.66,234,55.7,4.93,524.88
9699,810.2,2.01,440,64.2,3.28,555.67
9700,675.5,0.74,192,34.3,4.65,476.89
9701,737.7,2.71,163,73.5,4.13,478.58
9702,772.3,1.86,278,59.7,6.09,540.09
9703,779.4,0.6,400,79.5,4.13,560.05
9704,750.3,2.8,427,31.3,5.63,536.7
9705,777.1,1.72,287,71.6,5.68,549.85
9706,709.6,2.67,349,69.6,4.4,497.22
9707,827.9,2.64,372,36.6,4.15,556.06
9708,799.6,2.54,32,46.8,4.72,498.18
9709,682.8,0.65,441,74.2,4.6,538.9
9710,696.2,1.12,23,55.9,4.02,457.45
9711,697.7,2.69,103,50.1,4.7,452.13
9712,783.9,2.75,352,75.3,5.31,528.12
9713,685.8,1.65,376,34.7,3.81,495.08
9714,733.4,1.6,61,53.7,4.8,472.13
9715,772.7,0.94,348,62.6,4.47,552.2
9716,746.7,2.92,432,60.4,5.09,517.48
9717,762.9,1.03,50,43.2,6.88,524.44
9718,696.7,0.98,173,58.2,3.48,483.51
9719,779.7,2.15,15,65.4,4.89,503.88
9720,719.3,1.11,416,59.2,5.28,559.0
9721,733.8,2.85,147,64.2,4.49,499.51
9722,761.9,0.53,108,42.8,5.37,532.38
9723,755.2,0.51,350,71.6,3.54,538.75
9724,751.2,1.76,233,52.5,4.65,514.14
9725,712.5,1.72,325,79.4,2.33,489.5
9726,735.0,0.91,39,31.2,4.76,482.68
9727,750.1,1.74,234,49.0,3.77,484.29
9728,681.2,1.53,335,39.0,5.31,496.4
9729,726.9,2.73,270,57.8,6.41,510.25
9730,769.4,0.52,256,42.2,5.28,550.69
9731,686.1,2.94,88,66.9,4.93,454.96
9732,807.8,2.06,194,74.1,4.48,525.55
9733,813.5,0.88,308,40.5,4.72,555.1
9734,687.7,0.62,189,38.0,4.74,501.87
9735,817.9,1.85,482,73.8,5.02,562.17
9736,742.8,1.09,86,48.1,5.48,501.74
9737,770.9,1.25,271,51.7,4.23,529.79
9738,725.2,1.11,238,41.0,6.15,516.67
9739,796.2,2.13,11,51.3,4.79,486.02
9740,770.3,1.88,26,41.6,5.01,503.89
9741,709.3,0.69,353,63.3,6.29,552.13
9742,691.7,1.82,21,54.9,2.87,434.73
9743,677.0,2.48,437,69.4,2.45,445.98
9744,759.4,0.7,191,45.6,5.39,551.36
9745,778.6,2.72,343,55.3,5.01,522.98
9746,782.5,1.95,16,43.0,6.49,500.98
9747,744.1,2.88,255,76.7,3.87,493.2
9748,692.2,0.87,483,56.1,5.49,540.3
9749,715.9,2.98,425,38.7,4.64,491.28
9750,807.6,2.11,166,43.6,5.95,534.47
9751,725.8,1.92,183,34.1,2.81,470.99
9752,757.2,1.79,496,31.4,4.74,534.67
9753,696.2,0.56,338,56.3,5.73,511.9
9754,766.8,2.85,343,46.9,4.21,524.3
9755,727.1,2.11,190,78.2,4.95,505.62
9756,802.3,0.73,474,38.6,5.05,571.86
9757,788.7,0.55,290,69.7,5.34,568.34
9758,725.2,0.63,318,45.8,3.91,511.04
9759,743.7,2.02,487,41.2,4.52,531.14
9760,722.4,2.04,246,78.5,5.49,516.23
9761,679.0,1.75,166,70.1,5.74,490.17
9762,707.1,1.27,260,61.5,5.17,505.6
9763,759.9,1.83,230,64.9,4.66,526.1
9764,766.3,1.79,347,79.6,5.09,542.9
9765,757.4,0.55,232,59.7,5.84,539.71
9766,734.9,1.21,220,35.1,5.2,528.68
9767,796.7,0.63,346,33.2,3.82,540.11
9768,753.2,2.75,143,63.3,3.88,487.65
9769,785.2,2.31,341,62.9,5.04,552.34
9770,661.3,2.99,431,67.4,3.34,452.67
9771,600.0,1.26,268,35.4,5.79,477.69
9772,764.2,2.7,44,77.2,4.07,499.46
9773,678.8,2.01,192,57.6,3.84,460.7
9774,739.4,1.63,312,62.5,6.69,541.1
9775,734.9,1.06,170,31.7,4.49,493.93
9776,829.4,2.35,102,78.0,5.28,526.35
9777,770.0,2.76,396,58.1,5.6,523.43
9778,758.3,1.09,206,58.2,6.45,555.92
9779,791.8,0.94,324,77.2,4.41,555.55
9780,768.4,2.24,215,76.5,5.18,507.28
9781,727.1,2.94,493,41.0,4.88,524.37
9782,803.6,2.37,485,76.6,7.4,593.05
9783,694.5,1.21,498,66.8,2.98,519.92
9784,766.2,1.55,361,30.9,4.84,527.14
9785,672.6,1.46,27,42.0,4.98,452.81
9786,760.2,2.63,243,50.6,4.89,526.74
9787,759.6,2.43,497,59.1,3.56,533.9
9788,833.8,1.97,391,65.1,3.15,550.34
9789,671.8,1.19,342,40.5,3.46,492.47
9790,720.0,2.84,75,71.8,5.86,486.6
9791,791.1,2.13,253,72.3,4.98,552.94
9792,766.8,2.93,418,61.7,3.24,514.89
9793,759.0,1.95,285,76.1,6.43,547.5
9794,702.2,2.55,208,70.6,6.96,504.82
9795,720.5,2.53,468,41.1,5.3,510.62
9796,812.3,1.34,462,69.9,5.43,570.85
9797,747.4,2.91,422,77.7,5.09,532.22
9798,768.8,0.55,27,36.9,4.37,514.24
9799,744.2,2.42,81,78.9,3.17,450.66
9800,690.8,2.91,164,31.2,3.92,453.31
9801,796.7,1.35,387,56.1,4.95,560.01
9802,775.2,2.12,179,68.7,5.58,527.48
9803,865.3,1.91,331,69.5,4.77,573.56
9804,699.2,2.4,364,66.7,4.91,515.27
9805,791.1,2.67,291,56.5,5.04,538.13
9806,684.4,2.01,160,62.5,5.11,462.2
9807,757.9,2.54,270,65.0,4.41,499.29
9808,798.8,1.28,89,54.7,5.41,531.2
9809,646.4,1.07,115,59.8,3.89,450.46
9810,739.8,1.58,20,72.3,5.31,505.63
9811,721.8,2.19,412,45.6,3.48,492.26
9812,714.9,0.97,217,56.2,3.81,510.36
9813,769.3,2.2,489,30.4,4.28,511.57
9814,806.0,1.49,405,64.4,5.19,565.12
9815,743.3,2.49,139,39.8,5.24,502.19
9816,760.3,0.59,180,54.1,4.15,523.11
9817,755.7,2.17,415,40.5,3.58,518.15
9818,750.1,2.12,419,31.2,6.21,544.39
9819,695.5,2.85,42,54.2,5.07,457.19
9820,805.4,2.28,33,51.2,4.86,505.18
9821,764.8,2.49,206,51.3,5.36,523.1
9822,769.7,2.76,414,40.4,4.05,520.46
9823,709.7,2.19,55,77.4,6.07,489.48
9824,727.0,1.23,283,30.2,5.58,527.09
9825,741.2,2.67,240,74.6,4.72,476.77
9826,673.3,2.37,142,66.8,4.94,455.97
9827,665.6,1.56,273,38.6,4.76,473.09
9828,720.0,2.28,94,53.6,6.33,494.87
9829,776.1,2.67,376,79.4,5.43,557.75
9830,717.3,2.94,322,62.2,5.54,481.31
9831,699.1,2.88,14,36.4,5.07,441.11
9832,709.3,1.31,278,52.9,5.0,519.56
9833,727.2,1.55,348,53.4,6.88,520.18
9834,732.3,0.77,230,70.1,4.64,526.38
9835,858.3,1.12,203,75.8,5.22,581.67
9836,802.7,2.71,430,34.1,7.06,566.08
9837,801.2,1.4,355,45.7,6.33,556.13
9838,808.4,2.05,422,44.9,5.38,560.22
9839,700.1,2.16,78,79.8,3.49,449.6
9840,688.9,2.45,297,58.0,7.17,515.41
9841,694.7,0.96,367,74.0,4.76,510.57
9842,816.7,1.26,185,51.3,5.08,547.19
9843,722.6,1.62,395,66.1,6.03,556.96
9844,687.4,1.41,334,44.3,4.79,511.33
9845,728.5,2.96,248,75.6,5.21,478.69
9846,738.1,2.59,490,52.8,5.06,525.27
9847,763.4,1.7,188,70.2,4.64,518.24
9848,762.5,2.7,265,42.8,5.35,508.7
9849,708.6,1.37,428,64.7,4.37,526.88
9850,784.3,2.46,220,50.3,3.86,513.98
9851,718.0,1.06,408,31.6,5.54,549.48
9852,742.2,2.43,236,50.7,6.25,506.99
9853,784.3,1.64,81,57.5,4.26,516.07
9854,717.9,0.77,376,37.6,4.47,522.2
9855,721.5,1.18,74,39.2,5.0,503.84
9856,779.6,1.51,175,53.2,5.01,528.97
9857,707.1,2.37,223,47.1,3.03,467.34
9858,730.8,0.68,26,52.0,4.58,491.1
9859,777.8,2.15,345,53.0,6.8,541.51
9860,852.7,2.29,182,37.0,6.4,563.52
9861,780.3,2.13,138,39.1,6.7,514.26
9862,773.6,2.4,12,72.4,5.62,480.77
9863,776.5,0.95,392,38.1,4.47,540.13
9864,696.3,1.97,393,63.3,5.26,513.01
9865,755.8,2.85,257,50.9,5.6,496.31
9866,748.5,2.03,79,78.4,4.67,487.1
9867,766.1,2.03,61,33.3,3.28,458.91
9868,755.8,2.34,446,71.5,5.91,538.37
9869,769.0,1.33,387,54.6,4.55,561.98
9870,734.4,2.25,268,30.3,5.63,497.99
9871,752.9,2.79,248,43.2,3.42,485.5
9872,688.6,0.53,103,50.4,4.36,506.36
9873,734.0,2.68,56,45.7,5.39,477.37
9874,819.5,1.05,84,48.1,5.63,545.9
9875,765.9,1.64,100,75.8,5.75,510.33
9876,749.0,2.63,95,48.0,4.93,485.17
9877,844.8,2.56,15,50.9,5.19,537.72
9878,682.0,2.73,239,68.1,5.39,465.39
9879,694.5,2.85,498,69.7,5.32,510.32
9880,835.6,1.62,439,34.2,5.57,568.55
9881,752.3,2.14,360,65.2,3.85,534.82
9882,737.9,1.48,326,54.1,6.86,529.01
9883,690.0,1.38,52,36.7,4.82,459.15
9884,772.4,1.58,321,43.2,4.91,523.34
9885,777.2,2.36,207,32.3,4.71,493.47
9886,695.3,1.75,379,48.0,5.23,509.49
9887,743.0,2.54,413,42.8,3.56,503.27
9888,733.2,2.36,312,49.1,4.51,506.1
9889,762.8,0.55,191,59.0,3.09,525.16
9890,694.0,2.08,178,66.6,4.53,460.8
9891,812.6,1.59,212,60.3,5.16,549.21
9892,795.8,1.64,203,63.9,5.57,532.06
9893,731.8,2.55,40,73.3,4.94,477.61
9894,739.2,1.87,111,73.7,5.29,504.64
9895,743.2,2.71,73,73.0,3.31,466.35
9896,711.1,2.28,355,37.7,5.16,514.85
9897,727.8,1.88,100,42.6,6.26,480.84
9898,736.5,2.39,451,55.1,5.46,518.62
9899,830.6,0.6,259,47.9,4.25,566.39
9900,797.3,0.57,192,36.6,5.17,567.49
9901,796.7,0.71,311,44.4,6.36,560.93
9902,768.5,1.59,375,78.8,5.57,553.37
9903,694.1,1.09,360,47.3,5.6,530.53
9904,747.9,2.96,289,50.9,4.21,504.51
9905,798.5,1.86,214,30.3,4.64,530.27
9906,687.1,2.16,98,66.0,4.93,459.77
9907,781.8,1.2,302,50.7,6.81,560.36
9908,866.1,1.3,434,35.2,4.09,586.19
9909,803.1,1.34,418,78.4,5.26,586.2
9910,820.7,2.25,294,68.9,5.67,554.94
9911,760.9,1.68,168,66.3,5.74,536.29
9912,798.4,1.79,372,77.9,4.75,556.37
9913,714.1,1.98,496,50.4,4.67,524.85
9914,789.8,2.42,139,65.9,6.93,529.89
9915,782.7,0.73,257,40.3,4.73,540.61
9916,764.5,2.44,149,64.9,4.58,499.75
9917,815.8,1.91,398,30.7,5.93,564.64
9918,723.1,2.17,198,36.3,5.13,473.07
9919,740.6,1.32,100,51.3,3.7,486.95
9920,754.8,1.52,65,30.6,5.98,520.03
9921,698.5,1.08,235,53.1,4.6,480.57
9922,761.3,2.95,343,56.1,4.59,510.09
9923,664.1,1.74,336,61.1,7.66,507.84
9924,802.3,2.99,174,35.0,4.77,509.63
9925,752.3,1.72,45,39.1,5.07,496.11
9926,724.0,1.05,339,60.7,5.91,537.6
9927,708.3,1.77,38,62.9,4.07,446.94
9928,738.3,0.6,89,31.3,5.56,488.72
9929,784.4,2.76,431,57.0,5.92,521.23
9930,777.4,2.55,478,69.2,6.33,558.69
9931,714.7,2.31,367,33.5,5.66,491.05
9932,707.7,2.02,178,50.7,3.9,451.87
9933,782.8,1.95,42,46.3,5.44,496.67
9934,713.9,2.99,102,75.7,3.65,451.77
9935,753.0,1.19,121,39.3,6.23,517.48
9936,756.2,2.45,388,45.9,6.07,533.24
9937,765.6,1.95,218,74.9,5.22,525.13
9938,792.9,2.94,406,46.5,5.18,545.28
9939,686.9,2.57,399,56.6,4.99,492.07
9940,654.4,3.0,203,31.7,4.97,451.5
9941,721.6,1.97,273,79.2,5.97,514.98
9942,840.1,1.01,256,71.2,4.69,567.3
9943,851.1,1.76,127,61.7,7.19,562.66
9944,841.6,2.28,457,33.0,5.17,571.19
9945,740.4,2.44,489,33.7,6.24,543.32
9946,660.9,0.5,237,57.2,3.35,487.52
9947,632.8,1.76,18,44.3,4.42,435.26
9948,719.3,1.09,416,61.1,5.92,545.95
9949,740.1,2.69,208,59.9,5.32,486.33
9950,815.0,0.88,488,71.9,5.03,620.41
9951,793.4,2.17,286,44.1,6.06,528.0
9952,761.4,1.17,138,58.9,7.12,538.11
9953,705.5,1.39,311,68.9,3.84,533.79
9954,702.0,2.85,71,54.5,6.0,475.12
9955,762.7,1.1,11,71.5,4.56,497.67
9956,784.9,0.74,369,36.6,5.85,577.44
9957,769.6,0.67,340,66.7,4.55,554.37
9958,698.3,1.76,366,77.1,5.53,509.87
9959,782.5,2.1,475,46.6,5.62,559.23
9960,771.3,1.32,181,48.3,4.3,514.0
9961,696.5,2.23,254,34.2,4.52,475.28
9962,710.8,0.65,97,62.1,4.81,498.58
9963,784.4,2.64,393,57.6,3.37,530.58
9964,738.3,2.54,92,32.0,5.45,488.52
9965,829.5,2.96,14,67.6,6.47,515.17
9966,775.1,2.84,358,71.5,3.74,522.42
9967,725.7,1.39,48,75.4,5.66,495.76
9968,749.5,1.5,393,57.3,5.34,549.32
9969,753.2,2.36,331,52.6,4.31,502.83
9970,713.6,0.84,474,73.8,7.04,563.48
9971,704.4,1.29,310,49.9,6.15,501.29
9972,785.1,0.8,84,62.8,6.24,547.16
9973,792.3,1.64,110,60.8,5.04,541.19
9974,780.2,1.88,150,48.6,3.49,518.17
9975,825.8,1.03,102,34.3,5.17,549.3
9976,722.9,0.57,128,31.1,4.87,507.03
9977,833.7,2.3,297,51.4,6.02,580.99
9978,705.0,0.55,118,54.1,4.41,488.6
9979,699.4,2.93,497,71.1,6.33,519.47
9980,662.0,1.05,52,50.7,4.38,472.42
9981,727.7,2.16,145,44.1,5.71,490.63
9982,724.8,1.59,339,53.1,4.25,503.14
9983,776.3,0.65,226,41.9,4.96,524.14
9984,762.2,1.68,452,34.6,3.67,523.48
9985,690.4,1.79,404,35.7,5.07,521.91
9986,730.4,2.64,165,46.0,3.99,473.26
9987,731.4,2.33,490,30.6,5.55,520.2
9988,661.2,0.7,48,41.0,5.7,470.62
9989,701.0,1.02,291,69.4,4.99,518.09
9990,711.5,1.28,337,41.7,4.35,490.23
9991,821.7,0.79,367,35.5,5.41,567.91
9992,759.6,1.64,35,77.5,5.95,496.49
9993,783.1,2.96,41,61.1,4.83,503.88
9994,675.1,1.79,55,33.0,4.57,449.46
9995,809.7,2.35,165,33.1,3.74,507.23
9996,815.1,2.21,253,60.6,5.22,541.72
9997,650.1,2.62,400,57.0,6.06,475.81
9998,714.7,1.04,44,33.4,6.43,499.48
9999,774.8,2.38,459,41.2,5.24,561.23
10000,782.2,2.7,287,76.5,3.6,509.48
