ID_Registro,Demanda_Historica_MesAnterior,Precio_Materia_Prima_USD,Capacidad_Almacen_Pct,Indice_Estacionalidad,Ordenes_Pendientes_Clientes,Demanda_Estimada_Unidades
1,441.0,17.31,40.1,1.0,115,710.0
2,431.0,30.73,35.3,1.43,132,814.0
3,426.0,22.77,61.6,1.48,33,532.0
4,519.0,37.39,49.7,0.92,128,752.0
5,453.0,17.85,31.5,1.33,109,756.0
6,554.0,41.58,82.5,1.41,61,645.0
7,502.0,26.72,43.7,0.95,84,653.0
8,518.0,15.48,89.7,0.93,58,630.0
9,433.0,32.67,52.4,1.46,147,861.0
10,490.0,29.92,87.8,0.85,140,817.0
11,584.0,38.56,22.4,0.88,95,711.0
12,486.0,42.61,80.7,1.33,102,683.0
13,622.0,28.29,89.8,1.44,38,667.0
14,456.0,30.68,93.1,1.25,135,778.0
15,534.0,24.25,83.5,0.88,75,656.0
16,474.0,26.19,35.7,1.35,87,685.0
17,391.0,35.9,56.2,1.09,122,695.0
18,519.0,44.64,79.8,0.96,132,776.0
19,624.0,19.03,53.7,1.37,10,587.0
20,467.0,15.79,77.5,1.42,74,687.0
21,357.0,18.44,91.0,1.1,84,573.0
22,477.0,29.66,80.7,1.2,50,570.0
23,474.0,30.91,88.4,1.19,66,624.0
24,565.0,38.99,67.7,1.27,49,605.0
25,410.0,26.44,79.2,0.86,43,470.0
26,469.0,23.95,59.9,0.97,105,695.0
27,494.0,26.06,47.0,1.32,128,812.0
28,485.0,20.07,30.5,1.27,32,554.0
29,506.0,43.16,55.1,0.96,28,467.0
30,425.0,18.22,33.2,1.5,117,754.0
31,442.0,44.95,26.9,1.43,93,693.0
32,488.0,33.26,37.4,0.84,61,557.0
33,673.0,23.75,79.5,1.38,58,758.0
34,496.0,32.96,42.8,0.94,35,511.0
35,406.0,33.26,80.4,1.26,22,449.0
36,455.0,25.76,83.9,1.35,87,669.0
37,549.0,17.83,85.1,1.08,122,821.0
38,589.0,18.28,66.1,1.08,106,826.0
39,509.0,34.88,68.9,0.94,117,734.0
40,571.0,19.97,86.4,1.45,114,862.0
41,429.0,43.82,94.2,1.05,121,685.0
42,399.0,42.7,67.9,1.23,101,648.0
43,551.0,40.7,47.9,1.49,24,528.0
44,470.0,43.03,65.1,1.0,130,753.0
45,480.0,36.85,22.8,1.28,15,479.0
46,491.0,34.05,60.9,1.13,19,445.0
47,457.0,34.73,62.8,1.33,27,500.0
48,428.0,37.82,50.9,0.8,120,661.0
49,484.0,35.84,28.7,1.39,36,564.0
50,523.0,40.9,32.6,1.01,14,445.0
51,491.0,44.85,62.5,1.13,144,810.0
52,402.0,34.61,55.6,1.19,55,524.0
53,523.0,43.29,62.9,1.05,104,712.0
54,535.0,23.16,74.3,1.4,93,789.0
55,548.0,26.62,55.4,0.96,84,684.0
56,550.0,43.45,88.6,1.31,118,811.0
57,665.0,34.15,34.8,1.03,108,825.0
58,414.0,42.76,62.4,1.4,95,638.0
59,477.0,29.09,84.7,1.19,89,707.0
60,590.0,25.39,80.6,1.41,88,761.0
61,493.0,16.34,44.9,0.92,80,646.0
62,394.0,18.31,88.7,1.35,29,486.0
63,537.0,19.55,88.5,1.38,118,839.0
64,608.0,16.59,44.1,1.16,111,840.0
65,389.0,22.23,53.9,0.91,16,413.0
66,441.0,42.76,68.6,0.98,104,661.0
67,446.0,23.09,92.7,1.24,139,796.0
68,365.0,23.15,86.5,1.4,29,484.0
69,487.0,28.67,56.7,1.44,84,691.0
70,584.0,29.36,42.5,1.44,62,674.0
71,496.0,32.06,58.5,1.35,21,487.0
72,596.0,32.57,71.4,0.82,113,788.0
73,508.0,25.94,47.5,0.82,70,616.0
74,495.0,16.49,23.1,0.99,128,791.0
75,545.0,20.84,64.2,0.96,47,588.0
76,472.0,38.59,92.9,1.08,77,608.0
77,315.0,44.96,61.2,1.2,69,472.0
78,576.0,21.57,81.5,1.17,90,746.0
79,672.0,37.45,57.8,1.13,43,634.0
80,680.0,20.02,73.4,1.38,28,678.0
81,774.0,19.48,76.3,0.87,34,700.0
82,476.0,42.39,75.8,1.38,119,760.0
83,564.0,30.06,66.7,0.98,31,546.0
84,423.0,22.9,52.5,0.81,69,532.0
85,454.0,31.12,79.2,1.45,22,485.0
86,448.0,41.03,35.5,1.33,13,422.0
87,578.0,35.62,85.0,0.94,92,690.0
88,488.0,37.33,48.8,1.12,149,819.0
89,401.0,16.06,51.2,1.05,42,500.0
90,440.0,20.59,24.4,1.32,12,469.0
91,360.0,36.36,52.1,0.89,48,454.0
92,383.0,17.63,35.8,1.43,149,799.0
93,594.0,22.23,93.7,1.37,65,705.0
94,454.0,18.81,69.3,1.43,117,791.0
95,459.0,28.6,57.5,1.23,99,679.0
96,602.0,27.18,56.7,1.39,71,743.0
97,535.0,22.6,20.4,1.23,22,563.0
98,462.0,16.19,28.7,0.81,71,618.0
99,328.0,26.25,73.6,1.38,134,739.0
100,467.0,24.85,64.3,1.49,105,740.0
101,393.0,35.25,69.8,0.94,89,578.0
102,521.0,40.0,35.5,1.22,44,550.0
103,451.0,25.46,68.1,1.25,53,568.0
104,515.0,44.75,28.8,1.32,105,734.0
105,432.0,44.59,77.0,1.18,115,675.0
106,412.0,43.67,32.0,1.47,16,433.0
107,498.0,31.49,85.9,0.97,21,476.0
108,459.0,40.21,91.2,1.18,111,696.0
109,404.0,20.44,75.4,1.19,20,455.0
110,568.0,25.12,49.2,1.47,122,860.0
111,578.0,29.11,47.9,0.97,86,729.0
112,497.0,32.8,48.6,1.26,129,801.0
113,459.0,41.83,49.5,1.33,21,451.0
114,420.0,41.85,58.1,1.16,67,542.0
115,503.0,18.89,21.3,1.29,119,819.0
116,487.0,36.5,85.2,1.37,42,547.0
117,629.0,15.24,73.4,0.84,65,694.0
118,561.0,31.39,25.0,1.21,146,884.0
119,372.0,37.49,22.2,1.02,17,370.0
120,425.0,15.04,81.8,0.89,142,794.0
121,542.0,31.45,69.1,1.05,97,727.0
122,393.0,40.82,67.5,1.19,108,639.0
123,606.0,30.5,66.1,1.11,45,644.0
124,419.0,39.57,46.6,1.49,58,561.0
125,351.0,30.35,39.4,0.81,110,624.0
126,566.0,16.35,56.5,1.45,46,663.0
127,524.0,42.79,90.8,0.95,12,434.0
128,599.0,41.25,87.4,1.15,79,693.0
129,519.0,35.88,24.8,1.12,126,775.0
130,405.0,30.12,71.4,1.1,61,525.0
131,451.0,32.75,88.3,1.11,42,511.0
132,484.0,20.59,68.1,1.2,34,576.0
133,527.0,39.2,64.2,0.96,76,608.0
134,484.0,40.51,41.4,0.94,74,576.0
135,513.0,27.1,40.2,1.42,148,892.0
136,614.0,27.67,56.7,0.91,30,577.0
137,639.0,26.46,67.5,1.06,10,533.0
138,393.0,31.28,55.2,0.86,148,761.0
139,570.0,17.36,42.0,1.4,123,876.0
140,447.0,17.89,76.8,0.95,79,614.0
141,645.0,21.53,33.7,1.22,131,909.0
142,482.0,30.0,80.0,1.38,85,689.0
143,408.0,21.61,57.9,1.04,122,720.0
144,538.0,19.25,85.3,1.46,32,617.0
145,526.0,28.27,78.1,1.4,145,885.0
146,565.0,44.24,44.2,1.0,40,550.0
147,524.0,35.69,47.2,1.1,28,512.0
148,538.0,22.1,43.3,1.05,18,516.0
149,472.0,39.91,45.9,1.02,52,541.0
150,536.0,35.47,47.9,1.18,37,570.0
151,442.0,32.41,66.0,0.89,14,434.0
152,393.0,42.73,33.5,0.93,30,393.0
153,437.0,44.39,45.0,0.99,106,615.0
154,373.0,19.42,40.5,1.27,104,683.0
155,525.0,16.38,69.3,1.06,97,749.0
156,447.0,31.81,26.5,0.94,70,588.0
157,474.0,31.33,44.9,0.98,30,472.0
158,471.0,21.09,24.2,1.1,53,578.0
159,570.0,25.88,82.9,1.16,13,509.0
160,390.0,21.97,88.2,1.43,86,667.0
161,533.0,21.76,56.4,0.97,92,710.0
162,523.0,27.92,54.1,1.23,112,775.0
163,464.0,29.4,93.9,0.97,15,446.0
164,567.0,21.0,88.9,1.29,37,617.0
165,419.0,32.32,68.1,1.16,24,437.0
166,506.0,23.16,30.9,0.83,63,590.0
167,573.0,30.9,77.2,1.37,79,736.0
168,403.0,41.49,48.8,1.32,116,709.0
169,402.0,23.43,54.0,1.23,14,442.0
170,434.0,19.72,86.6,1.18,134,810.0
171,458.0,37.14,43.7,1.07,30,458.0
172,459.0,34.99,63.9,1.26,11,424.0
173,484.0,42.01,61.8,1.45,25,534.0
174,433.0,40.75,23.4,0.89,104,637.0
175,435.0,26.5,27.8,1.46,130,788.0
176,407.0,17.64,88.4,1.19,25,486.0
177,463.0,37.79,26.0,1.07,99,659.0
178,449.0,43.68,59.4,1.13,74,544.0
179,573.0,42.17,46.7,1.06,41,569.0
180,558.0,44.11,74.1,0.99,19,495.0
181,375.0,29.74,55.8,0.86,129,667.0
182,477.0,22.02,84.1,1.41,125,811.0
183,498.0,26.92,78.2,1.49,33,574.0
184,584.0,19.14,50.7,1.38,128,908.0
185,599.0,16.95,38.1,1.0,79,769.0
186,590.0,19.91,31.7,0.83,40,603.0
187,428.0,40.89,63.1,1.03,52,500.0
188,381.0,42.15,33.1,0.81,41,421.0
189,428.0,21.47,50.6,1.38,146,863.0
190,391.0,39.96,66.5,1.24,31,441.0
191,539.0,17.02,57.7,1.34,84,749.0
192,541.0,41.65,85.8,1.49,79,712.0
193,417.0,16.11,56.4,1.12,140,800.0
194,410.0,39.22,61.4,1.15,123,679.0
195,432.0,34.69,53.2,1.38,106,704.0
196,567.0,18.73,62.9,1.12,144,876.0
197,333.0,21.61,70.1,1.29,113,686.0
198,547.0,22.27,78.8,0.81,32,535.0
199,557.0,23.26,28.5,1.05,141,886.0
200,558.0,16.88,61.5,0.83,86,710.0
201,550.0,22.28,92.9,1.23,25,551.0
202,558.0,31.33,55.7,1.23,11,496.0
203,463.0,42.87,66.1,1.01,111,656.0
204,434.0,37.01,47.1,1.36,143,817.0
205,350.0,29.15,53.2,1.19,99,634.0
206,450.0,17.95,24.6,1.38,63,637.0
207,509.0,24.0,86.6,0.86,14,454.0
208,508.0,17.64,73.6,1.0,89,677.0
209,565.0,26.22,92.8,1.15,88,719.0
210,482.0,22.47,57.7,1.07,139,837.0
211,535.0,19.1,36.1,1.17,17,546.0
212,577.0,27.29,20.3,1.48,28,592.0
213,505.0,44.4,22.6,1.07,57,565.0
214,476.0,23.23,67.8,1.36,134,826.0
215,383.0,29.58,27.0,1.33,68,596.0
216,420.0,31.13,46.7,1.42,10,437.0
217,580.0,22.22,93.5,1.38,140,926.0
218,515.0,44.56,60.8,1.09,13,442.0
219,361.0,42.27,64.3,1.34,13,398.0
220,514.0,25.99,91.3,0.8,64,611.0
221,442.0,16.07,81.3,0.83,136,797.0
222,568.0,19.12,76.8,1.05,19,523.0
223,452.0,39.29,75.5,1.37,10,448.0
224,495.0,34.85,71.7,1.3,59,611.0
225,612.0,15.14,24.5,1.18,55,682.0
226,563.0,29.0,23.1,1.0,42,572.0
227,526.0,27.74,33.4,0.91,27,517.0
228,626.0,37.03,72.2,1.21,142,915.0
229,598.0,29.99,72.6,1.42,141,950.0
230,435.0,31.18,49.7,0.84,54,492.0
231,494.0,21.61,89.0,1.24,74,641.0
232,528.0,40.0,65.2,1.07,69,629.0
233,597.0,36.82,73.4,1.38,34,602.0
234,481.0,16.82,73.7,1.38,84,700.0
235,378.0,20.59,82.9,0.89,66,550.0
236,547.0,42.34,80.9,1.12,128,809.0
237,481.0,17.93,21.5,1.26,140,855.0
238,619.0,20.75,23.0,1.38,53,702.0
239,317.0,41.02,27.8,1.09,20,334.0
240,669.0,25.12,91.4,1.13,78,790.0
241,446.0,36.94,62.0,0.9,96,645.0
242,335.0,32.36,81.9,1.22,95,593.0
243,507.0,34.77,69.6,1.09,145,833.0
244,578.0,33.77,80.8,0.81,62,612.0
245,480.0,28.93,67.7,1.24,47,581.0
246,580.0,39.25,67.4,0.81,88,679.0
247,459.0,20.37,68.6,0.98,11,444.0
248,599.0,26.63,28.1,0.96,33,588.0
249,476.0,39.43,78.9,1.15,146,833.0
250,533.0,21.87,41.2,1.08,41,578.0
251,636.0,29.95,84.2,1.43,40,687.0
252,538.0,26.17,64.3,1.34,45,603.0
253,466.0,43.17,91.4,1.16,96,668.0
254,447.0,35.12,85.4,1.4,109,718.0
255,538.0,43.22,57.2,1.28,17,503.0
256,414.0,38.31,45.8,0.85,61,486.0
257,485.0,15.53,63.4,1.14,134,842.0
258,462.0,21.45,79.1,1.08,93,634.0
259,361.0,27.34,51.1,1.09,141,714.0
260,528.0,29.39,40.4,1.3,117,811.0
261,585.0,36.45,81.9,1.3,55,668.0
262,476.0,30.56,77.7,1.35,67,655.0
263,382.0,26.49,22.7,1.09,24,434.0
264,537.0,28.19,64.3,1.42,149,898.0
265,341.0,21.51,75.6,0.9,72,514.0
266,449.0,29.31,20.2,1.18,108,740.0
267,495.0,18.86,38.7,1.07,67,633.0
268,456.0,17.61,77.8,0.85,86,662.0
269,370.0,27.23,77.0,1.04,136,702.0
270,534.0,36.06,21.3,1.38,74,665.0
271,507.0,35.18,91.0,1.14,83,652.0
272,484.0,17.74,33.1,0.92,143,838.0
273,597.0,39.44,36.6,1.17,135,879.0
274,471.0,23.86,94.3,1.37,78,646.0
275,542.0,27.06,68.6,1.23,130,841.0
276,338.0,40.81,68.1,0.85,122,621.0
277,541.0,21.48,36.6,1.42,131,857.0
278,428.0,28.89,65.1,1.34,94,679.0
279,561.0,15.99,43.0,1.32,89,757.0
280,414.0,20.66,58.3,1.3,56,553.0
281,572.0,42.89,82.6,1.29,137,840.0
282,492.0,38.62,29.5,1.18,79,618.0
283,576.0,36.71,74.0,0.82,49,575.0
284,614.0,22.23,75.4,1.11,23,611.0
285,532.0,38.05,56.7,1.39,14,495.0
286,419.0,33.69,48.5,1.32,105,675.0
287,536.0,36.27,80.6,1.24,132,810.0
288,429.0,25.19,58.3,1.19,19,469.0
289,526.0,19.6,55.2,1.42,14,540.0
290,436.0,32.43,33.9,1.4,62,588.0
291,415.0,21.36,49.4,0.93,134,760.0
292,432.0,37.53,50.3,1.07,21,439.0
293,531.0,24.69,50.4,1.1,35,561.0
294,492.0,23.19,90.8,1.34,77,669.0
295,546.0,36.65,23.2,0.95,14,449.0
296,459.0,31.11,51.6,0.97,66,575.0
297,609.0,33.2,89.3,0.97,19,526.0
298,382.0,44.04,62.3,0.94,67,526.0
299,492.0,29.68,30.9,0.95,97,680.0
300,411.0,30.29,44.6,1.25,102,673.0
301,521.0,28.85,88.4,1.12,30,541.0
302,613.0,39.15,43.9,1.11,60,650.0
303,513.0,20.41,86.4,0.82,104,712.0
304,577.0,16.28,49.8,1.36,74,731.0
305,541.0,18.39,75.0,0.98,127,835.0
306,512.0,33.54,70.3,1.28,57,625.0
307,576.0,41.23,77.0,0.83,71,622.0
308,513.0,27.34,31.2,1.4,44,608.0
309,501.0,22.66,39.3,0.96,11,455.0
310,479.0,37.37,24.8,1.27,22,459.0
311,546.0,42.58,58.5,1.26,120,762.0
312,392.0,27.93,89.4,1.43,131,776.0
313,583.0,42.71,34.1,1.28,137,883.0
314,327.0,40.35,94.2,1.31,146,734.0
315,491.0,39.2,65.7,1.09,15,443.0
316,548.0,32.6,24.9,1.2,51,620.0
317,445.0,17.7,21.7,0.87,115,721.0
318,523.0,29.07,50.7,1.44,121,800.0
319,445.0,16.77,55.6,1.01,85,648.0
320,458.0,42.15,80.6,1.32,70,584.0
321,591.0,23.4,22.6,1.29,36,645.0
322,549.0,20.12,35.7,1.14,94,756.0
323,451.0,23.43,22.5,1.12,113,716.0
324,431.0,44.65,92.5,1.28,146,760.0
325,552.0,17.64,51.8,1.47,143,933.0
326,433.0,34.7,41.7,1.31,114,737.0
327,532.0,32.75,80.9,0.97,137,837.0
328,506.0,39.66,82.5,1.43,21,507.0
329,450.0,22.48,36.3,0.87,29,469.0
330,555.0,43.52,78.4,1.41,99,742.0
331,672.0,24.92,48.3,1.11,79,732.0
332,335.0,32.29,49.6,0.87,14,332.0
333,435.0,37.35,80.3,1.16,60,561.0
334,464.0,18.66,48.7,1.5,141,889.0
335,446.0,36.72,29.5,1.04,67,583.0
336,604.0,17.86,64.0,1.12,30,596.0
337,487.0,37.61,43.6,1.49,140,838.0
338,535.0,28.47,90.2,0.93,131,815.0
339,533.0,32.19,46.5,1.41,81,713.0
340,603.0,33.26,35.6,1.45,89,777.0
341,400.0,40.26,34.8,1.27,145,773.0
342,472.0,16.72,42.1,0.8,61,569.0
343,405.0,16.02,51.9,1.18,138,785.0
344,319.0,39.25,53.1,1.37,109,635.0
345,340.0,36.09,30.8,1.39,116,669.0
346,432.0,33.21,56.2,0.82,13,354.0
347,451.0,32.83,87.2,0.97,136,760.0
348,618.0,24.41,39.0,1.43,123,895.0
349,515.0,42.33,65.9,1.49,12,472.0
350,485.0,37.09,92.0,1.23,13,465.0
351,407.0,22.29,62.0,1.24,77,625.0
352,403.0,20.17,34.2,1.16,120,734.0
353,543.0,45.0,53.5,1.47,134,863.0
354,636.0,21.94,46.1,0.89,64,686.0
355,422.0,37.43,33.0,1.08,141,777.0
356,498.0,32.9,73.9,1.19,10,464.0
357,505.0,23.1,91.3,1.36,120,813.0
358,446.0,35.54,56.7,1.22,51,544.0
359,624.0,42.51,44.9,1.33,26,596.0
360,664.0,37.63,86.8,0.87,100,798.0
361,608.0,23.4,36.4,0.8,77,710.0
362,631.0,19.23,29.0,1.16,129,936.0
363,559.0,30.91,73.0,1.09,69,657.0
364,376.0,19.82,54.0,1.38,143,816.0
365,467.0,26.94,23.7,1.13,105,730.0
366,482.0,23.3,65.5,1.06,135,805.0
367,504.0,31.2,88.8,1.07,27,536.0
368,600.0,41.14,50.6,0.85,80,673.0
369,460.0,21.25,34.7,1.12,35,533.0
370,709.0,18.42,32.5,0.99,141,976.0
371,496.0,42.67,49.1,1.2,30,524.0
372,536.0,34.77,91.9,1.43,72,678.0
373,649.0,23.29,59.6,0.87,40,635.0
374,573.0,19.48,32.2,1.14,55,664.0
375,446.0,36.92,35.5,1.18,72,623.0
376,486.0,36.7,34.0,1.09,16,472.0
377,502.0,18.59,40.8,1.4,116,824.0
378,324.0,26.36,60.8,0.87,149,729.0
379,495.0,44.86,40.3,0.82,137,758.0
380,464.0,27.88,91.6,1.34,100,721.0
381,487.0,39.95,60.0,1.36,112,751.0
382,529.0,28.59,87.4,1.17,97,759.0
383,636.0,41.46,56.5,0.93,101,780.0
384,634.0,42.82,23.6,1.48,119,853.0
385,545.0,32.17,31.3,1.16,127,823.0
386,436.0,17.35,64.5,1.34,51,596.0
387,458.0,27.16,22.7,0.94,24,452.0
388,569.0,16.84,94.0,0.97,28,586.0
389,452.0,24.07,61.7,1.34,50,572.0
390,469.0,37.18,54.7,1.14,77,632.0
391,377.0,27.76,41.1,1.08,135,735.0
392,588.0,40.56,67.8,1.17,33,593.0
393,518.0,16.82,81.1,1.18,134,851.0
394,583.0,40.98,22.7,0.98,127,788.0
395,566.0,16.55,80.2,0.96,111,798.0
396,542.0,18.88,73.2,0.99,43,610.0
397,545.0,21.05,74.8,1.05,136,873.0
398,584.0,25.19,65.8,0.92,76,697.0
399,376.0,31.57,74.9,1.01,82,528.0
400,433.0,17.47,93.6,1.42,16,503.0
401,525.0,16.22,78.5,1.05,115,808.0
402,737.0,27.38,20.3,1.07,115,902.0
403,474.0,18.97,61.7,1.2,122,790.0
404,520.0,41.21,76.5,1.33,26,534.0
405,432.0,29.0,62.6,0.9,38,476.0
406,533.0,39.45,74.5,1.12,118,735.0
407,499.0,29.73,70.6,1.32,29,533.0
408,494.0,44.41,23.2,1.46,58,622.0
409,595.0,28.89,72.7,1.31,121,849.0
410,601.0,34.97,31.3,1.29,122,867.0
411,514.0,38.91,57.3,0.86,143,797.0
412,347.0,44.79,40.2,1.48,99,604.0
413,622.0,21.26,73.3,1.05,137,893.0
414,589.0,23.26,90.7,0.8,97,739.0
415,471.0,35.3,60.8,1.48,148,860.0
416,535.0,31.58,66.5,1.26,143,846.0
417,610.0,36.98,70.1,1.32,16,584.0
418,400.0,24.36,34.1,1.31,18,455.0
419,430.0,15.7,45.1,1.0,145,835.0
420,287.0,32.85,93.0,1.46,106,620.0
421,513.0,31.01,71.0,1.39,148,899.0
422,409.0,31.98,81.9,1.02,18,407.0
423,359.0,17.44,86.2,1.03,65,533.0
424,400.0,26.25,77.3,1.44,61,580.0
425,561.0,38.5,52.0,0.9,38,540.0
426,631.0,26.39,55.7,1.29,58,703.0
427,501.0,19.94,20.8,1.46,85,725.0
428,579.0,33.7,94.8,1.46,108,803.0
429,554.0,26.88,28.7,1.29,100,750.0
430,437.0,29.5,79.1,0.91,26,438.0
431,624.0,44.69,70.7,0.91,132,824.0
432,539.0,24.42,21.7,1.3,120,837.0
433,632.0,30.91,32.4,0.99,122,824.0
434,494.0,20.15,42.3,0.84,57,579.0
435,573.0,15.14,69.9,0.94,76,687.0
436,382.0,30.81,89.0,1.21,14,430.0
437,517.0,42.55,86.4,1.44,66,622.0
438,488.0,25.17,59.2,1.03,105,727.0
439,591.0,38.8,68.5,1.17,41,601.0
440,631.0,36.2,49.6,1.09,149,928.0
441,634.0,39.16,60.4,0.89,68,681.0
442,537.0,20.3,74.8,1.19,18,544.0
443,546.0,15.29,37.6,1.47,15,562.0
444,469.0,43.96,50.2,1.28,14,424.0
445,505.0,27.25,23.7,1.31,133,849.0
446,489.0,42.02,70.6,1.18,143,801.0
447,464.0,43.17,54.9,1.39,44,544.0
448,544.0,22.98,22.0,0.89,42,557.0
449,488.0,23.05,65.4,0.99,22,501.0
450,630.0,29.95,43.8,1.18,137,925.0
451,477.0,22.83,81.0,0.86,115,718.0
452,504.0,15.85,21.7,0.95,137,821.0
453,519.0,35.34,48.7,0.96,104,698.0
454,647.0,42.02,82.2,1.31,18,566.0
455,492.0,22.34,71.1,0.83,101,687.0
456,485.0,38.78,25.8,1.44,90,700.0
457,365.0,33.78,70.3,1.45,83,629.0
458,498.0,33.86,25.1,1.17,127,775.0
459,555.0,27.9,35.5,0.81,34,530.0
460,492.0,43.88,30.8,1.41,104,721.0
461,525.0,34.57,41.6,0.95,56,577.0
462,520.0,33.99,88.5,1.03,146,838.0
463,415.0,30.51,44.3,1.14,109,676.0
464,488.0,26.85,33.1,1.2,145,864.0
465,607.0,27.79,31.8,0.82,83,723.0
466,486.0,31.77,37.7,0.88,147,815.0
467,499.0,27.22,74.7,1.33,127,789.0
468,383.0,22.6,24.9,1.14,47,517.0
469,320.0,33.93,81.8,1.36,121,647.0
470,600.0,17.37,37.5,0.84,16,546.0
471,426.0,42.59,62.0,0.89,143,747.0
472,464.0,32.14,36.1,1.3,66,599.0
473,582.0,39.14,85.1,0.91,74,633.0
474,581.0,44.3,60.5,1.06,44,589.0
475,652.0,27.56,93.6,1.15,140,948.0
476,552.0,25.35,29.2,0.84,102,725.0
477,543.0,25.8,88.5,0.95,127,807.0
478,565.0,37.15,69.2,1.04,19,513.0
479,558.0,43.05,26.7,1.39,61,654.0
480,396.0,41.28,74.9,1.41,11,397.0
481,310.0,34.96,87.6,1.35,111,619.0
482,497.0,17.26,74.6,1.03,40,552.0
483,555.0,43.84,75.8,1.48,23,546.0
484,455.0,32.94,20.6,1.32,92,668.0
485,501.0,28.64,82.9,1.0,48,564.0
486,494.0,37.22,54.4,1.17,132,798.0
487,368.0,29.94,70.0,1.17,57,507.0
488,569.0,17.59,62.4,0.85,144,891.0
489,590.0,35.89,24.0,1.47,140,916.0
490,490.0,40.72,92.2,1.09,134,788.0
491,620.0,32.51,88.4,1.34,125,873.0
492,416.0,28.11,70.6,1.26,114,712.0
493,596.0,44.77,60.7,1.02,50,591.0
494,571.0,21.39,74.4,1.15,35,592.0
495,642.0,31.99,91.4,0.95,26,556.0
496,444.0,23.99,88.8,1.33,14,491.0
497,466.0,31.55,91.7,1.1,62,621.0
498,503.0,22.58,45.9,0.96,89,690.0
499,569.0,37.63,48.0,0.97,77,696.0
500,569.0,42.82,82.5,0.99,46,572.0
501,546.0,16.69,89.5,1.44,82,776.0
502,464.0,43.63,58.2,0.87,30,462.0
503,471.0,19.52,67.2,1.4,123,775.0
504,389.0,31.04,64.1,1.3,67,563.0
505,507.0,40.37,93.2,0.83,26,463.0
506,580.0,20.6,55.0,1.22,43,625.0
507,371.0,42.1,71.1,1.37,31,450.0
508,556.0,16.39,24.1,1.45,41,643.0
509,591.0,42.15,73.6,1.12,31,584.0
510,589.0,15.14,31.2,1.39,123,888.0
511,483.0,15.72,78.6,1.44,125,856.0
512,379.0,23.1,44.5,1.25,119,724.0
513,501.0,37.16,44.9,1.07,18,452.0
514,435.0,32.76,83.5,1.01,62,554.0
515,496.0,22.75,76.0,1.15,139,851.0
516,606.0,26.25,83.5,1.09,109,802.0
517,536.0,30.01,22.5,1.32,56,628.0
518,457.0,32.32,43.6,1.02,52,534.0
519,545.0,18.8,80.0,1.3,103,814.0
520,493.0,44.15,42.7,0.88,137,741.0
521,485.0,30.49,81.5,1.0,63,592.0
522,524.0,18.05,69.8,1.16,143,895.0
523,545.0,26.22,64.9,0.88,110,734.0
524,457.0,29.12,64.4,1.35,92,682.0
525,533.0,18.44,91.6,1.22,119,864.0
526,403.0,20.37,28.1,1.15,66,615.0
527,387.0,20.35,23.1,1.14,61,565.0
528,601.0,32.06,40.5,1.33,125,849.0
529,454.0,41.61,73.1,0.9,140,730.0
530,449.0,20.62,66.8,0.86,72,605.0
531,415.0,17.51,75.8,1.05,42,531.0
532,611.0,19.25,54.7,1.26,38,693.0
533,589.0,18.69,20.7,1.45,139,944.0
534,439.0,29.47,83.7,0.87,89,620.0
535,391.0,34.07,41.8,1.32,69,588.0
536,593.0,33.89,25.3,1.37,96,794.0
537,507.0,30.58,48.2,1.33,111,778.0
538,464.0,23.57,68.7,1.49,55,606.0
539,435.0,30.26,31.9,1.27,54,562.0
540,406.0,21.55,65.6,1.46,49,573.0
541,547.0,23.82,87.5,1.47,129,859.0
542,506.0,31.03,88.5,1.44,40,588.0
543,355.0,28.0,36.7,0.86,135,702.0
544,413.0,42.92,40.0,0.85,17,339.0
545,469.0,23.11,33.4,1.25,60,629.0
546,411.0,43.8,73.3,1.1,89,588.0
547,495.0,24.64,53.4,1.34,134,854.0
548,345.0,16.36,71.5,1.18,57,538.0
549,422.0,42.91,36.3,0.87,46,461.0
550,540.0,21.18,67.2,0.87,110,785.0
551,516.0,42.98,52.6,1.07,92,651.0
552,441.0,15.03,40.2,1.19,128,790.0
553,472.0,27.65,86.2,0.98,149,850.0
554,473.0,27.14,34.5,0.96,76,594.0
555,502.0,37.94,49.8,0.82,28,455.0
556,524.0,44.81,35.6,1.08,11,452.0
557,547.0,19.41,72.4,0.96,68,657.0
558,473.0,33.13,82.5,1.28,64,633.0
559,596.0,22.6,44.0,1.46,132,926.0
560,611.0,17.86,95.0,1.4,37,679.0
561,540.0,19.18,90.4,1.1,68,694.0
562,418.0,31.95,29.2,1.06,61,547.0
563,343.0,39.78,41.9,1.49,81,561.0
564,478.0,33.72,49.2,1.05,14,472.0
565,574.0,15.02,28.0,1.38,141,954.0
566,555.0,27.31,84.3,1.04,31,556.0
567,471.0,44.36,33.6,1.45,94,679.0
568,513.0,29.11,25.0,1.07,128,798.0
569,664.0,31.17,29.4,1.38,35,659.0
570,375.0,44.75,31.1,1.29,110,629.0
571,570.0,40.35,55.3,1.14,53,606.0
572,581.0,33.97,85.1,1.34,89,752.0
573,428.0,20.0,47.5,1.0,136,788.0
574,495.0,37.44,27.8,1.47,52,616.0
575,547.0,32.77,77.0,1.01,56,619.0
576,463.0,38.11,44.4,1.24,126,761.0
577,569.0,40.82,67.6,1.07,73,650.0
578,454.0,32.87,62.7,1.29,114,704.0
579,545.0,31.67,69.1,1.15,18,539.0
580,498.0,18.36,43.3,1.38,59,646.0
581,572.0,25.75,44.2,1.35,144,909.0
582,563.0,25.57,68.5,1.32,24,579.0
583,511.0,25.57,84.8,1.26,118,792.0
584,608.0,41.68,29.7,1.22,87,738.0
585,461.0,16.54,73.8,1.45,133,831.0
586,493.0,19.03,51.1,1.3,102,747.0
587,615.0,41.76,46.5,0.86,107,736.0
588,479.0,18.68,47.0,0.81,22,475.0
589,609.0,38.85,70.7,1.36,15,574.0
590,652.0,36.24,63.2,1.24,132,901.0
591,487.0,35.76,35.8,1.48,34,548.0
592,360.0,26.23,28.4,1.36,134,749.0
593,455.0,26.1,91.7,1.18,139,812.0
594,330.0,18.84,82.4,1.32,73,565.0
595,506.0,25.98,68.6,1.02,26,508.0
596,459.0,25.26,43.6,1.48,32,531.0
597,424.0,37.42,40.4,1.03,23,430.0
598,539.0,43.86,91.5,1.34,85,697.0
599,517.0,39.2,87.1,1.36,149,907.0
600,415.0,40.86,78.2,1.25,100,637.0
601,493.0,15.5,74.4,1.2,120,807.0
602,492.0,16.14,71.6,1.19,71,677.0
603,602.0,44.46,31.1,1.16,39,591.0
604,518.0,20.13,57.0,1.41,80,742.0
605,429.0,35.78,56.6,1.09,122,703.0
606,458.0,32.4,39.0,1.19,106,708.0
607,623.0,43.55,34.5,1.48,92,755.0
608,450.0,29.26,82.1,1.34,96,693.0
609,476.0,22.49,91.3,1.48,134,856.0
610,515.0,30.02,50.5,1.33,74,688.0
611,371.0,17.33,77.6,1.34,34,480.0
612,478.0,41.04,68.9,1.33,65,621.0
613,370.0,19.85,69.1,1.25,149,797.0
614,452.0,40.84,47.3,1.2,80,605.0
615,613.0,21.99,64.3,1.29,148,961.0
616,475.0,35.13,90.3,1.05,80,628.0
617,471.0,23.24,37.9,1.23,125,803.0
618,471.0,22.11,86.0,1.2,26,533.0
619,449.0,24.3,40.8,1.36,138,824.0
620,529.0,15.96,66.4,0.81,40,545.0
621,475.0,16.3,91.0,0.83,104,682.0
622,510.0,44.09,29.8,0.99,17,455.0
623,501.0,36.22,71.3,0.84,103,665.0
624,443.0,21.96,61.4,0.93,68,576.0
625,552.0,17.5,74.7,0.99,91,748.0
626,540.0,25.3,43.9,1.25,75,702.0
627,578.0,38.24,26.8,1.1,11,499.0
628,549.0,32.12,31.9,1.24,20,506.0
629,390.0,21.08,35.1,1.43,12,426.0
630,389.0,32.55,77.1,1.27,42,497.0
631,635.0,44.03,70.7,1.11,115,783.0
632,383.0,31.97,92.6,1.36,67,560.0
633,439.0,31.03,42.3,0.93,88,611.0
634,498.0,22.86,68.0,0.89,31,511.0
635,489.0,38.79,29.8,0.91,50,544.0
636,603.0,40.82,82.6,0.88,37,560.0
637,530.0,31.16,89.4,0.97,139,795.0
638,470.0,41.12,86.6,1.38,83,644.0
639,523.0,20.72,29.0,1.46,116,821.0
640,499.0,24.67,62.1,1.06,102,709.0
641,578.0,44.28,56.0,1.33,60,666.0
642,674.0,34.27,43.8,0.98,12,555.0
643,417.0,18.58,44.0,1.25,46,555.0
644,425.0,16.18,50.8,0.93,20,452.0
645,367.0,41.28,94.3,0.97,54,443.0
646,542.0,16.86,48.0,1.39,65,681.0
647,428.0,32.86,55.0,0.89,42,509.0
648,513.0,20.06,62.8,1.08,134,835.0
649,444.0,28.57,93.7,1.23,112,721.0
650,439.0,37.25,42.5,1.16,67,551.0
651,458.0,25.83,88.0,1.01,119,730.0
652,469.0,27.44,68.4,1.31,143,850.0
653,553.0,18.37,65.4,1.03,16,521.0
654,522.0,32.51,42.5,1.05,111,712.0
655,551.0,35.46,84.1,1.47,100,751.0
656,502.0,16.11,49.3,1.34,83,700.0
657,539.0,38.48,93.2,1.06,14,482.0
658,546.0,25.91,34.7,1.08,64,670.0
659,369.0,27.12,76.0,0.96,102,633.0
660,596.0,35.95,75.8,1.13,138,882.0
661,394.0,42.98,70.9,0.83,59,457.0
662,660.0,42.8,34.2,0.86,31,566.0
663,598.0,33.0,42.4,1.46,14,566.0
664,485.0,19.31,89.3,1.09,66,647.0
665,376.0,43.39,80.7,0.81,143,670.0
666,455.0,16.26,50.5,0.97,96,682.0
667,410.0,37.55,56.0,0.99,139,743.0
668,515.0,33.1,88.3,1.4,93,711.0
669,466.0,35.92,55.6,1.4,47,568.0
670,566.0,29.89,37.9,0.87,31,506.0
671,429.0,38.04,84.4,0.88,85,604.0
672,397.0,20.32,61.5,1.4,47,533.0
673,530.0,21.29,81.9,1.44,134,885.0
674,373.0,22.42,34.3,1.16,131,753.0
675,473.0,28.63,66.9,1.11,136,799.0
676,430.0,39.98,82.5,1.44,149,809.0
677,424.0,42.06,62.7,1.01,59,521.0
678,621.0,34.82,24.6,1.2,15,530.0
679,702.0,42.3,35.9,0.94,98,791.0
680,504.0,39.71,38.7,1.41,108,756.0
681,480.0,23.74,67.1,1.47,80,674.0
682,455.0,28.2,72.5,1.36,144,842.0
683,509.0,30.39,52.2,1.26,108,761.0
684,510.0,27.93,75.1,0.96,39,539.0
685,571.0,34.72,88.4,1.45,129,898.0
686,482.0,38.13,26.7,1.0,114,729.0
687,616.0,15.05,32.7,1.07,113,826.0
688,472.0,18.71,69.5,0.87,102,733.0
689,496.0,39.59,21.0,1.32,114,769.0
690,482.0,15.42,56.3,1.08,29,554.0
691,458.0,42.87,26.6,1.12,92,639.0
692,317.0,26.18,62.9,1.31,78,543.0
693,550.0,22.28,71.7,1.33,106,796.0
694,632.0,20.01,48.2,1.21,12,596.0
695,482.0,35.33,28.3,1.48,143,803.0
696,479.0,35.72,37.0,1.28,18,509.0
697,435.0,20.6,58.0,1.41,48,593.0
698,512.0,41.8,85.6,1.18,35,542.0
699,468.0,19.9,48.5,1.41,59,635.0
700,503.0,18.47,93.6,0.84,149,854.0
701,523.0,44.88,26.4,1.3,56,578.0
702,518.0,26.3,66.4,1.42,39,589.0
703,484.0,35.7,77.3,1.49,143,838.0
704,566.0,19.4,76.3,1.35,91,801.0
705,440.0,25.86,81.7,1.14,140,779.0
706,427.0,32.89,27.9,1.09,94,640.0
707,494.0,44.41,28.3,1.26,129,782.0
708,564.0,35.25,37.7,1.19,109,763.0
709,380.0,41.94,49.3,1.38,18,397.0
710,566.0,33.09,83.9,0.83,10,465.0
711,335.0,20.45,63.8,1.01,132,680.0
712,556.0,29.53,91.2,1.06,119,779.0
713,474.0,19.51,55.2,1.23,87,725.0
714,469.0,43.6,63.6,1.38,65,613.0
715,564.0,27.2,77.8,1.12,60,660.0
716,462.0,22.94,26.8,0.82,58,553.0
717,411.0,36.59,51.9,0.98,80,576.0
718,537.0,17.85,90.8,1.14,35,592.0
719,450.0,35.83,34.9,1.08,98,656.0
720,445.0,30.38,47.7,0.82,24,457.0
721,399.0,28.82,62.8,1.39,88,659.0
722,556.0,19.35,56.8,1.08,113,808.0
723,485.0,35.65,55.5,0.87,40,486.0
724,453.0,17.51,55.0,0.98,139,799.0
725,485.0,26.59,75.7,1.21,65,618.0
726,479.0,27.42,94.6,1.18,104,714.0
727,526.0,31.98,34.7,0.83,22,480.0
728,580.0,17.07,49.1,1.18,29,618.0
729,484.0,16.94,69.2,0.86,97,689.0
730,456.0,23.87,60.5,0.82,81,624.0
731,461.0,26.65,80.5,0.82,61,570.0
732,559.0,17.2,33.0,1.22,23,573.0
733,577.0,28.07,62.6,1.46,59,705.0
734,553.0,19.54,67.4,1.26,81,747.0
735,603.0,27.3,63.5,1.14,49,614.0
736,442.0,44.0,79.8,1.11,142,758.0
737,394.0,39.63,60.0,1.4,142,786.0
738,360.0,18.52,32.3,0.98,53,472.0
739,456.0,38.67,27.6,1.15,105,690.0
740,472.0,21.57,24.3,1.35,75,671.0
741,487.0,40.41,46.9,0.96,84,614.0
742,393.0,30.56,72.7,0.85,136,738.0
743,468.0,42.14,57.6,1.29,101,676.0
744,569.0,30.11,39.7,1.29,27,547.0
745,603.0,35.5,29.8,1.27,74,688.0
746,390.0,27.46,30.6,1.5,105,688.0
747,555.0,35.44,54.3,1.26,52,619.0
748,442.0,42.48,77.3,1.2,57,517.0
749,410.0,26.38,65.2,0.92,73,569.0
750,472.0,38.88,55.5,0.99,15,417.0
751,542.0,42.16,62.0,1.17,89,710.0
752,310.0,15.77,48.9,1.23,59,518.0
753,604.0,27.44,84.3,0.98,104,790.0
754,545.0,16.56,59.3,1.18,67,688.0
755,562.0,36.51,74.5,1.12,91,719.0
756,437.0,43.3,32.1,1.37,143,798.0
757,529.0,23.87,67.7,1.07,63,633.0
758,556.0,22.52,40.1,1.19,48,619.0
759,455.0,43.43,61.3,1.17,100,670.0
760,571.0,35.57,30.7,1.2,38,556.0
761,515.0,24.38,40.2,1.47,11,534.0
762,548.0,43.19,82.2,1.29,71,648.0
763,417.0,43.72,91.0,1.43,61,546.0
764,497.0,25.28,33.5,1.34,24,555.0
765,472.0,21.83,54.3,1.15,139,839.0
766,572.0,42.79,54.3,1.16,121,792.0
767,362.0,25.0,67.7,1.07,91,614.0
768,406.0,39.02,84.8,0.96,30,447.0
769,556.0,17.45,91.7,1.21,77,707.0
770,625.0,28.54,60.0,1.21,143,928.0
771,484.0,36.56,30.0,1.16,131,780.0
772,575.0,35.54,35.7,1.0,38,563.0
773,507.0,26.92,23.8,0.85,80,643.0
774,518.0,20.98,50.0,1.18,140,874.0
775,552.0,32.35,20.4,1.16,85,704.0
776,391.0,32.04,48.6,0.97,127,695.0
777,497.0,42.45,48.7,1.1,134,759.0
778,507.0,18.78,76.5,1.42,148,899.0
779,536.0,41.37,70.7,0.82,94,642.0
780,381.0,22.73,91.4,1.0,16,407.0
781,433.0,15.22,43.4,1.46,137,855.0
782,548.0,37.73,35.3,1.46,71,704.0
783,630.0,35.14,33.2,1.4,87,797.0
784,326.0,31.44,92.9,1.45,53,497.0
785,431.0,41.24,91.7,1.07,53,518.0
786,449.0,25.92,59.5,1.05,111,698.0
787,694.0,38.03,84.2,0.99,149,976.0
788,613.0,21.82,48.4,0.91,78,716.0
789,468.0,15.33,38.3,0.98,57,577.0
790,442.0,20.68,84.3,1.14,104,720.0
791,501.0,15.28,55.0,0.85,21,479.0
792,452.0,42.14,59.6,1.21,11,442.0
793,547.0,23.63,83.0,1.49,51,672.0
794,591.0,32.56,53.8,0.84,76,674.0
795,455.0,41.37,50.2,0.83,13,391.0
796,505.0,17.89,52.1,1.08,50,628.0
797,369.0,31.77,36.3,1.22,99,629.0
798,599.0,26.82,92.5,1.03,51,605.0
799,499.0,22.05,31.4,0.86,148,861.0
800,354.0,25.51,53.4,1.26,46,497.0
801,388.0,44.42,73.5,1.23,36,431.0
802,473.0,43.29,38.5,1.07,75,573.0
803,366.0,30.35,71.9,1.03,33,406.0
804,352.0,26.65,38.5,1.14,33,427.0
805,484.0,23.27,76.1,1.07,34,534.0
806,600.0,16.23,67.7,0.98,51,630.0
807,469.0,33.08,78.2,1.13,90,647.0
808,449.0,32.85,52.7,1.21,55,568.0
809,630.0,20.3,69.8,1.26,139,935.0
810,501.0,40.06,93.9,1.27,59,580.0
811,458.0,42.63,89.7,1.5,11,460.0
812,366.0,44.28,74.2,1.25,139,741.0
813,579.0,29.7,22.7,1.28,58,673.0
814,450.0,23.4,82.4,1.0,121,725.0
815,466.0,19.63,85.7,1.12,46,573.0
816,310.0,33.43,43.8,1.28,107,630.0
817,478.0,27.64,66.2,1.0,136,794.0
818,546.0,39.0,84.8,0.86,134,771.0
819,372.0,40.08,33.5,1.18,19,380.0
820,349.0,24.86,32.7,1.01,43,450.0
821,416.0,22.85,71.0,1.19,123,758.0
822,569.0,35.1,21.5,1.14,136,853.0
823,617.0,39.49,92.8,0.82,79,672.0
824,429.0,29.43,84.1,1.33,116,738.0
825,562.0,35.44,53.9,1.0,146,865.0
826,506.0,28.83,61.0,0.89,90,666.0
827,561.0,42.78,58.9,0.83,111,730.0
828,411.0,21.17,24.0,1.43,60,579.0
829,452.0,20.85,28.4,0.86,99,657.0
830,497.0,26.43,24.5,1.31,138,851.0
831,456.0,20.23,24.0,1.47,108,781.0
832,424.0,35.52,47.5,1.04,72,529.0
833,469.0,30.55,73.7,1.21,134,829.0
834,531.0,42.05,86.1,0.84,143,794.0
835,548.0,23.06,82.2,1.21,44,610.0
836,443.0,39.98,87.9,1.33,51,555.0
837,417.0,32.77,73.3,1.32,51,527.0
838,467.0,31.13,74.1,1.11,47,554.0
839,581.0,21.44,90.2,1.38,134,908.0
840,539.0,19.96,82.3,0.81,124,786.0
841,499.0,33.04,26.4,0.89,33,486.0
842,425.0,30.87,27.1,1.02,120,706.0
843,453.0,28.21,58.2,1.06,10,426.0
844,556.0,23.02,32.6,1.07,67,658.0
845,520.0,37.94,49.2,1.02,149,858.0
846,417.0,41.55,71.3,1.18,67,560.0
847,415.0,22.23,39.0,0.97,20,410.0
848,473.0,21.5,64.9,1.15,12,468.0
849,524.0,29.98,29.6,1.27,13,502.0
850,411.0,44.46,50.7,1.33,126,679.0
851,555.0,17.28,43.1,1.01,87,744.0
852,524.0,22.23,72.0,1.1,80,730.0
853,548.0,41.34,75.8,1.2,10,480.0
854,362.0,34.2,39.3,1.06,139,704.0
855,487.0,35.71,94.1,1.11,69,587.0
856,593.0,17.2,39.2,1.02,68,688.0
857,529.0,28.32,67.3,0.94,131,832.0
858,491.0,26.47,54.9,1.35,64,672.0
859,414.0,38.37,34.0,1.05,142,732.0
860,500.0,37.99,80.3,1.21,74,633.0
861,533.0,23.78,92.7,1.04,53,608.0
862,480.0,34.81,68.0,1.21,69,618.0
863,494.0,37.9,89.2,0.88,60,535.0
864,503.0,17.29,48.5,1.19,126,801.0
865,427.0,36.86,60.1,1.23,25,444.0
866,526.0,18.68,61.9,1.47,141,899.0
867,455.0,32.35,63.2,1.03,119,716.0
868,505.0,29.94,28.7,0.84,141,805.0
869,536.0,34.51,59.3,1.28,43,567.0
870,559.0,40.18,29.7,1.07,40,535.0
871,554.0,21.03,32.4,1.43,63,693.0
872,632.0,19.52,92.4,1.28,83,802.0
873,631.0,32.4,62.1,1.48,16,579.0
874,487.0,23.38,39.3,0.84,126,749.0
875,572.0,24.64,51.7,1.11,20,528.0
876,512.0,19.42,63.2,1.46,139,894.0
877,594.0,27.0,44.9,1.48,113,858.0
878,545.0,43.7,87.0,0.89,91,667.0
879,622.0,41.71,23.4,1.24,115,828.0
880,510.0,32.25,43.0,0.87,26,477.0
881,607.0,42.32,56.2,1.41,64,703.0
882,335.0,38.5,91.6,1.45,80,554.0
883,514.0,40.66,56.9,1.0,87,652.0
884,511.0,39.9,62.6,1.4,39,558.0
885,465.0,43.22,26.8,1.14,103,639.0
886,418.0,27.98,59.8,0.8,72,519.0
887,468.0,43.41,94.0,1.39,43,540.0
888,433.0,24.16,93.1,0.89,48,510.0
889,476.0,26.58,82.6,0.95,23,454.0
890,570.0,32.67,49.8,1.34,127,839.0
891,427.0,21.54,92.8,1.05,126,723.0
892,567.0,41.97,65.1,1.23,112,765.0
893,433.0,21.25,72.5,1.15,112,738.0
894,496.0,33.09,40.1,1.16,80,636.0
895,479.0,21.5,48.0,1.4,102,754.0
896,560.0,27.79,32.0,0.89,123,805.0
897,562.0,37.78,54.7,1.43,90,753.0
898,480.0,19.89,35.1,1.36,87,705.0
899,632.0,21.09,28.1,0.83,136,898.0
900,449.0,25.43,56.3,1.43,84,705.0
901,638.0,20.55,33.6,1.39,86,803.0
902,515.0,37.93,91.5,0.94,67,591.0
903,478.0,43.06,81.0,1.13,28,452.0
904,462.0,19.28,67.0,0.81,74,584.0
905,448.0,17.12,52.5,1.43,12,492.0
906,376.0,20.36,27.7,0.87,111,653.0
907,451.0,34.1,61.2,1.42,50,585.0
908,614.0,20.17,42.7,1.46,81,818.0
909,476.0,40.92,64.3,0.96,121,733.0
910,476.0,28.71,30.7,1.01,66,603.0
911,465.0,39.12,51.9,1.45,81,664.0
912,686.0,32.47,64.3,0.89,84,745.0
913,474.0,37.61,92.8,1.29,26,476.0
914,604.0,40.12,76.0,1.47,94,795.0
915,500.0,21.83,20.0,1.46,40,602.0
916,532.0,18.85,20.6,1.14,91,731.0
917,468.0,21.04,56.8,0.85,116,687.0
918,499.0,20.16,79.8,1.01,68,624.0
919,359.0,31.26,54.0,1.3,125,724.0
920,517.0,24.62,22.5,0.87,11,471.0
921,547.0,15.22,89.6,1.36,142,910.0
922,420.0,38.02,59.9,1.19,10,388.0
923,449.0,20.02,89.4,1.01,99,716.0
924,431.0,34.89,70.7,1.28,82,630.0
925,633.0,44.01,49.9,0.84,10,506.0
926,540.0,37.06,83.5,1.23,124,785.0
927,507.0,24.42,94.7,1.29,130,839.0
928,393.0,21.84,66.7,1.19,56,550.0
929,616.0,24.93,81.0,1.11,114,841.0
930,620.0,15.46,37.0,1.26,18,620.0
931,661.0,27.69,90.4,1.24,122,897.0
932,512.0,35.72,34.4,1.46,120,814.0
933,494.0,21.88,67.8,1.02,44,553.0
934,513.0,19.62,51.2,1.0,98,736.0
935,444.0,42.09,58.4,1.37,134,746.0
936,525.0,41.87,21.7,1.14,34,549.0
937,428.0,36.65,52.1,1.16,20,436.0
938,483.0,21.49,78.4,1.46,52,620.0
939,507.0,22.82,89.9,1.25,39,594.0
940,590.0,42.29,84.3,1.36,130,847.0
941,430.0,31.11,21.3,0.87,109,625.0
942,377.0,19.1,68.6,1.34,143,811.0
943,377.0,28.14,23.1,1.37,138,770.0
944,390.0,28.33,50.3,1.39,37,512.0
945,585.0,36.16,48.2,0.81,73,649.0
946,496.0,24.44,55.0,0.93,132,826.0
947,566.0,33.56,90.0,0.83,126,804.0
948,524.0,22.85,89.8,1.2,32,567.0
949,708.0,25.9,82.0,1.2,17,639.0
950,510.0,28.41,37.3,1.13,89,667.0
951,574.0,33.52,28.6,1.48,41,646.0
952,495.0,26.97,55.6,0.91,38,530.0
953,512.0,25.46,83.6,1.22,43,590.0
954,501.0,17.41,88.1,1.22,34,574.0
955,360.0,41.25,93.9,1.3,106,614.0
956,577.0,41.7,56.2,0.96,35,528.0
957,468.0,26.41,43.6,0.98,109,716.0
958,582.0,17.27,38.3,1.14,100,808.0
959,367.0,34.56,88.5,1.19,88,602.0
960,507.0,19.3,80.3,1.11,83,671.0
961,575.0,42.92,67.9,0.97,41,550.0
962,498.0,37.16,21.6,1.29,110,756.0
963,587.0,25.22,53.5,1.27,51,649.0
964,464.0,22.2,86.3,0.81,112,727.0
965,577.0,28.77,58.6,1.27,103,789.0
966,478.0,28.81,38.9,1.19,19,473.0
967,346.0,19.57,32.5,0.86,123,690.0
968,421.0,23.21,77.7,1.04,17,406.0
969,487.0,34.02,29.8,1.19,25,498.0
970,416.0,37.26,53.6,1.36,14,443.0
971,411.0,20.48,20.1,1.0,130,770.0
972,409.0,15.14,69.4,1.41,109,761.0
973,597.0,17.65,30.5,1.37,120,888.0
974,510.0,28.24,92.6,1.13,102,728.0
975,603.0,37.4,43.3,0.9,148,882.0
976,276.0,25.44,41.8,1.12,113,621.0
977,619.0,41.66,32.1,1.36,87,777.0
978,518.0,37.39,39.0,1.13,92,694.0
979,502.0,26.14,57.5,1.01,22,513.0
980,426.0,33.78,69.4,0.9,18,404.0
981,526.0,33.07,66.3,1.1,144,869.0
982,499.0,26.08,26.1,1.48,84,699.0
983,610.0,23.75,27.2,1.0,143,925.0
984,508.0,21.92,73.5,0.91,79,661.0
985,692.0,17.16,82.2,0.82,144,954.0
986,486.0,16.4,72.3,1.19,102,723.0
987,481.0,31.15,36.5,1.18,130,777.0
988,561.0,28.07,24.1,1.25,36,599.0
989,515.0,23.81,38.4,1.1,64,639.0
990,420.0,15.13,45.4,1.18,106,734.0
991,473.0,31.62,87.6,1.46,132,838.0
992,384.0,32.23,64.0,1.11,143,767.0
993,565.0,20.45,87.8,1.26,107,796.0
994,637.0,22.73,22.7,1.31,52,718.0
995,418.0,25.15,68.5,1.36,91,678.0
996,358.0,41.6,41.0,0.95,84,514.0
997,567.0,30.63,53.9,1.13,121,839.0
998,570.0,36.19,27.9,1.07,139,825.0
999,336.0,33.51,59.7,1.27,92,592.0
1000,582.0,42.5,42.3,1.34,144,884.0
1001,497.0,32.37,71.2,1.02,139,801.0
1002,541.0,34.87,46.9,0.85,142,829.0
1003,465.0,43.0,24.8,1.23,55,564.0
1004,580.0,18.66,79.4,1.33,148,961.0
1005,492.0,33.61,71.1,0.93,83,636.0
1006,521.0,30.01,63.4,0.95,41,542.0
1007,461.0,31.21,93.1,1.09,39,495.0
1008,558.0,18.07,77.7,0.92,31,555.0
1009,409.0,27.88,42.1,1.13,32,474.0
1010,539.0,41.2,57.2,1.07,10,468.0
1011,511.0,32.47,50.8,1.42,106,773.0
1012,666.0,20.28,28.2,1.01,96,818.0
1013,378.0,31.08,70.9,1.05,128,699.0
1014,372.0,36.75,73.0,1.15,91,601.0
1015,473.0,41.52,27.5,1.16,149,825.0
1016,434.0,23.34,23.0,1.17,145,813.0
1017,564.0,22.59,60.5,1.23,74,732.0
1018,407.0,24.04,69.7,0.95,146,766.0
1019,445.0,34.98,64.8,1.09,56,555.0
1020,515.0,32.6,29.8,0.81,109,714.0
1021,390.0,38.05,67.6,1.06,113,649.0
1022,594.0,29.95,24.9,1.11,133,838.0
1023,488.0,15.32,26.2,0.95,110,771.0
1024,411.0,29.69,65.4,1.22,105,701.0
1025,427.0,25.64,64.5,0.94,82,599.0
1026,475.0,25.97,57.9,1.05,114,729.0
1027,394.0,29.95,42.4,1.04,137,700.0
1028,411.0,37.36,65.4,1.2,138,755.0
1029,663.0,21.69,72.2,1.42,75,818.0
1030,377.0,36.44,51.8,1.25,142,758.0
1031,448.0,26.32,24.3,0.9,141,766.0
1032,470.0,34.14,65.6,0.94,80,611.0
1033,762.0,30.92,89.4,1.35,85,849.0
1034,532.0,23.79,48.0,0.95,113,777.0
1035,608.0,34.81,33.5,0.95,121,827.0
1036,334.0,36.85,86.3,1.4,64,514.0
1037,654.0,43.82,81.4,1.07,98,762.0
1038,393.0,44.13,46.2,1.13,46,501.0
1039,435.0,38.65,33.2,1.42,88,636.0
1040,540.0,41.05,40.2,1.11,108,768.0
1041,465.0,44.02,94.9,1.42,81,611.0
1042,433.0,23.25,20.6,0.81,67,560.0
1043,354.0,35.65,92.5,1.22,44,473.0
1044,491.0,40.85,34.3,1.13,74,631.0
1045,521.0,33.46,34.7,0.98,74,651.0
1046,457.0,42.11,93.8,0.9,131,735.0
1047,371.0,34.72,94.4,1.34,72,532.0
1048,429.0,18.57,93.8,0.85,77,584.0
1049,564.0,24.53,66.3,1.3,37,620.0
1050,522.0,16.64,34.7,1.13,61,685.0
1051,512.0,17.18,94.7,1.28,14,551.0
1052,657.0,16.52,67.1,1.35,106,914.0
1053,530.0,20.37,88.7,1.19,77,685.0
1054,610.0,21.04,50.2,1.43,122,896.0
1055,435.0,23.25,91.6,0.93,64,593.0
1056,457.0,17.66,31.3,1.18,17,484.0
1057,524.0,38.89,25.2,1.1,27,516.0
1058,550.0,15.42,61.5,0.88,86,689.0
1059,508.0,44.94,63.7,1.32,44,556.0
1060,493.0,29.79,87.9,1.31,109,752.0
1061,376.0,19.74,50.7,0.98,92,618.0
1062,459.0,29.77,41.4,1.29,17,460.0
1063,572.0,31.37,51.4,1.41,41,643.0
1064,437.0,34.67,51.9,1.29,105,703.0
1065,437.0,44.02,79.6,1.41,148,829.0
1066,472.0,21.94,75.1,1.26,75,629.0
1067,400.0,22.47,24.9,1.11,61,567.0
1068,488.0,24.37,26.9,0.91,53,559.0
1069,473.0,26.63,49.0,1.12,61,601.0
1070,489.0,20.76,26.4,1.07,15,466.0
1071,506.0,40.47,45.1,1.34,52,580.0
1072,496.0,27.67,91.5,0.83,84,621.0
1073,427.0,16.15,73.8,0.96,44,527.0
1074,502.0,43.54,73.2,1.25,23,457.0
1075,429.0,34.82,75.4,0.85,25,415.0
1076,474.0,43.39,92.6,0.95,143,772.0
1077,475.0,21.15,80.4,1.01,67,612.0
1078,597.0,34.11,59.0,1.12,138,854.0
1079,434.0,37.79,30.4,0.93,138,745.0
1080,456.0,33.87,66.0,1.12,80,629.0
1081,487.0,17.57,42.3,0.99,141,861.0
1082,492.0,38.92,25.2,0.84,10,406.0
1083,398.0,30.39,76.7,1.14,141,768.0
1084,455.0,28.12,93.5,0.96,10,433.0
1085,461.0,25.28,54.0,0.9,12,429.0
1086,442.0,24.42,74.2,1.17,39,557.0
1087,486.0,43.22,80.5,1.0,137,768.0
1088,470.0,17.49,83.0,1.13,18,478.0
1089,393.0,16.67,81.6,1.38,36,535.0
1090,421.0,18.14,90.9,0.87,21,442.0
1091,513.0,39.67,63.3,1.09,28,517.0
1092,485.0,26.77,22.4,1.05,13,464.0
1093,516.0,19.36,75.3,0.89,30,530.0
1094,540.0,15.84,59.6,0.94,130,822.0
1095,578.0,40.58,43.3,1.13,44,551.0
1096,430.0,43.29,31.3,1.34,65,579.0
1097,489.0,27.85,70.4,1.33,24,537.0
1098,677.0,36.06,55.8,1.0,122,885.0
1099,565.0,35.91,40.3,0.82,138,840.0
1100,438.0,21.66,87.8,1.47,143,858.0
1101,461.0,31.3,73.0,1.44,116,776.0
1102,488.0,29.61,70.5,1.12,142,836.0
1103,434.0,20.66,37.8,0.97,33,495.0
1104,340.0,40.6,58.8,1.32,54,490.0
1105,499.0,16.61,41.3,1.1,125,808.0
1106,445.0,28.62,71.2,0.81,11,389.0
1107,506.0,43.26,43.7,0.91,17,431.0
1108,504.0,22.5,64.4,1.47,105,773.0
1109,665.0,38.09,34.5,1.5,76,808.0
1110,525.0,15.53,80.8,1.35,73,714.0
1111,359.0,38.53,56.0,1.0,91,579.0
1112,544.0,19.36,47.6,1.34,16,543.0
1113,601.0,17.53,33.5,0.8,58,659.0
1114,590.0,41.52,55.3,1.35,133,881.0
1115,268.0,38.37,20.7,1.32,51,412.0
1116,459.0,30.47,68.8,1.31,42,543.0
1117,456.0,35.52,68.8,1.1,85,645.0
1118,441.0,21.05,77.7,1.11,97,711.0
1119,654.0,42.67,46.6,1.01,116,807.0
1120,488.0,40.75,82.7,1.25,110,699.0
1121,589.0,38.99,43.6,1.45,76,739.0
1122,471.0,22.09,54.1,0.87,88,669.0
1123,570.0,44.79,59.8,1.08,73,666.0
1124,678.0,33.43,39.4,1.24,109,851.0
1125,485.0,35.9,80.6,1.28,67,634.0
1126,549.0,26.09,80.9,1.34,127,837.0
1127,448.0,32.51,87.7,1.42,111,755.0
1128,556.0,25.16,50.3,1.28,68,697.0
1129,531.0,44.7,60.9,1.42,126,794.0
1130,587.0,20.59,69.7,1.12,57,660.0
1131,572.0,31.23,89.5,0.92,137,838.0
1132,474.0,16.16,33.5,1.1,37,548.0
1133,627.0,35.2,77.3,1.0,37,585.0
1134,489.0,36.2,65.8,1.23,119,743.0
1135,534.0,15.68,58.5,1.4,108,798.0
1136,490.0,38.78,36.5,1.29,88,678.0
1137,414.0,25.75,75.3,1.45,137,808.0
1138,454.0,35.86,41.7,1.43,109,713.0
1139,710.0,20.5,26.7,1.42,79,844.0
1140,493.0,18.17,48.9,1.41,59,650.0
1141,490.0,33.59,30.6,1.18,118,761.0
1142,579.0,40.53,40.6,1.4,140,886.0
1143,537.0,30.6,72.5,1.02,21,524.0
1144,545.0,39.02,42.5,1.37,96,757.0
1145,544.0,42.76,55.7,1.29,147,868.0
1146,682.0,24.34,66.7,1.39,88,860.0
1147,508.0,19.74,88.3,1.3,117,809.0
1148,548.0,38.38,31.3,0.97,46,544.0
1149,378.0,18.25,56.1,1.23,116,730.0
1150,345.0,18.47,21.3,1.19,99,651.0
1151,513.0,40.8,38.4,1.46,49,617.0
1152,353.0,15.68,61.0,1.47,143,811.0
1153,467.0,31.86,67.3,1.37,59,584.0
1154,542.0,43.13,82.1,1.03,50,563.0
1155,470.0,35.72,59.0,0.91,101,667.0
1156,491.0,22.47,36.4,1.41,78,694.0
1157,567.0,20.77,48.5,1.44,146,918.0
1158,620.0,31.29,20.2,1.3,107,840.0
1159,589.0,35.0,47.6,1.22,134,840.0
1160,459.0,16.11,57.3,1.44,33,563.0
1161,544.0,29.36,91.0,1.21,132,832.0
1162,583.0,44.62,85.2,0.86,67,622.0
1163,474.0,17.87,84.1,1.19,45,598.0
1164,552.0,28.17,72.1,1.19,108,782.0
1165,591.0,18.33,34.8,0.82,119,848.0
1166,478.0,39.7,34.6,1.42,100,707.0
1167,370.0,44.74,80.3,1.45,141,765.0
1168,351.0,22.5,33.5,0.97,75,545.0
1169,479.0,26.95,77.5,1.05,135,804.0
1170,457.0,18.97,31.6,1.17,38,526.0
1171,537.0,27.63,54.0,0.95,149,856.0
1172,526.0,25.29,31.4,1.48,100,791.0
1173,611.0,42.37,67.7,1.09,106,781.0
1174,511.0,40.81,83.4,1.01,98,663.0
1175,451.0,19.18,85.9,1.08,51,551.0
1176,520.0,29.36,85.3,1.24,82,709.0
1177,670.0,24.29,68.9,1.12,10,594.0
1178,566.0,32.31,69.4,1.41,29,577.0
1179,322.0,29.73,40.7,1.39,80,538.0
1180,525.0,39.73,80.1,1.25,140,839.0
1181,520.0,36.35,43.4,1.01,70,611.0
1182,520.0,22.18,46.9,1.23,13,522.0
1183,593.0,24.5,63.9,1.08,145,917.0
1184,416.0,38.98,66.5,1.19,128,734.0
1185,385.0,25.15,41.7,1.01,148,756.0
1186,540.0,31.52,57.9,1.47,91,710.0
1187,528.0,30.64,89.1,0.81,44,551.0
1188,487.0,37.96,88.9,0.98,115,713.0
1189,446.0,18.94,40.2,1.28,62,611.0
1190,479.0,22.39,60.3,1.28,142,834.0
1191,495.0,37.63,53.8,1.3,125,809.0
1192,362.0,22.75,42.6,1.03,145,742.0
1193,482.0,41.29,61.0,1.16,56,558.0
1194,478.0,42.71,69.4,1.33,77,611.0
1195,433.0,34.79,48.8,1.01,48,505.0
1196,583.0,23.11,31.5,0.97,87,730.0
1197,559.0,37.02,90.3,1.25,111,819.0
1198,427.0,25.46,35.7,0.88,78,595.0
1199,501.0,19.87,80.6,0.86,63,590.0
1200,470.0,41.15,93.1,1.38,99,700.0
1201,445.0,25.73,78.3,1.27,80,669.0
1202,587.0,20.83,67.7,1.36,140,919.0
1203,522.0,15.4,76.4,1.02,49,598.0
1204,603.0,24.39,84.1,1.21,126,901.0
1205,457.0,32.67,25.1,1.17,86,635.0
1206,605.0,41.37,43.5,1.46,131,879.0
1207,544.0,37.8,36.2,1.45,112,777.0
1208,484.0,15.11,72.2,1.02,74,633.0
1209,607.0,26.53,80.7,1.09,50,658.0
1210,529.0,40.72,30.9,0.89,95,667.0
1211,450.0,42.53,34.7,0.95,24,434.0
1212,532.0,43.25,46.5,1.09,128,760.0
1213,504.0,38.77,65.3,1.5,66,643.0
1214,487.0,36.48,77.5,1.14,99,703.0
1215,482.0,28.42,70.1,1.19,133,779.0
1216,512.0,30.26,44.4,1.32,122,814.0
1217,509.0,38.06,38.5,1.39,111,775.0
1218,581.0,41.82,56.5,1.31,122,828.0
1219,424.0,38.02,42.7,1.22,52,541.0
1220,565.0,43.81,29.8,1.48,29,563.0
1221,374.0,40.74,58.1,1.37,21,436.0
1222,438.0,15.14,82.3,0.9,117,757.0
1223,653.0,28.49,21.1,1.4,149,994.0
1224,639.0,21.67,51.8,1.13,137,929.0
1225,456.0,24.57,59.2,1.3,80,655.0
1226,549.0,19.97,82.9,0.89,78,660.0
1227,410.0,39.61,31.6,0.97,101,629.0
1228,537.0,23.43,75.3,1.02,119,802.0
1229,530.0,40.71,70.9,0.98,40,525.0
1230,478.0,30.9,85.1,1.49,116,785.0
1231,455.0,33.06,77.4,1.14,40,519.0
1232,529.0,42.89,27.1,1.12,36,507.0
1233,355.0,35.35,72.2,0.89,35,406.0
1234,540.0,33.32,88.5,0.97,102,721.0
1235,556.0,38.32,73.2,1.19,114,794.0
1236,477.0,25.35,94.8,0.97,106,713.0
1237,603.0,44.9,20.1,1.47,132,882.0
1238,415.0,43.71,28.8,1.32,82,622.0
1239,591.0,41.3,27.6,1.23,74,721.0
1240,497.0,20.24,34.0,1.24,146,878.0
1241,591.0,44.84,92.9,0.86,50,549.0
1242,512.0,41.83,40.4,1.46,31,541.0
1243,419.0,18.2,54.1,1.13,81,657.0
1244,488.0,15.07,47.6,1.15,47,585.0
1245,434.0,42.97,38.1,1.06,105,644.0
1246,591.0,21.37,70.2,1.35,11,565.0
1247,643.0,35.93,73.1,0.91,92,761.0
1248,486.0,20.69,51.6,1.43,57,635.0
1249,616.0,37.75,40.5,1.36,31,602.0
1250,464.0,38.49,55.8,1.24,75,607.0
1251,533.0,16.08,43.2,0.85,132,830.0
1252,633.0,43.98,52.5,1.39,108,841.0
1253,600.0,24.18,86.5,0.95,43,628.0
1254,386.0,20.5,27.6,0.95,10,389.0
1255,588.0,22.56,74.6,1.27,93,807.0
1256,574.0,31.68,91.2,1.27,52,652.0
1257,355.0,29.7,29.3,1.2,18,392.0
1258,613.0,43.58,54.6,1.25,33,572.0
1259,527.0,25.41,82.8,1.13,56,601.0
1260,703.0,15.3,25.1,1.22,64,784.0
1261,494.0,32.21,93.6,1.48,12,487.0
1262,494.0,23.21,85.3,1.22,83,684.0
1263,505.0,21.3,59.3,1.49,78,741.0
1264,403.0,35.45,53.0,0.88,69,540.0
1265,487.0,42.2,65.3,1.08,108,706.0
1266,509.0,33.96,37.7,0.82,34,514.0
1267,528.0,22.12,33.6,1.29,102,757.0
1268,344.0,33.37,71.5,1.4,35,475.0
1269,333.0,39.94,70.6,1.08,35,390.0
1270,481.0,43.1,63.3,0.96,141,749.0
1271,490.0,15.1,22.3,0.94,74,650.0
1272,518.0,19.47,50.8,1.1,65,661.0
1273,455.0,44.13,41.0,1.04,75,595.0
1274,495.0,25.36,66.8,1.44,50,622.0
1275,544.0,20.62,79.7,1.0,85,700.0
1276,507.0,31.1,87.5,0.97,24,491.0
1277,536.0,22.15,57.8,1.06,71,674.0
1278,475.0,35.84,89.6,1.31,33,514.0
1279,399.0,40.17,22.1,1.23,146,807.0
1280,527.0,25.86,33.2,1.12,31,529.0
1281,377.0,44.52,87.9,1.21,70,534.0
1282,398.0,18.88,88.0,1.25,71,579.0
1283,461.0,35.06,61.9,1.05,126,741.0
1284,513.0,36.99,45.2,0.83,76,626.0
1285,495.0,39.98,22.1,1.48,107,764.0
1286,401.0,37.34,71.6,0.97,66,543.0
1287,668.0,25.69,80.6,1.21,111,893.0
1288,414.0,18.98,47.7,1.27,114,746.0
1289,475.0,16.88,43.3,1.27,123,822.0
1290,572.0,34.93,77.7,1.3,129,837.0
1291,512.0,27.04,59.4,1.15,122,819.0
1292,486.0,30.39,70.5,1.5,108,779.0
1293,580.0,18.08,88.7,0.89,110,779.0
1294,499.0,40.62,37.1,1.1,64,577.0
1295,408.0,39.28,90.1,1.33,52,542.0
1296,659.0,43.83,47.1,1.13,124,877.0
1297,502.0,16.83,94.2,1.21,24,542.0
1298,416.0,37.03,80.0,0.96,98,627.0
1299,636.0,30.82,27.6,1.34,38,666.0
1300,437.0,21.73,29.8,1.06,96,674.0
1301,452.0,40.44,75.7,1.0,44,478.0
1302,419.0,43.97,63.3,1.23,24,422.0
1303,617.0,17.04,31.9,1.45,74,777.0
1304,382.0,27.88,87.8,1.24,15,429.0
1305,548.0,19.29,76.6,0.9,46,570.0
1306,643.0,34.2,33.1,1.2,67,703.0
1307,511.0,36.01,91.2,1.11,38,552.0
1308,458.0,30.5,40.9,1.48,62,627.0
1309,498.0,35.64,20.9,1.21,46,558.0
1310,546.0,15.91,75.1,1.03,60,667.0
1311,420.0,18.06,74.5,1.39,38,545.0
1312,528.0,31.19,66.3,1.42,10,519.0
1313,438.0,37.72,32.1,1.24,27,483.0
1314,495.0,33.46,66.1,1.5,109,741.0
1315,460.0,30.79,30.1,1.28,130,800.0
1316,560.0,30.68,76.7,0.97,133,817.0
1317,644.0,36.45,35.6,0.83,147,905.0
1318,393.0,18.68,79.3,1.43,57,590.0
1319,497.0,24.91,81.5,1.1,118,752.0
1320,564.0,36.35,84.0,1.1,131,816.0
1321,462.0,15.76,68.7,1.16,94,731.0
1322,508.0,19.49,78.0,1.36,139,871.0
1323,624.0,41.42,56.6,1.34,95,783.0
1324,393.0,37.95,75.6,1.09,93,611.0
1325,528.0,35.35,50.2,1.02,17,501.0
1326,589.0,22.4,23.2,1.3,23,590.0
1327,524.0,36.32,47.3,0.82,37,519.0
1328,505.0,30.36,51.8,1.07,10,462.0
1329,584.0,29.45,77.6,1.0,145,889.0
1330,517.0,19.11,94.0,0.81,81,685.0
1331,553.0,27.46,44.5,1.37,63,685.0
1332,640.0,24.68,37.9,1.33,136,943.0
1333,443.0,23.52,92.2,1.19,112,749.0
1334,447.0,26.54,86.2,1.29,65,611.0
1335,278.0,39.49,86.5,0.97,18,311.0
1336,447.0,25.12,32.7,1.22,149,812.0
1337,655.0,20.25,77.7,0.9,13,558.0
1338,431.0,21.45,83.1,1.29,138,792.0
1339,519.0,30.03,81.8,0.82,77,615.0
1340,446.0,21.88,68.9,1.1,133,798.0
1341,483.0,35.08,66.6,1.27,84,652.0
1342,548.0,39.85,41.8,1.48,57,681.0
1343,546.0,15.37,50.5,1.28,20,553.0
1344,392.0,17.9,41.2,1.02,76,592.0
1345,527.0,21.93,74.2,1.12,122,790.0
1346,588.0,38.35,81.5,1.01,41,581.0
1347,574.0,41.35,23.9,1.15,126,826.0
1348,498.0,31.26,75.2,0.92,149,804.0
1349,569.0,18.92,55.2,0.92,73,693.0
1350,518.0,39.92,36.3,0.97,124,744.0
1351,444.0,37.88,84.1,1.39,133,793.0
1352,589.0,23.76,61.1,0.9,55,659.0
1353,570.0,21.02,47.7,1.12,31,601.0
1354,584.0,43.22,36.0,1.14,33,555.0
1355,523.0,43.78,85.4,0.85,140,761.0
1356,477.0,41.04,91.7,1.22,141,809.0
1357,482.0,17.01,70.6,0.85,19,459.0
1358,599.0,18.13,40.2,1.35,104,842.0
1359,428.0,32.13,81.7,1.4,24,458.0
1360,624.0,28.35,93.0,1.34,16,601.0
1361,397.0,24.89,42.9,1.43,137,802.0
1362,478.0,42.95,74.8,0.95,99,661.0
1363,499.0,38.37,35.6,0.97,14,451.0
1364,448.0,29.02,48.6,1.04,30,476.0
1365,421.0,31.23,75.6,1.3,24,452.0
1366,643.0,41.93,48.9,1.49,13,593.0
1367,316.0,26.13,61.7,0.96,80,527.0
1368,552.0,15.26,34.5,1.4,64,717.0
1369,422.0,40.42,89.8,1.12,121,699.0
1370,424.0,40.17,92.9,1.15,27,452.0
1371,570.0,18.72,49.0,1.44,114,828.0
1372,513.0,44.38,66.6,1.2,16,490.0
1373,416.0,16.45,54.2,1.14,17,457.0
1374,412.0,26.15,42.6,1.19,100,650.0
1375,606.0,42.67,83.7,1.49,142,921.0
1376,513.0,32.73,33.6,0.81,76,624.0
1377,511.0,28.61,62.1,0.92,111,730.0
1378,471.0,31.26,28.7,1.41,72,656.0
1379,547.0,29.85,45.2,1.15,145,864.0
1380,510.0,31.94,37.3,0.98,82,650.0
1381,527.0,25.26,37.6,0.84,74,649.0
1382,407.0,44.77,56.8,0.82,78,526.0
1383,666.0,41.6,43.3,1.37,59,702.0
1384,365.0,33.17,52.3,1.05,40,436.0
1385,405.0,35.94,59.9,1.39,121,710.0
1386,419.0,44.67,84.5,0.87,109,642.0
1387,605.0,26.84,33.4,1.22,48,655.0
1388,569.0,22.66,70.4,0.93,93,734.0
1389,529.0,36.21,47.8,1.1,117,789.0
1390,365.0,17.42,88.4,1.3,72,597.0
1391,498.0,33.72,64.9,1.24,149,841.0
1392,297.0,44.21,54.8,0.91,27,319.0
1393,377.0,30.47,69.8,1.05,144,746.0
1394,571.0,42.62,32.7,1.14,74,659.0
1395,390.0,28.05,67.5,0.92,68,545.0
1396,431.0,17.91,33.1,0.97,100,688.0
1397,485.0,25.39,39.7,1.29,90,710.0
1398,497.0,33.93,63.5,1.13,11,454.0
1399,267.0,41.92,54.5,1.32,111,597.0
1400,615.0,32.85,61.2,1.22,28,620.0
1401,663.0,16.54,81.4,1.16,131,947.0
1402,448.0,21.43,64.8,1.39,134,819.0
1403,466.0,20.74,68.8,1.21,146,860.0
1404,367.0,32.06,69.5,1.25,120,679.0
1405,520.0,44.41,85.3,1.08,95,674.0
1406,500.0,27.84,46.2,1.3,41,575.0
1407,545.0,35.38,31.9,0.97,66,609.0
1408,542.0,23.67,82.2,1.19,35,574.0
1409,469.0,39.34,61.6,1.34,125,756.0
1410,452.0,31.78,88.0,0.95,120,713.0
1411,497.0,37.42,62.0,1.14,61,605.0
1412,608.0,23.57,50.4,0.89,106,798.0
1413,508.0,41.11,48.1,1.05,35,507.0
1414,525.0,16.29,43.1,1.18,104,779.0
1415,448.0,20.39,25.4,1.15,130,807.0
1416,612.0,43.49,59.6,1.0,132,850.0
1417,505.0,18.74,41.5,0.85,33,536.0
1418,443.0,21.39,48.2,1.33,93,702.0
1419,596.0,20.89,58.0,1.45,31,634.0
1420,512.0,36.54,21.0,1.06,88,664.0
1421,465.0,27.92,82.3,0.95,112,705.0
1422,300.0,36.73,57.5,0.89,114,608.0
1423,641.0,19.34,80.6,1.23,101,878.0
1424,466.0,27.97,62.3,1.28,46,558.0
1425,359.0,32.91,35.6,1.49,119,727.0
1426,517.0,25.85,83.6,0.88,131,814.0
1427,513.0,36.59,58.1,1.16,80,654.0
1428,478.0,19.23,86.2,1.15,33,537.0
1429,466.0,39.2,22.6,1.11,78,607.0
1430,463.0,43.23,65.1,1.2,52,529.0
1431,608.0,28.44,31.1,1.23,107,812.0
1432,562.0,16.05,53.0,0.9,30,582.0
1433,410.0,18.18,38.5,0.84,33,484.0
1434,378.0,40.71,47.7,1.25,85,574.0
1435,557.0,29.55,32.2,1.19,11,495.0
1436,485.0,16.06,68.3,1.0,21,472.0
1437,396.0,34.9,51.6,1.04,140,708.0
1438,453.0,28.64,76.6,0.84,23,418.0
1439,452.0,22.51,91.0,1.11,23,475.0
1440,412.0,17.7,41.3,1.39,96,716.0
1441,532.0,44.5,55.4,1.37,60,631.0
1442,446.0,43.3,48.5,1.07,93,638.0
1443,398.0,29.55,39.0,1.21,146,803.0
1444,361.0,42.26,79.5,1.24,102,600.0
1445,520.0,37.14,59.6,0.95,91,677.0
1446,578.0,42.0,85.8,1.37,124,822.0
1447,297.0,30.57,25.8,1.36,56,499.0
1448,448.0,28.99,75.7,0.81,140,772.0
1449,609.0,18.05,21.2,1.1,61,698.0
1450,538.0,42.45,20.9,1.06,38,509.0
1451,424.0,37.35,66.1,1.02,95,625.0
1452,614.0,22.18,50.6,1.37,61,737.0
1453,581.0,30.34,56.5,0.8,48,579.0
1454,538.0,31.66,65.3,1.25,71,663.0
1455,600.0,41.24,30.8,1.4,84,710.0
1456,495.0,32.3,71.8,1.19,98,710.0
1457,642.0,16.39,65.7,0.91,88,768.0
1458,525.0,23.51,92.0,1.26,38,574.0
1459,572.0,19.42,77.9,1.11,75,681.0
1460,563.0,32.75,23.8,1.31,92,748.0
1461,671.0,26.87,88.5,1.29,44,691.0
1462,450.0,16.7,38.4,1.23,21,490.0
1463,412.0,25.0,39.4,1.17,130,760.0
1464,376.0,37.77,55.1,0.97,147,734.0
1465,518.0,30.03,24.9,1.35,137,886.0
1466,444.0,16.92,50.4,1.47,12,496.0
1467,497.0,36.11,20.8,1.44,59,615.0
1468,654.0,36.26,71.0,1.16,75,761.0
1469,460.0,30.76,40.4,0.8,36,443.0
1470,491.0,28.5,85.1,1.48,81,711.0
1471,393.0,44.07,39.4,1.02,141,727.0
1472,511.0,44.71,78.2,0.9,20,458.0
1473,428.0,39.59,47.7,1.48,73,596.0
1474,503.0,17.89,60.7,1.32,100,756.0
1475,464.0,31.04,43.7,0.8,44,497.0
1476,424.0,33.95,86.0,1.36,145,801.0
1477,305.0,35.64,37.1,0.92,141,643.0
1478,583.0,29.94,42.6,1.39,14,562.0
1479,562.0,28.26,90.0,1.29,127,851.0
1480,579.0,16.89,88.6,1.35,56,695.0
1481,526.0,37.27,35.2,1.06,43,560.0
1482,454.0,21.5,42.4,0.86,117,687.0
1483,558.0,32.23,35.0,0.89,56,602.0
1484,431.0,35.35,31.3,1.06,33,455.0
1485,480.0,40.91,23.4,1.29,138,814.0
1486,446.0,18.31,84.6,0.99,48,531.0
1487,444.0,40.43,87.6,1.0,102,655.0
1488,437.0,35.97,51.1,1.0,119,691.0
1489,472.0,29.56,75.0,0.98,17,453.0
1490,551.0,22.6,83.7,1.16,126,837.0
1491,523.0,32.62,87.8,1.11,72,666.0
1492,487.0,21.05,86.9,0.88,40,541.0
1493,491.0,42.38,90.6,1.0,32,476.0
1494,336.0,42.65,55.8,1.19,82,550.0
1495,632.0,44.99,25.4,1.16,68,669.0
1496,582.0,36.97,91.2,1.31,49,630.0
1497,529.0,31.53,54.5,1.4,139,866.0
1498,422.0,17.27,40.2,1.24,131,764.0
1499,399.0,37.63,27.7,1.01,31,433.0
1500,578.0,44.24,89.9,1.28,29,580.0
1501,618.0,44.13,63.6,1.22,105,813.0
1502,357.0,37.91,37.9,1.05,37,418.0
1503,678.0,26.75,70.0,1.0,98,805.0
1504,624.0,30.28,78.8,1.37,98,797.0
1505,719.0,17.14,92.6,1.25,21,695.0
1506,443.0,15.02,26.9,1.05,84,646.0
1507,385.0,39.43,57.6,0.87,120,651.0
1508,425.0,33.47,47.0,0.93,38,455.0
1509,550.0,28.47,48.1,1.15,10,485.0
1510,325.0,25.54,88.7,0.95,147,726.0
1511,458.0,38.68,34.4,1.18,131,766.0
1512,532.0,33.83,89.8,1.22,43,580.0
1513,584.0,27.8,80.1,0.92,97,771.0
1514,472.0,27.48,66.6,1.3,105,741.0
1515,529.0,30.78,24.2,1.04,81,666.0
1516,504.0,37.02,49.0,1.39,119,779.0
1517,479.0,22.22,41.3,0.98,69,630.0
1518,514.0,35.51,42.1,1.1,91,696.0
1519,509.0,36.93,79.2,1.38,103,746.0
1520,622.0,32.74,80.8,1.41,88,813.0
1521,561.0,26.63,28.1,1.42,26,569.0
1522,643.0,40.35,62.7,0.81,30,563.0
1523,570.0,23.96,51.5,1.13,75,703.0
1524,554.0,33.41,31.5,1.22,18,530.0
1525,543.0,38.57,91.6,1.11,16,496.0
1526,348.0,40.97,24.8,0.88,22,360.0
1527,530.0,29.09,34.2,1.37,97,751.0
1528,219.0,23.96,84.7,0.83,95,508.0
1529,490.0,30.95,23.2,1.33,64,628.0
1530,522.0,36.71,31.4,1.17,145,829.0
1531,455.0,22.96,86.7,1.08,89,670.0
1532,592.0,34.14,21.0,0.84,61,609.0
1533,506.0,38.91,28.0,1.14,13,439.0
1534,427.0,44.96,29.1,1.4,80,602.0
1535,596.0,43.88,25.2,1.31,81,719.0
1536,383.0,29.67,66.2,1.32,100,680.0
1537,490.0,26.32,72.6,1.17,20,469.0
1538,415.0,25.05,27.4,0.86,40,466.0
1539,529.0,22.44,78.4,1.4,60,677.0
1540,489.0,16.16,90.5,1.05,85,698.0
1541,498.0,15.24,84.0,0.82,48,541.0
1542,620.0,21.82,28.0,0.82,62,681.0
1543,552.0,26.15,45.6,0.83,80,676.0
1544,537.0,36.01,60.7,0.97,88,636.0
1545,561.0,29.27,79.1,1.03,134,844.0
1546,408.0,40.85,90.8,1.39,125,734.0
1547,594.0,30.58,67.0,1.46,93,800.0
1548,490.0,33.55,70.8,1.39,32,544.0
1549,629.0,43.93,84.3,1.12,43,643.0
1550,345.0,22.86,83.9,1.48,129,762.0
1551,477.0,21.71,90.9,1.11,25,503.0
1552,501.0,16.19,24.8,0.9,69,630.0
1553,499.0,31.01,41.6,1.48,103,809.0
1554,547.0,38.35,77.7,1.29,14,514.0
1555,461.0,40.57,79.7,1.22,148,813.0
1556,330.0,24.26,23.9,1.39,32,442.0
1557,427.0,30.39,84.9,0.99,116,701.0
1558,430.0,36.57,92.7,1.48,120,759.0
1559,551.0,29.31,42.2,1.18,10,503.0
1560,514.0,40.86,68.3,1.06,48,539.0
1561,485.0,31.93,82.1,0.85,48,524.0
1562,538.0,40.03,29.6,0.85,148,826.0
1563,543.0,35.39,58.8,0.93,11,447.0
1564,487.0,38.25,85.2,1.04,59,576.0
1565,487.0,21.3,58.3,0.9,74,632.0
1566,582.0,40.23,47.3,1.45,62,639.0
1567,511.0,31.35,30.8,1.29,113,780.0
1568,514.0,20.34,61.9,1.22,84,704.0
1569,618.0,41.25,56.8,1.08,14,514.0
1570,541.0,28.59,80.7,1.3,85,726.0
1571,514.0,30.44,78.6,1.33,22,544.0
1572,534.0,18.91,76.0,1.37,60,670.0
1573,442.0,44.26,77.3,1.34,50,525.0
1574,540.0,22.94,92.5,0.83,13,483.0
1575,280.0,39.75,28.4,1.28,58,475.0
1576,579.0,34.39,72.7,1.46,68,733.0
1577,579.0,29.63,47.4,1.48,111,862.0
1578,567.0,34.8,73.9,1.38,57,678.0
1579,485.0,36.58,20.7,1.04,95,664.0
1580,508.0,36.23,94.4,1.16,20,482.0
1581,524.0,20.27,58.8,1.22,14,506.0
1582,406.0,43.19,57.7,0.98,37,446.0
1583,282.0,17.25,58.0,1.14,137,701.0
1584,533.0,17.62,94.9,1.09,94,745.0
1585,391.0,23.33,62.8,0.88,54,520.0
1586,570.0,31.32,79.9,0.94,45,586.0
1587,487.0,19.71,52.1,1.27,13,507.0
1588,368.0,21.75,32.4,1.49,75,631.0
1589,479.0,34.12,64.9,0.98,69,590.0
1590,477.0,33.13,43.9,0.82,23,449.0
1591,409.0,32.64,32.6,1.0,15,401.0
1592,513.0,43.1,58.0,1.26,19,498.0
1593,592.0,44.9,38.9,0.95,21,512.0
1594,427.0,27.59,42.8,1.27,133,767.0
1595,485.0,35.93,33.5,0.96,118,737.0
1596,431.0,37.57,59.1,0.87,11,384.0
1597,606.0,29.33,26.0,1.09,126,843.0
1598,566.0,26.06,45.7,1.15,57,641.0
1599,533.0,16.5,31.4,1.22,140,912.0
1600,529.0,44.74,28.9,1.22,19,468.0
1601,514.0,40.29,93.7,1.49,25,524.0
1602,515.0,36.4,30.6,1.14,40,539.0
1603,472.0,33.77,50.8,1.47,18,498.0
1604,548.0,17.75,87.6,1.14,82,684.0
1605,496.0,36.77,53.6,1.17,41,524.0
1606,562.0,27.72,89.2,1.18,55,624.0
1607,388.0,17.28,90.1,1.16,130,750.0
1608,616.0,33.26,40.5,1.39,106,828.0
1609,497.0,17.73,52.5,1.26,124,813.0
1610,686.0,26.02,89.4,1.13,148,979.0
1611,437.0,15.68,66.1,1.03,24,471.0
1612,522.0,19.88,62.2,0.93,11,474.0
1613,565.0,27.24,63.9,1.03,61,658.0
1614,472.0,36.57,38.7,0.92,97,646.0
1615,293.0,38.5,53.6,1.04,45,390.0
1616,387.0,35.58,46.9,1.1,115,676.0
1617,439.0,33.73,61.9,1.04,81,593.0
1618,580.0,26.61,27.8,1.02,61,654.0
1619,397.0,42.37,25.2,0.81,120,643.0
1620,475.0,21.25,25.9,1.1,137,838.0
1621,523.0,16.26,47.3,0.9,136,834.0
1622,484.0,31.69,40.0,0.82,59,540.0
1623,392.0,38.82,42.4,1.37,64,576.0
1624,548.0,36.99,42.5,1.34,82,690.0
1625,555.0,30.49,38.7,1.39,45,621.0
1626,631.0,35.87,28.5,0.82,15,515.0
1627,522.0,32.91,58.1,0.89,54,548.0
1628,490.0,44.06,72.0,1.42,61,592.0
1629,705.0,26.72,37.4,1.3,98,867.0
1630,642.0,24.5,62.7,1.5,37,690.0
1631,551.0,28.75,80.6,0.98,132,809.0
1632,569.0,36.54,60.2,1.07,123,820.0
1633,425.0,31.69,29.4,1.0,131,740.0
1634,513.0,33.82,32.4,1.21,119,796.0
1635,418.0,15.44,91.6,1.07,25,486.0
1636,442.0,15.59,86.7,1.33,31,549.0
1637,464.0,18.59,20.9,1.0,21,483.0
1638,534.0,39.39,36.1,1.35,55,627.0
1639,486.0,34.1,34.5,0.96,86,605.0
1640,414.0,29.56,85.7,1.36,112,705.0
1641,497.0,28.22,83.2,1.13,124,765.0
1642,484.0,25.59,55.3,0.96,35,499.0
1643,609.0,15.35,79.9,1.43,98,839.0
1644,519.0,26.63,67.8,1.01,108,748.0
1645,391.0,24.5,35.1,1.3,130,745.0
1646,499.0,23.28,52.9,1.32,74,691.0
1647,596.0,25.11,77.1,0.94,98,745.0
1648,586.0,18.93,39.8,1.01,70,682.0
1649,633.0,31.47,31.7,1.26,53,685.0
1650,487.0,29.94,31.3,1.16,16,482.0
1651,394.0,24.84,31.0,1.22,41,475.0
1652,526.0,18.3,25.1,0.85,109,756.0
1653,298.0,22.85,64.0,0.8,77,493.0
1654,463.0,24.08,45.6,1.34,25,505.0
1655,504.0,17.74,77.6,0.88,81,658.0
1656,619.0,20.24,68.1,1.34,69,722.0
1657,552.0,39.76,30.1,0.81,11,407.0
1658,413.0,18.02,74.5,1.35,73,634.0
1659,310.0,17.73,81.3,1.29,128,715.0
1660,467.0,38.26,42.2,1.2,82,641.0
1661,518.0,32.27,20.6,1.22,96,733.0
1662,389.0,23.73,42.5,1.34,95,664.0
1663,534.0,25.54,93.9,1.21,111,820.0
1664,518.0,27.26,69.2,1.3,97,740.0
1665,616.0,44.84,38.2,0.83,13,520.0
1666,378.0,16.63,56.1,0.8,43,468.0
1667,453.0,35.92,86.0,1.36,127,764.0
1668,530.0,27.02,42.0,1.43,109,791.0
1669,446.0,41.59,52.0,1.45,132,785.0
1670,453.0,20.64,95.0,1.36,96,701.0
1671,564.0,33.88,21.0,1.03,129,837.0
1672,427.0,30.74,93.8,1.2,77,627.0
1673,618.0,27.09,82.0,1.41,72,733.0
1674,486.0,37.08,74.5,0.88,117,698.0
1675,477.0,26.28,32.4,0.9,105,676.0
1676,369.0,42.66,45.2,0.86,91,572.0
1677,416.0,20.32,23.0,1.47,34,556.0
1678,456.0,34.05,43.5,0.93,80,587.0
1679,588.0,22.84,79.3,0.84,29,574.0
1680,488.0,15.67,20.3,1.24,37,586.0
1681,483.0,17.1,69.0,1.04,30,502.0
1682,524.0,34.78,45.3,0.95,59,568.0
1683,600.0,37.85,79.6,1.14,108,791.0
1684,573.0,33.75,83.9,1.13,123,819.0
1685,631.0,32.45,36.8,1.06,121,821.0
1686,629.0,35.92,80.4,1.03,76,696.0
1687,570.0,15.02,63.3,1.49,145,951.0
1688,552.0,28.87,57.4,0.95,64,648.0
1689,534.0,35.05,93.5,1.09,107,742.0
1690,409.0,22.4,41.6,0.83,141,774.0
1691,447.0,23.49,52.0,0.93,102,689.0
1692,462.0,41.42,60.1,0.91,120,684.0
1693,567.0,30.52,23.9,0.96,80,675.0
1694,461.0,30.38,32.9,1.33,120,749.0
1695,514.0,25.48,72.1,1.18,34,543.0
1696,628.0,32.76,22.0,1.5,55,716.0
1697,466.0,39.27,56.4,0.9,91,643.0
1698,472.0,43.58,25.3,1.46,104,725.0
1699,414.0,23.53,59.9,1.48,25,513.0
1700,634.0,19.42,33.9,0.88,104,831.0
1701,606.0,34.88,29.0,1.14,68,715.0
1702,550.0,33.82,35.6,1.43,47,618.0
1703,627.0,30.21,55.3,1.1,88,760.0
1704,524.0,18.95,35.3,1.23,29,579.0
1705,498.0,22.9,22.3,1.09,132,807.0
1706,728.0,39.11,55.7,1.46,24,693.0
1707,539.0,29.85,28.6,1.26,97,755.0
1708,473.0,38.5,71.3,0.88,140,758.0
1709,361.0,33.57,58.4,0.97,102,595.0
1710,552.0,23.23,93.8,1.28,28,586.0
1711,536.0,40.37,32.3,1.21,50,585.0
1712,425.0,34.37,58.4,1.0,94,620.0
1713,587.0,42.68,30.8,1.35,131,867.0
1714,472.0,42.08,31.0,1.38,78,621.0
1715,348.0,40.38,87.4,0.82,141,660.0
1716,579.0,32.43,53.1,1.0,74,669.0
1717,487.0,30.08,54.3,1.22,73,661.0
1718,589.0,17.92,65.2,0.93,63,669.0
1719,474.0,31.45,52.5,1.43,10,476.0
1720,543.0,39.71,53.2,1.42,28,551.0
1721,669.0,39.16,32.2,0.8,133,862.0
1722,464.0,40.48,76.4,1.26,12,441.0
1723,484.0,26.76,53.9,1.41,98,741.0
1724,394.0,31.12,22.6,1.33,106,690.0
1725,617.0,37.01,88.9,1.17,34,587.0
1726,398.0,39.72,77.4,1.3,68,550.0
1727,535.0,33.03,45.6,1.07,79,684.0
1728,531.0,27.29,72.7,0.84,93,695.0
1729,405.0,30.23,32.9,0.98,60,545.0
1730,481.0,17.66,33.5,1.03,89,671.0
1731,371.0,26.36,67.6,1.43,61,555.0
1732,292.0,21.64,68.2,1.45,122,717.0
1733,455.0,22.64,42.5,1.36,19,537.0
1734,360.0,31.44,59.0,1.14,95,594.0
1735,530.0,32.96,93.0,0.97,45,567.0
1736,426.0,26.22,63.2,0.99,124,755.0
1737,373.0,21.97,41.1,1.29,42,511.0
1738,439.0,31.97,32.6,1.04,75,593.0
1739,509.0,34.14,61.0,1.11,28,496.0
1740,519.0,23.15,21.1,1.21,38,542.0
1741,548.0,40.08,63.6,0.99,67,599.0
1742,517.0,31.95,46.0,1.28,16,514.0
1743,382.0,34.11,75.2,0.93,122,667.0
1744,527.0,42.35,77.0,0.87,40,512.0
1745,525.0,22.29,44.5,1.46,23,562.0
1746,314.0,42.31,58.4,1.4,103,591.0
1747,451.0,17.32,32.5,1.29,76,640.0
1748,617.0,44.78,21.7,1.46,70,727.0
1749,443.0,33.73,74.3,1.43,93,668.0
1750,577.0,23.15,26.1,0.99,88,735.0
1751,461.0,37.7,21.5,0.93,11,399.0
1752,603.0,30.4,62.8,0.86,126,818.0
1753,619.0,23.85,57.2,1.09,76,717.0
1754,479.0,42.61,59.0,1.01,22,460.0
1755,423.0,28.37,71.0,1.04,70,566.0
1756,460.0,43.87,37.7,1.37,87,677.0
1757,544.0,23.46,33.7,0.93,141,814.0
1758,495.0,26.69,38.4,1.47,102,743.0
1759,478.0,27.87,33.1,1.35,64,627.0
1760,552.0,19.48,36.9,1.38,104,802.0
1761,507.0,30.49,88.1,0.82,63,596.0
1762,291.0,20.53,72.5,0.92,123,643.0
1763,502.0,37.69,81.3,0.85,100,678.0
1764,506.0,41.46,57.2,1.07,42,532.0
1765,578.0,34.92,30.4,0.86,21,504.0
1766,538.0,41.56,45.6,0.86,10,428.0
1767,440.0,35.1,91.3,1.46,124,783.0
1768,388.0,27.4,71.8,1.42,92,651.0
1769,587.0,20.8,30.7,1.49,135,926.0
1770,588.0,38.84,63.1,1.31,96,782.0
1771,341.0,42.9,80.5,1.15,109,602.0
1772,500.0,20.57,84.3,1.28,49,606.0
1773,581.0,30.29,28.8,1.18,76,713.0
1774,452.0,31.91,31.8,1.17,105,708.0
1775,530.0,34.26,67.4,1.2,74,658.0
1776,302.0,22.82,82.8,1.2,89,598.0
1777,446.0,24.44,69.5,1.42,66,645.0
1778,474.0,32.63,61.8,1.14,20,489.0
1779,511.0,36.84,51.2,1.12,56,560.0
1780,399.0,20.85,78.1,0.83,88,619.0
1781,558.0,33.91,94.2,0.87,33,555.0
1782,479.0,21.13,56.5,1.25,49,571.0
1783,443.0,24.18,72.5,1.1,147,806.0
1784,564.0,15.21,42.6,0.84,149,873.0
1785,489.0,22.34,56.8,1.23,34,545.0
1786,713.0,26.48,53.1,1.42,82,857.0
1787,339.0,21.81,54.2,0.96,45,467.0
1788,506.0,18.5,46.9,0.99,91,731.0
1789,547.0,33.85,39.8,1.02,60,586.0
1790,471.0,30.89,65.0,1.17,121,730.0
1791,578.0,24.49,62.6,1.26,139,917.0
1792,433.0,22.75,42.6,1.14,81,632.0
1793,612.0,27.54,21.6,0.99,29,580.0
1794,492.0,21.2,75.8,1.44,43,589.0
1795,540.0,22.01,64.0,1.35,30,598.0
1796,508.0,25.66,22.4,1.17,117,778.0
1797,628.0,15.31,69.3,1.01,129,886.0
1798,606.0,22.92,52.4,1.22,141,901.0
1799,531.0,28.52,48.4,1.26,61,644.0
1800,538.0,39.5,20.2,1.34,111,774.0
1801,556.0,27.65,73.8,1.41,81,723.0
1802,561.0,16.82,25.4,1.22,16,553.0
1803,425.0,42.78,41.4,1.33,96,636.0
1804,570.0,34.14,22.2,0.98,38,578.0
1805,542.0,32.4,36.5,0.85,18,494.0
1806,489.0,40.51,36.8,1.2,62,588.0
1807,585.0,35.58,43.6,0.94,83,691.0
1808,498.0,26.53,31.9,1.46,107,783.0
1809,633.0,25.12,29.2,0.82,79,708.0
1810,644.0,19.36,51.6,1.2,16,639.0
1811,439.0,35.77,54.4,0.89,63,557.0
1812,384.0,18.28,82.1,1.39,54,553.0
1813,600.0,41.82,37.6,1.25,81,695.0
1814,386.0,26.61,52.8,1.32,112,691.0
1815,544.0,35.73,46.8,0.88,26,501.0
1816,584.0,16.31,84.0,0.81,62,700.0
1817,549.0,28.51,76.0,1.26,144,898.0
1818,612.0,23.83,63.2,1.17,51,684.0
1819,524.0,27.94,25.8,1.13,70,674.0
1820,450.0,29.14,76.7,0.94,94,641.0
1821,476.0,38.65,93.2,1.03,132,756.0
1822,535.0,39.38,45.8,1.31,70,639.0
1823,359.0,36.84,90.4,1.18,110,663.0
1824,418.0,29.12,47.3,0.98,71,578.0
1825,523.0,33.28,72.6,1.02,97,692.0
1826,477.0,31.94,23.3,0.96,142,790.0
1827,525.0,41.88,86.3,1.21,100,719.0
1828,461.0,19.0,35.3,1.04,18,494.0
1829,550.0,32.24,43.7,1.42,11,541.0
1830,467.0,15.63,68.7,0.96,37,509.0
1831,479.0,25.6,28.4,1.26,95,713.0
1832,541.0,39.05,85.1,1.24,74,654.0
1833,623.0,19.98,30.5,1.02,44,655.0
1834,661.0,24.76,60.5,0.97,125,864.0
1835,514.0,16.19,56.7,1.29,115,842.0
1836,526.0,43.13,94.1,1.04,126,778.0
1837,604.0,25.27,94.2,1.21,102,817.0
1838,546.0,40.32,48.1,0.96,32,538.0
1839,521.0,17.53,83.1,1.0,114,769.0
1840,411.0,40.82,59.2,1.34,56,545.0
1841,473.0,24.94,94.1,0.96,90,655.0
1842,415.0,22.33,78.5,0.9,41,478.0
1843,460.0,21.06,84.8,0.87,86,626.0
1844,574.0,28.32,76.2,1.18,43,596.0
1845,393.0,22.83,92.3,0.95,129,706.0
1846,527.0,16.44,25.2,1.17,53,612.0
1847,674.0,35.35,49.4,1.15,10,582.0
1848,555.0,36.11,49.4,1.26,70,680.0
1849,400.0,34.57,58.9,1.26,136,788.0
1850,507.0,16.51,73.0,1.48,22,550.0
1851,543.0,37.88,82.9,0.83,73,619.0
1852,595.0,22.66,36.7,0.91,125,833.0
1853,425.0,33.34,70.4,0.89,18,420.0
1854,565.0,26.61,32.3,1.28,24,560.0
1855,508.0,38.55,67.4,0.94,61,552.0
1856,478.0,23.18,78.6,0.98,14,436.0
1857,407.0,24.28,83.6,1.13,148,785.0
1858,456.0,25.2,55.5,1.19,136,812.0
1859,598.0,33.02,70.4,1.09,18,596.0
1860,562.0,30.63,55.8,1.01,119,798.0
1861,527.0,18.03,77.8,1.21,107,795.0
1862,597.0,39.79,67.7,1.39,54,666.0
1863,539.0,43.9,58.9,1.45,53,612.0
1864,489.0,27.91,77.6,0.8,143,811.0
1865,399.0,44.56,62.6,1.42,58,527.0
1866,487.0,19.82,42.2,0.91,102,717.0
1867,377.0,39.13,35.7,0.91,135,683.0
1868,410.0,39.21,33.5,1.3,71,570.0
1869,608.0,39.48,57.7,1.1,115,787.0
1870,649.0,30.88,24.1,1.26,97,823.0
1871,468.0,16.71,52.6,1.14,101,720.0
1872,521.0,43.21,94.1,1.19,79,667.0
1873,504.0,41.32,56.4,1.11,27,497.0
1874,499.0,32.9,69.8,1.26,17,475.0
1875,533.0,16.81,77.4,1.25,111,784.0
1876,598.0,33.58,58.1,0.84,111,774.0
1877,355.0,30.16,36.9,1.17,36,453.0
1878,500.0,32.18,38.2,1.2,54,590.0
1879,542.0,21.12,46.9,0.9,90,746.0
1880,422.0,16.68,26.3,1.16,143,837.0
1881,556.0,33.51,59.4,1.47,147,939.0
1882,511.0,34.14,44.3,0.92,118,718.0
1883,458.0,33.63,72.0,0.98,77,602.0
1884,731.0,17.08,39.4,1.24,96,903.0
1885,387.0,38.81,39.7,1.38,146,773.0
1886,473.0,44.82,43.0,1.42,135,824.0
1887,457.0,20.2,91.5,1.01,33,500.0
1888,493.0,29.29,47.6,1.47,134,821.0
1889,272.0,18.42,92.2,1.07,105,611.0
1890,548.0,16.0,46.5,1.43,16,576.0
1891,441.0,21.83,73.4,1.42,19,483.0
1892,452.0,41.1,65.9,1.1,59,555.0
1893,534.0,39.11,68.5,1.46,135,866.0
1894,402.0,41.19,74.9,1.19,60,507.0
1895,542.0,18.42,79.2,1.36,57,654.0
1896,581.0,16.85,78.8,1.46,58,700.0
1897,535.0,15.49,72.3,1.11,30,583.0
1898,514.0,30.63,53.9,1.44,113,804.0
1899,416.0,22.2,47.3,0.98,12,403.0
1900,508.0,37.57,85.3,1.42,25,535.0
1901,492.0,43.57,72.7,1.36,52,565.0
1902,549.0,31.34,88.6,1.16,41,576.0
1903,540.0,18.53,46.7,1.15,10,477.0
1904,443.0,17.03,72.1,1.39,73,657.0
1905,577.0,24.73,47.9,1.07,110,813.0
1906,546.0,21.83,85.0,1.31,32,621.0
1907,397.0,39.86,54.7,1.36,44,512.0
1908,411.0,20.53,50.7,1.2,116,687.0
1909,545.0,34.98,80.3,1.35,112,807.0
1910,586.0,26.29,88.3,1.32,131,891.0
1911,519.0,40.89,83.8,1.49,54,606.0
1912,601.0,19.49,33.6,1.17,23,577.0
1913,486.0,22.31,36.3,1.33,144,885.0
1914,490.0,32.57,88.5,0.91,101,690.0
1915,494.0,42.98,72.5,1.29,141,838.0
1916,553.0,31.02,40.2,1.36,40,590.0
1917,526.0,23.47,20.5,0.99,101,712.0
1918,519.0,43.36,43.5,0.99,134,805.0
1919,678.0,19.49,84.6,1.26,110,891.0
1920,606.0,18.96,24.9,0.91,70,714.0
1921,519.0,30.42,79.2,1.11,111,749.0
1922,374.0,28.32,33.5,1.27,97,636.0
1923,507.0,33.85,27.6,1.34,117,768.0
1924,527.0,21.02,69.4,0.84,60,597.0
1925,518.0,28.48,80.0,0.93,66,601.0
1926,515.0,21.27,34.7,1.31,132,857.0
1927,598.0,39.58,86.5,1.27,73,699.0
1928,639.0,34.64,51.6,1.17,110,828.0
1929,459.0,20.03,51.2,0.95,138,801.0
1930,541.0,29.65,93.3,0.81,122,759.0
1931,511.0,41.78,89.9,1.49,24,526.0
1932,492.0,27.71,47.1,0.85,61,542.0
1933,451.0,39.44,70.7,1.3,146,818.0
1934,547.0,19.44,29.2,0.95,93,750.0
1935,304.0,31.07,54.1,0.98,34,400.0
1936,481.0,40.11,54.2,1.44,125,806.0
1937,437.0,28.59,88.5,1.17,148,833.0
1938,549.0,41.19,33.1,1.23,146,858.0
1939,464.0,22.16,49.9,1.31,45,601.0
1940,236.0,22.32,36.1,1.09,39,395.0
1941,355.0,36.31,82.6,1.36,19,405.0
1942,547.0,15.19,78.0,1.14,38,602.0
1943,657.0,34.43,49.9,1.14,18,593.0
1944,648.0,15.95,56.3,0.83,107,812.0
1945,534.0,21.72,80.6,1.2,96,764.0
1946,560.0,32.42,84.3,1.0,93,711.0
1947,547.0,26.96,49.6,1.27,99,769.0
1948,512.0,17.7,94.3,0.9,138,820.0
1949,462.0,39.64,38.0,1.02,119,674.0
1950,451.0,42.12,52.1,1.37,60,571.0
1951,460.0,38.11,24.1,0.91,95,628.0
1952,424.0,35.29,27.1,0.81,129,687.0
1953,367.0,35.77,73.5,0.94,49,463.0
1954,397.0,43.4,24.3,1.33,100,636.0
1955,437.0,18.14,91.0,1.11,120,760.0
1956,344.0,23.68,67.1,1.21,69,578.0
1957,456.0,33.15,63.2,1.23,31,508.0
1958,585.0,16.8,61.6,1.19,21,598.0
1959,672.0,42.3,80.9,1.09,45,628.0
1960,470.0,34.92,70.2,0.81,10,438.0
1961,463.0,20.68,54.9,0.81,18,449.0
1962,655.0,40.88,30.1,0.91,18,570.0
1963,526.0,15.44,77.3,0.96,110,775.0
1964,365.0,40.78,91.0,1.0,93,547.0
1965,467.0,39.19,60.2,1.11,17,410.0
1966,548.0,17.41,73.1,1.42,27,598.0
1967,496.0,42.22,36.5,1.12,68,579.0
1968,338.0,44.72,29.2,0.92,59,457.0
1969,452.0,22.02,33.7,1.35,109,750.0
1970,604.0,25.89,81.8,1.46,70,750.0
1971,598.0,18.89,34.4,1.05,17,570.0
1972,492.0,20.54,56.4,1.38,12,512.0
1973,504.0,21.58,50.5,1.02,35,539.0
1974,571.0,35.48,67.5,1.47,25,568.0
1975,512.0,40.57,68.6,1.38,137,857.0
1976,633.0,23.19,59.4,1.36,120,905.0
1977,466.0,15.45,57.2,1.27,43,563.0
1978,495.0,38.95,52.2,1.28,141,818.0
1979,534.0,25.51,94.1,1.24,106,779.0
1980,585.0,15.59,51.3,0.89,15,537.0
1981,467.0,39.28,66.4,1.01,147,758.0
1982,479.0,35.34,55.9,1.12,137,803.0
1983,460.0,15.9,43.9,1.38,24,557.0
1984,539.0,34.83,52.4,1.19,122,780.0
1985,460.0,24.84,59.9,1.05,17,446.0
1986,393.0,32.27,86.4,1.31,119,697.0
1987,655.0,21.98,91.1,1.1,62,725.0
1988,460.0,33.09,24.1,1.35,80,654.0
1989,499.0,32.52,83.5,1.33,52,603.0
1990,615.0,43.55,39.1,0.89,87,667.0
1991,541.0,16.53,80.1,0.81,102,770.0
1992,678.0,30.34,20.1,0.98,64,710.0
1993,517.0,40.44,59.5,1.22,57,597.0
1994,472.0,21.95,45.7,0.83,59,582.0
1995,532.0,25.48,69.2,1.17,10,476.0
1996,446.0,30.04,71.3,1.4,115,744.0
1997,510.0,19.03,93.7,0.99,135,808.0
1998,543.0,44.92,43.1,1.13,80,653.0
1999,493.0,28.22,55.2,1.06,73,640.0
2000,516.0,30.76,56.0,1.21,131,825.0
2001,453.0,27.17,82.5,1.49,131,783.0
2002,405.0,15.37,77.5,1.02,54,533.0
2003,417.0,26.04,50.5,1.48,53,577.0
2004,632.0,26.49,22.6,1.37,134,930.0
2005,599.0,15.48,79.9,0.85,89,753.0
2006,473.0,44.36,81.0,1.07,107,675.0
2007,581.0,17.48,74.0,1.1,45,653.0
2008,377.0,30.13,82.3,0.97,51,493.0
2009,551.0,32.54,41.0,1.33,39,606.0
2010,280.0,41.35,31.6,1.09,127,614.0
2011,502.0,37.15,48.7,1.09,91,679.0
2012,422.0,41.76,42.7,1.17,141,761.0
2013,451.0,27.38,82.2,1.31,113,764.0
2014,643.0,43.55,24.0,1.05,124,824.0
2015,580.0,27.31,31.9,1.0,140,869.0
2016,601.0,44.52,29.6,1.44,24,570.0
2017,512.0,27.7,74.0,0.9,128,784.0
2018,485.0,27.15,31.7,1.33,135,819.0
2019,595.0,36.36,82.0,1.31,97,771.0
2020,372.0,32.21,24.9,1.46,137,777.0
2021,621.0,35.78,86.2,0.87,101,754.0
2022,677.0,25.7,53.4,1.42,145,994.0
2023,583.0,15.41,52.5,1.15,31,619.0
2024,445.0,29.04,76.0,1.45,90,698.0
2025,541.0,25.26,29.8,0.99,21,472.0
2026,595.0,32.78,84.3,1.34,114,837.0
2027,515.0,36.91,50.1,1.25,54,588.0
2028,566.0,29.5,45.2,1.02,33,579.0
2029,424.0,37.74,70.4,0.99,92,613.0
2030,509.0,19.86,37.0,1.05,58,611.0
2031,551.0,42.61,53.9,0.89,133,821.0
2032,306.0,18.8,74.8,1.3,30,450.0
2033,568.0,27.62,58.0,1.0,51,614.0
2034,632.0,35.89,20.0,1.32,45,644.0
2035,414.0,29.09,89.7,1.4,26,469.0
2036,633.0,26.39,39.0,1.3,76,759.0
2037,526.0,28.55,61.3,1.23,116,793.0
2038,578.0,38.67,67.8,0.99,102,741.0
2039,537.0,33.12,32.6,0.84,127,784.0
2040,488.0,43.19,83.4,1.29,118,739.0
2041,435.0,21.84,85.2,1.24,25,516.0
2042,556.0,18.27,40.5,1.05,31,561.0
2043,409.0,21.59,34.5,1.04,141,771.0
2044,564.0,36.64,61.0,0.81,28,501.0
2045,526.0,29.66,94.0,1.4,95,726.0
2046,610.0,27.16,62.2,1.1,50,656.0
2047,411.0,19.61,49.5,1.14,24,449.0
2048,467.0,44.76,89.8,1.27,93,675.0
2049,575.0,44.36,86.0,0.99,117,765.0
2050,487.0,27.89,31.2,1.34,73,665.0
2051,602.0,25.48,39.3,1.32,37,627.0
2052,491.0,24.24,49.9,1.21,84,673.0
2053,473.0,35.35,22.5,1.1,41,518.0
2054,433.0,37.19,55.8,1.43,21,451.0
2055,413.0,26.28,80.1,0.9,119,706.0
2056,357.0,44.3,69.1,0.83,143,676.0
2057,499.0,43.83,81.3,1.13,118,733.0
2058,462.0,16.79,59.3,0.86,81,643.0
2059,543.0,27.54,35.5,0.87,134,836.0
2060,318.0,40.21,64.0,1.32,124,668.0
2061,597.0,16.62,73.3,1.12,26,594.0
2062,544.0,36.02,40.5,1.24,107,745.0
2063,503.0,15.46,51.8,1.2,81,703.0
2064,480.0,21.61,59.6,0.85,139,787.0
2065,440.0,25.79,87.2,1.11,110,719.0
2066,700.0,17.08,35.3,0.86,47,663.0
2067,503.0,35.61,43.6,1.49,115,779.0
2068,520.0,30.09,56.4,1.4,44,598.0
2069,655.0,30.06,67.5,1.02,62,688.0
2070,538.0,18.4,63.3,1.1,104,763.0
2071,530.0,35.98,41.0,1.11,32,503.0
2072,456.0,32.17,32.2,1.09,14,437.0
2073,733.0,25.39,91.9,1.17,105,893.0
2074,433.0,40.44,37.3,1.32,36,488.0
2075,558.0,25.47,69.4,0.98,46,587.0
2076,540.0,34.4,72.9,1.22,103,746.0
2077,537.0,33.8,38.4,0.88,107,692.0
2078,514.0,36.76,27.9,1.32,58,617.0
2079,511.0,19.77,42.1,1.03,24,508.0
2080,309.0,30.44,88.4,0.9,72,477.0
2081,447.0,29.35,90.7,0.9,99,656.0
2082,560.0,32.86,86.0,1.05,97,764.0
2083,502.0,39.2,71.2,1.35,88,692.0
2084,506.0,37.4,90.4,0.89,79,630.0
2085,489.0,43.57,76.1,1.31,10,453.0
2086,569.0,30.33,93.9,0.84,13,480.0
2087,470.0,27.07,93.7,1.1,99,713.0
2088,427.0,27.66,88.0,0.8,123,703.0
2089,506.0,40.56,24.3,1.3,136,794.0
2090,379.0,35.54,23.1,1.31,110,697.0
2091,489.0,35.33,90.2,0.95,39,511.0
2092,449.0,27.51,34.1,1.29,108,716.0
2093,542.0,16.49,41.7,1.19,94,765.0
2094,581.0,43.99,58.9,1.06,85,673.0
2095,495.0,28.15,48.8,1.18,49,588.0
2096,467.0,43.81,25.1,1.17,32,494.0
2097,561.0,24.04,53.6,0.96,121,814.0
2098,445.0,32.54,36.2,1.39,28,520.0
2099,569.0,21.75,50.0,1.42,74,743.0
2100,492.0,42.6,33.1,1.48,83,669.0
2101,396.0,20.92,37.2,1.29,33,495.0
2102,480.0,37.05,32.2,1.31,27,470.0
2103,485.0,44.94,57.6,1.06,115,714.0
2104,586.0,21.39,70.3,1.38,116,842.0
2105,608.0,25.6,40.5,0.96,139,855.0
2106,420.0,23.76,48.3,0.91,57,533.0
2107,491.0,43.3,89.8,1.17,67,595.0
2108,543.0,31.45,33.5,1.37,115,801.0
2109,467.0,40.03,38.2,1.41,73,613.0
2110,554.0,41.81,52.1,1.14,100,700.0
2111,497.0,33.99,60.1,1.28,112,764.0
2112,574.0,32.66,82.4,1.33,30,604.0
2113,423.0,22.58,93.9,1.25,48,553.0
2114,396.0,29.68,76.5,1.47,85,677.0
2115,586.0,23.61,68.3,1.31,23,598.0
2116,583.0,24.56,67.7,0.84,29,550.0
2117,550.0,21.9,50.2,1.45,144,928.0
2118,477.0,20.12,84.3,1.36,10,493.0
2119,506.0,16.23,49.3,0.98,34,561.0
2120,468.0,24.2,63.9,0.91,71,587.0
2121,558.0,25.96,84.0,1.38,38,627.0
2122,460.0,28.72,26.8,1.15,45,508.0
2123,504.0,20.18,45.8,0.86,139,810.0
2124,435.0,35.74,48.0,1.22,71,599.0
2125,589.0,42.75,90.4,1.33,31,560.0
2126,510.0,23.97,65.7,1.0,99,739.0
2127,434.0,20.1,20.7,1.28,59,564.0
2128,564.0,43.32,84.3,1.15,46,579.0
2129,379.0,15.65,39.4,1.09,60,559.0
2130,579.0,43.59,88.4,1.34,135,867.0
2131,477.0,35.65,28.6,0.95,40,486.0
2132,420.0,35.49,80.4,0.97,15,400.0
2133,650.0,25.48,89.6,0.98,15,578.0
2134,510.0,39.99,41.1,0.83,77,601.0
2135,584.0,36.29,65.3,0.86,77,651.0
2136,448.0,33.43,48.9,0.92,133,739.0
2137,515.0,24.56,27.6,1.1,101,705.0
2138,488.0,43.03,32.1,1.31,136,789.0
2139,502.0,41.73,93.2,1.32,42,557.0
2140,537.0,25.24,69.8,1.42,145,877.0
2141,475.0,39.76,55.9,1.31,140,842.0
2142,445.0,21.45,73.8,1.21,53,574.0
2143,562.0,21.6,22.3,1.23,42,619.0
2144,600.0,20.78,45.0,0.89,46,639.0
2145,467.0,21.46,57.7,1.25,106,744.0
2146,505.0,32.26,73.1,0.91,104,701.0
2147,472.0,33.93,25.8,1.33,18,497.0
2148,411.0,18.49,27.1,1.26,141,819.0
2149,469.0,32.78,52.4,1.26,25,495.0
2150,514.0,31.16,33.5,1.43,66,647.0
2151,605.0,20.11,88.4,0.97,126,872.0
2152,418.0,17.23,35.7,1.03,38,503.0
2153,270.0,40.03,30.4,1.29,32,370.0
2154,515.0,16.61,51.1,0.81,115,765.0
2155,394.0,33.42,40.3,1.07,86,587.0
2156,362.0,39.3,90.4,0.91,79,500.0
2157,493.0,27.05,23.3,1.37,92,726.0
2158,527.0,39.46,39.1,1.04,52,552.0
2159,580.0,39.85,32.5,1.17,78,673.0
2160,459.0,23.26,24.0,1.25,60,590.0
2161,410.0,18.56,94.4,1.15,90,664.0
2162,484.0,18.8,78.6,0.88,60,597.0
2163,559.0,37.97,57.3,1.17,48,614.0
2164,410.0,37.43,92.9,1.29,54,552.0
2165,523.0,29.82,47.9,1.36,22,543.0
2166,603.0,23.16,44.6,0.89,118,835.0
2167,587.0,35.01,50.8,1.09,119,801.0
2168,601.0,18.72,82.3,1.11,32,623.0
2169,526.0,24.4,21.5,1.47,68,704.0
2170,511.0,36.88,53.0,1.2,144,832.0
2171,497.0,15.43,88.1,1.18,37,574.0
2172,553.0,40.57,93.9,1.29,146,879.0
2173,555.0,28.47,22.8,1.4,38,611.0
2174,398.0,33.47,42.9,1.46,128,746.0
2175,370.0,24.81,71.3,1.11,107,660.0
2176,520.0,25.78,28.5,1.4,24,580.0
2177,539.0,16.52,30.6,0.97,19,533.0
2178,439.0,16.07,36.9,0.83,102,690.0
2179,534.0,18.74,41.3,0.97,19,529.0
2180,394.0,18.2,71.0,1.31,65,586.0
2181,489.0,16.06,81.4,1.11,67,625.0
2182,512.0,21.12,74.7,1.09,118,824.0
2183,553.0,21.66,51.3,1.28,69,689.0
2184,404.0,25.25,53.3,0.83,133,722.0
2185,422.0,33.28,61.1,1.34,64,593.0
2186,669.0,26.69,45.8,1.13,68,766.0
2187,485.0,20.15,46.6,0.89,14,476.0
2188,513.0,33.21,23.9,0.84,133,756.0
2189,617.0,20.56,41.9,1.31,29,617.0
2190,610.0,18.38,73.3,1.08,13,560.0
2191,307.0,43.36,53.3,1.48,145,726.0
2192,459.0,38.39,21.2,0.87,148,787.0
2193,590.0,37.83,86.6,1.48,115,839.0
2194,445.0,26.08,54.0,1.22,98,664.0
2195,474.0,34.09,80.5,1.42,26,518.0
2196,381.0,26.34,79.5,1.49,90,682.0
2197,553.0,26.11,88.9,1.46,73,711.0
2198,507.0,43.12,52.8,0.97,15,439.0
2199,567.0,44.01,27.1,0.84,137,779.0
2200,460.0,25.34,69.0,1.42,76,673.0
2201,553.0,28.94,48.1,1.49,85,754.0
2202,583.0,33.1,62.6,1.35,72,693.0
2203,661.0,43.1,23.3,0.92,58,662.0
2204,528.0,19.53,33.1,0.88,32,557.0
2205,523.0,24.34,78.5,1.31,113,792.0
2206,522.0,38.54,45.3,0.89,81,637.0
2207,483.0,40.02,92.9,1.43,69,628.0
2208,508.0,26.19,42.8,1.22,113,766.0
2209,554.0,40.08,77.4,0.9,84,648.0
2210,386.0,21.08,63.5,0.87,146,773.0
2211,457.0,41.94,64.9,1.01,145,777.0
2212,416.0,29.4,75.1,1.02,35,449.0
2213,549.0,16.15,23.3,1.0,133,868.0
2214,573.0,23.58,42.4,1.45,136,904.0
2215,625.0,26.63,83.9,1.25,116,849.0
2216,470.0,18.31,66.2,1.38,126,804.0
2217,420.0,44.53,61.5,1.31,135,780.0
2218,407.0,16.78,52.9,1.39,129,790.0
2219,624.0,39.14,58.4,0.87,81,713.0
2220,539.0,39.58,45.3,0.96,97,691.0
2221,467.0,44.77,51.0,1.23,15,436.0
2222,597.0,24.37,69.0,1.5,117,893.0
2223,586.0,36.27,46.2,0.91,79,663.0
2224,361.0,30.33,83.7,1.13,133,709.0
2225,616.0,32.94,39.7,1.46,53,678.0
2226,488.0,24.2,26.3,1.21,28,509.0
2227,446.0,17.83,45.7,1.36,130,804.0
2228,517.0,32.15,41.4,1.16,17,497.0
2229,498.0,44.55,72.6,1.11,62,546.0
2230,493.0,28.65,83.0,0.93,61,571.0
2231,494.0,22.62,71.2,1.29,86,704.0
2232,540.0,38.8,53.9,0.8,124,790.0
2233,494.0,21.56,74.2,1.5,111,795.0
2234,514.0,22.1,28.8,1.4,16,548.0
2235,548.0,17.79,90.6,1.48,29,624.0
2236,433.0,19.48,58.0,1.08,100,711.0
2237,521.0,23.18,59.5,1.45,76,728.0
2238,498.0,25.62,89.8,1.13,143,873.0
2239,360.0,37.74,32.5,0.98,96,604.0
2240,525.0,35.29,55.6,1.35,121,781.0
2241,490.0,34.35,94.9,1.04,130,804.0
2242,464.0,15.05,94.3,0.92,81,655.0
2243,443.0,25.5,68.5,0.84,29,433.0
2244,554.0,22.06,73.5,1.47,26,574.0
2245,408.0,15.73,75.3,1.2,51,555.0
2246,519.0,20.5,90.1,0.9,24,512.0
2247,603.0,36.13,36.8,1.35,83,726.0
2248,558.0,32.18,80.8,0.92,37,540.0
2249,524.0,28.08,80.3,0.9,143,833.0
2250,488.0,34.5,49.3,1.38,78,677.0
2251,630.0,43.55,27.3,1.39,109,816.0
2252,447.0,43.0,53.2,1.3,119,736.0
2253,445.0,32.68,43.6,0.83,39,458.0
2254,476.0,20.12,52.6,0.87,45,551.0
2255,418.0,20.61,36.2,0.95,68,566.0
2256,481.0,44.43,69.7,0.81,106,669.0
2257,581.0,38.43,86.5,1.47,101,811.0
2258,508.0,41.24,64.2,1.3,132,818.0
2259,580.0,24.83,39.9,1.47,35,613.0
2260,561.0,43.73,23.5,0.89,54,575.0
2261,524.0,37.89,53.3,1.0,34,532.0
2262,518.0,42.56,85.6,1.23,95,698.0
2263,374.0,25.67,88.0,1.49,76,622.0
2264,388.0,31.09,59.4,1.16,119,716.0
2265,546.0,26.62,35.5,1.09,109,753.0
2266,500.0,38.77,56.6,1.22,57,567.0
2267,441.0,29.41,35.6,1.5,22,502.0
2268,405.0,28.45,81.0,0.87,125,749.0
2269,384.0,20.97,81.9,0.85,128,716.0
2270,683.0,31.59,22.3,1.02,51,687.0
2271,370.0,19.05,37.4,0.97,148,763.0
2272,587.0,21.75,31.8,1.3,74,735.0
2273,444.0,41.93,60.7,1.1,59,542.0
2274,393.0,16.9,50.9,1.28,143,828.0
2275,460.0,16.04,84.6,1.31,16,526.0
2276,608.0,28.24,66.9,0.84,35,569.0
2277,493.0,25.65,89.0,1.24,69,653.0
2278,655.0,39.3,57.9,1.31,40,672.0
2279,538.0,27.35,33.4,1.12,103,785.0
2280,394.0,24.22,29.6,1.39,65,615.0
2281,693.0,28.34,49.2,0.95,65,722.0
2282,434.0,42.49,39.0,0.94,124,674.0
2283,356.0,22.05,33.4,1.27,20,393.0
2284,644.0,22.2,55.7,1.34,33,658.0
2285,672.0,20.83,53.9,0.94,113,855.0
2286,540.0,23.42,72.9,1.11,12,489.0
2287,607.0,34.39,80.6,1.02,54,617.0
2288,559.0,20.09,26.5,0.99,101,777.0
2289,586.0,41.83,62.0,1.06,33,562.0
2290,583.0,28.84,50.4,1.41,60,684.0
2291,419.0,16.51,62.6,1.34,13,469.0
2292,539.0,15.18,83.4,1.05,91,734.0
2293,503.0,33.04,34.6,0.91,78,608.0
2294,491.0,33.62,37.8,1.2,97,681.0
2295,494.0,44.56,73.5,0.84,11,380.0
2296,544.0,29.0,35.7,0.86,138,833.0
2297,388.0,34.89,29.5,1.38,90,629.0
2298,587.0,17.69,64.3,1.06,37,600.0
2299,444.0,27.56,81.2,0.86,108,692.0
2300,504.0,25.06,68.9,1.02,74,666.0
2301,685.0,41.82,68.0,1.44,80,811.0
2302,521.0,41.38,91.9,1.09,149,850.0
2303,502.0,21.96,82.6,1.46,105,787.0
2304,436.0,28.27,28.3,1.12,43,504.0
2305,613.0,26.17,24.3,1.38,98,814.0
2306,593.0,37.26,31.6,0.8,135,840.0
2307,435.0,27.71,26.9,1.14,127,768.0
2308,576.0,27.27,47.3,1.3,149,914.0
2309,471.0,34.07,78.6,1.33,53,602.0
2310,420.0,24.75,54.5,1.28,17,453.0
2311,448.0,38.47,72.4,1.38,149,830.0
2312,357.0,19.18,67.6,1.32,135,770.0
2313,569.0,40.79,61.2,1.12,22,546.0
2314,601.0,37.72,42.6,0.88,87,699.0
2315,481.0,31.91,94.7,1.08,143,806.0
2316,561.0,31.77,78.2,0.97,148,854.0
2317,588.0,39.29,76.6,1.22,99,781.0
2318,622.0,27.9,20.1,1.02,18,549.0
2319,492.0,35.3,81.5,1.35,21,512.0
2320,388.0,41.25,85.1,1.47,83,618.0
2321,631.0,15.32,58.2,1.29,39,683.0
2322,487.0,43.56,48.2,1.41,106,722.0
2323,614.0,42.87,42.5,1.17,37,571.0
2324,522.0,39.66,38.7,1.45,143,889.0
2325,616.0,36.07,47.0,0.8,14,474.0
2326,333.0,44.19,44.7,1.21,121,661.0
2327,506.0,38.15,22.9,1.38,54,582.0
2328,466.0,24.48,46.6,0.81,60,573.0
2329,371.0,38.32,87.6,0.99,62,505.0
2330,628.0,17.79,37.6,0.85,89,772.0
2331,497.0,38.49,43.6,1.12,112,731.0
2332,462.0,17.42,74.3,1.2,52,572.0
2333,398.0,36.49,66.4,0.82,69,502.0
2334,344.0,44.37,69.5,1.3,37,449.0
2335,686.0,32.12,52.1,1.36,149,1003.0
2336,373.0,36.94,41.5,0.82,129,678.0
2337,556.0,30.82,78.4,1.1,121,813.0
2338,497.0,31.53,38.4,1.42,63,625.0
2339,472.0,40.17,57.7,0.91,46,500.0
2340,606.0,25.02,84.1,1.36,74,729.0
2341,541.0,34.9,49.1,1.28,15,492.0
2342,507.0,32.04,70.9,1.18,143,859.0
2343,524.0,39.05,58.8,0.81,66,587.0
2344,419.0,31.28,22.6,0.92,60,514.0
2345,487.0,30.77,44.1,1.43,124,803.0
2346,426.0,32.27,33.1,0.87,10,385.0
2347,449.0,15.28,56.5,0.94,25,474.0
2348,563.0,43.8,57.3,1.18,75,650.0
2349,390.0,28.09,54.6,1.09,115,699.0
2350,611.0,37.04,35.3,1.38,68,694.0
2351,561.0,20.09,47.7,1.42,19,599.0
2352,591.0,29.81,31.9,1.38,64,707.0
2353,479.0,29.47,23.0,0.96,120,736.0
2354,410.0,27.71,93.4,1.04,59,546.0
2355,586.0,32.81,85.7,1.18,115,825.0
2356,298.0,40.72,69.3,1.17,149,718.0
2357,500.0,24.77,78.8,1.34,138,824.0
2358,531.0,29.88,64.1,1.42,132,865.0
2359,559.0,33.94,65.5,0.93,147,861.0
2360,436.0,38.79,92.2,0.84,55,498.0
2361,533.0,34.81,60.4,1.37,62,615.0
2362,496.0,32.25,21.0,1.28,142,827.0
2363,441.0,17.46,63.0,1.3,26,528.0
2364,325.0,36.75,89.2,1.19,91,593.0
2365,454.0,31.75,70.9,1.38,79,649.0
2366,359.0,34.56,30.7,1.27,140,757.0
2367,451.0,32.25,71.1,1.22,149,815.0
2368,604.0,17.79,61.1,1.31,149,962.0
2369,389.0,19.01,31.8,1.3,116,714.0
2370,505.0,27.46,27.6,0.99,122,762.0
2371,669.0,42.94,83.4,0.81,119,816.0
2372,499.0,20.22,77.5,1.28,51,656.0
2373,607.0,17.18,65.6,1.26,120,881.0
2374,480.0,32.48,30.4,1.38,140,867.0
2375,532.0,38.68,67.6,1.25,30,568.0
2376,566.0,31.44,77.1,1.23,51,648.0
2377,477.0,31.82,88.5,1.26,115,765.0
2378,481.0,17.25,90.1,1.36,147,910.0
2379,498.0,15.4,64.1,0.88,70,644.0
2380,537.0,25.5,93.6,1.19,142,856.0
2381,447.0,22.11,60.1,1.2,64,607.0
2382,557.0,28.48,61.4,1.03,93,725.0
2383,429.0,28.93,27.1,1.37,120,741.0
2384,460.0,36.22,87.9,1.07,97,647.0
2385,417.0,30.98,38.5,1.25,147,832.0
2386,505.0,23.27,86.8,1.42,67,665.0
2387,603.0,39.95,51.0,1.33,82,741.0
2388,564.0,36.5,23.8,0.81,67,616.0
2389,517.0,36.53,93.4,1.48,63,637.0
2390,441.0,43.56,62.2,1.12,26,427.0
2391,483.0,21.9,50.7,0.86,116,752.0
2392,375.0,31.04,40.6,1.07,86,605.0
2393,530.0,21.35,39.6,1.42,144,896.0
2394,505.0,31.93,69.5,1.15,139,837.0
2395,636.0,21.66,26.7,0.86,93,743.0
2396,611.0,22.05,59.4,1.04,64,672.0
2397,503.0,39.02,83.3,1.01,139,808.0
2398,488.0,24.85,91.5,1.28,141,858.0
2399,579.0,39.03,82.4,1.5,50,623.0
2400,527.0,27.56,28.8,1.2,94,734.0
2401,365.0,27.48,59.0,1.16,98,604.0
2402,431.0,20.24,73.0,1.1,116,745.0
2403,489.0,15.8,86.0,1.03,83,646.0
2404,480.0,17.33,87.9,1.38,57,646.0
2405,480.0,27.36,94.8,1.45,79,688.0
2406,514.0,24.3,63.1,0.9,144,843.0
2407,437.0,21.08,32.5,1.5,45,588.0
2408,483.0,36.12,46.5,0.89,124,748.0
2409,359.0,18.75,36.0,0.85,87,589.0
2410,589.0,43.65,55.5,1.04,106,772.0
2411,413.0,36.16,78.6,1.41,117,720.0
2412,508.0,30.75,62.1,1.16,91,697.0
2413,674.0,33.48,90.9,1.17,94,832.0
2414,523.0,31.16,50.0,1.08,29,493.0
2415,441.0,39.81,55.7,1.44,71,616.0
2416,474.0,38.69,56.2,1.03,70,611.0
2417,456.0,27.21,81.1,1.09,27,507.0
2418,295.0,33.82,51.2,1.01,130,626.0
2419,434.0,35.04,36.1,1.24,136,786.0
2420,568.0,16.83,84.6,1.09,125,857.0
2421,312.0,41.97,20.6,1.32,18,372.0
2422,536.0,42.01,77.1,0.88,73,589.0
2423,485.0,15.18,36.0,1.14,69,645.0
2424,597.0,16.93,48.4,1.29,146,962.0
2425,574.0,15.31,65.1,1.34,91,793.0
2426,635.0,26.29,72.5,1.07,68,734.0
2427,390.0,17.81,83.9,1.39,87,660.0
2428,656.0,41.44,33.3,1.33,25,589.0
2429,550.0,42.89,25.0,1.28,18,489.0
2430,490.0,25.65,90.2,1.16,78,659.0
2431,550.0,39.09,88.4,1.31,130,851.0
2432,535.0,39.41,71.0,0.82,113,704.0
2433,580.0,37.6,78.7,0.8,43,536.0
2434,344.0,35.58,66.7,0.92,13,329.0
2435,622.0,21.36,33.6,0.82,113,799.0
2436,540.0,31.22,41.5,0.92,56,582.0
2437,480.0,22.13,78.4,1.5,112,812.0
2438,468.0,33.94,37.2,1.15,134,749.0
2439,486.0,43.77,39.0,1.23,121,751.0
2440,530.0,26.27,62.4,1.28,137,872.0
2441,539.0,22.99,56.8,1.35,119,809.0
2442,580.0,19.71,43.3,1.2,144,930.0
2443,427.0,44.89,53.2,1.02,136,737.0
2444,502.0,27.97,79.4,0.87,45,535.0
2445,543.0,22.75,82.8,1.27,36,580.0
2446,605.0,22.09,41.5,1.19,82,754.0
2447,481.0,44.79,91.2,1.45,73,633.0
2448,452.0,39.03,81.6,1.37,123,752.0
2449,426.0,16.4,42.4,0.86,10,415.0
2450,453.0,21.64,53.5,1.17,110,728.0
2451,511.0,19.05,25.2,1.36,52,631.0
2452,453.0,38.1,21.6,0.91,87,619.0
2453,518.0,16.4,38.7,1.46,139,901.0
2454,460.0,17.4,52.7,1.25,91,713.0
2455,498.0,36.33,22.1,1.37,28,528.0
2456,454.0,17.04,56.9,1.39,105,777.0
2457,568.0,26.41,89.3,1.33,23,570.0
2458,624.0,24.81,34.1,1.06,110,815.0
2459,503.0,43.43,28.7,1.35,76,655.0
2460,473.0,39.73,65.6,0.92,139,742.0
2461,436.0,34.61,69.2,1.19,148,797.0
2462,501.0,30.75,27.6,1.29,114,805.0
2463,534.0,44.96,57.2,0.94,23,467.0
2464,430.0,25.57,24.4,0.88,50,504.0
2465,357.0,28.28,59.8,0.85,42,434.0
2466,560.0,22.64,82.1,1.32,64,687.0
2467,629.0,41.8,40.7,0.84,30,536.0
2468,500.0,43.51,77.8,1.42,42,542.0
2469,467.0,17.01,45.4,1.48,118,820.0
2470,594.0,34.73,58.3,1.16,135,875.0
2471,569.0,28.87,35.9,1.02,14,526.0
2472,502.0,34.84,80.4,0.86,26,445.0
2473,394.0,23.92,94.7,1.27,130,712.0
2474,446.0,31.04,74.1,1.48,114,764.0
2475,578.0,25.53,74.7,0.8,101,747.0
2476,455.0,31.08,44.5,0.99,10,432.0
2477,515.0,29.22,73.2,0.82,25,483.0
2478,365.0,18.74,74.0,1.36,149,813.0
2479,472.0,22.47,51.7,1.49,142,864.0
2480,381.0,15.89,65.5,0.85,24,428.0
2481,527.0,34.91,57.0,0.98,54,572.0
2482,506.0,36.57,90.2,0.92,99,708.0
2483,604.0,32.49,52.1,0.81,87,702.0
2484,376.0,32.96,39.1,1.16,60,536.0
2485,447.0,35.27,83.6,1.3,56,579.0
2486,588.0,36.15,88.8,1.02,112,762.0
2487,511.0,30.39,23.7,1.03,58,610.0
2488,443.0,15.27,78.1,0.92,25,471.0
2489,523.0,35.17,73.8,1.29,52,579.0
2490,548.0,16.3,57.8,0.99,112,795.0
2491,651.0,28.64,24.9,1.1,21,574.0
2492,422.0,36.86,65.5,0.84,30,421.0
2493,508.0,41.12,42.1,1.23,136,821.0
2494,617.0,20.24,51.4,1.5,14,646.0
2495,516.0,34.51,78.2,0.81,92,654.0
2496,492.0,34.68,33.3,1.11,143,814.0
2497,537.0,31.52,93.3,1.15,108,760.0
2498,535.0,29.56,55.0,0.9,88,691.0
2499,427.0,36.6,83.4,1.23,22,461.0
2500,502.0,30.55,51.6,0.99,85,657.0
2501,386.0,29.93,75.8,1.44,84,612.0
2502,509.0,23.74,24.7,1.0,24,496.0
2503,508.0,23.88,47.0,0.91,136,794.0
2504,497.0,18.53,26.9,1.1,110,762.0
2505,341.0,20.3,56.2,1.34,19,396.0
2506,541.0,24.61,92.6,1.3,13,551.0
2507,425.0,15.64,41.4,1.27,35,544.0
2508,589.0,16.75,57.6,1.46,87,794.0
2509,506.0,16.28,51.9,1.1,94,732.0
2510,702.0,27.41,20.2,1.2,130,976.0
2511,500.0,38.93,45.5,1.39,32,540.0
2512,497.0,34.88,47.4,1.33,54,587.0
2513,580.0,39.61,76.5,1.47,71,712.0
2514,405.0,18.48,81.0,1.12,66,611.0
2515,523.0,19.37,94.3,1.47,43,644.0
2516,458.0,28.52,72.3,1.22,28,514.0
2517,515.0,15.86,70.9,1.11,145,885.0
2518,386.0,44.48,36.5,1.44,120,713.0
2519,500.0,16.51,33.6,1.29,136,872.0
2520,508.0,28.04,78.3,1.13,65,651.0
2521,581.0,22.87,23.1,1.1,22,569.0
2522,463.0,21.95,71.3,1.34,55,614.0
2523,501.0,21.13,54.8,1.02,133,809.0
2524,486.0,19.64,31.8,0.82,111,734.0
2525,642.0,19.59,51.3,0.93,86,801.0
2526,507.0,32.52,44.8,0.86,117,717.0
2527,532.0,32.81,90.1,1.26,92,743.0
2528,561.0,29.29,57.1,1.33,80,754.0
2529,544.0,16.93,61.0,0.83,21,499.0
2530,528.0,23.99,52.4,1.43,86,731.0
2531,550.0,41.11,80.1,0.8,60,575.0
2532,513.0,44.49,48.4,0.95,101,646.0
2533,450.0,38.35,32.7,1.19,85,624.0
2534,472.0,31.43,53.2,0.92,20,443.0
2535,553.0,36.46,43.6,1.26,59,640.0
2536,380.0,22.27,47.4,0.89,69,558.0
2537,404.0,16.38,68.6,1.02,41,528.0
2538,399.0,32.51,76.7,1.13,134,753.0
2539,391.0,19.12,31.5,0.82,109,666.0
2540,536.0,17.22,66.2,0.85,105,752.0
2541,547.0,37.18,63.9,1.16,94,719.0
2542,516.0,32.28,67.8,1.16,142,825.0
2543,458.0,42.92,51.3,0.85,23,412.0
2544,459.0,18.57,39.0,1.18,100,724.0
2545,487.0,26.89,93.0,1.04,51,575.0
2546,432.0,40.52,62.6,1.28,21,418.0
2547,364.0,40.03,74.5,0.9,25,385.0
2548,400.0,15.23,28.0,1.38,11,457.0
2549,526.0,21.11,54.7,0.82,51,595.0
2550,479.0,44.77,84.0,1.47,120,768.0
2551,487.0,30.62,88.1,0.84,135,769.0
2552,410.0,36.96,59.2,0.8,106,642.0
2553,493.0,29.19,29.1,1.48,80,670.0
2554,487.0,31.56,92.2,1.3,106,751.0
2555,516.0,15.82,80.0,0.95,75,671.0
2556,431.0,30.45,88.4,1.28,23,447.0
2557,540.0,15.64,53.5,1.2,146,941.0
2558,436.0,33.03,75.8,1.35,30,481.0
2559,434.0,29.28,79.1,1.43,22,484.0
2560,500.0,39.18,66.4,1.16,26,481.0
2561,422.0,16.57,32.6,1.08,103,669.0
2562,387.0,44.41,87.1,1.47,133,747.0
2563,468.0,37.14,57.1,1.29,66,603.0
2564,614.0,39.96,72.7,1.05,70,681.0
2565,572.0,17.52,54.9,1.0,37,591.0
2566,708.0,18.49,38.4,1.12,51,738.0
2567,416.0,27.1,93.7,0.84,97,617.0
2568,386.0,18.63,84.1,1.11,22,451.0
2569,514.0,21.61,44.5,1.01,50,596.0
2570,559.0,36.96,87.4,1.2,79,683.0
2571,520.0,25.97,56.9,1.04,74,639.0
2572,543.0,36.2,43.5,1.29,25,541.0
2573,519.0,41.28,34.9,1.16,58,588.0
2574,612.0,15.78,61.9,1.33,103,836.0
2575,501.0,20.53,88.8,1.4,26,555.0
2576,562.0,21.38,33.6,1.34,39,644.0
2577,656.0,25.9,80.3,0.83,28,591.0
2578,452.0,38.06,91.4,1.28,81,630.0
2579,531.0,31.19,47.3,0.86,124,778.0
2580,606.0,24.6,72.7,1.27,50,655.0
2581,347.0,15.27,55.0,0.98,85,557.0
2582,521.0,34.43,26.8,1.37,58,615.0
2583,525.0,39.26,93.6,0.87,72,602.0
2584,410.0,29.19,20.6,1.06,113,694.0
2585,531.0,15.63,51.8,1.1,77,668.0
2586,529.0,32.57,60.4,0.81,107,708.0
2587,511.0,28.81,62.4,1.03,115,760.0
2588,529.0,28.1,47.9,1.27,55,620.0
2589,465.0,22.45,31.3,1.37,80,678.0
2590,505.0,36.02,28.8,0.88,106,721.0
2591,569.0,21.89,72.1,1.37,13,549.0
2592,391.0,25.09,55.5,1.01,108,653.0
2593,529.0,37.54,68.2,0.96,149,816.0
2594,578.0,35.88,33.7,1.29,122,840.0
2595,421.0,33.48,84.3,0.91,65,546.0
2596,660.0,23.15,64.9,1.48,18,641.0
2597,370.0,41.91,88.5,0.99,51,452.0
2598,500.0,25.2,28.8,1.03,17,461.0
2599,371.0,42.53,91.0,0.82,43,400.0
2600,404.0,25.34,66.9,0.91,146,787.0
2601,378.0,40.0,34.4,0.82,113,618.0
2602,522.0,25.28,84.4,0.87,143,843.0
2603,388.0,41.88,70.5,1.22,83,567.0
2604,581.0,31.1,46.4,1.46,140,900.0
2605,427.0,43.13,36.8,1.03,77,566.0
2606,497.0,32.43,56.7,0.99,132,813.0
2607,549.0,40.96,91.5,1.24,63,653.0
2608,420.0,42.19,41.6,0.85,15,381.0
2609,563.0,38.07,33.8,1.37,20,556.0
2610,507.0,21.26,39.6,1.49,104,806.0
2611,486.0,17.75,85.5,0.88,111,760.0
2612,285.0,25.57,35.1,1.48,50,459.0
2613,438.0,29.34,39.6,1.03,79,599.0
2614,450.0,15.38,55.7,1.27,49,581.0
2615,522.0,39.43,63.4,1.1,74,640.0
2616,471.0,22.68,68.4,1.08,144,853.0
2617,476.0,15.22,20.3,1.18,39,568.0
2618,559.0,23.43,49.9,1.49,64,696.0
2619,378.0,38.07,34.0,1.12,53,476.0
2620,528.0,24.07,81.9,1.47,123,832.0
2621,440.0,29.56,73.3,0.9,62,590.0
2622,412.0,38.9,23.1,1.33,72,605.0
2623,369.0,44.68,94.9,1.33,124,682.0
2624,619.0,16.48,44.2,1.12,107,811.0
2625,530.0,41.94,63.8,0.97,102,698.0
2626,544.0,20.88,64.0,1.07,118,787.0
2627,489.0,39.07,56.8,1.11,78,646.0
2628,518.0,18.61,87.1,1.44,90,762.0
2629,629.0,22.28,31.8,1.32,110,851.0
2630,525.0,38.66,42.6,1.38,79,678.0
2631,416.0,39.76,27.7,0.96,98,625.0
2632,464.0,17.9,43.0,1.15,31,553.0
2633,564.0,38.48,43.4,0.95,59,588.0
2634,482.0,36.2,49.8,1.32,89,659.0
2635,500.0,42.77,48.8,1.25,10,449.0
2636,393.0,40.33,30.8,1.49,82,618.0
2637,548.0,23.99,83.1,0.95,45,625.0
2638,488.0,40.3,22.5,0.87,134,784.0
2639,365.0,37.09,75.4,0.95,127,648.0
2640,542.0,37.82,63.9,1.31,23,535.0
2641,529.0,42.83,24.2,1.0,48,567.0
2642,455.0,31.19,77.4,1.24,137,781.0
2643,529.0,41.88,57.0,1.28,25,499.0
2644,546.0,34.67,24.2,0.89,125,776.0
2645,554.0,22.38,63.3,1.39,85,742.0
2646,542.0,41.83,66.2,1.43,148,886.0
2647,492.0,40.58,26.9,1.26,147,853.0
2648,558.0,41.82,39.9,1.48,45,597.0
2649,481.0,43.99,45.3,1.13,86,627.0
2650,560.0,17.96,76.8,0.81,141,842.0
2651,525.0,33.92,63.0,1.44,66,687.0
2652,393.0,27.33,23.7,0.81,50,469.0
2653,471.0,16.77,29.5,0.94,146,835.0
2654,527.0,16.08,45.0,0.94,80,693.0
2655,400.0,27.92,69.0,0.98,148,786.0
2656,571.0,20.65,34.0,1.34,93,776.0
2657,542.0,38.59,25.9,1.3,16,527.0
2658,493.0,22.2,59.1,0.89,31,501.0
2659,508.0,30.5,34.4,1.45,12,520.0
2660,587.0,40.54,41.0,1.02,79,685.0
2661,621.0,35.59,68.2,1.16,11,541.0
2662,407.0,34.25,24.6,0.95,75,540.0
2663,531.0,24.1,83.3,1.49,17,575.0
2664,536.0,24.94,89.0,1.38,102,800.0
2665,455.0,44.31,64.5,1.05,77,594.0
2666,429.0,38.58,68.3,1.27,67,593.0
2667,423.0,34.81,42.1,1.12,107,707.0
2668,553.0,42.33,60.0,1.39,96,728.0
2669,617.0,30.16,80.0,1.25,78,740.0
2670,598.0,16.42,94.0,1.41,104,852.0
2671,576.0,32.2,82.0,0.83,121,819.0
2672,482.0,42.24,65.1,1.47,45,572.0
2673,386.0,20.69,29.5,1.22,75,605.0
2674,684.0,42.23,67.2,1.19,108,836.0
2675,479.0,37.46,52.9,1.06,33,482.0
2676,549.0,31.91,77.7,0.86,68,609.0
2677,454.0,38.8,51.6,0.82,92,625.0
2678,598.0,35.93,31.7,1.46,71,720.0
2679,502.0,38.69,35.8,1.32,25,511.0
2680,469.0,30.66,49.3,1.41,30,515.0
2681,566.0,20.28,64.3,1.39,26,588.0
2682,490.0,38.7,38.6,1.24,38,509.0
2683,573.0,29.66,94.4,1.19,46,630.0
2684,515.0,27.22,51.8,1.15,127,793.0
2685,499.0,42.36,39.5,1.42,12,485.0
2686,551.0,27.84,81.6,1.03,117,796.0
2687,514.0,36.87,87.9,1.0,127,768.0
2688,410.0,27.16,67.8,1.32,68,615.0
2689,426.0,17.59,83.3,0.96,131,757.0
2690,445.0,44.13,45.7,0.96,138,745.0
2691,430.0,23.67,29.5,0.82,97,641.0
2692,670.0,25.66,53.0,1.07,72,763.0
2693,490.0,19.94,84.8,1.37,33,589.0
2694,510.0,26.95,83.3,0.86,13,495.0
2695,473.0,25.73,60.5,0.89,129,758.0
2696,437.0,33.42,62.1,1.33,18,491.0
2697,500.0,42.37,51.1,1.0,93,656.0
2698,511.0,22.86,74.6,1.3,105,781.0
2699,559.0,17.53,58.9,1.22,96,733.0
2700,471.0,15.42,64.0,0.89,33,491.0
2701,510.0,17.92,44.8,1.12,104,745.0
2702,447.0,41.1,44.5,1.23,83,639.0
2703,464.0,22.34,29.4,1.18,80,644.0
2704,496.0,27.52,74.7,0.96,20,486.0
2705,591.0,43.8,23.9,1.38,115,819.0
2706,603.0,22.11,41.7,0.89,22,533.0
2707,485.0,29.11,59.4,1.02,144,848.0
2708,362.0,22.41,69.3,1.08,126,706.0
2709,417.0,26.94,35.4,1.35,32,510.0
2710,501.0,40.68,60.3,1.5,51,602.0
2711,560.0,22.93,46.9,1.14,116,806.0
2712,415.0,32.89,29.7,1.13,98,644.0
2713,585.0,17.52,58.1,1.12,52,663.0
2714,537.0,23.58,33.5,1.06,126,810.0
2715,475.0,43.05,72.7,1.39,31,512.0
2716,562.0,41.57,30.7,0.86,129,764.0
2717,501.0,30.63,90.4,1.29,149,863.0
2718,447.0,21.92,35.4,1.29,96,713.0
2719,488.0,19.51,75.5,1.08,97,705.0
2720,459.0,20.51,59.1,1.01,57,603.0
2721,527.0,36.19,33.3,1.4,14,482.0
2722,379.0,25.11,84.1,1.19,127,731.0
2723,725.0,32.18,54.3,1.09,95,843.0
2724,433.0,19.29,35.5,1.07,12,433.0
2725,604.0,15.17,37.9,0.98,79,729.0
2726,422.0,26.11,65.0,0.96,24,449.0
2727,514.0,38.55,41.0,0.98,13,437.0
2728,368.0,32.3,90.1,0.93,46,446.0
2729,451.0,21.48,36.6,1.05,26,459.0
2730,499.0,35.94,90.7,1.28,46,532.0
2731,535.0,35.6,23.4,1.4,60,624.0
2732,448.0,27.04,24.3,1.45,37,569.0
2733,568.0,17.48,37.3,1.0,53,628.0
2734,522.0,33.67,73.3,1.3,73,664.0
2735,516.0,43.16,29.4,1.3,62,620.0
2736,567.0,37.34,52.2,1.05,107,716.0
2737,429.0,25.58,61.7,1.08,22,430.0
2738,538.0,21.57,93.3,0.96,55,596.0
2739,569.0,22.21,65.1,1.07,139,880.0
2740,590.0,15.01,84.2,1.33,63,740.0
2741,638.0,34.67,36.5,1.31,64,686.0
2742,456.0,21.07,50.1,1.17,85,658.0
2743,421.0,38.49,86.0,1.46,134,777.0
2744,489.0,38.02,60.4,1.37,117,784.0
2745,323.0,42.2,78.9,1.01,125,644.0
2746,605.0,38.23,31.6,1.18,132,868.0
2747,429.0,34.62,59.6,1.44,51,566.0
2748,606.0,38.71,56.8,0.84,46,572.0
2749,448.0,18.12,43.4,1.1,114,736.0
2750,445.0,22.12,74.4,0.82,84,627.0
2751,535.0,33.05,63.2,1.19,123,798.0
2752,437.0,21.23,46.8,1.3,97,715.0
2753,488.0,23.01,66.9,1.34,60,643.0
2754,454.0,15.85,55.4,1.34,132,840.0
2755,277.0,27.7,31.2,1.2,72,492.0
2756,457.0,29.2,55.5,1.1,115,738.0
2757,422.0,29.26,38.4,1.01,58,538.0
2758,519.0,35.88,78.4,1.09,92,694.0
2759,480.0,36.61,58.5,1.42,127,800.0
2760,361.0,39.06,60.3,1.23,13,392.0
2761,362.0,43.86,30.0,1.1,56,449.0
2762,455.0,39.74,53.3,0.98,103,639.0
2763,480.0,21.6,62.2,1.03,38,531.0
2764,568.0,37.75,75.1,1.41,64,675.0
2765,608.0,31.38,35.2,0.96,18,535.0
2766,469.0,20.75,51.8,0.9,23,454.0
2767,490.0,29.47,66.3,0.87,141,822.0
2768,498.0,22.62,25.6,0.99,134,801.0
2769,520.0,39.13,88.0,1.33,16,495.0
2770,501.0,41.37,91.8,1.48,27,527.0
2771,664.0,15.03,82.3,1.13,120,920.0
2772,683.0,35.15,33.4,0.87,37,628.0
2773,397.0,35.53,43.8,1.18,56,510.0
2774,533.0,40.63,49.0,1.35,149,900.0
2775,489.0,24.03,80.3,1.36,76,675.0
2776,448.0,39.17,57.0,1.24,124,714.0
2777,440.0,17.2,90.0,1.24,42,566.0
2778,544.0,38.55,89.9,1.26,22,533.0
2779,620.0,17.76,67.2,0.93,109,846.0
2780,436.0,15.38,33.1,1.15,12,472.0
2781,432.0,34.1,54.3,0.91,103,649.0
2782,535.0,26.17,45.8,0.95,10,453.0
2783,481.0,24.38,47.1,1.16,139,828.0
2784,517.0,39.93,91.3,1.33,89,711.0
2785,565.0,40.0,76.7,1.29,41,589.0
2786,661.0,29.35,63.0,1.38,133,922.0
2787,335.0,24.75,91.4,1.35,36,498.0
2788,525.0,22.16,23.5,1.2,96,734.0
2789,436.0,39.44,43.8,1.38,123,758.0
2790,458.0,28.82,91.6,1.22,76,646.0
2791,502.0,18.15,52.3,0.83,22,507.0
2792,604.0,38.39,49.1,1.02,149,910.0
2793,384.0,27.38,50.8,1.33,47,512.0
2794,539.0,27.46,71.6,1.18,27,551.0
2795,586.0,18.85,83.2,1.18,53,679.0
2796,492.0,38.81,83.2,0.94,110,680.0
2797,644.0,27.8,28.0,1.24,18,579.0
2798,417.0,20.35,26.9,1.47,132,819.0
2799,492.0,19.06,33.4,0.88,117,750.0
2800,420.0,27.83,67.4,1.33,43,536.0
2801,347.0,21.49,35.9,1.38,103,670.0
2802,471.0,42.73,61.0,1.38,38,495.0
2803,544.0,20.16,78.5,1.25,103,798.0
2804,438.0,29.6,41.7,1.47,120,752.0
2805,382.0,15.14,92.5,1.07,63,532.0
2806,347.0,22.19,80.3,1.15,117,692.0
2807,456.0,29.6,43.3,0.87,78,596.0
2808,537.0,26.78,79.8,1.29,71,688.0
2809,483.0,24.22,31.6,1.31,32,552.0
2810,432.0,33.52,88.1,1.4,30,478.0
2811,477.0,27.0,56.9,1.43,64,623.0
2812,312.0,35.23,81.3,0.86,128,631.0
2813,516.0,21.17,38.4,1.0,136,806.0
2814,668.0,37.84,52.5,0.91,115,813.0
2815,473.0,28.93,26.6,1.32,131,788.0
2816,574.0,42.33,65.5,1.23,86,701.0
2817,608.0,41.73,73.6,1.2,13,533.0
2818,558.0,40.3,42.9,1.33,129,839.0
2819,370.0,40.28,61.1,1.02,140,690.0
2820,370.0,16.55,22.4,1.31,83,637.0
2821,495.0,33.36,53.6,1.17,109,717.0
2822,421.0,39.32,67.9,1.48,111,718.0
2823,470.0,28.73,90.0,1.13,72,622.0
2824,586.0,42.87,35.3,0.83,88,678.0
2825,464.0,35.07,23.8,1.31,12,456.0
2826,635.0,36.26,88.7,0.92,41,595.0
2827,435.0,19.79,27.3,0.92,145,778.0
2828,530.0,21.31,93.7,1.21,85,708.0
2829,505.0,25.49,58.2,1.34,64,658.0
2830,296.0,26.32,23.2,1.12,67,532.0
2831,602.0,21.61,50.2,1.16,132,878.0
2832,354.0,23.22,83.0,1.25,98,644.0
2833,616.0,25.95,67.4,1.13,58,658.0
2834,673.0,19.59,27.3,1.49,92,885.0
2835,440.0,41.23,28.0,0.81,122,692.0
2836,419.0,28.01,36.3,1.47,33,518.0
2837,526.0,23.4,89.4,1.32,22,554.0
2838,656.0,40.87,79.9,1.34,71,755.0
2839,406.0,18.05,33.7,0.82,139,761.0
2840,620.0,31.18,23.3,1.45,84,767.0
2841,385.0,36.55,55.6,1.17,139,712.0
2842,463.0,38.16,71.3,1.35,144,842.0
2843,433.0,36.66,31.6,1.47,112,742.0
2844,582.0,16.44,81.2,0.9,54,658.0
2845,532.0,15.65,41.6,1.05,22,544.0
2846,552.0,44.35,48.9,1.15,87,677.0
2847,410.0,27.91,84.0,0.84,35,420.0
2848,442.0,29.0,31.5,1.41,129,799.0
2849,431.0,37.42,62.3,1.12,57,543.0
2850,559.0,42.3,85.3,0.88,28,506.0
2851,492.0,31.75,73.6,1.12,121,767.0
2852,518.0,29.92,59.9,1.12,41,568.0
2853,640.0,20.37,33.7,0.95,107,838.0
2854,428.0,25.82,61.3,1.07,148,790.0
2855,517.0,42.4,51.0,1.46,62,620.0
2856,534.0,20.13,32.3,1.37,42,601.0
2857,468.0,28.83,69.6,0.81,71,588.0
2858,427.0,40.18,85.2,1.39,121,729.0
2859,491.0,30.94,60.0,1.08,69,596.0
2860,507.0,15.84,34.0,1.4,144,910.0
2861,417.0,22.13,49.7,1.25,104,704.0
2862,612.0,17.63,76.6,0.88,56,690.0
2863,407.0,16.73,56.1,1.15,123,741.0
2864,457.0,36.41,59.9,1.17,15,442.0
2865,396.0,25.3,45.1,1.28,77,629.0
2866,522.0,32.9,32.6,1.39,46,586.0
2867,529.0,18.64,31.5,1.34,78,730.0
2868,453.0,33.68,31.0,1.16,77,639.0
2869,485.0,16.36,93.9,1.43,34,578.0
2870,494.0,33.68,50.8,0.88,90,668.0
2871,538.0,21.75,28.7,1.24,55,645.0
2872,524.0,19.31,64.8,0.92,95,716.0
2873,512.0,35.76,81.7,1.46,90,718.0
2874,477.0,44.62,29.3,1.23,29,515.0
2875,542.0,25.69,53.0,1.33,127,857.0
2876,504.0,27.87,80.4,0.86,130,782.0
2877,548.0,15.67,65.2,0.96,78,717.0
2878,579.0,38.57,49.8,0.94,136,816.0
2879,442.0,43.45,45.3,1.48,41,503.0
2880,534.0,35.86,33.2,1.46,80,688.0
2881,522.0,29.88,25.9,1.13,101,737.0
2882,463.0,20.71,90.4,1.44,99,731.0
2883,539.0,27.46,35.0,0.89,126,817.0
2884,582.0,30.25,44.5,1.29,141,910.0
2885,518.0,39.18,85.0,1.1,41,536.0
2886,436.0,20.75,35.5,1.42,17,497.0
2887,547.0,40.86,51.2,1.43,87,731.0
2888,538.0,35.12,43.7,1.42,89,709.0
2889,528.0,28.07,89.1,0.89,51,575.0
2890,575.0,28.21,93.5,1.21,45,613.0
2891,546.0,25.81,30.4,1.0,145,834.0
2892,522.0,37.96,33.4,1.2,137,820.0
2893,472.0,25.73,88.2,1.0,56,577.0
2894,405.0,28.64,42.6,1.15,94,627.0
2895,440.0,43.32,25.1,1.48,127,776.0
2896,356.0,41.57,56.2,0.9,97,562.0
2897,656.0,26.27,60.3,1.43,26,642.0
2898,544.0,15.56,90.7,1.45,122,877.0
2899,472.0,38.46,48.4,1.31,142,820.0
2900,538.0,36.23,25.4,1.31,119,821.0
2901,502.0,22.05,50.8,1.42,114,804.0
2902,373.0,40.02,69.6,1.29,107,666.0
2903,351.0,36.77,29.1,1.28,62,537.0
2904,354.0,30.99,89.9,1.37,68,566.0
2905,451.0,37.02,76.5,1.27,11,455.0
2906,566.0,17.79,37.4,0.87,108,777.0
2907,477.0,28.58,24.2,1.09,63,601.0
2908,560.0,37.72,40.7,0.95,74,648.0
2909,549.0,30.32,46.8,1.05,60,666.0
2910,414.0,42.86,47.4,1.2,139,755.0
2911,423.0,37.96,41.7,1.23,80,598.0
2912,515.0,28.81,79.1,0.86,50,543.0
2913,537.0,42.31,65.7,1.08,46,562.0
2914,396.0,42.62,90.5,1.24,146,762.0
2915,419.0,30.41,75.1,1.45,23,477.0
2916,552.0,32.51,86.2,1.31,68,644.0
2917,519.0,31.11,20.2,1.04,73,600.0
2918,534.0,25.83,39.2,1.36,77,707.0
2919,538.0,20.61,71.0,1.25,75,705.0
2920,604.0,28.79,43.2,1.3,86,759.0
2921,553.0,34.17,92.9,1.01,36,533.0
2922,438.0,35.01,29.1,1.48,138,822.0
2923,492.0,31.99,80.0,1.24,38,538.0
2924,553.0,41.5,74.0,1.2,29,544.0
2925,542.0,32.23,88.3,1.11,133,839.0
2926,533.0,31.7,38.0,1.24,61,630.0
2927,428.0,32.18,53.1,0.84,71,577.0
2928,529.0,18.87,88.3,1.43,22,584.0
2929,588.0,30.66,89.3,0.84,28,544.0
2930,450.0,26.97,46.2,1.32,64,596.0
2931,589.0,30.24,61.2,1.0,16,531.0
2932,425.0,22.7,58.7,1.46,87,686.0
2933,528.0,41.09,50.2,1.07,128,802.0
2934,435.0,21.24,27.8,0.88,108,690.0
2935,484.0,18.27,29.9,1.12,133,799.0
2936,523.0,30.38,82.1,0.86,80,653.0
2937,464.0,44.43,20.2,1.19,37,501.0
2938,470.0,39.04,70.0,1.34,98,713.0
2939,477.0,34.69,84.8,1.35,147,857.0
2940,473.0,41.47,52.1,1.24,89,652.0
2941,459.0,28.08,42.6,1.24,13,436.0
2942,485.0,38.18,93.8,1.46,100,746.0
2943,505.0,40.83,87.4,0.92,129,764.0
2944,534.0,23.57,27.8,1.4,120,828.0
2945,517.0,38.57,69.6,1.21,90,708.0
2946,514.0,27.33,23.8,0.95,139,820.0
2947,546.0,41.22,56.2,1.26,14,497.0
2948,416.0,41.61,71.7,1.34,132,749.0
2949,654.0,24.76,79.5,1.47,119,913.0
2950,451.0,40.3,80.3,0.96,53,529.0
2951,504.0,40.1,32.5,1.49,131,832.0
2952,399.0,16.41,66.1,1.25,12,439.0
2953,589.0,32.72,25.9,1.24,75,699.0
2954,552.0,26.22,45.4,1.31,69,684.0
2955,354.0,34.19,51.9,1.0,18,344.0
2956,486.0,31.11,90.0,1.04,65,590.0
2957,483.0,42.48,33.6,0.96,71,551.0
2958,517.0,43.54,57.9,0.91,101,673.0
2959,504.0,39.83,35.2,0.82,33,469.0
2960,407.0,34.96,51.9,0.98,14,399.0
2961,473.0,42.2,41.3,1.28,88,662.0
2962,364.0,39.6,32.4,0.99,12,360.0
2963,499.0,28.19,83.5,0.82,65,562.0
2964,666.0,31.75,54.8,0.99,108,824.0
2965,418.0,17.61,77.3,1.19,67,601.0
2966,441.0,38.72,40.5,1.24,35,486.0
2967,518.0,23.49,74.1,1.3,42,608.0
2968,402.0,40.63,60.7,0.93,70,537.0
2969,446.0,28.72,53.9,1.18,71,610.0
2970,478.0,36.31,46.3,0.95,141,785.0
2971,491.0,42.13,70.9,1.17,55,545.0
2972,588.0,22.18,21.4,1.31,28,606.0
2973,638.0,30.94,52.9,1.29,64,717.0
2974,496.0,17.04,47.9,1.34,28,580.0
2975,308.0,24.16,56.4,0.87,78,526.0
2976,321.0,38.0,75.9,1.02,52,430.0
2977,596.0,36.48,62.2,1.5,59,692.0
2978,374.0,35.43,31.8,1.19,85,585.0
2979,570.0,17.26,82.5,1.08,60,663.0
2980,540.0,33.08,56.2,1.14,111,773.0
2981,670.0,41.05,90.2,1.28,74,751.0
2982,357.0,19.26,46.4,1.19,136,754.0
2983,440.0,43.86,74.9,1.47,51,556.0
2984,519.0,35.88,68.9,1.48,83,714.0
2985,529.0,25.06,87.7,1.23,85,729.0
2986,418.0,21.41,51.5,1.47,24,503.0
2987,507.0,27.29,61.4,1.17,35,540.0
2988,324.0,39.99,29.9,1.26,107,633.0
2989,436.0,19.34,33.8,1.3,17,482.0
2990,561.0,40.57,45.7,1.4,120,840.0
2991,555.0,15.03,85.6,1.47,41,654.0
2992,409.0,36.36,30.4,1.07,130,709.0
2993,465.0,17.83,32.9,0.81,130,754.0
2994,601.0,32.37,57.2,1.37,13,559.0
2995,311.0,35.67,28.0,1.25,49,444.0
2996,445.0,36.35,32.9,1.46,75,627.0
2997,435.0,20.03,77.2,0.82,56,538.0
2998,523.0,40.93,37.7,0.95,111,728.0
2999,571.0,23.4,60.0,1.44,23,608.0
3000,444.0,20.98,68.3,1.46,61,612.0
3001,596.0,15.43,28.0,1.34,20,622.0
3002,510.0,33.93,65.8,1.12,32,490.0
3003,558.0,42.48,69.6,1.2,38,551.0
3004,524.0,16.73,80.1,1.37,98,825.0
3005,550.0,42.72,42.1,1.33,78,673.0
3006,653.0,26.51,29.1,1.34,85,796.0
3007,407.0,15.07,57.7,1.09,116,751.0
3008,464.0,31.93,69.4,1.07,148,810.0
3009,436.0,19.83,72.9,0.96,139,779.0
3010,453.0,37.92,42.1,0.87,38,479.0
3011,550.0,22.17,33.6,1.25,36,614.0
3012,481.0,38.66,91.5,1.02,59,562.0
3013,534.0,16.3,79.1,0.81,135,814.0
3014,619.0,41.15,29.8,1.17,109,844.0
3015,495.0,36.72,35.0,1.11,89,686.0
3016,425.0,24.64,49.4,0.86,129,744.0
3017,585.0,18.39,51.2,0.92,145,903.0
3018,557.0,21.8,66.7,0.91,140,859.0
3019,522.0,39.51,77.7,0.92,71,594.0
3020,396.0,42.71,71.9,1.26,16,435.0
3021,301.0,29.54,43.6,1.27,118,662.0
3022,448.0,32.09,34.5,1.37,81,660.0
3023,446.0,16.24,75.8,1.13,106,726.0
3024,686.0,20.34,30.3,1.46,66,818.0
3025,619.0,44.89,53.1,1.23,144,897.0
3026,437.0,18.72,48.6,0.86,102,705.0
3027,626.0,18.76,63.4,1.34,11,590.0
3028,461.0,44.03,78.8,1.33,80,604.0
3029,569.0,35.97,89.7,1.24,74,688.0
3030,487.0,44.02,69.2,1.18,111,718.0
3031,478.0,16.75,53.6,1.38,60,648.0
3032,585.0,18.71,49.5,0.98,140,899.0
3033,599.0,25.82,45.1,1.22,105,806.0
3034,606.0,33.65,30.9,0.85,89,702.0
3035,505.0,16.65,83.4,1.02,115,786.0
3036,418.0,17.24,43.1,1.0,43,526.0
3037,568.0,17.6,93.7,1.06,142,892.0
3038,377.0,23.1,81.8,0.85,135,730.0
3039,323.0,25.42,45.8,1.48,144,792.0
3040,441.0,35.7,41.5,1.37,80,654.0
3041,620.0,34.57,84.1,1.12,127,831.0
3042,561.0,23.4,76.8,1.35,14,545.0
3043,498.0,20.09,67.6,1.4,55,648.0
3044,580.0,23.84,24.3,1.4,120,854.0
3045,524.0,21.82,82.1,1.19,121,826.0
3046,462.0,25.72,54.0,1.2,130,787.0
3047,478.0,33.93,69.8,1.42,38,546.0
3048,486.0,18.98,48.0,1.1,27,531.0
3049,527.0,33.63,40.5,1.13,29,524.0
3050,468.0,21.99,94.9,1.28,37,537.0
3051,339.0,42.95,38.1,0.96,53,450.0
3052,556.0,27.76,86.7,1.46,116,841.0
3053,584.0,33.28,86.2,0.85,23,505.0
3054,507.0,39.82,28.3,1.24,133,819.0
3055,606.0,42.98,43.9,0.81,70,599.0
3056,596.0,40.57,48.8,1.33,12,519.0
3057,380.0,42.43,62.1,1.25,71,533.0
3058,614.0,22.38,89.9,1.38,79,786.0
3059,437.0,24.86,34.6,1.15,62,561.0
3060,461.0,39.86,44.7,1.22,82,640.0
3061,511.0,19.32,92.2,0.93,110,781.0
3062,417.0,28.53,60.9,0.86,51,491.0
3063,448.0,27.42,50.1,1.29,116,753.0
3064,380.0,16.08,55.7,1.22,114,731.0
3065,472.0,23.96,61.7,1.4,67,663.0
3066,553.0,29.87,75.6,1.0,131,798.0
3067,511.0,39.73,53.5,1.02,100,676.0
3068,439.0,44.09,32.8,0.97,102,646.0
3069,353.0,21.91,58.3,0.89,94,588.0
3070,582.0,44.8,43.2,1.11,98,714.0
3071,456.0,18.45,72.4,1.44,87,677.0
3072,463.0,27.4,23.1,0.84,30,454.0
3073,659.0,42.7,90.3,1.2,89,765.0
3074,635.0,25.37,48.7,0.86,82,720.0
3075,507.0,38.59,45.9,0.83,86,637.0
3076,481.0,43.89,47.4,1.28,15,438.0
3077,600.0,37.01,44.9,1.19,122,830.0
3078,310.0,33.26,39.0,0.86,118,616.0
3079,498.0,20.57,92.5,1.39,114,795.0
3080,493.0,42.01,52.4,1.39,28,512.0
3081,497.0,16.77,22.8,1.17,107,785.0
3082,467.0,32.48,88.7,1.39,95,693.0
3083,310.0,16.09,79.4,1.35,30,462.0
3084,481.0,32.83,43.4,1.48,91,696.0
3085,533.0,23.98,47.9,1.45,28,582.0
3086,544.0,33.63,24.0,1.1,45,564.0
3087,485.0,31.32,93.1,0.91,103,707.0
3088,505.0,24.93,50.6,1.49,148,910.0
3089,422.0,26.9,20.9,1.44,22,512.0
3090,558.0,38.73,42.9,1.07,65,628.0
3091,451.0,16.35,44.2,0.82,51,554.0
3092,544.0,20.31,84.8,1.17,25,558.0
3093,576.0,27.48,27.4,0.95,57,637.0
3094,576.0,16.94,63.5,1.46,31,639.0
3095,465.0,28.17,28.1,0.95,63,587.0
3096,510.0,24.52,30.0,1.28,115,815.0
3097,569.0,22.48,42.4,1.22,41,627.0
3098,402.0,33.9,54.4,1.41,74,609.0
3099,510.0,38.37,20.8,0.86,93,651.0
3100,575.0,19.29,71.0,1.29,134,913.0
3101,670.0,18.1,53.7,1.02,130,931.0
3102,474.0,27.75,51.9,1.19,79,658.0
3103,429.0,29.93,58.7,1.39,65,600.0
3104,463.0,27.69,37.3,1.0,14,446.0
3105,705.0,19.56,65.3,1.21,127,942.0
3106,379.0,35.3,62.7,1.12,130,730.0
3107,428.0,31.01,20.4,1.02,106,679.0
3108,594.0,15.18,28.0,1.42,97,829.0
3109,507.0,43.96,59.4,0.86,73,579.0
3110,566.0,44.94,73.9,1.29,50,599.0
3111,572.0,29.29,60.4,0.81,145,867.0
3112,444.0,21.39,44.7,0.95,78,615.0
3113,670.0,35.05,55.0,1.41,53,703.0
3114,423.0,20.39,52.1,0.93,18,448.0
3115,553.0,33.17,41.6,1.08,89,698.0
3116,572.0,31.26,20.2,1.29,138,855.0
3117,539.0,39.43,56.5,1.13,42,560.0
3118,552.0,33.39,70.6,1.42,95,782.0
3119,587.0,23.16,86.6,1.22,89,757.0
3120,491.0,28.59,89.6,0.94,113,738.0
3121,579.0,15.05,47.3,1.21,71,740.0
3122,593.0,23.22,35.1,1.39,79,753.0
3123,508.0,24.95,80.3,0.82,51,564.0
3124,200.0,35.71,39.5,0.96,73,403.0
3125,381.0,19.41,64.8,1.24,133,787.0
3126,485.0,38.27,39.4,1.17,126,767.0
3127,555.0,32.24,88.8,1.06,116,777.0
3128,445.0,33.71,24.8,1.27,124,753.0
3129,597.0,40.53,53.4,1.11,70,665.0
3130,443.0,22.82,53.0,1.44,90,696.0
3131,637.0,36.86,69.4,0.94,52,658.0
3132,472.0,21.91,94.7,1.14,36,543.0
3133,666.0,41.12,51.6,1.3,35,650.0
3134,605.0,17.84,78.6,1.31,128,916.0
3135,540.0,26.24,39.8,1.26,123,856.0
3136,543.0,33.95,77.7,1.1,120,810.0
3137,439.0,38.48,93.2,1.42,132,782.0
3138,384.0,30.14,52.6,1.34,95,648.0
3139,394.0,44.23,78.9,0.91,131,680.0
3140,470.0,35.44,91.2,1.01,101,683.0
3141,531.0,40.12,54.9,1.05,109,734.0
3142,423.0,43.1,27.6,1.42,57,564.0
3143,358.0,41.11,31.7,1.14,80,553.0
3144,345.0,26.53,54.7,1.23,86,602.0
3145,612.0,41.94,82.9,1.01,39,586.0
3146,551.0,19.88,78.2,0.97,117,819.0
3147,500.0,35.04,21.1,1.24,123,785.0
3148,501.0,21.88,50.1,0.91,45,556.0
3149,512.0,30.25,81.5,1.36,136,859.0
3150,563.0,41.55,82.0,1.13,63,643.0
3151,366.0,15.34,58.3,0.98,53,520.0
3152,576.0,24.79,29.5,0.91,140,865.0
3153,567.0,37.59,69.2,1.21,122,799.0
3154,525.0,20.27,82.6,1.19,123,821.0
3155,602.0,27.77,65.8,1.46,94,808.0
3156,550.0,29.96,29.0,1.03,25,537.0
3157,544.0,37.7,81.1,1.19,101,744.0
3158,558.0,37.25,71.4,1.16,69,667.0
3159,564.0,43.55,85.5,1.23,91,679.0
3160,557.0,30.45,43.9,0.95,88,712.0
3161,392.0,29.64,29.3,1.26,51,537.0
3162,430.0,42.56,70.3,1.47,122,747.0
3163,435.0,31.6,46.2,0.84,121,704.0
3164,516.0,27.3,77.6,1.29,120,793.0
3165,531.0,23.76,32.8,1.49,20,588.0
3166,464.0,20.49,56.3,1.38,50,617.0
3167,618.0,32.22,23.3,0.84,123,815.0
3168,666.0,35.27,52.8,1.34,67,748.0
3169,531.0,32.32,44.2,1.11,132,830.0
3170,446.0,19.51,53.2,0.97,23,472.0
3171,434.0,34.53,51.7,1.44,112,726.0
3172,486.0,44.29,66.2,1.3,108,728.0
3173,499.0,15.72,21.6,1.1,114,827.0
3174,505.0,44.07,67.0,1.02,62,567.0
3175,571.0,32.69,48.1,1.06,116,765.0
3176,514.0,25.98,58.7,1.24,129,809.0
3177,586.0,23.1,37.3,1.29,27,581.0
3178,476.0,29.44,74.4,0.82,117,746.0
3179,452.0,42.37,75.6,1.48,89,682.0
3180,632.0,38.04,37.3,1.45,61,714.0
3181,413.0,18.98,93.3,1.26,115,714.0
3182,651.0,32.14,48.0,1.31,60,713.0
3183,407.0,31.22,20.2,1.45,12,446.0
3184,547.0,40.84,64.5,0.87,33,514.0
3185,479.0,40.9,56.8,1.25,118,741.0
3186,538.0,39.03,37.9,0.87,108,725.0
3187,522.0,20.5,58.8,1.37,95,787.0
3188,574.0,38.15,88.3,1.47,54,658.0
3189,430.0,22.44,70.0,0.94,14,428.0
3190,431.0,20.87,72.8,1.45,32,529.0
3191,593.0,40.23,72.7,1.06,15,521.0
3192,443.0,29.2,40.4,1.23,132,761.0
3193,481.0,40.84,50.0,1.38,106,748.0
3194,447.0,32.69,82.4,0.8,148,774.0
3195,585.0,41.58,37.5,1.43,60,667.0
3196,368.0,22.85,32.8,0.87,149,749.0
3197,586.0,22.79,61.3,1.17,135,878.0
3198,473.0,24.91,94.7,1.13,124,769.0
3199,650.0,25.48,68.7,1.06,28,606.0
3200,434.0,42.14,94.6,1.22,110,690.0
3201,550.0,22.05,24.0,0.83,99,721.0
3202,550.0,44.93,60.8,1.12,116,779.0
3203,587.0,24.09,68.4,1.03,129,862.0
3204,468.0,30.87,39.6,1.23,32,511.0
3205,479.0,24.5,65.0,1.49,129,835.0
3206,504.0,17.91,71.2,0.83,87,695.0
3207,383.0,22.18,22.5,1.04,56,505.0
3208,490.0,30.04,44.3,1.45,68,643.0
3209,564.0,41.06,92.1,1.03,45,572.0
3210,475.0,35.95,71.3,1.16,93,662.0
3211,575.0,41.81,50.3,0.85,96,699.0
3212,415.0,16.73,94.7,1.14,86,654.0
3213,495.0,36.42,26.9,1.42,75,671.0
3214,481.0,39.9,92.9,1.32,125,783.0
3215,403.0,41.33,34.5,1.12,123,716.0
3216,653.0,23.44,65.5,1.04,87,770.0
3217,450.0,37.13,54.6,1.45,48,581.0
3218,419.0,27.84,69.8,0.83,50,505.0
3219,378.0,15.68,65.0,1.01,61,517.0
3220,521.0,40.82,34.1,1.4,32,546.0
3221,475.0,30.17,84.9,0.88,26,453.0
3222,436.0,41.56,29.3,0.91,44,462.0
3223,573.0,38.88,90.2,1.19,100,764.0
3224,398.0,22.47,20.4,1.23,48,513.0
3225,575.0,32.98,24.3,1.28,49,638.0
3226,550.0,43.9,71.7,1.01,96,682.0
3227,561.0,17.58,21.0,1.43,134,913.0
3228,410.0,44.46,30.1,0.95,11,343.0
3229,551.0,29.22,37.9,1.32,27,570.0
3230,458.0,25.02,83.6,0.91,47,515.0
3231,474.0,42.33,41.1,1.42,25,489.0
3232,545.0,44.51,65.6,1.35,22,534.0
3233,461.0,39.86,87.4,1.41,135,811.0
3234,560.0,18.5,40.3,1.09,142,894.0
3235,404.0,27.62,83.6,1.23,54,534.0
3236,510.0,15.16,25.2,0.96,98,734.0
3237,390.0,35.22,58.4,1.47,136,759.0
3238,431.0,39.5,60.4,1.12,45,525.0
3239,525.0,28.65,89.4,1.22,69,666.0
3240,543.0,21.61,83.7,0.96,106,743.0
3241,592.0,28.92,79.3,1.37,71,729.0
3242,358.0,30.38,76.1,0.88,68,503.0
3243,498.0,38.48,84.4,1.11,56,598.0
3244,459.0,40.17,44.3,1.38,62,579.0
3245,552.0,35.27,78.6,0.84,28,498.0
3246,684.0,32.61,81.4,0.95,90,781.0
3247,564.0,20.04,51.5,1.08,57,644.0
3248,452.0,35.3,30.8,0.97,60,542.0
3249,447.0,37.84,30.8,1.3,63,612.0
3250,449.0,39.16,92.1,1.48,36,534.0
3251,483.0,20.03,78.3,1.35,144,886.0
3252,515.0,41.71,75.7,1.32,126,773.0
3253,507.0,38.66,39.5,1.25,19,497.0
3254,567.0,33.02,35.7,0.92,38,550.0
3255,368.0,19.88,74.1,1.18,136,745.0
3256,582.0,37.55,81.0,1.47,42,626.0
3257,440.0,44.49,66.5,1.46,68,612.0
3258,503.0,27.73,58.0,1.21,84,685.0
3259,489.0,32.42,57.0,1.04,122,750.0
3260,377.0,19.84,69.4,1.44,36,512.0
3261,421.0,24.98,29.3,1.08,146,801.0
3262,463.0,20.07,67.4,1.4,35,566.0
3263,337.0,28.46,89.3,0.87,55,450.0
3264,655.0,16.98,74.8,1.44,106,891.0
3265,590.0,27.2,53.4,0.87,124,832.0
3266,606.0,41.45,72.6,0.95,33,571.0
3267,428.0,37.57,81.4,1.13,109,672.0
3268,484.0,27.58,27.3,1.13,143,844.0
3269,623.0,35.71,69.0,1.39,83,778.0
3270,575.0,30.49,67.5,1.33,147,906.0
3271,395.0,15.84,61.1,1.3,98,719.0
3272,515.0,32.9,67.1,1.02,66,620.0
3273,422.0,16.53,48.7,1.03,149,802.0
3274,519.0,21.12,94.4,1.05,131,815.0
3275,587.0,26.28,45.9,1.27,46,633.0
3276,475.0,17.75,48.2,1.39,117,782.0
3277,701.0,39.92,58.3,1.2,148,977.0
3278,476.0,42.65,30.0,1.06,76,607.0
3279,459.0,18.12,25.9,1.08,30,519.0
3280,460.0,18.06,57.0,1.0,149,842.0
3281,604.0,26.48,73.2,1.0,136,887.0
3282,410.0,33.17,85.5,1.31,123,746.0
3283,398.0,16.32,94.9,1.44,76,673.0
3284,373.0,44.54,67.6,1.07,43,449.0
3285,529.0,28.98,51.2,0.98,42,562.0
3286,382.0,28.73,66.9,1.18,52,506.0
3287,383.0,43.57,91.5,1.13,62,516.0
3288,437.0,39.62,23.4,0.9,102,658.0
3289,483.0,37.49,28.7,1.12,127,770.0
3290,336.0,40.97,42.8,1.3,83,540.0
3291,429.0,28.53,79.4,1.25,27,482.0
3292,351.0,27.7,52.0,1.22,121,680.0
3293,560.0,34.2,67.6,0.96,59,613.0
3294,418.0,25.5,61.6,1.28,127,749.0
3295,473.0,31.96,30.7,1.31,70,654.0
3296,425.0,23.01,84.2,1.04,76,608.0
3297,430.0,23.89,54.0,1.23,17,468.0
3298,430.0,24.58,29.2,1.21,118,761.0
3299,515.0,32.9,40.9,0.9,59,552.0
3300,496.0,20.67,44.5,1.4,64,672.0
3301,586.0,25.91,30.0,1.33,136,914.0
3302,524.0,43.96,40.8,0.94,70,571.0
3303,463.0,34.63,60.8,0.97,18,408.0
3304,689.0,18.29,57.1,1.31,65,796.0
3305,397.0,15.34,74.1,1.22,19,449.0
3306,354.0,23.12,61.3,1.33,60,573.0
3307,450.0,17.03,80.5,1.04,28,490.0
3308,627.0,16.07,42.9,0.9,23,617.0
3309,463.0,30.61,32.4,1.3,147,846.0
3310,535.0,40.88,77.4,0.9,123,723.0
3311,561.0,43.49,59.2,0.89,65,605.0
3312,586.0,33.89,73.3,0.95,20,504.0
3313,556.0,15.76,77.2,1.32,50,666.0
3314,550.0,18.57,24.6,0.94,52,629.0
3315,489.0,19.1,82.0,1.43,19,530.0
3316,557.0,39.52,31.2,1.3,41,587.0
3317,531.0,38.99,48.0,0.81,81,602.0
3318,363.0,21.24,90.8,1.42,137,771.0
3319,359.0,23.21,91.0,1.45,117,719.0
3320,427.0,39.13,56.0,1.5,53,569.0
3321,586.0,34.99,27.8,0.81,37,548.0
3322,508.0,43.85,62.9,1.06,125,764.0
3323,563.0,43.88,79.0,1.14,37,551.0
3324,392.0,24.9,57.7,1.32,141,793.0
3325,562.0,17.08,25.6,1.05,75,719.0
3326,510.0,27.51,33.6,0.9,143,808.0
3327,425.0,22.48,61.4,1.3,68,596.0
3328,386.0,39.16,42.5,1.46,128,734.0
3329,567.0,28.19,79.8,1.22,58,663.0
3330,462.0,39.29,29.6,1.39,143,792.0
3331,603.0,31.63,84.3,0.91,70,681.0
3332,508.0,30.07,65.2,0.84,23,473.0
3333,444.0,31.58,83.2,1.48,64,598.0
3334,477.0,20.33,87.1,0.96,24,483.0
3335,738.0,44.65,26.5,1.38,81,824.0
3336,403.0,32.22,65.1,1.1,51,500.0
3337,450.0,24.63,51.6,1.24,96,688.0
3338,588.0,17.35,26.3,1.27,87,764.0
3339,452.0,18.52,29.0,1.31,40,546.0
3340,581.0,19.36,61.0,1.15,33,594.0
3341,535.0,19.24,45.2,0.9,88,685.0
3342,338.0,20.67,68.6,0.81,51,435.0
3343,527.0,29.98,76.9,1.46,41,619.0
3344,356.0,33.67,21.4,1.14,26,417.0
3345,562.0,29.97,26.7,1.5,128,862.0
3346,544.0,27.86,90.7,1.32,92,738.0
3347,485.0,18.07,56.8,0.97,86,670.0
3348,579.0,32.31,38.3,1.09,20,537.0
3349,543.0,27.58,71.6,1.0,81,654.0
3350,563.0,42.28,47.1,1.04,18,498.0
3351,554.0,18.26,67.7,1.38,50,696.0
3352,582.0,29.49,39.1,1.23,32,602.0
3353,511.0,32.73,67.7,1.01,47,556.0
3354,452.0,16.89,31.5,1.39,91,698.0
3355,477.0,27.09,58.7,0.93,65,594.0
3356,381.0,33.42,47.1,0.93,35,442.0
3357,591.0,25.61,43.9,0.89,91,750.0
3358,494.0,41.82,59.6,1.01,128,751.0
3359,495.0,27.83,63.2,1.15,106,749.0
3360,525.0,28.49,94.3,0.92,21,499.0
3361,600.0,33.57,41.7,1.22,85,749.0
3362,381.0,18.91,91.7,0.9,92,597.0
3363,470.0,23.1,61.3,1.22,24,494.0
3364,652.0,35.43,81.4,1.49,53,717.0
3365,401.0,23.49,33.1,0.97,82,593.0
3366,501.0,43.92,83.9,0.87,149,796.0
3367,462.0,35.68,20.9,1.26,124,750.0
3368,631.0,29.85,24.3,1.07,48,652.0
3369,479.0,44.03,82.8,1.33,100,699.0
3370,635.0,28.78,25.5,0.94,113,833.0
3371,405.0,23.52,47.0,1.42,11,411.0
3372,532.0,23.1,26.6,1.2,23,541.0
3373,583.0,21.58,60.0,1.12,33,616.0
3374,404.0,18.3,57.9,1.41,107,745.0
3375,581.0,18.77,91.4,1.47,119,895.0
3376,348.0,27.8,26.0,1.21,94,604.0
3377,492.0,21.55,36.0,1.32,23,519.0
3378,561.0,19.6,74.1,1.16,46,642.0
3379,432.0,18.46,61.5,1.36,50,581.0
3380,388.0,35.21,59.5,1.08,92,598.0
3381,274.0,37.81,37.1,0.95,91,523.0
3382,335.0,27.59,74.0,0.93,50,427.0
3383,580.0,25.58,68.9,1.12,88,740.0
3384,431.0,22.64,21.4,1.35,18,471.0
3385,357.0,31.23,50.0,0.99,149,756.0
3386,551.0,39.56,24.6,1.11,81,685.0
3387,528.0,20.22,58.7,0.86,53,579.0
3388,497.0,41.34,79.4,1.23,45,548.0
3389,425.0,16.44,35.9,1.43,56,621.0
3390,575.0,16.51,49.9,1.26,120,847.0
3391,517.0,21.39,36.8,1.12,147,879.0
3392,371.0,25.35,89.5,1.37,148,812.0
3393,413.0,22.99,31.8,1.24,122,762.0
3394,488.0,35.15,51.7,1.41,67,648.0
3395,518.0,32.03,37.6,1.37,124,817.0
3396,537.0,16.78,60.5,1.18,112,824.0
3397,465.0,23.73,83.9,1.37,27,532.0
3398,357.0,41.68,62.6,1.38,142,727.0
3399,555.0,24.62,61.6,1.29,37,623.0
3400,382.0,28.4,53.2,1.37,86,609.0
3401,494.0,40.13,82.1,1.14,23,507.0
3402,548.0,35.33,30.2,1.08,52,606.0
3403,468.0,37.78,78.9,0.84,101,647.0
3404,536.0,23.41,30.2,0.99,83,699.0
3405,657.0,38.51,24.4,0.95,142,876.0
3406,559.0,40.77,90.4,1.36,24,565.0
3407,507.0,26.53,35.0,0.82,27,523.0
3408,445.0,15.49,60.3,1.34,138,843.0
3409,380.0,17.47,86.9,1.0,95,637.0
3410,517.0,29.24,65.6,0.82,125,757.0
3411,470.0,30.96,94.0,1.39,104,725.0
3412,442.0,26.23,86.2,1.3,105,746.0
3413,334.0,17.93,75.6,0.98,47,472.0
3414,629.0,30.9,21.1,1.33,95,807.0
3415,478.0,18.92,40.8,1.43,82,688.0
3416,435.0,16.03,25.0,1.33,113,774.0
3417,627.0,28.72,85.0,1.01,125,856.0
3418,407.0,41.82,25.2,1.23,81,583.0
3419,289.0,16.44,24.5,1.4,43,478.0
3420,524.0,21.51,60.3,0.88,56,601.0
3421,486.0,37.48,87.2,1.02,37,524.0
3422,508.0,21.46,90.0,0.95,71,629.0
3423,489.0,23.61,54.2,1.33,138,818.0
3424,685.0,33.57,61.9,1.06,33,621.0
3425,420.0,17.48,35.3,1.1,56,568.0
3426,367.0,30.3,36.1,1.41,11,405.0
3427,584.0,31.68,76.3,1.3,132,876.0
3428,503.0,30.36,27.4,1.04,47,549.0
3429,483.0,21.27,80.4,0.94,127,774.0
3430,431.0,35.06,40.1,1.34,11,430.0
3431,458.0,33.04,60.8,1.3,33,502.0
3432,622.0,31.19,62.7,1.05,135,905.0
3433,421.0,36.24,44.1,1.14,88,609.0
3434,507.0,31.58,88.3,0.93,124,754.0
3435,444.0,28.59,28.0,0.87,56,525.0
3436,423.0,17.32,43.2,1.14,104,722.0
3437,334.0,24.36,54.0,1.24,48,481.0
3438,366.0,37.18,89.2,1.07,97,596.0
3439,419.0,26.6,47.5,1.44,132,783.0
3440,544.0,43.92,44.6,1.4,79,682.0
3441,514.0,18.39,63.1,1.07,73,670.0
3442,504.0,39.29,69.8,1.0,16,438.0
3443,583.0,39.09,56.6,1.13,38,572.0
3444,492.0,29.52,54.0,1.04,32,528.0
3445,571.0,27.74,34.7,1.12,21,540.0
3446,429.0,18.48,69.1,0.91,103,664.0
3447,379.0,24.34,24.4,0.88,90,593.0
3448,517.0,25.85,35.0,1.45,139,895.0
3449,484.0,39.56,48.2,0.82,126,741.0
3450,498.0,36.42,87.2,0.88,106,676.0
3451,706.0,24.95,42.1,1.12,149,992.0
3452,529.0,28.5,44.9,1.03,106,755.0
3453,548.0,35.48,88.4,1.39,77,705.0
3454,317.0,42.56,69.1,1.4,138,732.0
3455,588.0,37.17,41.0,1.1,99,756.0
3456,435.0,33.8,71.4,1.13,53,557.0
3457,395.0,36.9,31.7,0.97,88,581.0
3458,298.0,27.22,33.4,0.91,149,711.0
3459,444.0,36.14,47.4,0.93,84,609.0
3460,504.0,36.33,33.8,1.13,44,548.0
3461,575.0,19.74,66.9,1.02,116,789.0
3462,433.0,27.98,55.9,0.81,83,582.0
3463,486.0,40.96,87.3,1.12,43,510.0
3464,599.0,33.84,78.6,1.37,20,583.0
3465,533.0,21.78,24.1,1.41,135,878.0
3466,481.0,20.84,84.6,1.34,112,777.0
3467,553.0,40.25,27.3,1.45,60,657.0
3468,432.0,44.86,85.1,1.23,104,675.0
3469,436.0,30.28,65.6,1.4,10,447.0
3470,416.0,30.19,84.7,0.97,135,733.0
3471,557.0,19.74,39.8,1.3,119,863.0
3472,464.0,26.43,57.1,1.11,38,531.0
3473,499.0,29.79,35.2,1.02,139,801.0
3474,511.0,26.17,48.7,1.34,98,751.0
3475,538.0,43.48,67.0,1.33,91,694.0
3476,539.0,17.11,33.5,0.94,15,498.0
3477,552.0,39.94,89.5,1.19,51,594.0
3478,540.0,38.45,88.5,1.29,26,533.0
3479,506.0,41.59,72.7,1.13,90,673.0
3480,383.0,15.03,63.9,0.93,74,567.0
3481,513.0,28.02,32.9,0.92,66,602.0
3482,549.0,28.89,24.4,1.48,118,821.0
3483,548.0,36.4,62.6,1.49,52,611.0
3484,304.0,40.44,72.7,0.82,78,484.0
3485,438.0,38.44,48.9,1.02,98,632.0
3486,417.0,30.34,79.1,1.49,21,496.0
3487,607.0,43.33,81.7,0.97,148,863.0
3488,456.0,36.56,80.7,0.97,42,458.0
3489,641.0,25.98,41.3,1.42,88,824.0
3490,500.0,15.01,33.2,0.98,34,539.0
3491,499.0,43.56,52.0,0.89,46,510.0
3492,552.0,18.15,62.7,1.12,143,876.0
3493,568.0,41.22,39.6,1.49,68,692.0
3494,388.0,24.34,89.0,0.89,93,614.0
3495,447.0,17.33,61.1,1.24,59,614.0
3496,510.0,26.65,49.4,1.39,63,674.0
3497,547.0,32.96,25.9,0.81,58,590.0
3498,508.0,26.14,74.6,1.05,83,645.0
3499,607.0,21.23,25.1,1.15,120,854.0
3500,560.0,20.45,20.5,1.15,123,862.0
3501,482.0,31.73,70.3,1.06,137,797.0
3502,639.0,25.72,33.2,1.49,89,795.0
3503,515.0,40.28,56.6,1.07,137,796.0
3504,426.0,41.42,37.8,0.92,74,557.0
3505,379.0,23.2,75.0,0.91,11,391.0
3506,571.0,30.27,63.9,1.45,123,833.0
3507,587.0,30.75,80.6,0.89,57,601.0
3508,434.0,25.76,55.8,1.01,57,533.0
3509,559.0,21.24,34.3,1.25,20,558.0
3510,534.0,19.95,76.8,0.94,48,588.0
3511,493.0,35.55,94.2,1.44,89,706.0
3512,475.0,37.19,36.7,1.25,66,617.0
3513,590.0,18.35,63.4,0.9,128,853.0
3514,499.0,36.28,83.9,1.35,65,643.0
3515,518.0,28.24,76.7,1.28,118,786.0
3516,534.0,31.61,25.5,1.21,100,743.0
3517,426.0,37.42,66.5,0.96,50,500.0
3518,471.0,15.05,63.5,0.88,89,681.0
3519,434.0,20.18,56.1,1.29,121,783.0
3520,431.0,44.17,47.3,1.19,134,767.0
3521,560.0,39.8,45.1,0.81,138,800.0
3522,439.0,22.25,80.8,1.28,70,651.0
3523,450.0,25.27,61.9,1.48,102,735.0
3524,455.0,37.94,80.4,1.22,66,596.0
3525,484.0,40.54,57.4,1.07,140,797.0
3526,536.0,17.74,52.3,1.32,55,703.0
3527,568.0,31.54,40.2,1.18,57,630.0
3528,566.0,24.98,24.1,1.14,133,883.0
3529,467.0,16.1,67.8,0.9,80,631.0
3530,483.0,22.7,55.2,1.36,16,528.0
3531,490.0,34.15,52.7,1.34,20,501.0
3532,437.0,37.93,61.3,1.3,68,589.0
3533,503.0,25.12,92.2,1.45,91,745.0
3534,549.0,31.93,26.0,1.21,21,528.0
3535,508.0,15.89,36.8,1.17,103,732.0
3536,450.0,34.71,21.6,1.34,62,587.0
3537,419.0,39.09,34.3,1.29,119,727.0
3538,592.0,16.25,48.9,0.97,73,695.0
3539,465.0,26.39,70.2,0.82,119,739.0
3540,467.0,33.49,21.5,1.21,108,726.0
3541,613.0,17.66,85.6,0.99,23,571.0
3542,563.0,43.63,44.8,0.94,49,583.0
3543,387.0,25.17,66.7,1.28,87,648.0
3544,400.0,44.06,61.6,0.9,26,382.0
3545,468.0,42.44,49.2,1.16,126,783.0
3546,576.0,31.98,78.6,0.91,148,874.0
3547,451.0,34.73,54.4,1.45,100,700.0
3548,590.0,35.07,43.9,0.83,97,721.0
3549,546.0,31.55,84.7,1.27,134,862.0
3550,603.0,38.53,55.3,1.33,25,600.0
3551,430.0,15.52,41.3,1.36,142,839.0
3552,467.0,21.35,23.8,0.94,88,681.0
3553,498.0,22.18,76.9,0.88,96,689.0
3554,482.0,17.1,77.5,1.09,85,673.0
3555,251.0,32.65,53.8,1.24,104,571.0
3556,629.0,38.31,77.1,1.37,65,690.0
3557,480.0,32.68,69.1,1.21,26,460.0
3558,567.0,41.68,54.9,0.91,149,825.0
3559,556.0,35.38,57.0,1.32,131,863.0
3560,668.0,36.92,90.3,1.49,15,618.0
3561,407.0,17.74,76.0,0.88,19,439.0
3562,431.0,17.28,31.8,0.9,135,771.0
3563,408.0,32.99,66.2,0.89,58,511.0
3564,467.0,33.51,73.0,0.91,100,672.0
3565,625.0,28.61,34.2,1.18,107,809.0
3566,457.0,22.05,79.9,0.84,111,707.0
3567,484.0,17.12,27.8,1.22,58,610.0
3568,482.0,26.06,91.0,1.29,36,584.0
3569,474.0,36.1,92.6,1.12,106,721.0
3570,504.0,42.21,47.1,1.14,33,504.0
3571,487.0,44.72,65.0,1.34,34,507.0
3572,565.0,39.86,57.8,1.5,57,642.0
3573,437.0,27.69,65.0,0.96,47,501.0
3574,542.0,21.93,84.8,0.95,137,853.0
3575,560.0,21.31,31.0,1.42,114,852.0
3576,450.0,20.3,57.7,1.5,73,674.0
3577,518.0,41.1,76.1,1.06,32,493.0
3578,658.0,32.77,23.2,1.02,29,597.0
3579,482.0,21.31,74.4,1.26,41,581.0
3580,484.0,24.23,21.1,0.9,128,795.0
3581,303.0,30.41,76.0,0.87,69,488.0
3582,527.0,23.2,70.1,1.06,17,536.0
3583,501.0,16.0,34.1,1.13,117,763.0
3584,586.0,36.63,44.1,1.13,61,655.0
3585,519.0,22.65,59.4,0.91,21,492.0
3586,513.0,38.99,75.6,1.38,94,705.0
3587,444.0,38.6,76.9,1.13,139,769.0
3588,540.0,38.01,72.5,1.22,130,832.0
3589,686.0,18.07,52.3,1.32,104,876.0
3590,494.0,30.94,63.5,1.4,21,519.0
3591,433.0,43.94,81.7,1.34,138,774.0
3592,433.0,34.66,60.0,1.02,41,483.0
3593,423.0,16.83,33.9,0.88,106,693.0
3594,419.0,18.25,40.5,0.99,131,757.0
3595,554.0,18.29,73.1,1.36,112,858.0
3596,512.0,32.4,59.6,0.89,55,566.0
3597,568.0,35.24,94.8,0.82,121,766.0
3598,498.0,36.15,81.4,0.97,144,820.0
3599,512.0,43.97,63.6,1.35,15,495.0
3600,504.0,21.57,56.9,1.13,42,543.0
3601,510.0,42.36,84.7,0.82,43,502.0
3602,513.0,20.33,42.5,0.99,31,520.0
3603,450.0,23.98,28.6,1.08,67,619.0
3604,564.0,22.5,37.1,0.88,140,877.0
3605,701.0,22.36,72.0,1.4,113,916.0
3606,421.0,16.87,81.5,1.32,111,749.0
3607,545.0,32.3,27.3,0.91,94,710.0
3608,558.0,38.87,58.3,1.49,13,522.0
3609,462.0,40.5,41.9,1.37,35,520.0
3610,476.0,33.81,82.6,1.17,72,623.0
3611,521.0,15.69,85.9,0.91,94,732.0
3612,574.0,16.13,87.7,0.92,60,669.0
3613,431.0,41.04,26.7,1.34,73,605.0
3614,508.0,15.89,24.9,1.04,105,753.0
3615,497.0,43.4,75.2,0.83,78,605.0
3616,465.0,17.81,67.2,0.86,64,590.0
3617,587.0,20.52,33.8,1.03,135,877.0
3618,605.0,36.86,59.3,1.0,119,822.0
3619,477.0,16.46,44.9,1.07,112,747.0
3620,525.0,20.78,75.6,1.0,137,826.0
3621,415.0,34.18,29.9,1.32,109,689.0
3622,568.0,22.6,22.1,1.09,77,727.0
3623,446.0,30.98,47.2,1.42,82,675.0
3624,424.0,44.08,66.6,1.26,13,407.0
3625,552.0,23.73,61.2,1.39,59,681.0
3626,441.0,36.85,62.5,0.89,100,619.0
3627,535.0,34.88,23.2,1.23,87,709.0
3628,587.0,23.34,63.5,1.08,45,637.0
3629,514.0,42.69,53.6,1.32,108,745.0
3630,500.0,37.2,27.7,1.49,29,532.0
3631,425.0,27.52,49.8,1.21,70,602.0
3632,485.0,18.12,70.2,1.13,29,532.0
3633,728.0,27.04,55.3,1.41,93,900.0
3634,620.0,41.82,37.9,1.26,39,620.0
3635,430.0,25.83,93.8,1.03,97,666.0
3636,509.0,21.56,20.9,1.33,11,512.0
3637,519.0,44.77,45.2,1.44,144,845.0
3638,428.0,15.29,44.0,1.37,15,481.0
3639,577.0,15.48,37.0,0.93,143,890.0
3640,424.0,15.66,71.9,1.28,37,525.0
3641,429.0,22.44,81.0,1.0,53,540.0
3642,591.0,40.27,63.9,1.16,145,892.0
3643,601.0,32.43,91.8,0.95,27,548.0
3644,345.0,40.75,42.8,1.29,42,443.0
3645,547.0,33.81,89.8,0.92,45,566.0
3646,460.0,20.58,86.1,0.9,69,581.0
3647,616.0,18.04,54.6,0.82,132,894.0
3648,442.0,34.4,24.0,1.33,37,527.0
3649,535.0,30.42,93.6,0.83,109,734.0
3650,415.0,29.03,79.9,1.19,132,768.0
3651,689.0,37.67,34.7,1.45,63,760.0
3652,522.0,34.36,68.4,0.86,127,766.0
3653,534.0,15.69,88.5,0.95,130,846.0
3654,512.0,17.01,87.7,1.08,84,695.0
3655,406.0,32.43,20.3,1.04,123,674.0
3656,544.0,34.09,71.9,1.47,80,727.0
3657,447.0,27.66,36.2,1.34,40,539.0
3658,502.0,43.62,86.4,0.98,44,538.0
3659,541.0,20.46,59.3,1.11,23,546.0
3660,610.0,29.24,81.2,1.22,102,794.0
3661,431.0,37.66,83.8,0.99,134,755.0
3662,440.0,19.79,54.0,1.05,124,749.0
3663,411.0,44.9,48.0,0.83,50,454.0
3664,515.0,21.43,35.3,1.45,24,563.0
3665,447.0,26.51,86.4,1.48,89,719.0
3666,471.0,33.51,23.0,1.46,44,580.0
3667,458.0,32.9,39.1,0.89,64,539.0
3668,455.0,21.2,84.1,0.85,90,653.0
3669,402.0,24.31,45.7,1.24,21,495.0
3670,497.0,32.47,71.2,1.08,100,702.0
3671,518.0,21.63,93.7,0.84,48,570.0
3672,547.0,15.75,80.9,0.8,95,709.0
3673,537.0,21.24,58.2,0.89,97,751.0
3674,567.0,42.3,55.3,0.94,89,704.0
3675,385.0,38.53,50.8,1.41,103,635.0
3676,534.0,29.71,84.7,1.19,115,785.0
3677,503.0,42.77,38.7,0.82,62,547.0
3678,514.0,31.78,47.0,1.35,58,600.0
3679,545.0,24.08,54.5,1.19,99,767.0
3680,559.0,31.26,69.9,1.3,38,617.0
3681,484.0,37.86,77.2,1.28,92,701.0
3682,492.0,23.02,21.9,1.42,147,875.0
3683,590.0,23.15,57.3,1.01,14,519.0
3684,529.0,27.64,77.6,1.11,106,734.0
3685,622.0,27.67,37.5,1.11,11,522.0
3686,369.0,26.51,24.7,1.24,135,769.0
3687,551.0,37.22,73.3,1.18,20,526.0
3688,433.0,32.36,28.3,1.44,69,609.0
3689,492.0,31.02,54.9,1.26,88,694.0
3690,341.0,21.62,87.6,1.19,65,567.0
3691,524.0,22.6,88.9,0.9,63,630.0
3692,359.0,29.65,22.9,0.85,109,612.0
3693,553.0,34.15,50.3,0.8,79,668.0
3694,399.0,15.39,72.5,1.27,133,766.0
3695,378.0,33.68,29.3,1.01,42,444.0
3696,472.0,32.64,72.8,1.36,145,848.0
3697,482.0,25.91,21.2,1.01,68,610.0
3698,515.0,39.6,41.1,1.17,34,533.0
3699,738.0,22.12,71.8,1.26,103,896.0
3700,495.0,16.1,36.9,1.0,30,528.0
3701,613.0,19.21,86.7,1.04,99,788.0
3702,617.0,42.11,45.9,1.31,143,897.0
3703,563.0,31.48,72.2,1.18,139,875.0
3704,529.0,43.48,85.4,0.98,138,836.0
3705,469.0,34.76,54.3,0.84,115,688.0
3706,452.0,19.74,43.6,0.98,78,627.0
3707,669.0,37.56,61.5,0.96,73,721.0
3708,472.0,35.59,40.3,1.13,40,512.0
3709,412.0,17.89,40.7,1.36,41,545.0
3710,464.0,28.24,72.3,1.07,38,509.0
3711,540.0,39.3,25.3,1.15,64,634.0
3712,595.0,22.35,25.7,0.85,11,512.0
3713,498.0,15.09,31.3,1.13,84,689.0
3714,465.0,17.04,89.9,1.41,63,617.0
3715,524.0,37.19,74.8,0.87,88,643.0
3716,432.0,20.43,44.0,0.88,29,465.0
3717,615.0,36.32,62.1,1.19,58,667.0
3718,494.0,25.53,45.3,1.08,15,482.0
3719,550.0,42.31,52.2,0.97,115,735.0
3720,611.0,20.18,30.2,0.88,100,800.0
3721,494.0,43.59,30.9,1.4,86,684.0
3722,623.0,20.65,58.5,1.32,11,590.0
3723,470.0,23.7,22.0,1.48,34,548.0
3724,435.0,44.05,82.4,1.48,38,501.0
3725,418.0,28.89,58.2,0.95,71,567.0
3726,470.0,24.82,69.2,0.85,42,504.0
3727,603.0,41.55,89.2,1.25,60,636.0
3728,424.0,43.98,82.8,1.09,99,615.0
3729,415.0,19.54,26.6,1.45,71,630.0
3730,448.0,41.04,26.5,1.31,89,655.0
3731,487.0,16.14,33.7,0.96,10,494.0
3732,525.0,18.47,45.2,1.33,43,608.0
3733,540.0,33.18,40.9,0.9,39,540.0
3734,364.0,22.3,67.0,1.06,64,527.0
3735,560.0,36.8,35.8,1.08,66,607.0
3736,532.0,15.75,70.6,1.41,14,546.0
3737,493.0,34.98,62.9,0.82,53,527.0
3738,516.0,23.13,47.2,0.91,102,713.0
3739,481.0,17.8,27.8,1.12,131,827.0
3740,626.0,25.23,84.7,1.36,14,593.0
3741,345.0,30.25,60.2,1.4,36,472.0
3742,387.0,42.25,56.8,1.2,144,747.0
3743,397.0,26.43,74.4,1.44,85,635.0
3744,435.0,34.91,49.2,1.37,18,461.0
3745,475.0,40.14,48.2,1.03,21,433.0
3746,424.0,17.24,47.3,0.86,112,690.0
3747,640.0,27.95,29.0,1.17,136,906.0
3748,513.0,23.78,66.8,1.04,124,806.0
3749,459.0,30.52,92.4,0.87,142,758.0
3750,485.0,16.4,54.0,1.05,106,744.0
3751,493.0,39.06,43.6,0.82,111,693.0
3752,553.0,22.0,92.6,1.42,117,867.0
3753,372.0,36.63,75.1,0.93,136,697.0
3754,516.0,23.28,26.3,0.81,75,633.0
3755,418.0,18.92,22.9,1.02,67,608.0
3756,493.0,23.99,25.8,1.41,98,747.0
3757,486.0,28.92,50.8,1.09,135,827.0
3758,394.0,30.59,29.0,0.97,58,491.0
3759,518.0,16.52,57.4,1.1,82,715.0
3760,421.0,34.91,58.5,1.47,48,533.0
3761,518.0,39.06,51.1,1.24,118,792.0
3762,611.0,31.77,89.6,1.47,50,684.0
3763,388.0,30.69,59.8,1.22,106,672.0
3764,412.0,36.96,28.5,1.22,25,470.0
3765,558.0,15.87,36.7,0.84,21,541.0
3766,380.0,40.27,20.5,1.31,89,610.0
3767,586.0,22.53,31.1,0.95,97,729.0
3768,499.0,41.63,37.9,0.86,23,437.0
3769,421.0,30.81,21.3,1.36,85,656.0
3770,445.0,42.7,75.7,0.91,30,422.0
3771,482.0,32.51,73.6,1.46,95,725.0
3772,585.0,29.8,86.7,0.91,110,789.0
3773,517.0,23.88,24.0,1.15,124,827.0
3774,511.0,33.07,66.5,1.43,52,605.0
3775,464.0,20.92,65.4,0.99,73,626.0
3776,371.0,22.15,53.3,0.99,147,757.0
3777,668.0,17.97,30.7,1.16,72,794.0
3778,387.0,37.03,48.6,1.47,103,662.0
3779,514.0,38.68,24.5,1.01,126,761.0
3780,518.0,33.12,92.1,1.06,130,783.0
3781,568.0,33.79,40.2,1.21,40,580.0
3782,537.0,28.57,79.2,0.87,86,677.0
3783,482.0,21.98,56.1,1.03,98,701.0
3784,635.0,16.88,31.8,1.36,73,781.0
3785,503.0,44.12,67.4,1.44,52,576.0
3786,514.0,15.93,71.6,1.01,85,713.0
3787,568.0,19.92,61.2,1.1,75,714.0
3788,489.0,35.92,74.1,1.18,51,576.0
3789,534.0,41.95,70.5,1.18,35,546.0
3790,514.0,39.9,40.3,1.26,67,619.0
3791,474.0,38.76,64.1,0.81,11,399.0
3792,295.0,35.65,39.9,1.49,62,489.0
3793,473.0,34.12,63.8,0.89,137,760.0
3794,627.0,40.84,88.8,1.46,85,770.0
3795,528.0,19.47,50.9,1.3,12,539.0
3796,500.0,28.14,81.3,1.45,108,784.0
3797,452.0,34.79,58.5,0.99,118,707.0
3798,547.0,24.0,80.1,1.3,99,779.0
3799,479.0,29.39,64.3,0.84,51,530.0
3800,482.0,23.83,32.0,1.46,99,759.0
3801,465.0,37.97,78.5,1.03,55,540.0
3802,537.0,16.48,93.0,1.25,121,830.0
3803,456.0,29.6,80.3,1.1,104,673.0
3804,417.0,29.73,69.0,0.83,145,741.0
3805,397.0,44.1,31.7,1.21,29,415.0
3806,585.0,16.11,40.4,1.0,137,884.0
3807,545.0,18.48,93.2,1.19,66,673.0
3808,543.0,15.19,49.0,1.35,76,751.0
3809,488.0,25.05,34.0,1.1,100,725.0
3810,442.0,30.03,40.7,0.96,34,473.0
3811,496.0,36.55,88.3,1.09,144,823.0
3812,491.0,39.55,36.8,0.86,88,652.0
3813,377.0,25.05,58.8,1.19,87,631.0
3814,521.0,32.36,50.2,1.0,91,685.0
3815,456.0,34.79,20.7,1.13,101,668.0
3816,446.0,43.47,50.2,1.34,115,704.0
3817,521.0,23.33,91.0,1.46,131,895.0
3818,629.0,27.01,30.9,0.8,91,720.0
3819,418.0,31.79,45.5,1.46,66,587.0
3820,619.0,44.35,76.8,1.38,143,919.0
3821,506.0,22.53,69.4,0.86,120,774.0
3822,463.0,18.08,91.6,1.43,102,757.0
3823,506.0,19.82,49.7,1.1,43,586.0
3824,489.0,17.33,23.6,1.21,70,642.0
3825,378.0,28.13,94.8,0.85,77,526.0
3826,454.0,36.29,63.9,1.5,117,743.0
3827,445.0,20.47,26.4,1.41,47,589.0
3828,465.0,34.66,61.0,1.13,102,722.0
3829,606.0,20.47,82.9,1.34,110,866.0
3830,529.0,36.74,30.3,1.14,137,822.0
3831,676.0,37.6,20.5,1.21,124,892.0
3832,520.0,30.19,65.7,1.48,117,803.0
3833,453.0,40.28,73.7,1.04,25,451.0
3834,524.0,36.28,77.3,0.87,40,509.0
3835,405.0,16.8,25.2,1.35,68,590.0
3836,564.0,34.46,84.8,0.89,83,680.0
3837,590.0,26.95,64.5,1.33,100,786.0
3838,427.0,20.5,64.8,1.23,83,648.0
3839,450.0,24.0,93.8,1.06,96,703.0
3840,471.0,40.71,31.9,1.17,118,747.0
3841,637.0,27.53,54.8,1.31,130,935.0
3842,588.0,26.63,56.3,1.0,93,738.0
3843,542.0,36.25,76.8,1.35,54,612.0
3844,733.0,28.64,56.0,1.24,135,968.0
3845,446.0,22.87,49.2,1.28,128,795.0
3846,590.0,41.03,92.0,1.29,17,522.0
3847,484.0,18.13,91.2,1.14,10,447.0
3848,604.0,39.67,60.6,0.91,69,650.0
3849,388.0,21.7,42.3,1.0,143,766.0
3850,508.0,18.7,49.0,1.25,112,792.0
3851,540.0,23.51,33.8,1.34,60,678.0
3852,614.0,33.48,90.2,1.01,68,680.0
3853,443.0,39.21,55.8,1.36,57,563.0
3854,668.0,40.74,73.0,1.5,85,796.0
3855,507.0,40.83,43.2,0.87,90,655.0
3856,531.0,31.34,85.3,0.86,93,684.0
3857,460.0,28.42,36.3,1.49,68,652.0
3858,597.0,35.81,64.9,1.32,99,777.0
3859,510.0,34.46,24.5,1.04,117,757.0
3860,480.0,31.64,78.0,0.8,80,612.0
3861,618.0,37.14,76.2,1.15,128,846.0
3862,506.0,27.56,40.7,1.08,51,570.0
3863,533.0,29.39,56.2,0.88,67,640.0
3864,650.0,36.67,36.6,0.95,30,571.0
3865,352.0,32.15,24.9,1.24,43,463.0
3866,653.0,35.49,79.9,1.13,62,711.0
3867,511.0,31.3,71.3,1.25,108,775.0
3868,513.0,41.85,87.8,1.27,147,848.0
3869,580.0,38.45,74.8,1.22,15,514.0
3870,449.0,26.4,58.2,1.47,57,607.0
3871,541.0,35.89,67.4,0.96,85,671.0
3872,531.0,31.32,22.2,1.22,110,779.0
3873,640.0,25.61,86.9,1.03,100,827.0
3874,593.0,16.7,65.1,1.13,65,721.0
3875,557.0,35.73,77.7,1.08,109,755.0
3876,474.0,40.46,71.2,0.94,56,569.0
3877,618.0,33.3,38.5,1.06,14,531.0
3878,484.0,26.98,61.6,1.48,141,837.0
3879,434.0,36.05,94.3,0.92,38,491.0
3880,402.0,17.16,31.7,1.25,135,825.0
3881,488.0,21.65,84.5,0.83,46,554.0
3882,574.0,29.31,57.3,1.29,26,545.0
3883,590.0,22.12,26.3,1.22,125,871.0
3884,533.0,15.17,73.9,0.94,85,691.0
3885,475.0,17.2,81.9,1.49,106,811.0
3886,617.0,15.4,81.6,1.35,54,724.0
3887,441.0,32.46,47.8,0.99,59,525.0
3888,526.0,43.34,71.9,1.05,95,680.0
3889,532.0,35.93,55.5,1.4,49,602.0
3890,440.0,25.45,77.5,0.86,41,468.0
3891,355.0,32.04,66.7,1.22,128,721.0
3892,448.0,18.18,41.9,0.83,129,764.0
3893,595.0,28.57,34.6,0.89,127,833.0
3894,529.0,26.92,79.9,1.23,149,887.0
3895,538.0,15.18,65.3,0.83,34,560.0
3896,500.0,21.29,22.5,1.13,129,811.0
3897,606.0,29.38,77.1,1.19,141,940.0
3898,454.0,39.08,71.4,1.32,119,756.0
3899,458.0,38.99,63.7,0.99,108,698.0
3900,447.0,37.25,77.6,1.12,65,559.0
3901,408.0,25.86,50.5,1.2,39,502.0
3902,571.0,33.27,82.5,1.35,65,690.0
3903,555.0,21.4,65.5,0.97,94,738.0
3904,553.0,32.96,34.8,1.47,39,620.0
3905,519.0,32.92,39.8,1.49,130,841.0
3906,520.0,31.19,51.9,0.89,82,651.0
3907,356.0,44.65,69.3,0.94,63,471.0
3908,478.0,44.32,75.5,1.5,96,717.0
3909,553.0,35.91,39.7,0.91,122,792.0
3910,421.0,38.62,89.6,0.85,29,425.0
3911,685.0,24.41,44.9,1.15,11,625.0
3912,581.0,16.75,93.9,1.21,30,637.0
3913,601.0,22.28,34.0,0.81,142,860.0
3914,532.0,16.51,55.4,1.3,64,671.0
3915,474.0,29.19,38.0,1.36,90,706.0
3916,485.0,38.19,33.7,0.91,109,679.0
3917,458.0,29.81,51.8,1.04,25,480.0
3918,479.0,24.55,83.3,1.29,113,795.0
3919,456.0,40.18,33.1,1.28,122,730.0
3920,472.0,37.56,45.9,1.28,57,606.0
3921,503.0,15.2,24.8,1.47,16,560.0
3922,650.0,33.81,55.4,1.06,87,751.0
3923,437.0,28.65,45.9,1.26,67,605.0
3924,614.0,18.44,82.1,1.28,120,897.0
3925,606.0,36.13,64.3,1.31,35,619.0
3926,466.0,19.03,39.8,1.32,40,562.0
3927,558.0,44.83,30.2,0.97,87,669.0
3928,598.0,27.42,28.8,1.08,127,856.0
3929,568.0,33.6,81.9,1.28,61,648.0
3930,374.0,17.89,29.3,1.25,148,813.0
3931,546.0,42.33,52.3,0.93,38,548.0
3932,450.0,32.3,33.1,1.24,148,815.0
3933,449.0,31.21,76.0,0.91,60,557.0
3934,541.0,19.5,51.1,1.31,84,715.0
3935,403.0,39.59,25.1,1.13,27,408.0
3936,373.0,38.19,91.2,1.12,110,652.0
3937,473.0,17.37,94.8,1.15,61,623.0
3938,440.0,31.14,45.3,1.12,31,469.0
3939,432.0,24.82,90.1,0.84,63,577.0
3940,436.0,30.03,63.0,1.06,96,665.0
3941,530.0,24.14,72.3,1.17,119,818.0
3942,316.0,20.49,80.6,0.83,92,548.0
3943,435.0,37.03,49.9,0.97,136,746.0
3944,370.0,23.09,81.6,1.04,43,483.0
3945,449.0,31.47,60.6,1.26,144,818.0
3946,561.0,17.84,69.2,1.24,120,836.0
3947,558.0,40.93,36.1,0.86,94,677.0
3948,595.0,35.95,57.4,0.91,42,569.0
3949,588.0,18.28,75.0,0.99,32,603.0
3950,507.0,39.36,59.8,0.98,88,648.0
3951,393.0,35.07,86.2,0.92,103,631.0
3952,550.0,37.91,91.2,0.88,56,579.0
3953,484.0,26.51,56.8,1.47,81,680.0
3954,493.0,40.17,29.5,1.34,31,507.0
3955,584.0,41.46,38.8,0.94,28,521.0
3956,388.0,32.33,39.0,1.2,117,696.0
3957,450.0,38.51,53.0,1.24,117,727.0
3958,480.0,22.19,22.5,0.83,138,782.0
3959,648.0,39.66,83.0,1.22,92,797.0
3960,414.0,30.82,62.1,1.19,107,675.0
3961,501.0,44.0,69.5,0.96,28,463.0
3962,434.0,24.44,57.7,0.89,12,444.0
3963,635.0,37.53,38.2,0.85,84,693.0
3964,530.0,41.82,65.4,0.89,128,771.0
3965,526.0,42.77,44.3,1.14,44,553.0
3966,425.0,30.64,37.1,1.38,143,799.0
3967,526.0,21.41,38.8,1.28,95,762.0
3968,472.0,35.08,36.3,1.16,24,491.0
3969,478.0,31.91,58.8,1.22,142,838.0
3970,399.0,40.62,78.8,1.29,36,468.0
3971,390.0,44.61,36.6,0.93,126,667.0
3972,628.0,21.77,64.4,1.0,90,804.0
3973,393.0,19.21,52.0,0.92,111,692.0
3974,422.0,26.46,74.5,1.07,24,475.0
3975,435.0,34.05,47.7,0.98,111,664.0
3976,526.0,29.74,51.7,1.46,13,551.0
3977,595.0,28.31,42.0,1.47,35,649.0
3978,464.0,38.04,55.8,1.19,84,615.0
3979,510.0,37.63,53.4,0.85,124,734.0
3980,702.0,18.79,72.5,1.28,11,637.0
3981,512.0,32.78,78.8,1.13,127,801.0
3982,591.0,24.63,60.4,0.8,91,738.0
3983,548.0,22.99,48.2,1.28,133,880.0
3984,556.0,19.24,74.4,1.32,130,886.0
3985,506.0,40.51,79.7,1.24,132,814.0
3986,472.0,22.78,21.8,1.46,120,805.0
3987,459.0,23.02,60.3,1.46,91,684.0
3988,395.0,27.66,58.6,1.23,134,761.0
3989,506.0,21.54,29.9,0.82,27,488.0
3990,497.0,22.42,82.7,1.12,11,475.0
3991,501.0,33.75,47.3,1.23,25,499.0
3992,379.0,21.24,30.5,1.0,114,681.0
3993,466.0,25.48,66.9,1.13,108,730.0
3994,599.0,20.73,74.8,1.15,101,827.0
3995,437.0,30.97,60.9,1.32,140,821.0
3996,466.0,17.47,58.1,1.4,91,730.0
3997,433.0,31.05,58.0,1.0,36,483.0
3998,378.0,23.23,84.9,1.35,115,728.0
3999,449.0,18.6,46.6,0.8,92,664.0
4000,520.0,25.08,30.1,1.32,61,652.0
4001,597.0,21.34,62.8,1.26,122,879.0
4002,336.0,37.37,93.0,1.26,47,472.0
4003,511.0,15.72,77.1,0.84,57,610.0
4004,542.0,40.63,23.7,1.22,71,654.0
4005,511.0,43.77,31.9,0.85,110,716.0
4006,624.0,43.07,55.6,0.94,122,807.0
4007,638.0,34.1,41.9,1.49,104,851.0
4008,499.0,37.65,78.1,0.92,92,623.0
4009,527.0,36.07,72.4,1.09,125,799.0
4010,417.0,18.52,48.5,1.02,86,617.0
4011,514.0,22.54,21.0,0.9,131,817.0
4012,541.0,30.46,64.1,1.38,91,744.0
4013,420.0,41.83,91.6,1.44,118,709.0
4014,489.0,22.44,33.3,1.44,27,558.0
4015,550.0,26.1,22.1,1.26,28,563.0
4016,638.0,43.66,25.7,1.04,86,740.0
4017,672.0,21.65,67.7,1.17,107,873.0
4018,567.0,17.88,31.3,1.18,106,795.0
4019,599.0,21.81,51.5,1.19,69,704.0
4020,534.0,27.37,47.5,0.89,118,782.0
4021,425.0,42.04,23.2,1.01,92,613.0
4022,536.0,22.89,91.9,1.13,99,759.0
4023,540.0,26.88,49.4,1.13,35,562.0
4024,495.0,36.6,85.3,0.99,28,475.0
4025,465.0,30.91,91.6,0.81,57,538.0
4026,469.0,30.85,29.2,1.45,133,836.0
4027,558.0,18.32,83.2,1.08,109,800.0
4028,514.0,29.0,91.5,1.23,31,536.0
4029,623.0,26.22,49.8,1.43,125,892.0
4030,390.0,18.38,66.0,1.19,122,732.0
4031,610.0,20.42,80.4,0.89,47,668.0
4032,505.0,28.41,34.9,1.32,61,637.0
4033,500.0,23.31,76.0,0.87,11,446.0
4034,539.0,41.93,79.4,1.02,44,544.0
4035,552.0,32.8,57.4,1.18,36,591.0
4036,496.0,28.3,71.3,1.28,24,537.0
4037,480.0,36.8,31.0,0.95,47,538.0
4038,522.0,18.21,54.7,1.27,87,746.0
4039,427.0,30.64,69.1,1.45,34,523.0
4040,683.0,21.85,50.2,1.04,46,679.0
4041,385.0,29.73,50.5,0.95,135,694.0
4042,539.0,27.53,30.7,1.01,69,632.0
4043,505.0,35.93,64.2,1.08,56,600.0
4044,571.0,22.06,82.7,1.3,26,599.0
4045,593.0,37.72,88.2,1.48,122,846.0
4046,540.0,25.36,48.2,1.19,123,833.0
4047,502.0,19.97,85.0,1.44,15,541.0
4048,501.0,15.99,27.7,1.23,105,744.0
4049,427.0,33.05,72.7,1.42,47,520.0
4050,591.0,17.91,68.2,0.98,82,749.0
4051,286.0,38.75,86.5,1.14,132,642.0
4052,461.0,39.88,51.5,1.08,100,654.0
4053,402.0,34.84,28.2,1.1,33,476.0
4054,548.0,35.71,73.0,1.42,20,514.0
4055,415.0,16.65,58.5,1.18,76,630.0
4056,480.0,35.51,74.3,1.09,23,475.0
4057,616.0,21.38,87.9,1.34,149,990.0
4058,494.0,34.87,59.3,1.18,30,512.0
4059,565.0,16.32,49.5,1.2,108,822.0
4060,455.0,30.19,48.1,1.2,126,762.0
4061,594.0,15.36,64.1,1.37,120,890.0
4062,482.0,26.17,92.0,0.95,89,662.0
4063,496.0,37.01,57.5,1.29,99,711.0
4064,391.0,18.42,68.2,1.01,129,729.0
4065,354.0,25.65,54.1,1.2,50,517.0
4066,430.0,21.45,90.8,1.14,142,831.0
4067,546.0,27.45,85.6,0.85,29,513.0
4068,547.0,35.0,75.1,0.83,95,702.0
4069,494.0,23.1,82.7,1.28,114,767.0
4070,426.0,36.26,32.1,1.1,149,781.0
4071,328.0,28.73,88.5,1.35,148,768.0
4072,511.0,34.94,26.9,1.5,16,517.0
4073,593.0,40.67,65.0,0.92,119,778.0
4074,403.0,26.11,79.0,0.92,145,755.0
4075,477.0,30.66,41.7,1.2,108,699.0
4076,504.0,32.75,86.0,1.04,43,527.0
4077,335.0,30.42,31.2,1.37,53,500.0
4078,555.0,16.66,90.6,0.99,20,519.0
4079,515.0,43.49,34.8,1.35,130,807.0
4080,415.0,28.93,22.4,0.91,37,462.0
4081,475.0,15.04,70.2,1.21,36,586.0
4082,385.0,15.16,70.5,1.23,79,636.0
4083,415.0,29.92,45.9,0.88,33,457.0
4084,520.0,15.31,48.7,1.24,127,839.0
4085,484.0,15.42,56.9,1.39,110,803.0
4086,518.0,34.85,87.6,0.95,38,508.0
4087,403.0,26.05,53.6,1.45,81,649.0
4088,458.0,44.07,23.6,1.22,122,695.0
4089,564.0,36.82,61.4,1.42,73,724.0
4090,621.0,37.22,29.1,1.23,108,807.0
4091,466.0,28.2,91.8,1.48,41,584.0
4092,445.0,27.08,44.5,1.25,15,486.0
4093,483.0,29.93,67.3,1.4,19,487.0
4094,601.0,36.17,33.2,0.93,107,776.0
4095,486.0,19.13,71.3,1.39,113,783.0
4096,518.0,28.72,60.7,1.44,39,611.0
4097,569.0,21.25,24.9,1.35,56,691.0
4098,577.0,21.88,69.4,1.24,38,612.0
4099,524.0,37.0,35.0,1.11,24,505.0
4100,486.0,28.22,86.1,1.05,138,791.0
4101,454.0,37.01,28.4,1.14,12,418.0
4102,599.0,39.78,23.4,1.35,97,780.0
4103,474.0,33.34,29.8,1.43,137,840.0
4104,469.0,41.6,45.2,1.07,118,732.0
4105,518.0,28.04,55.3,1.11,61,637.0
4106,482.0,16.59,63.8,1.17,83,704.0
4107,623.0,16.75,52.1,1.44,97,844.0
4108,335.0,27.08,42.7,1.34,63,519.0
4109,541.0,40.22,61.1,1.5,142,888.0
4110,409.0,29.61,65.7,1.31,17,447.0
4111,551.0,43.55,69.5,1.29,74,682.0
4112,605.0,19.1,58.4,1.06,45,624.0
4113,469.0,20.83,94.7,1.36,10,462.0
4114,408.0,20.1,57.3,0.84,21,431.0
4115,456.0,27.33,35.1,1.12,20,449.0
4116,527.0,18.26,70.2,1.23,53,650.0
4117,508.0,16.59,36.6,1.16,29,540.0
4118,415.0,19.2,37.1,1.26,140,800.0
4119,331.0,26.26,27.2,1.34,68,562.0
4120,567.0,22.41,45.8,0.86,13,507.0
4121,504.0,39.09,65.0,1.19,63,597.0
4122,484.0,18.04,86.5,1.01,96,698.0
4123,376.0,17.17,80.0,1.28,54,552.0
4124,559.0,19.44,54.4,1.3,64,680.0
4125,514.0,43.78,80.9,1.25,29,526.0
4126,502.0,35.47,56.2,1.35,39,548.0
4127,568.0,23.49,50.9,1.26,98,777.0
4128,517.0,42.48,73.0,0.99,68,620.0
4129,393.0,29.84,45.6,0.91,52,517.0
4130,462.0,35.04,79.4,1.39,55,576.0
4131,574.0,25.31,65.0,1.43,91,770.0
4132,621.0,22.05,38.0,1.1,38,629.0
4133,553.0,42.44,32.4,1.38,12,486.0
4134,514.0,39.84,80.5,0.98,142,829.0
4135,525.0,28.76,69.1,0.92,59,584.0
4136,475.0,33.16,22.7,1.18,103,722.0
4137,500.0,32.96,55.0,1.24,22,476.0
4138,578.0,28.16,69.3,1.45,117,855.0
4139,478.0,35.49,61.4,0.84,12,384.0
4140,515.0,39.92,43.8,0.92,32,487.0
4141,428.0,31.89,53.4,1.08,26,470.0
4142,450.0,38.47,94.0,0.83,44,434.0
4143,447.0,15.55,94.6,1.29,116,749.0
4144,433.0,23.35,59.6,1.39,16,498.0
4145,394.0,19.72,75.1,0.92,74,561.0
4146,542.0,38.5,83.1,0.99,146,853.0
4147,638.0,28.42,57.7,1.5,134,937.0
4148,615.0,40.67,77.8,1.29,108,791.0
4149,545.0,31.44,40.0,1.45,71,683.0
4150,533.0,40.73,41.1,0.82,88,637.0
4151,438.0,38.16,56.1,1.16,93,653.0
4152,560.0,29.2,69.2,1.03,84,719.0
4153,468.0,20.21,53.4,1.06,108,739.0
4154,588.0,24.5,91.5,1.12,60,657.0
4155,517.0,40.29,28.2,1.24,38,519.0
4156,442.0,38.65,64.9,1.37,91,673.0
4157,467.0,38.23,29.5,1.22,36,515.0
4158,450.0,32.35,24.2,1.01,85,595.0
4159,382.0,32.81,89.9,0.82,90,589.0
4160,513.0,25.35,72.2,1.05,21,470.0
4161,393.0,33.83,68.5,1.07,75,547.0
4162,483.0,16.8,23.6,1.24,67,665.0
4163,382.0,43.75,74.8,0.94,124,656.0
4164,579.0,20.12,61.1,1.32,25,583.0
4165,433.0,44.38,52.7,1.26,32,468.0
4166,323.0,21.81,29.0,1.14,49,482.0
4167,414.0,24.6,27.9,1.14,50,540.0
4168,438.0,20.49,74.3,1.03,54,544.0
4169,507.0,32.67,21.2,1.07,146,851.0
4170,503.0,37.64,40.2,1.19,135,810.0
4171,467.0,44.81,51.8,1.36,128,778.0
4172,435.0,21.16,29.1,1.25,48,575.0
4173,343.0,35.95,37.5,1.35,10,366.0
4174,492.0,30.47,78.2,1.01,148,807.0
4175,518.0,27.56,27.6,1.39,74,656.0
4176,427.0,30.98,92.6,1.08,71,570.0
4177,441.0,23.38,89.7,1.15,78,639.0
4178,451.0,23.19,21.6,1.21,23,480.0
4179,567.0,32.02,73.5,1.05,132,845.0
4180,437.0,32.36,59.8,0.83,37,479.0
4181,516.0,27.46,79.8,0.96,10,451.0
4182,492.0,21.24,49.7,1.43,89,734.0
4183,473.0,40.24,25.1,0.83,34,438.0
4184,523.0,20.39,42.6,1.46,106,817.0
4185,466.0,37.33,90.7,0.87,48,513.0
4186,502.0,29.66,79.1,1.35,16,481.0
4187,560.0,32.03,63.8,0.96,84,685.0
4188,548.0,30.25,43.3,1.34,145,882.0
4189,627.0,25.85,21.3,1.25,82,773.0
4190,534.0,33.19,69.9,1.28,26,531.0
4191,475.0,23.32,59.1,0.97,128,757.0
4192,515.0,36.79,61.4,1.38,128,794.0
4193,459.0,28.79,68.8,0.91,78,593.0
4194,393.0,38.48,88.3,1.29,116,685.0
4195,491.0,29.26,61.9,1.34,74,642.0
4196,386.0,38.06,82.9,1.35,106,659.0
4197,572.0,27.34,49.0,1.05,47,633.0
4198,392.0,36.51,33.7,0.9,94,597.0
4199,553.0,42.43,39.8,1.24,35,540.0
4200,557.0,35.82,44.0,1.16,94,721.0
4201,605.0,24.07,78.7,1.49,68,760.0
4202,481.0,37.87,28.9,1.39,78,637.0
4203,601.0,34.86,61.5,0.88,144,886.0
4204,410.0,28.28,81.9,1.29,26,459.0
4205,446.0,38.39,66.7,0.96,20,414.0
4206,375.0,24.33,55.3,1.28,36,463.0
4207,459.0,20.88,55.8,0.85,138,816.0
4208,436.0,37.62,64.0,1.22,124,721.0
4209,707.0,27.22,86.2,0.89,117,858.0
4210,499.0,23.82,65.6,0.81,95,654.0
4211,571.0,35.72,36.8,1.13,44,566.0
4212,515.0,35.99,59.6,1.49,110,776.0
4213,483.0,17.49,56.6,1.01,142,847.0
4214,581.0,22.4,28.4,1.39,122,880.0
4215,426.0,29.64,63.3,1.2,46,507.0
4216,619.0,17.22,42.0,1.27,89,806.0
4217,398.0,25.02,72.0,0.88,112,668.0
4218,636.0,38.38,86.4,1.16,131,885.0
4219,516.0,34.52,55.2,1.29,89,728.0
4220,462.0,15.36,26.3,1.41,94,753.0
4221,485.0,29.67,39.5,1.21,21,498.0
4222,409.0,18.14,37.4,1.35,107,756.0
4223,641.0,29.84,61.4,1.17,96,807.0
4224,552.0,29.21,51.7,1.06,49,566.0
4225,537.0,25.02,71.7,1.19,145,868.0
4226,551.0,38.37,86.1,0.84,83,640.0
4227,444.0,31.41,74.0,1.02,26,450.0
4228,650.0,40.6,76.5,0.93,32,573.0
4229,463.0,17.39,76.6,1.2,77,669.0
4230,463.0,27.2,22.8,1.14,20,486.0
4231,582.0,37.52,90.1,1.01,96,697.0
4232,410.0,27.76,87.0,1.01,128,741.0
4233,588.0,33.36,45.0,1.01,145,908.0
4234,564.0,36.18,29.0,0.86,97,717.0
4235,408.0,28.92,34.7,1.2,126,734.0
4236,447.0,21.91,34.6,0.98,127,753.0
4237,398.0,30.76,85.6,1.45,24,471.0
4238,397.0,36.95,51.6,1.02,103,644.0
4239,604.0,41.89,48.4,1.12,102,735.0
4240,553.0,33.28,37.0,1.07,102,742.0
4241,466.0,33.64,58.2,1.32,68,622.0
4242,611.0,16.8,61.9,1.26,143,954.0
4243,540.0,31.58,32.9,1.37,30,551.0
4244,505.0,23.93,70.0,1.36,149,868.0
4245,420.0,28.76,25.4,1.23,98,667.0
4246,515.0,23.45,29.3,1.43,41,600.0
4247,363.0,39.76,85.3,0.9,40,427.0
4248,526.0,27.11,25.9,1.35,69,666.0
4249,438.0,29.12,44.8,1.11,138,763.0
4250,547.0,39.0,47.8,0.83,32,535.0
4251,536.0,41.49,65.5,0.85,135,779.0
4252,611.0,43.73,69.9,1.01,54,628.0
4253,504.0,28.83,69.2,1.01,87,666.0
4254,443.0,38.14,37.5,1.39,119,758.0
4255,439.0,32.09,23.1,1.06,11,421.0
4256,653.0,44.0,45.3,1.11,67,720.0
4257,495.0,22.7,76.6,1.45,31,531.0
4258,488.0,36.38,61.2,1.19,88,663.0
4259,446.0,21.35,83.2,1.34,97,720.0
4260,439.0,41.64,25.5,1.48,123,790.0
4261,577.0,28.59,38.8,1.45,55,687.0
4262,397.0,43.97,94.3,0.84,110,610.0
4263,545.0,18.32,65.5,0.89,58,622.0
4264,518.0,23.57,20.8,1.03,52,625.0
4265,600.0,22.37,31.2,1.24,51,695.0
4266,590.0,44.15,44.4,1.5,117,834.0
4267,417.0,39.6,48.1,1.2,94,637.0
4268,510.0,29.42,55.5,1.46,59,658.0
4269,495.0,30.26,37.9,0.86,52,546.0
4270,507.0,34.64,35.9,1.32,139,835.0
4271,434.0,17.59,81.4,1.38,20,493.0
4272,418.0,27.0,58.0,1.41,126,782.0
4273,616.0,32.76,77.8,1.41,43,664.0
4274,481.0,16.84,23.2,0.88,24,507.0
4275,451.0,31.58,84.4,0.97,138,772.0
4276,415.0,16.0,44.2,1.02,116,746.0
4277,618.0,17.74,88.2,1.13,64,727.0
4278,546.0,43.74,62.6,1.01,28,511.0
4279,478.0,29.4,62.9,1.06,143,834.0
4280,557.0,37.17,20.4,1.22,147,851.0
4281,617.0,43.02,82.6,1.3,77,698.0
4282,468.0,24.38,94.5,1.44,44,588.0
4283,541.0,24.18,35.0,1.5,99,793.0
4284,429.0,19.31,59.6,0.93,67,604.0
4285,458.0,16.45,91.9,1.09,42,561.0
4286,410.0,25.3,26.9,1.21,52,560.0
4287,399.0,40.59,26.8,0.99,141,703.0
4288,490.0,23.71,22.8,1.31,145,875.0
4289,562.0,43.2,91.6,1.19,42,572.0
4290,505.0,29.66,29.2,1.24,27,533.0
4291,502.0,21.73,91.6,1.15,67,627.0
4292,585.0,27.85,65.4,0.94,51,614.0
4293,495.0,30.65,51.6,1.09,123,780.0
4294,511.0,36.46,49.8,1.45,47,613.0
4295,430.0,29.33,43.6,1.43,124,797.0
4296,584.0,15.22,35.9,1.41,148,975.0
4297,559.0,30.16,84.8,1.35,80,722.0
4298,499.0,39.7,52.7,1.5,122,788.0
4299,496.0,25.35,89.0,1.04,45,562.0
4300,530.0,40.99,21.4,1.2,77,676.0
4301,612.0,33.17,77.5,1.47,143,923.0
4302,524.0,34.04,74.0,0.92,115,759.0
4303,479.0,22.08,89.0,1.23,69,627.0
4304,494.0,25.65,78.3,1.01,76,649.0
4305,434.0,42.48,61.0,1.47,103,681.0
4306,514.0,35.35,38.8,1.16,107,746.0
4307,504.0,35.65,73.1,1.16,129,801.0
4308,517.0,32.88,72.4,1.04,123,783.0
4309,547.0,20.69,27.8,0.89,84,689.0
4310,625.0,27.59,36.9,1.32,76,755.0
4311,436.0,32.08,67.6,1.15,131,766.0
4312,502.0,34.67,58.2,0.81,44,537.0
4313,463.0,35.91,22.5,0.95,50,523.0
4314,380.0,44.72,47.4,1.07,31,369.0
4315,517.0,43.66,45.5,0.91,49,511.0
4316,543.0,40.99,57.3,1.48,104,762.0
4317,441.0,30.46,54.4,0.93,48,512.0
4318,528.0,30.59,48.3,1.32,78,705.0
4319,553.0,29.17,70.0,0.89,58,607.0
4320,397.0,40.47,53.9,1.09,93,614.0
4321,742.0,20.41,26.1,1.45,89,898.0
4322,527.0,39.3,34.8,1.27,92,736.0
4323,428.0,41.07,85.1,1.25,41,493.0
4324,539.0,19.61,54.9,1.39,82,751.0
4325,534.0,40.51,90.8,0.9,28,497.0
4326,578.0,37.2,54.6,0.81,121,782.0
4327,555.0,23.14,40.4,0.9,103,745.0
4328,404.0,40.47,85.5,1.05,102,624.0
4329,544.0,15.1,65.5,1.42,144,907.0
4330,441.0,26.42,38.7,0.98,53,529.0
4331,480.0,38.07,51.8,1.25,80,639.0
4332,564.0,42.41,86.1,0.9,120,756.0
4333,503.0,23.2,23.4,0.93,21,494.0
4334,541.0,35.86,39.6,1.1,54,608.0
4335,483.0,40.97,72.6,1.23,87,679.0
4336,444.0,41.08,21.9,1.38,28,495.0
4337,457.0,15.47,52.1,1.21,116,743.0
4338,563.0,39.92,31.8,1.44,81,727.0
4339,477.0,20.12,81.2,1.2,69,647.0
4340,499.0,17.25,34.1,0.93,54,629.0
4341,517.0,41.72,49.5,1.47,107,723.0
4342,461.0,31.45,43.3,1.46,118,804.0
4343,560.0,15.72,39.7,0.92,99,734.0
4344,226.0,20.24,29.4,1.46,25,403.0
4345,408.0,15.35,94.5,1.36,61,593.0
4346,497.0,37.91,57.2,1.06,44,529.0
4347,535.0,22.17,28.2,1.05,103,735.0
4348,489.0,34.64,81.6,0.9,99,700.0
4349,445.0,44.87,81.3,0.96,110,650.0
4350,580.0,31.44,58.7,1.46,60,689.0
4351,476.0,35.06,77.9,1.4,19,496.0
4352,344.0,24.86,94.1,0.89,59,468.0
4353,551.0,41.11,59.2,0.97,120,739.0
4354,522.0,20.65,90.2,1.45,28,601.0
4355,534.0,36.69,23.5,1.34,91,743.0
4356,575.0,27.78,77.8,1.4,134,902.0
4357,557.0,43.8,89.4,0.88,93,713.0
4358,525.0,20.8,92.3,0.98,39,542.0
4359,412.0,17.19,88.1,0.98,25,461.0
4360,540.0,34.62,76.9,0.88,105,728.0
4361,448.0,21.69,44.8,0.88,31,463.0
4362,392.0,24.86,62.6,1.04,72,557.0
4363,358.0,37.11,77.1,1.2,120,690.0
4364,464.0,21.09,87.3,0.89,110,712.0
4365,453.0,28.6,48.9,1.26,111,748.0
4366,481.0,18.72,68.8,1.32,103,768.0
4367,257.0,18.02,20.1,0.9,83,498.0
4368,393.0,21.28,71.3,1.2,23,483.0
4369,495.0,31.19,90.1,1.26,112,747.0
4370,447.0,41.16,46.9,1.44,77,641.0
4371,467.0,34.65,68.4,1.03,48,536.0
4372,495.0,17.55,29.0,1.4,140,884.0
4373,500.0,38.17,75.7,1.21,36,527.0
4374,441.0,24.6,48.6,1.37,125,796.0
4375,462.0,33.16,80.7,0.97,52,520.0
4376,498.0,30.55,55.6,0.92,43,518.0
4377,447.0,25.92,80.5,0.88,67,557.0
4378,488.0,22.89,23.2,1.06,25,503.0
4379,456.0,43.56,83.4,1.1,116,715.0
4380,618.0,28.33,47.2,1.04,141,904.0
4381,515.0,20.73,75.5,0.96,128,831.0
4382,507.0,20.05,73.9,0.88,30,499.0
4383,375.0,35.66,59.4,1.45,85,619.0
4384,467.0,32.98,69.1,1.49,37,534.0
4385,347.0,23.57,31.1,1.17,82,574.0
4386,447.0,37.73,65.5,0.93,47,465.0
4387,652.0,41.44,89.0,1.35,90,760.0
4388,530.0,21.9,49.0,1.06,24,537.0
4389,528.0,30.22,20.9,1.32,30,565.0
4390,425.0,22.88,89.6,1.14,81,622.0
4391,400.0,24.62,60.0,1.31,55,553.0
4392,577.0,37.66,36.2,0.83,134,795.0
4393,505.0,18.83,32.9,0.99,74,670.0
4394,456.0,35.84,41.8,1.46,54,609.0
4395,455.0,39.1,22.3,0.98,48,472.0
4396,443.0,18.38,26.7,0.86,31,497.0
4397,626.0,41.55,62.9,1.39,19,585.0
4398,428.0,32.54,78.2,1.46,43,527.0
4399,633.0,19.31,31.4,1.39,94,828.0
4400,511.0,21.13,84.4,0.95,83,706.0
4401,522.0,21.77,92.3,0.99,88,719.0
4402,449.0,27.37,25.3,1.28,123,750.0
4403,569.0,40.21,52.5,0.85,149,862.0
4404,557.0,23.94,27.0,1.28,84,724.0
4405,518.0,28.52,26.1,1.43,30,588.0
4406,498.0,39.51,22.1,1.45,127,804.0
4407,454.0,38.92,29.0,1.16,130,735.0
4408,409.0,36.75,29.1,1.47,31,492.0
4409,391.0,22.76,78.1,1.26,122,740.0
4410,549.0,40.43,53.6,1.08,10,486.0
4411,548.0,38.23,46.5,1.3,144,869.0
4412,479.0,38.6,62.1,1.47,92,688.0
4413,583.0,35.81,58.7,1.17,79,708.0
4414,377.0,29.38,85.2,1.11,130,726.0
4415,424.0,17.2,50.9,1.15,119,738.0
4416,503.0,38.89,34.1,1.02,65,574.0
4417,435.0,38.26,50.3,1.23,121,695.0
4418,483.0,38.97,46.7,1.17,54,581.0
4419,493.0,38.32,74.3,1.19,75,640.0
4420,509.0,44.24,49.4,0.88,101,682.0
4421,507.0,30.18,46.3,1.37,126,823.0
4422,442.0,36.52,42.0,1.19,29,478.0
4423,450.0,40.83,47.2,1.16,65,578.0
4424,665.0,25.0,79.4,1.07,134,900.0
4425,461.0,38.22,63.0,1.47,76,637.0
4426,670.0,43.99,33.3,1.11,117,886.0
4427,491.0,24.41,67.0,1.48,61,666.0
4428,544.0,39.27,35.8,1.2,78,659.0
4429,530.0,18.34,45.6,0.98,134,831.0
4430,456.0,18.62,59.2,1.07,57,574.0
4431,525.0,27.77,64.3,1.33,95,725.0
4432,523.0,35.49,51.5,1.02,45,563.0
4433,511.0,17.55,32.2,1.49,59,670.0
4434,482.0,27.91,47.3,1.04,126,781.0
4435,378.0,35.61,84.0,1.13,111,641.0
4436,380.0,22.99,35.5,1.26,127,760.0
4437,346.0,20.5,22.4,1.25,60,545.0
4438,581.0,29.85,69.0,1.43,50,663.0
4439,503.0,31.45,77.1,1.18,39,592.0
4440,539.0,15.83,65.6,1.08,80,713.0
4441,506.0,19.71,53.3,1.19,55,626.0
4442,526.0,44.79,25.7,1.48,50,576.0
4443,479.0,39.73,54.2,0.82,143,775.0
4444,519.0,24.69,67.8,0.94,140,852.0
4445,395.0,29.31,34.9,1.44,48,558.0
4446,534.0,19.95,80.5,1.4,33,610.0
4447,486.0,43.31,62.5,0.9,113,704.0
4448,521.0,38.1,58.8,1.06,94,674.0
4449,619.0,37.97,21.3,1.14,100,767.0
4450,555.0,17.45,88.4,0.84,138,855.0
4451,608.0,21.43,81.3,1.33,84,808.0
4452,520.0,19.91,91.6,0.89,108,776.0
4453,422.0,32.66,95.0,0.94,45,499.0
4454,492.0,15.52,80.7,1.1,25,529.0
4455,483.0,33.16,57.6,1.04,37,477.0
4456,358.0,42.0,52.8,0.83,54,451.0
4457,387.0,35.85,45.8,1.15,25,437.0
4458,538.0,18.44,57.4,0.89,65,678.0
4459,524.0,34.86,90.3,0.87,131,792.0
4460,463.0,21.7,91.1,0.81,80,615.0
4461,477.0,40.68,90.1,1.48,114,766.0
4462,480.0,29.91,32.6,1.45,111,748.0
4463,467.0,22.48,32.0,1.03,51,600.0
4464,562.0,37.85,77.4,1.01,136,807.0
4465,650.0,22.72,53.4,0.96,125,884.0
4466,546.0,17.07,36.3,1.05,40,581.0
4467,590.0,36.6,69.7,1.11,10,484.0
4468,411.0,26.74,93.2,0.87,55,509.0
4469,441.0,42.51,36.4,1.08,103,650.0
4470,545.0,31.27,69.1,1.28,73,686.0
4471,448.0,33.02,45.6,1.23,94,667.0
4472,620.0,42.89,82.8,0.84,110,762.0
4473,597.0,30.16,82.4,1.44,82,781.0
4474,575.0,23.56,93.5,0.87,38,583.0
4475,571.0,27.13,70.2,1.34,126,842.0
4476,544.0,16.21,54.2,0.92,98,729.0
4477,322.0,18.77,65.6,1.41,74,583.0
4478,507.0,21.54,48.0,1.01,104,733.0
4479,502.0,17.39,71.2,1.13,48,579.0
4480,538.0,19.45,75.4,1.43,121,867.0
4481,487.0,21.48,58.2,1.44,71,651.0
4482,566.0,21.68,55.1,1.19,107,798.0
4483,645.0,34.24,68.7,0.94,19,553.0
4484,596.0,25.17,33.5,1.35,67,732.0
4485,571.0,21.87,82.9,0.95,32,572.0
4486,460.0,24.75,28.2,1.33,37,561.0
4487,415.0,43.9,48.2,1.13,46,475.0
4488,571.0,21.59,67.8,1.37,65,724.0
4489,516.0,38.17,54.2,0.92,81,649.0
4490,522.0,35.11,79.6,1.0,57,595.0
4491,409.0,25.66,63.8,1.13,14,441.0
4492,674.0,40.94,58.9,1.2,29,614.0
4493,603.0,22.92,62.6,1.21,121,865.0
4494,554.0,41.64,88.1,1.45,57,654.0
4495,570.0,31.04,55.6,1.26,107,805.0
4496,596.0,33.61,74.3,1.07,83,734.0
4497,612.0,36.61,31.9,1.42,53,679.0
4498,521.0,41.92,25.6,1.26,73,646.0
4499,474.0,20.46,33.8,0.88,128,780.0
4500,538.0,18.38,35.4,0.99,83,676.0
4501,429.0,29.55,49.4,1.09,11,405.0
4502,582.0,29.36,86.4,0.8,115,800.0
4503,529.0,36.44,37.4,1.13,125,791.0
4504,647.0,43.58,39.7,0.84,117,781.0
4505,466.0,37.08,38.3,0.89,63,547.0
4506,476.0,42.45,92.1,1.11,48,535.0
4507,596.0,24.44,92.6,1.25,47,665.0
4508,270.0,39.6,92.0,0.88,58,386.0
4509,552.0,26.7,40.1,0.85,55,630.0
4510,324.0,28.65,41.4,1.32,124,734.0
4511,433.0,16.52,45.2,1.49,58,646.0
4512,499.0,19.89,83.9,1.1,109,752.0
4513,457.0,44.63,33.5,1.39,149,822.0
4514,356.0,39.57,61.9,1.05,93,576.0
4515,605.0,20.74,58.8,0.95,89,751.0
4516,561.0,31.53,83.2,1.48,18,525.0
4517,467.0,16.69,65.1,1.28,49,580.0
4518,542.0,23.02,24.2,1.34,112,791.0
4519,629.0,21.48,79.8,0.83,28,604.0
4520,504.0,40.48,36.6,1.34,141,818.0
4521,545.0,35.9,25.2,1.46,72,710.0
4522,544.0,30.97,72.9,1.18,70,652.0
4523,496.0,24.41,70.3,1.48,51,634.0
4524,573.0,39.86,78.4,0.98,93,721.0
4525,503.0,18.47,87.7,0.96,85,684.0
4526,462.0,15.23,21.7,0.8,129,777.0
4527,512.0,36.08,53.5,1.25,75,647.0
4528,523.0,43.93,59.8,0.91,22,458.0
4529,569.0,34.35,85.9,1.33,128,869.0
4530,495.0,41.87,87.3,1.18,35,502.0
4531,492.0,38.3,74.3,1.38,15,482.0
4532,707.0,42.2,58.4,0.85,101,795.0
4533,388.0,39.57,60.3,0.91,129,673.0
4534,480.0,21.73,50.9,0.94,62,581.0
4535,523.0,21.8,25.3,1.21,78,696.0
4536,538.0,38.58,82.7,1.06,66,663.0
4537,532.0,16.44,48.6,0.94,63,630.0
4538,494.0,23.58,77.3,1.44,47,622.0
4539,493.0,28.63,92.6,1.02,142,801.0
4540,493.0,44.86,82.7,0.81,96,625.0
4541,506.0,36.9,20.3,1.35,101,714.0
4542,601.0,38.34,25.4,0.86,141,853.0
4543,504.0,32.18,78.1,0.97,15,453.0
4544,471.0,21.4,88.0,1.46,133,844.0
4545,448.0,21.93,37.3,1.32,50,583.0
4546,514.0,17.91,40.7,0.86,79,647.0
4547,482.0,31.67,64.8,0.8,134,754.0
4548,666.0,27.02,81.0,0.91,118,857.0
4549,351.0,35.63,85.4,1.35,15,364.0
4550,440.0,31.13,70.8,1.27,22,482.0
4551,581.0,26.77,32.0,1.5,98,827.0
4552,414.0,33.53,46.8,0.84,35,414.0
4553,340.0,30.93,43.8,1.17,77,561.0
4554,542.0,31.71,63.9,1.24,88,719.0
4555,484.0,32.26,59.4,1.23,22,485.0
4556,470.0,33.73,44.6,1.14,135,801.0
4557,426.0,33.91,56.0,1.05,140,778.0
4558,510.0,32.31,76.1,0.84,14,444.0
4559,549.0,37.73,31.2,0.84,95,665.0
4560,606.0,42.35,76.4,1.1,131,848.0
4561,576.0,39.7,94.6,0.88,67,605.0
4562,482.0,20.2,79.3,1.44,100,769.0
4563,594.0,37.52,36.3,1.19,109,810.0
4564,582.0,34.27,35.7,1.5,61,699.0
4565,584.0,19.13,50.1,1.08,61,668.0
4566,505.0,27.28,69.9,0.87,139,798.0
4567,516.0,37.78,68.1,0.86,79,643.0
4568,458.0,15.4,66.1,1.21,54,612.0
4569,650.0,44.01,46.9,0.99,97,723.0
4570,507.0,40.89,28.6,0.83,15,425.0
4571,414.0,27.17,33.0,1.09,70,613.0
4572,562.0,19.07,82.9,0.8,24,539.0
4573,535.0,18.61,81.5,1.06,91,757.0
4574,459.0,25.08,44.8,1.09,58,572.0
4575,451.0,21.59,66.7,1.46,134,827.0
4576,485.0,17.98,67.0,0.86,107,707.0
4577,446.0,36.22,63.0,1.2,118,728.0
4578,351.0,42.91,40.2,1.31,40,450.0
4579,464.0,33.83,70.5,1.39,99,705.0
4580,432.0,15.35,80.0,1.49,123,846.0
4581,572.0,37.15,94.4,0.81,91,672.0
4582,579.0,16.24,34.0,1.43,39,669.0
4583,437.0,17.13,52.4,0.97,24,464.0
4584,563.0,32.66,76.8,1.42,53,661.0
4585,425.0,22.52,38.3,1.15,44,529.0
4586,488.0,44.39,68.0,1.49,15,475.0
4587,434.0,39.87,80.7,0.82,109,629.0
4588,529.0,34.79,63.2,0.9,136,784.0
4589,557.0,27.24,21.8,0.87,44,545.0
4590,379.0,38.63,57.3,0.94,107,608.0
4591,457.0,25.27,78.9,0.85,51,508.0
4592,520.0,36.72,76.0,0.87,84,646.0
4593,466.0,25.57,78.3,1.19,125,800.0
4594,581.0,27.2,94.2,0.92,53,631.0
4595,378.0,41.81,86.9,0.99,30,404.0
4596,490.0,16.58,92.1,1.34,46,594.0
4597,541.0,16.23,34.3,1.06,129,835.0
4598,427.0,38.68,83.2,0.96,134,736.0
4599,490.0,24.38,56.5,0.87,77,623.0
4600,492.0,38.16,55.8,1.28,50,607.0
4601,426.0,36.25,39.1,1.32,31,489.0
4602,507.0,22.04,40.2,0.87,146,852.0
4603,425.0,42.13,39.1,0.92,85,614.0
4604,438.0,24.29,65.6,0.9,37,476.0
4605,288.0,23.48,25.6,1.22,82,532.0
4606,550.0,42.41,62.8,1.29,80,675.0
4607,471.0,40.65,57.1,1.46,88,696.0
4608,366.0,35.69,61.3,1.2,131,695.0
4609,400.0,38.81,68.6,0.93,89,575.0
4610,442.0,42.8,33.3,1.31,44,522.0
4611,552.0,17.97,21.1,1.39,109,825.0
4612,505.0,16.42,67.7,1.08,24,532.0
4613,542.0,15.37,63.3,1.14,63,665.0
4614,371.0,21.97,72.1,0.91,54,502.0
4615,444.0,29.01,35.8,0.86,88,619.0
4616,558.0,27.05,32.7,1.07,113,823.0
4617,338.0,18.57,35.8,1.08,104,657.0
4618,468.0,37.34,26.6,0.89,32,469.0
4619,478.0,36.39,41.3,1.0,124,712.0
4620,452.0,23.62,92.4,0.93,102,677.0
4621,436.0,43.71,71.9,1.02,92,611.0
4622,440.0,37.43,41.0,0.89,61,499.0
4623,439.0,36.36,55.7,1.42,91,666.0
4624,405.0,18.56,31.7,1.03,24,460.0
4625,538.0,23.68,76.3,1.01,79,689.0
4626,431.0,28.96,64.5,1.47,67,623.0
4627,482.0,21.15,73.2,0.95,48,588.0
4628,623.0,38.27,70.9,1.35,95,789.0
4629,662.0,37.53,77.9,1.1,45,641.0
4630,768.0,33.49,24.0,1.26,72,844.0
4631,468.0,28.62,40.7,1.32,114,769.0
4632,525.0,29.01,52.8,1.42,147,897.0
4633,534.0,40.91,33.7,0.81,40,526.0
4634,467.0,15.5,81.4,1.42,103,773.0
4635,475.0,34.28,84.8,0.93,30,482.0
4636,561.0,24.56,34.5,0.98,135,833.0
4637,515.0,27.98,91.5,1.46,35,563.0
4638,664.0,42.23,86.7,1.48,83,801.0
4639,515.0,34.74,51.5,0.98,122,754.0
4640,536.0,25.0,50.6,1.48,82,726.0
4641,489.0,18.45,21.4,1.25,145,875.0
4642,495.0,37.07,70.8,0.8,43,496.0
4643,594.0,21.76,22.0,1.27,31,622.0
4644,475.0,32.5,82.6,0.82,106,671.0
4645,646.0,43.95,88.2,1.37,76,736.0
4646,484.0,36.66,86.1,1.34,76,637.0
4647,488.0,19.93,57.4,1.23,115,778.0
4648,556.0,34.38,66.0,1.47,113,828.0
4649,481.0,41.8,82.3,1.17,121,745.0
4650,556.0,30.66,27.2,1.34,78,742.0
4651,492.0,40.26,36.4,1.37,82,658.0
4652,452.0,26.7,39.7,1.36,145,837.0
4653,587.0,39.86,94.1,1.46,139,877.0
4654,629.0,21.17,79.8,1.15,64,735.0
4655,480.0,15.51,34.0,1.26,25,536.0
4656,614.0,43.49,74.5,0.86,74,627.0
4657,527.0,20.04,60.3,1.11,74,684.0
4658,506.0,26.98,85.7,1.4,130,828.0
4659,643.0,42.99,27.8,1.22,73,707.0
4660,474.0,35.53,26.0,1.42,120,757.0
4661,530.0,20.13,35.9,1.49,142,911.0
4662,445.0,34.08,28.7,1.36,107,710.0
4663,474.0,17.94,21.0,0.9,118,728.0
4664,528.0,15.99,33.4,0.85,116,777.0
4665,504.0,41.23,68.3,1.03,90,663.0
4666,653.0,23.41,32.9,1.05,80,768.0
4667,585.0,30.66,31.8,1.26,40,614.0
4668,453.0,21.35,72.1,1.03,96,691.0
4669,544.0,33.43,80.0,1.16,44,572.0
4670,511.0,34.56,68.1,0.97,126,764.0
4671,437.0,30.55,87.6,0.98,55,518.0
4672,515.0,17.13,57.8,0.96,83,718.0
4673,518.0,16.56,76.4,1.33,19,539.0
4674,419.0,33.43,92.9,1.5,41,542.0
4675,627.0,22.31,41.1,1.12,28,608.0
4676,596.0,39.85,28.4,1.19,144,891.0
4677,444.0,23.91,42.4,1.31,97,707.0
4678,415.0,34.1,47.7,0.88,20,411.0
4679,454.0,38.76,54.0,0.81,18,414.0
4680,628.0,22.37,62.5,1.03,10,514.0
4681,523.0,32.1,58.4,1.13,12,470.0
4682,468.0,33.87,21.7,1.25,19,439.0
4683,511.0,32.42,23.8,1.38,38,573.0
4684,417.0,25.13,57.3,0.81,65,515.0
4685,476.0,43.46,80.3,1.47,85,676.0
4686,701.0,28.24,80.9,1.29,110,917.0
4687,406.0,17.75,72.2,1.15,107,709.0
4688,676.0,24.43,61.6,0.97,84,796.0
4689,529.0,33.77,68.7,1.23,15,504.0
4690,441.0,27.07,22.0,1.18,65,584.0
4691,341.0,32.27,73.3,0.89,59,460.0
4692,359.0,41.17,26.2,1.01,65,471.0
4693,458.0,30.69,94.8,1.25,95,705.0
4694,518.0,44.62,66.2,0.96,30,470.0
4695,541.0,43.81,74.2,0.89,21,462.0
4696,508.0,38.9,34.2,0.98,12,425.0
4697,559.0,33.93,62.1,1.13,148,887.0
4698,457.0,19.78,88.5,1.44,145,831.0
4699,474.0,37.81,69.5,1.26,149,845.0
4700,533.0,19.77,41.1,0.83,79,645.0
4701,423.0,36.0,57.9,1.12,54,562.0
4702,638.0,44.42,48.8,0.89,96,746.0
4703,519.0,19.72,33.6,1.41,23,594.0
4704,537.0,16.19,29.7,0.91,41,565.0
4705,489.0,21.96,93.3,1.27,119,786.0
4706,560.0,37.46,35.3,1.19,79,707.0
4707,379.0,38.65,60.4,1.22,32,429.0
4708,362.0,25.89,85.2,1.03,145,756.0
4709,502.0,17.15,29.2,0.84,134,815.0
4710,562.0,21.12,63.1,1.47,81,776.0
4711,491.0,15.63,33.6,0.99,110,745.0
4712,385.0,19.62,74.9,1.15,92,666.0
4713,463.0,30.19,27.0,1.13,77,640.0
4714,502.0,23.05,91.9,1.42,43,609.0
4715,527.0,20.1,93.6,0.92,122,764.0
4716,566.0,31.69,28.2,1.49,72,708.0
4717,623.0,33.78,34.3,0.85,130,834.0
4718,577.0,38.38,35.7,1.15,68,652.0
4719,522.0,16.43,42.4,1.15,48,608.0
4720,632.0,44.64,83.6,1.48,99,817.0
4721,538.0,33.11,67.6,0.92,103,728.0
4722,520.0,33.44,73.6,0.9,22,475.0
4723,531.0,23.58,41.5,1.21,62,667.0
4724,306.0,35.34,73.2,0.84,125,591.0
4725,544.0,16.61,50.5,1.12,42,615.0
4726,720.0,38.41,42.2,1.25,135,927.0
4727,461.0,26.05,39.3,0.91,69,598.0
4728,474.0,37.41,24.2,1.1,70,592.0
4729,439.0,16.52,21.9,1.49,50,603.0
4730,459.0,41.15,84.5,1.4,114,721.0
4731,425.0,27.28,75.0,0.96,77,597.0
4732,681.0,36.82,31.4,1.06,107,796.0
4733,484.0,16.0,38.7,0.82,51,553.0
4734,496.0,19.87,86.1,1.1,65,637.0
4735,439.0,32.57,70.5,1.22,69,588.0
4736,456.0,44.34,26.4,1.13,47,516.0
4737,574.0,15.3,74.9,1.04,66,680.0
4738,382.0,43.21,72.3,1.33,125,692.0
4739,475.0,37.06,55.5,1.0,66,570.0
4740,491.0,37.59,33.9,1.5,143,861.0
4741,671.0,34.37,54.3,1.18,137,939.0
4742,454.0,15.3,54.3,1.45,80,706.0
4743,580.0,17.42,74.3,1.02,79,721.0
4744,452.0,23.78,94.0,1.01,109,694.0
4745,502.0,21.86,65.4,1.25,16,511.0
4746,472.0,21.14,20.0,1.05,41,536.0
4747,512.0,23.87,82.8,1.3,103,775.0
4748,439.0,18.22,52.6,1.21,58,595.0
4749,513.0,21.32,23.6,1.32,87,716.0
4750,442.0,44.46,31.4,1.39,147,830.0
4751,651.0,27.9,44.6,1.35,40,673.0
4752,416.0,27.87,29.7,1.2,96,659.0
4753,446.0,38.93,34.9,1.1,136,749.0
4754,617.0,16.7,23.7,0.99,65,710.0
4755,436.0,32.55,37.7,0.9,72,570.0
4756,422.0,34.37,60.4,1.37,30,480.0
4757,456.0,29.88,46.7,1.08,75,624.0
4758,532.0,19.71,66.8,1.35,130,859.0
4759,484.0,32.03,41.1,0.93,110,712.0
4760,520.0,17.25,75.9,0.97,70,657.0
4761,483.0,32.87,35.2,1.19,32,528.0
4762,428.0,35.64,65.1,1.23,56,552.0
4763,391.0,34.29,64.1,0.91,107,643.0
4764,515.0,36.4,83.4,0.87,71,606.0
4765,573.0,43.24,88.9,1.27,118,809.0
4766,394.0,24.28,81.3,1.26,133,783.0
4767,503.0,42.72,24.8,0.96,93,674.0
4768,520.0,44.35,35.2,0.92,129,765.0
4769,590.0,32.72,88.9,1.0,18,516.0
4770,429.0,43.86,63.9,0.97,33,426.0
4771,566.0,23.76,44.5,1.03,132,826.0
4772,525.0,18.39,49.9,1.43,113,820.0
4773,345.0,19.93,48.9,0.99,111,657.0
4774,508.0,43.87,82.9,1.41,117,791.0
4775,578.0,42.88,28.1,1.49,54,662.0
4776,486.0,20.01,24.6,0.87,92,671.0
4777,603.0,24.02,43.5,0.82,113,788.0
4778,509.0,30.96,54.8,1.14,126,776.0
4779,545.0,16.76,88.3,1.2,149,897.0
4780,645.0,27.65,88.3,1.32,114,895.0
4781,520.0,21.28,40.2,1.4,107,780.0
4782,551.0,26.92,30.8,1.02,90,716.0
4783,566.0,30.75,93.0,0.91,64,635.0
4784,503.0,23.26,81.8,1.12,124,783.0
4785,496.0,43.31,31.6,1.41,105,737.0
4786,530.0,44.52,54.5,1.03,137,796.0
4787,475.0,29.35,26.2,1.42,88,719.0
4788,519.0,17.48,92.2,0.96,99,737.0
4789,548.0,23.75,28.5,1.22,11,514.0
4790,449.0,36.27,62.9,0.92,89,643.0
4791,524.0,42.56,41.1,0.84,36,492.0
4792,606.0,44.56,49.0,1.43,114,825.0
4793,552.0,24.33,30.6,1.05,84,715.0
4794,503.0,29.37,76.0,1.28,31,550.0
4795,552.0,35.7,31.3,0.97,69,631.0
4796,503.0,41.88,52.9,1.17,131,796.0
4797,611.0,28.0,39.2,1.45,52,691.0
4798,586.0,43.73,28.5,1.01,55,607.0
4799,544.0,30.01,36.4,0.89,18,487.0
4800,446.0,34.41,68.6,1.45,140,807.0
4801,534.0,30.95,28.9,1.23,115,782.0
4802,473.0,41.25,54.8,0.9,129,704.0
4803,503.0,32.56,42.3,0.96,120,757.0
4804,558.0,35.79,68.8,1.26,105,784.0
4805,612.0,36.27,94.6,1.05,127,828.0
4806,424.0,42.59,43.0,0.83,84,575.0
4807,563.0,43.01,80.4,1.45,19,547.0
4808,270.0,18.15,50.8,1.36,146,762.0
4809,594.0,41.42,21.7,1.14,18,526.0
4810,397.0,34.44,48.8,0.93,102,609.0
4811,474.0,28.34,81.5,1.36,64,612.0
4812,463.0,27.36,85.4,0.81,141,779.0
4813,620.0,19.35,35.1,0.8,64,663.0
4814,648.0,30.32,68.3,1.16,62,741.0
4815,519.0,16.64,84.9,1.33,75,705.0
4816,613.0,42.89,80.8,1.37,23,567.0
4817,408.0,38.63,32.0,1.23,138,777.0
4818,325.0,32.42,90.9,1.34,118,689.0
4819,579.0,20.56,25.9,0.97,28,557.0
4820,483.0,24.62,91.5,0.95,62,554.0
4821,492.0,34.51,30.1,1.46,50,585.0
4822,575.0,26.61,88.3,0.92,18,514.0
4823,471.0,43.25,92.2,1.09,111,687.0
4824,493.0,31.71,58.3,1.41,137,864.0
4825,677.0,23.34,80.5,1.34,108,886.0
4826,500.0,21.9,32.1,1.12,107,745.0
4827,414.0,35.41,26.6,1.32,53,529.0
4828,520.0,27.4,86.5,1.29,81,700.0
4829,497.0,27.65,50.9,1.24,30,549.0
4830,416.0,33.15,79.2,0.96,85,581.0
4831,510.0,23.94,71.0,1.18,112,755.0
4832,509.0,16.7,69.0,1.11,26,521.0
4833,707.0,32.29,22.5,1.37,52,745.0
4834,575.0,24.36,63.6,0.98,40,609.0
4835,393.0,29.54,58.7,1.46,23,469.0
4836,492.0,35.61,28.5,1.14,38,511.0
4837,514.0,36.12,92.0,1.22,100,745.0
4838,473.0,20.51,73.7,1.04,86,658.0
4839,534.0,18.85,53.4,1.46,22,576.0
4840,512.0,24.15,33.0,0.81,58,585.0
4841,472.0,44.76,42.9,0.97,73,589.0
4842,530.0,39.8,81.7,0.85,118,762.0
4843,539.0,34.4,83.5,1.17,121,793.0
4844,441.0,35.85,35.7,1.13,135,761.0
4845,500.0,21.85,65.1,0.93,28,518.0
4846,488.0,29.37,57.2,0.95,97,682.0
4847,416.0,32.67,41.9,1.13,86,640.0
4848,432.0,26.43,61.5,1.31,53,538.0
4849,436.0,34.67,52.5,1.15,111,710.0
4850,482.0,18.32,49.7,1.41,40,586.0
4851,506.0,43.82,22.4,1.47,38,554.0
4852,594.0,32.19,58.4,0.88,105,777.0
4853,385.0,33.22,26.4,1.16,75,574.0
4854,430.0,26.01,57.3,1.45,89,673.0
4855,519.0,36.24,41.2,1.28,58,615.0
4856,423.0,39.37,53.5,0.98,96,638.0
4857,639.0,25.61,74.1,1.14,100,816.0
4858,520.0,18.94,76.5,0.81,20,512.0
4859,501.0,35.12,57.6,0.97,144,808.0
4860,490.0,39.83,20.9,0.83,81,583.0
4861,462.0,17.71,75.9,1.28,47,597.0
4862,480.0,18.16,40.8,1.1,113,757.0
4863,431.0,39.3,71.8,1.06,140,761.0
4864,504.0,32.12,32.0,1.24,24,511.0
4865,492.0,17.96,53.6,1.37,101,767.0
4866,445.0,34.03,71.8,1.33,46,526.0
4867,496.0,33.68,44.0,1.25,55,577.0
4868,581.0,39.55,34.7,1.31,121,829.0
4869,520.0,19.7,65.5,0.89,141,838.0
4870,624.0,28.3,24.1,1.01,149,918.0
4871,483.0,29.58,84.3,1.15,59,616.0
4872,522.0,15.41,91.2,1.31,69,714.0
4873,538.0,37.17,94.3,1.42,128,854.0
4874,448.0,31.22,94.5,1.03,20,448.0
4875,490.0,20.68,69.4,0.84,99,687.0
4876,477.0,30.93,63.2,1.34,16,506.0
4877,460.0,23.17,77.0,1.46,101,746.0
4878,649.0,26.04,22.6,1.15,123,874.0
4879,653.0,36.43,36.0,0.82,139,860.0
4880,533.0,41.91,47.6,1.23,15,497.0
4881,486.0,20.93,25.1,1.25,13,491.0
4882,554.0,21.46,27.4,1.33,127,861.0
4883,436.0,37.53,66.5,1.45,87,647.0
4884,313.0,38.21,63.5,1.14,35,406.0
4885,573.0,31.94,73.5,0.85,20,489.0
4886,525.0,28.09,37.2,1.1,66,627.0
4887,432.0,17.42,64.5,1.46,102,720.0
4888,648.0,20.18,61.6,1.21,48,687.0
4889,511.0,21.47,76.5,1.29,145,871.0
4890,409.0,15.13,60.9,1.03,38,510.0
4891,521.0,38.03,27.8,1.29,47,560.0
4892,422.0,35.49,74.2,1.39,80,602.0
4893,492.0,42.65,43.5,1.21,146,830.0
4894,527.0,41.3,78.0,1.26,105,731.0
4895,432.0,39.4,63.8,1.11,110,661.0
4896,482.0,39.25,72.5,0.83,17,442.0
4897,552.0,24.58,32.0,0.85,128,801.0
4898,528.0,20.29,44.8,0.84,128,813.0
4899,511.0,40.28,69.3,1.24,120,759.0
4900,482.0,39.84,43.4,1.32,90,649.0
4901,711.0,16.61,40.2,1.1,113,914.0
4902,446.0,32.92,55.9,1.14,127,750.0
4903,585.0,33.68,45.7,1.33,40,638.0
4904,524.0,29.85,30.6,1.17,122,792.0
4905,552.0,43.48,60.1,1.23,85,724.0
4906,381.0,33.02,71.4,1.0,80,567.0
4907,497.0,32.66,56.0,0.91,37,491.0
4908,439.0,20.1,76.3,0.83,118,700.0
4909,426.0,37.3,34.9,0.82,98,625.0
4910,441.0,38.65,78.8,0.84,121,669.0
4911,393.0,24.28,42.7,1.47,101,697.0
4912,453.0,43.67,44.8,1.29,43,504.0
4913,647.0,37.2,73.5,1.42,61,729.0
4914,473.0,30.01,52.2,1.43,55,617.0
4915,552.0,35.99,50.2,1.44,124,824.0
4916,669.0,30.21,75.4,1.2,139,939.0
4917,412.0,37.0,45.2,1.45,108,749.0
4918,516.0,39.44,40.1,1.44,91,707.0
4919,548.0,30.51,32.9,1.16,79,693.0
4920,509.0,36.47,91.6,1.43,110,779.0
4921,566.0,15.85,33.7,1.09,121,846.0
4922,522.0,15.55,32.0,0.83,76,650.0
4923,435.0,36.6,69.6,1.45,54,562.0
4924,540.0,16.27,28.8,0.91,82,708.0
4925,435.0,20.39,30.8,1.03,121,749.0
4926,400.0,39.28,22.5,1.21,72,544.0
4927,431.0,27.0,40.2,1.06,39,504.0
4928,479.0,37.16,57.2,1.34,81,656.0
4929,573.0,39.61,50.5,1.38,34,581.0
4930,460.0,36.27,25.4,1.35,50,565.0
4931,511.0,17.12,68.9,0.81,54,595.0
4932,463.0,33.91,88.2,1.32,17,488.0
4933,465.0,40.01,83.4,1.32,56,559.0
4934,508.0,20.1,21.2,1.04,60,613.0
4935,414.0,25.26,74.4,1.11,45,514.0
4936,534.0,20.59,66.5,0.89,81,681.0
4937,492.0,28.52,72.5,1.22,137,839.0
4938,460.0,42.42,21.9,0.98,37,461.0
4939,578.0,32.0,53.8,1.13,19,520.0
4940,532.0,32.2,91.3,1.05,147,849.0
4941,308.0,30.45,90.8,1.3,36,462.0
4942,564.0,39.49,76.2,1.44,84,733.0
4943,469.0,41.86,78.8,1.26,37,491.0
4944,557.0,15.84,43.6,1.28,43,632.0
4945,618.0,36.41,94.1,1.27,62,686.0
4946,484.0,28.92,20.1,1.42,13,501.0
4947,399.0,39.26,60.0,1.46,28,496.0
4948,582.0,19.62,78.2,1.18,125,838.0
4949,481.0,44.06,43.7,1.15,71,609.0
4950,550.0,40.13,65.7,1.47,132,831.0
4951,474.0,33.84,65.6,1.28,52,573.0
4952,426.0,35.33,34.8,1.17,146,775.0
4953,536.0,27.25,64.6,1.11,20,499.0
4954,517.0,41.98,54.5,1.11,62,619.0
4955,514.0,29.0,66.7,1.01,74,646.0
4956,416.0,16.0,74.6,0.82,107,700.0
4957,492.0,15.66,87.8,0.96,107,754.0
4958,464.0,15.97,65.7,1.35,129,831.0
4959,436.0,32.01,87.9,0.84,68,562.0
4960,509.0,31.41,74.3,1.41,120,820.0
4961,351.0,43.24,93.7,1.46,61,539.0
4962,502.0,27.29,75.0,1.03,90,671.0
4963,400.0,16.91,55.0,1.31,27,481.0
4964,383.0,42.43,42.7,1.26,124,673.0
4965,580.0,26.58,47.5,1.35,26,587.0
4966,453.0,43.44,80.1,1.12,69,567.0
4967,502.0,35.38,24.4,1.48,10,508.0
4968,549.0,29.08,68.7,0.97,62,600.0
4969,470.0,17.91,82.1,0.81,146,846.0
4970,471.0,17.09,51.3,1.21,147,841.0
4971,556.0,43.13,75.2,1.37,98,750.0
4972,532.0,19.77,72.2,1.16,29,564.0
4973,473.0,43.86,88.7,1.19,146,792.0
4974,521.0,15.8,25.4,1.25,85,720.0
4975,364.0,20.94,77.8,0.83,147,729.0
4976,440.0,16.87,70.4,1.0,103,710.0
4977,620.0,35.32,38.2,1.32,29,602.0
4978,426.0,38.31,69.9,1.36,140,787.0
4979,437.0,32.33,35.9,0.85,97,631.0
4980,432.0,36.54,44.6,0.94,17,399.0
4981,460.0,16.5,25.4,1.44,46,599.0
4982,451.0,39.34,41.2,0.91,95,601.0
4983,504.0,43.59,24.5,0.88,91,647.0
4984,513.0,39.58,57.0,1.27,38,555.0
4985,496.0,28.85,88.3,1.17,12,491.0
4986,553.0,18.08,88.1,1.13,139,872.0
4987,631.0,33.98,80.9,1.37,48,656.0
4988,560.0,28.82,37.5,0.85,49,580.0
4989,430.0,21.91,87.8,1.4,20,500.0
4990,410.0,40.63,70.0,1.46,108,697.0
4991,439.0,43.26,53.8,1.47,81,653.0
4992,538.0,44.63,30.8,1.45,140,913.0
4993,513.0,34.97,93.8,1.27,53,587.0
4994,426.0,30.86,54.8,1.15,36,483.0
4995,551.0,20.7,91.1,1.2,116,813.0
4996,647.0,44.45,63.4,1.08,83,720.0
4997,418.0,37.01,40.8,1.4,58,572.0
4998,547.0,31.2,37.6,1.38,83,751.0
4999,377.0,26.15,20.4,1.43,65,561.0
5000,432.0,43.17,30.9,1.16,140,770.0
5001,470.0,34.85,46.6,1.01,63,569.0
5002,521.0,31.98,28.8,1.06,58,598.0
5003,532.0,37.02,52.5,1.03,127,757.0
5004,590.0,43.91,30.3,1.25,40,591.0
5005,561.0,26.53,72.1,1.4,114,814.0
5006,547.0,16.49,58.5,1.08,70,670.0
5007,480.0,27.6,94.7,1.01,144,803.0
5008,520.0,16.26,70.8,0.95,66,623.0
5009,439.0,38.32,69.1,1.39,98,676.0
5010,535.0,30.66,58.3,1.36,115,797.0
5011,561.0,44.59,82.6,0.96,109,724.0
5012,586.0,18.3,89.4,1.0,51,647.0
5013,517.0,37.13,40.4,1.28,81,678.0
5014,373.0,24.48,93.6,1.34,73,581.0
5015,558.0,20.78,48.3,1.27,42,608.0
5016,562.0,34.93,45.6,0.95,101,735.0
5017,599.0,23.58,43.1,1.35,48,669.0
5018,569.0,40.7,59.8,0.95,31,541.0
5019,427.0,17.7,86.8,0.85,27,442.0
5020,516.0,42.89,56.8,0.85,36,504.0
5021,485.0,41.49,23.5,0.9,45,488.0
5022,638.0,30.2,94.4,1.35,59,729.0
5023,496.0,40.33,74.5,1.24,127,793.0
5024,547.0,36.25,22.3,0.91,21,486.0
5025,421.0,37.3,42.3,1.09,121,685.0
5026,548.0,42.19,44.0,0.88,35,507.0
5027,570.0,15.69,87.8,1.25,23,584.0
5028,489.0,15.04,23.3,1.44,124,812.0
5029,550.0,22.89,71.7,1.06,127,818.0
5030,532.0,39.83,36.7,0.82,124,747.0
5031,293.0,35.74,50.2,1.31,83,574.0
5032,449.0,24.95,51.3,0.86,62,567.0
5033,532.0,21.91,54.5,1.48,95,776.0
5034,512.0,39.21,25.9,1.31,71,647.0
5035,554.0,28.27,21.5,0.94,145,873.0
5036,451.0,42.24,75.6,1.12,118,722.0
5037,407.0,35.45,80.6,0.83,72,504.0
5038,568.0,40.98,86.6,1.39,123,815.0
5039,564.0,25.4,65.2,1.37,130,896.0
5040,373.0,32.47,64.3,1.19,136,732.0
5041,424.0,26.67,68.3,1.31,28,480.0
5042,617.0,25.69,64.0,0.83,83,714.0
5043,572.0,39.65,69.9,0.85,28,512.0
5044,542.0,28.03,49.6,1.14,114,806.0
5045,377.0,31.5,44.2,0.91,18,392.0
5046,510.0,23.16,43.0,1.03,147,873.0
5047,639.0,38.12,40.3,1.08,81,742.0
5048,534.0,35.93,73.7,1.09,54,590.0
5049,558.0,32.37,22.2,1.21,36,571.0
5050,591.0,25.95,67.0,1.21,27,607.0
5051,488.0,31.65,35.0,1.18,98,700.0
5052,509.0,21.19,55.5,1.21,72,668.0
5053,392.0,18.83,94.5,0.89,127,729.0
5054,521.0,43.13,23.6,0.95,71,605.0
5055,578.0,25.26,77.0,1.34,73,722.0
5056,526.0,15.25,91.7,0.83,62,626.0
5057,642.0,34.71,42.9,1.12,111,827.0
5058,514.0,33.4,31.8,1.47,105,753.0
5059,531.0,39.89,57.5,0.85,23,473.0
5060,417.0,34.07,41.2,1.04,104,653.0
5061,354.0,23.57,52.5,1.48,114,741.0
5062,401.0,40.8,54.0,0.85,129,649.0
5063,497.0,22.55,44.4,0.85,136,799.0
5064,508.0,26.29,60.9,1.03,32,511.0
5065,667.0,22.62,63.9,1.43,114,899.0
5066,499.0,28.32,38.1,0.87,121,732.0
5067,454.0,23.73,33.6,1.05,105,717.0
5068,376.0,29.21,87.8,1.42,128,724.0
5069,415.0,40.05,74.1,1.25,144,755.0
5070,555.0,35.39,76.7,1.13,105,753.0
5071,496.0,36.56,66.5,1.29,137,824.0
5072,539.0,33.89,84.3,1.36,106,769.0
5073,567.0,36.88,90.9,1.4,54,651.0
5074,552.0,42.69,89.9,1.08,52,610.0
5075,504.0,28.48,87.2,1.14,71,645.0
5076,505.0,33.63,72.5,1.42,137,841.0
5077,468.0,42.2,89.4,1.41,85,669.0
5078,524.0,30.82,32.8,0.88,111,720.0
5079,446.0,37.26,59.9,1.42,72,631.0
5080,507.0,32.97,87.8,0.99,22,473.0
5081,599.0,41.87,54.6,0.99,104,739.0
5082,465.0,37.24,76.2,1.18,11,434.0
5083,514.0,38.68,22.5,0.98,63,585.0
5084,552.0,42.59,60.8,1.32,131,824.0
5085,516.0,44.54,83.0,0.95,60,563.0
5086,474.0,30.44,72.9,1.33,28,484.0
5087,658.0,41.75,59.3,1.28,125,921.0
5088,415.0,39.86,50.9,1.16,131,710.0
5089,392.0,41.8,70.2,1.34,127,731.0
5090,498.0,34.69,25.5,0.93,137,766.0
5091,488.0,32.91,64.4,1.16,51,576.0
5092,436.0,32.94,26.4,1.36,132,772.0
5093,574.0,27.35,66.7,0.9,130,843.0
5094,519.0,23.14,51.2,1.22,43,604.0
5095,411.0,28.54,82.6,1.37,49,564.0
5096,500.0,17.82,92.9,1.12,135,868.0
5097,474.0,29.25,33.3,1.15,79,658.0
5098,581.0,25.03,54.6,1.01,81,704.0
5099,571.0,15.51,21.9,1.03,138,891.0
5100,616.0,40.05,73.5,0.81,140,856.0
5101,398.0,16.27,30.7,1.19,97,688.0
5102,494.0,30.81,42.5,1.33,10,488.0
5103,589.0,41.12,56.8,0.83,135,817.0
5104,457.0,38.06,70.2,0.87,79,578.0
5105,631.0,36.5,25.9,1.16,22,589.0
5106,594.0,27.92,62.9,1.14,98,813.0
5107,396.0,30.56,58.1,1.38,114,696.0
5108,449.0,15.18,45.5,1.36,27,527.0
5109,501.0,37.06,84.9,0.83,72,612.0
5110,324.0,43.31,33.2,1.31,22,383.0
5111,493.0,40.98,21.9,1.09,126,758.0
5112,498.0,40.6,49.2,0.82,58,530.0
5113,539.0,17.91,43.4,0.95,100,742.0
5114,390.0,38.79,34.7,1.26,95,637.0
5115,372.0,40.91,46.3,1.09,82,531.0
5116,359.0,38.61,65.9,1.42,10,398.0
5117,499.0,24.72,41.0,0.92,134,822.0
5118,542.0,17.64,26.7,1.0,17,526.0
5119,452.0,44.46,65.3,1.13,89,603.0
5120,367.0,36.9,48.6,1.27,145,802.0
5121,587.0,16.53,42.1,1.22,148,940.0
5122,387.0,19.56,89.0,0.86,32,436.0
5123,436.0,17.39,76.7,1.49,29,543.0
5124,656.0,32.05,67.6,1.17,103,834.0
5125,495.0,22.77,83.8,1.04,97,706.0
5126,477.0,25.49,50.1,1.14,27,507.0
5127,458.0,26.05,69.4,0.87,38,486.0
5128,539.0,33.31,92.9,1.09,54,616.0
5129,491.0,18.8,23.7,1.4,18,532.0
5130,499.0,15.18,31.3,1.37,137,874.0
5131,662.0,41.42,81.5,1.2,26,576.0
5132,422.0,18.67,77.0,1.34,66,596.0
5133,551.0,42.51,64.3,1.11,132,818.0
5134,474.0,43.7,53.8,1.29,92,679.0
5135,524.0,23.55,64.4,1.44,125,849.0
5136,429.0,40.58,43.4,1.21,123,706.0
5137,499.0,38.52,79.6,1.37,49,580.0
5138,426.0,24.63,20.2,0.92,138,784.0
5139,540.0,34.86,72.8,0.99,124,777.0
5140,685.0,32.45,65.0,1.3,71,776.0
5141,580.0,18.66,63.5,1.34,38,620.0
5142,472.0,17.1,44.8,0.9,133,797.0
5143,445.0,22.13,67.9,1.18,29,522.0
5144,473.0,31.97,40.3,0.94,10,424.0
5145,482.0,38.03,52.9,1.32,99,706.0
5146,483.0,39.75,26.4,1.23,45,542.0
5147,528.0,44.33,24.4,0.86,95,677.0
5148,582.0,27.92,50.7,1.19,26,554.0
5149,494.0,43.08,30.1,0.88,65,549.0
5150,484.0,20.51,44.0,1.49,128,852.0
5151,621.0,19.01,60.5,1.26,12,598.0
5152,408.0,20.43,58.9,1.05,41,483.0
5153,397.0,21.82,38.0,0.84,141,766.0
5154,514.0,20.16,30.6,1.46,28,590.0
5155,378.0,31.06,73.7,1.09,106,659.0
5156,594.0,28.68,52.0,0.84,23,533.0
5157,721.0,22.08,31.6,0.91,71,771.0
5158,523.0,29.8,29.4,0.85,57,580.0
5159,401.0,35.37,88.5,1.14,129,721.0
5160,411.0,43.92,41.0,0.88,98,638.0
5161,314.0,30.22,86.3,1.24,97,598.0
5162,475.0,27.92,93.9,1.46,34,557.0
5163,544.0,36.62,28.1,1.29,77,679.0
5164,297.0,19.47,27.4,0.84,34,375.0
5165,587.0,38.42,55.3,1.22,96,718.0
5166,661.0,32.51,89.9,0.84,84,736.0
5167,442.0,15.48,27.0,0.81,143,784.0
5168,493.0,33.15,34.0,1.47,91,704.0
5169,414.0,19.31,44.9,0.89,106,666.0
5170,418.0,28.71,54.1,1.34,116,753.0
5171,685.0,19.01,84.2,1.02,106,877.0
5172,472.0,19.48,89.4,0.98,60,587.0
5173,520.0,39.77,73.8,1.43,71,684.0
5174,461.0,42.47,80.1,1.28,10,433.0
5175,491.0,21.76,31.9,1.33,43,609.0
5176,434.0,26.58,41.3,0.88,23,454.0
5177,483.0,42.12,64.7,1.34,148,829.0
5178,527.0,38.37,62.0,1.18,26,493.0
5179,618.0,41.3,91.0,1.42,83,755.0
5180,588.0,19.94,59.8,1.02,49,643.0
5181,434.0,39.87,90.0,1.12,67,578.0
5182,554.0,39.09,42.4,0.84,126,780.0
5183,449.0,15.32,78.5,1.48,21,513.0
5184,439.0,24.46,52.4,1.36,114,758.0
5185,609.0,33.97,40.8,0.92,139,856.0
5186,576.0,36.48,33.5,1.39,99,793.0
5187,318.0,27.54,26.2,1.24,108,661.0
5188,490.0,41.23,42.6,1.09,83,633.0
5189,622.0,19.56,35.2,1.12,143,930.0
5190,502.0,26.97,51.9,1.16,68,621.0
5191,527.0,20.18,23.3,1.23,136,853.0
5192,520.0,18.32,38.9,1.11,88,714.0
5193,541.0,28.39,78.9,0.96,26,523.0
5194,450.0,28.22,50.2,1.48,78,688.0
5195,589.0,40.51,89.6,0.86,15,473.0
5196,596.0,20.8,37.0,1.23,24,601.0
5197,394.0,35.75,61.3,1.4,110,715.0
5198,522.0,32.81,64.8,1.04,127,782.0
5199,511.0,21.98,23.6,1.44,105,782.0
5200,432.0,39.65,56.0,0.83,29,424.0
5201,463.0,42.59,36.0,1.41,128,774.0
5202,537.0,36.4,79.4,1.03,65,622.0
5203,495.0,38.26,62.8,0.98,71,599.0
5204,554.0,42.12,86.3,1.44,81,716.0
5205,480.0,29.0,90.2,1.17,122,774.0
5206,502.0,41.83,61.6,1.0,147,814.0
5207,529.0,27.37,74.4,1.14,12,502.0
5208,509.0,29.02,67.2,0.97,138,829.0
5209,571.0,37.66,49.4,0.93,30,535.0
5210,483.0,21.23,52.8,1.48,143,899.0
5211,515.0,22.23,51.0,1.1,129,825.0
5212,473.0,35.94,29.7,1.1,90,662.0
5213,460.0,26.7,74.0,1.37,108,747.0
5214,523.0,38.83,74.6,1.46,52,645.0
5215,386.0,21.46,76.7,0.86,63,528.0
5216,457.0,34.52,76.0,1.5,75,664.0
5217,413.0,41.24,25.3,0.82,109,627.0
5218,596.0,37.73,32.0,1.12,26,538.0
5219,388.0,15.76,40.3,1.34,126,765.0
5220,389.0,38.1,67.3,1.07,46,449.0
5221,351.0,16.91,86.7,0.98,70,558.0
5222,478.0,21.17,25.0,0.94,108,717.0
5223,563.0,38.61,50.9,0.92,23,486.0
5224,666.0,26.84,39.0,1.29,58,721.0
5225,271.0,33.71,70.5,0.98,139,653.0
5226,626.0,18.71,43.0,1.17,52,671.0
5227,574.0,21.7,48.4,1.32,122,851.0
5228,665.0,44.68,61.3,1.4,114,832.0
5229,511.0,19.54,82.2,1.35,37,606.0
5230,517.0,27.07,64.9,1.36,24,524.0
5231,489.0,28.82,40.4,0.87,58,565.0
5232,609.0,21.94,81.9,0.89,106,812.0
5233,384.0,40.69,39.9,0.89,50,428.0
5234,486.0,16.19,49.9,1.34,42,582.0
5235,476.0,22.72,80.7,1.35,16,508.0
5236,486.0,20.8,93.0,1.29,16,510.0
5237,529.0,22.97,80.1,1.32,63,637.0
5238,553.0,17.81,59.6,1.09,145,900.0
5239,451.0,19.67,60.2,1.38,72,640.0
5240,615.0,44.37,45.0,1.07,42,562.0
5241,548.0,27.12,33.2,1.45,27,587.0
5242,502.0,18.28,49.6,1.45,60,663.0
5243,464.0,30.42,93.1,1.1,34,500.0
5244,269.0,37.21,81.0,0.88,15,256.0
5245,574.0,36.01,41.9,0.91,128,816.0
5246,504.0,36.8,25.5,1.22,49,552.0
5247,425.0,23.34,86.0,1.29,141,798.0
5248,531.0,19.76,69.1,1.47,59,665.0
5249,569.0,38.54,91.0,1.31,128,822.0
5250,471.0,15.22,59.2,1.49,96,759.0
5251,412.0,18.27,25.7,1.33,101,708.0
5252,463.0,26.83,34.2,1.02,30,496.0
5253,346.0,26.5,42.8,0.82,56,465.0
5254,505.0,18.48,20.4,1.06,122,790.0
5255,735.0,41.77,62.0,0.95,96,801.0
5256,651.0,29.3,48.4,1.21,133,907.0
5257,457.0,39.3,40.0,0.95,148,771.0
5258,449.0,27.24,91.3,0.84,132,725.0
5259,587.0,27.2,90.0,1.46,143,944.0
5260,486.0,28.36,70.0,0.92,54,558.0
5261,475.0,41.37,35.3,1.16,13,428.0
5262,506.0,17.53,69.4,1.27,56,624.0
5263,263.0,21.43,36.4,1.19,118,635.0
5264,609.0,17.37,55.0,0.89,145,932.0
5265,381.0,42.49,91.7,0.97,125,646.0
5266,562.0,25.89,36.1,0.9,26,526.0
5267,534.0,33.42,77.0,1.29,75,675.0
5268,553.0,22.33,38.0,1.25,60,684.0
5269,656.0,43.25,76.8,1.35,10,565.0
5270,468.0,43.04,79.5,1.36,34,527.0
5271,624.0,43.95,37.1,1.17,144,894.0
5272,505.0,40.41,65.6,1.43,79,687.0
5273,349.0,36.87,44.3,1.18,51,487.0
5274,552.0,21.87,84.4,1.05,125,855.0
5275,320.0,22.06,21.6,1.34,74,550.0
5276,516.0,31.92,27.7,1.3,63,631.0
5277,374.0,35.36,89.9,1.03,101,596.0
5278,287.0,43.86,77.5,1.23,30,373.0
5279,429.0,23.36,37.2,1.22,12,449.0
5280,531.0,37.2,89.0,1.33,99,732.0
5281,575.0,19.55,37.4,0.81,49,602.0
5282,582.0,22.44,28.8,1.4,147,956.0
5283,476.0,39.04,48.3,1.32,122,763.0
5284,574.0,29.76,58.3,1.47,109,818.0
5285,575.0,27.69,88.6,0.93,108,795.0
5286,347.0,24.79,68.9,0.82,124,670.0
5287,379.0,26.71,45.0,1.4,48,535.0
5288,493.0,32.35,38.2,0.99,98,666.0
5289,666.0,31.0,25.8,1.27,32,625.0
5290,673.0,32.45,38.3,1.11,36,624.0
5291,620.0,23.95,86.4,1.41,91,792.0
5292,519.0,43.39,22.7,1.16,142,813.0
5293,689.0,20.7,51.2,1.42,19,655.0
5294,366.0,44.7,61.8,0.96,29,381.0
5295,553.0,43.63,50.0,0.98,40,531.0
5296,472.0,36.08,27.6,1.17,104,718.0
5297,478.0,32.31,94.0,1.27,42,534.0
5298,444.0,44.29,55.0,1.01,44,484.0
5299,433.0,21.45,40.3,0.95,66,558.0
5300,542.0,34.03,36.3,0.92,19,496.0
5301,475.0,42.41,61.1,1.41,60,591.0
5302,423.0,23.46,91.4,1.29,109,732.0
5303,467.0,32.97,40.4,1.17,106,704.0
5304,558.0,40.66,30.8,1.1,122,770.0
5305,531.0,30.04,29.9,0.88,127,782.0
5306,559.0,27.99,62.7,0.89,20,525.0
5307,513.0,43.26,93.5,1.32,148,854.0
5308,558.0,36.69,90.3,0.88,132,773.0
5309,329.0,31.19,75.2,1.26,43,469.0
5310,284.0,22.33,52.9,1.21,103,612.0
5311,471.0,22.24,78.5,0.99,122,741.0
5312,544.0,35.52,55.6,1.13,130,816.0
5313,511.0,20.75,29.0,0.91,147,833.0
5314,505.0,20.56,81.3,0.94,123,787.0
5315,613.0,32.01,79.2,1.42,97,831.0
5316,532.0,35.32,54.4,0.81,48,536.0
5317,474.0,23.48,81.5,0.89,141,812.0
5318,481.0,16.57,40.2,1.28,146,871.0
5319,520.0,17.36,81.6,0.91,60,642.0
5320,348.0,37.71,76.5,1.35,69,525.0
5321,546.0,23.16,26.0,1.45,69,703.0
5322,530.0,16.88,82.8,0.87,108,758.0
5323,461.0,15.48,49.5,1.34,142,870.0
5324,606.0,29.69,82.0,0.88,92,725.0
5325,475.0,34.86,22.2,1.14,25,495.0
5326,528.0,30.93,26.1,0.98,92,702.0
5327,507.0,27.91,24.2,1.12,130,817.0
5328,414.0,38.77,53.2,1.4,120,747.0
5329,622.0,28.92,56.9,1.12,33,626.0
5330,729.0,29.55,33.7,1.11,130,958.0
5331,378.0,25.47,20.3,1.14,81,594.0
5332,546.0,22.03,74.3,0.96,11,475.0
5333,484.0,19.21,63.5,1.37,129,861.0
5334,582.0,22.31,63.4,1.1,16,539.0
5335,420.0,31.97,53.8,0.84,96,599.0
5336,549.0,20.81,80.3,1.36,129,887.0
5337,527.0,35.56,77.3,0.94,29,501.0
5338,475.0,31.19,80.6,0.82,128,754.0
5339,489.0,24.04,58.0,1.5,31,588.0
5340,556.0,16.27,88.4,0.89,141,854.0
5341,463.0,32.53,76.8,0.87,124,727.0
5342,495.0,41.38,84.2,1.32,14,491.0
5343,366.0,15.17,46.5,1.28,34,502.0
5344,513.0,22.84,34.2,1.28,23,551.0
5345,572.0,41.28,36.4,1.48,41,613.0
5346,543.0,41.79,55.5,1.33,59,637.0
5347,443.0,28.27,28.3,0.99,89,627.0
5348,571.0,33.02,44.3,1.12,31,560.0
5349,415.0,41.25,22.4,1.13,69,563.0
5350,565.0,21.4,66.7,1.28,143,915.0
5351,484.0,37.17,32.5,1.31,21,485.0
5352,497.0,42.21,41.8,1.33,90,674.0
5353,550.0,23.12,31.6,1.08,137,841.0
5354,606.0,34.16,42.3,1.07,132,848.0
5355,495.0,16.02,68.3,1.1,121,808.0
5356,454.0,24.63,29.5,1.31,41,551.0
5357,561.0,27.85,25.3,1.42,100,808.0
5358,448.0,31.58,26.0,1.12,110,715.0
5359,544.0,23.14,61.8,0.9,31,527.0
5360,450.0,18.18,23.1,1.02,149,836.0
5361,436.0,35.89,31.4,1.23,11,424.0
5362,471.0,23.49,93.0,1.11,111,735.0
5363,454.0,16.62,48.1,1.1,32,505.0
5364,426.0,36.84,44.0,1.46,35,485.0
5365,578.0,36.71,61.2,0.87,115,760.0
5366,481.0,16.6,81.8,1.32,65,664.0
5367,524.0,20.86,36.7,1.22,43,583.0
5368,560.0,15.78,63.6,1.4,104,816.0
5369,489.0,29.39,40.0,0.98,62,580.0
5370,551.0,31.57,33.2,1.17,84,741.0
5371,597.0,36.03,74.4,0.88,77,693.0
5372,421.0,34.75,24.2,1.1,37,471.0
5373,514.0,19.08,60.6,1.21,66,707.0
5374,553.0,31.94,87.4,1.2,24,549.0
5375,451.0,33.88,21.7,0.81,21,409.0
5376,515.0,15.18,41.3,1.0,59,626.0
5377,364.0,33.33,35.5,0.85,53,461.0
5378,506.0,34.52,74.5,1.43,148,863.0
5379,521.0,26.15,38.7,1.37,146,884.0
5380,519.0,44.29,33.4,1.41,87,705.0
5381,562.0,32.38,87.8,1.03,135,852.0
5382,497.0,17.68,48.7,0.98,101,730.0
5383,491.0,25.65,85.2,0.81,31,507.0
5384,429.0,31.59,70.1,1.13,11,395.0
5385,463.0,42.37,55.8,0.82,36,433.0
5386,469.0,33.37,31.6,1.37,58,610.0
5387,527.0,39.41,64.3,1.35,83,689.0
5388,513.0,27.61,91.0,1.03,19,536.0
5389,491.0,33.51,32.0,0.86,137,785.0
5390,605.0,17.33,45.6,0.87,117,833.0
5391,635.0,21.05,52.2,1.36,73,769.0
5392,586.0,19.19,21.6,1.47,42,645.0
5393,577.0,43.97,62.4,0.83,10,430.0
5394,527.0,18.61,62.4,1.0,39,558.0
5395,573.0,18.93,26.0,1.29,144,904.0
5396,621.0,25.38,30.9,1.25,77,737.0
5397,378.0,17.61,57.0,1.06,59,548.0
5398,401.0,27.83,78.5,0.82,81,553.0
5399,490.0,43.59,68.6,1.45,74,662.0
5400,530.0,35.34,50.3,0.97,25,487.0
5401,493.0,43.93,51.4,1.2,21,454.0
5402,577.0,42.8,35.6,1.06,66,637.0
5403,464.0,20.89,69.0,1.33,133,841.0
5404,559.0,34.82,74.6,0.91,53,588.0
5405,578.0,27.63,34.9,0.91,38,557.0
5406,515.0,31.56,56.5,1.36,85,665.0
5407,535.0,35.01,38.0,0.9,112,753.0
5408,472.0,44.96,74.4,0.95,95,655.0
5409,422.0,16.21,68.7,1.49,144,868.0
5410,435.0,18.86,65.2,0.97,131,759.0
5411,689.0,22.14,45.6,1.04,94,825.0
5412,440.0,29.94,79.9,0.88,80,578.0
5413,589.0,32.18,94.0,0.88,122,807.0
5414,437.0,27.4,55.6,1.04,126,734.0
5415,421.0,28.69,63.0,1.45,142,813.0
5416,336.0,32.07,83.6,0.94,123,653.0
5417,520.0,24.52,83.9,1.28,73,676.0
5418,473.0,29.53,81.9,1.26,36,522.0
5419,469.0,41.58,94.2,1.19,85,632.0
5420,345.0,38.8,27.8,1.12,25,402.0
5421,469.0,19.08,73.0,1.23,18,495.0
5422,462.0,20.22,74.0,1.41,100,734.0
5423,459.0,15.61,61.0,1.0,24,501.0
5424,581.0,29.47,44.5,1.37,148,935.0
5425,539.0,38.21,44.1,0.86,56,580.0
5426,496.0,18.77,92.2,1.22,147,897.0
5427,379.0,27.07,84.1,1.33,25,447.0
5428,448.0,23.18,33.3,0.93,99,676.0
5429,526.0,43.79,93.4,1.47,99,745.0
5430,422.0,18.76,23.1,0.94,38,475.0
5431,509.0,31.19,30.9,0.88,65,620.0
5432,317.0,15.28,70.7,1.22,23,414.0
5433,659.0,24.56,48.5,1.49,83,824.0
5434,418.0,31.17,58.9,0.94,108,679.0
5435,459.0,31.26,40.2,1.13,135,779.0
5436,271.0,22.22,42.0,1.27,133,709.0
5437,485.0,22.57,33.9,0.9,149,825.0
5438,434.0,38.93,83.8,1.27,106,724.0
5439,418.0,20.42,52.1,0.87,138,789.0
5440,600.0,41.32,79.9,1.36,87,751.0
5441,566.0,35.95,55.1,1.04,130,842.0
5442,489.0,33.81,25.0,1.34,11,473.0
5443,427.0,20.43,66.4,1.39,109,731.0
5444,439.0,18.55,72.2,1.01,100,686.0
5445,546.0,28.71,77.7,0.88,128,817.0
5446,488.0,17.49,20.9,1.29,143,842.0
5447,656.0,28.46,50.2,0.88,42,677.0
5448,304.0,19.74,20.9,1.19,110,659.0
5449,595.0,19.92,74.1,1.07,23,583.0
5450,477.0,18.98,70.2,0.81,137,817.0
5451,492.0,19.98,48.1,0.92,44,545.0
5452,652.0,29.97,22.4,0.83,144,904.0
5453,490.0,42.42,71.0,0.82,144,772.0
5454,516.0,35.14,60.0,1.45,89,724.0
5455,491.0,26.32,69.9,0.96,120,762.0
5456,524.0,28.4,70.9,1.13,64,634.0
5457,482.0,38.42,67.5,1.47,148,849.0
5458,601.0,18.21,73.0,0.94,25,591.0
5459,543.0,44.24,88.0,0.8,16,458.0
5460,587.0,22.33,24.7,1.19,108,819.0
5461,529.0,41.5,82.0,0.82,123,748.0
5462,354.0,23.16,89.7,1.41,40,480.0
5463,549.0,26.25,73.7,1.11,108,781.0
5464,398.0,34.61,76.5,1.32,119,734.0
5465,362.0,41.7,23.8,1.42,63,516.0
5466,547.0,21.31,74.0,1.23,30,570.0
5467,668.0,41.67,60.9,1.01,99,796.0
5468,525.0,39.0,48.9,1.09,82,658.0
5469,385.0,36.5,50.2,1.15,29,401.0
5470,569.0,35.56,49.4,1.29,24,552.0
5471,530.0,24.55,39.0,1.04,83,682.0
5472,512.0,27.27,49.5,1.02,104,717.0
5473,405.0,36.6,63.5,1.13,118,706.0
5474,545.0,28.14,82.6,0.95,123,778.0
5475,328.0,29.05,30.3,1.11,86,562.0
5476,605.0,20.12,59.1,1.08,115,867.0
5477,459.0,25.99,85.7,1.18,89,689.0
5478,587.0,18.04,53.7,1.35,26,626.0
5479,709.0,31.63,63.4,0.93,113,875.0
5480,416.0,28.61,61.6,1.05,110,676.0
5481,583.0,18.28,37.9,1.04,44,642.0
5482,639.0,37.82,53.4,1.03,10,517.0
5483,264.0,28.09,38.6,0.93,51,402.0
5484,489.0,40.95,94.3,1.49,45,588.0
5485,534.0,39.47,91.5,1.32,12,515.0
5486,532.0,16.88,70.6,1.2,13,549.0
5487,302.0,34.4,40.7,1.0,138,700.0
5488,557.0,29.26,48.4,1.39,68,720.0
5489,530.0,34.45,50.9,1.22,145,844.0
5490,467.0,26.2,32.6,0.99,20,457.0
5491,622.0,24.21,86.9,1.24,29,621.0
5492,394.0,21.89,38.4,1.23,126,742.0
5493,523.0,19.3,66.4,0.82,120,760.0
5494,533.0,32.39,45.1,1.36,110,766.0
5495,379.0,16.94,28.1,1.37,81,658.0
5496,500.0,44.24,85.2,0.89,74,612.0
5497,446.0,44.01,45.5,1.33,115,696.0
5498,369.0,36.24,21.8,1.19,98,625.0
5499,449.0,39.19,60.1,1.29,117,745.0
5500,528.0,28.51,38.3,1.0,60,598.0
5501,523.0,42.89,63.3,0.98,59,566.0
5502,478.0,27.4,29.8,1.4,22,511.0
5503,517.0,26.35,48.4,1.13,67,655.0
5504,578.0,35.4,37.5,1.01,145,858.0
5505,461.0,20.47,76.8,1.05,60,554.0
5506,482.0,23.04,71.7,1.32,96,729.0
5507,529.0,34.18,26.2,1.33,104,773.0
5508,587.0,39.9,63.8,1.25,90,739.0
5509,335.0,40.51,77.2,1.17,112,638.0
5510,404.0,22.66,75.4,1.01,24,481.0
5511,537.0,44.24,47.2,1.11,42,561.0
5512,539.0,29.32,31.0,1.38,94,756.0
5513,480.0,17.16,38.8,1.17,79,679.0
5514,356.0,17.56,38.6,1.47,34,510.0
5515,379.0,28.15,44.3,1.41,34,492.0
5516,487.0,27.41,68.6,1.5,87,713.0
5517,460.0,40.42,40.6,0.89,104,692.0
5518,667.0,16.79,63.6,1.43,127,966.0
5519,482.0,27.37,21.9,1.0,20,502.0
5520,465.0,22.7,36.0,0.94,64,602.0
5521,488.0,27.64,62.1,0.92,126,770.0
5522,531.0,26.59,59.9,1.05,143,858.0
5523,601.0,39.44,58.6,1.03,53,607.0
5524,425.0,31.95,90.1,1.41,83,620.0
5525,487.0,25.37,57.2,1.44,17,516.0
5526,460.0,17.93,63.7,0.91,89,650.0
5527,482.0,16.15,60.9,1.28,37,585.0
5528,477.0,25.45,88.8,1.26,50,609.0
5529,468.0,26.13,47.8,1.11,21,478.0
5530,382.0,28.08,61.6,1.26,75,585.0
5531,577.0,36.45,83.9,1.39,59,678.0
5532,510.0,32.03,89.2,1.01,87,689.0
5533,412.0,28.14,92.9,1.49,59,582.0
5534,444.0,36.72,73.8,0.98,119,689.0
5535,410.0,40.72,28.7,0.94,94,586.0
5536,498.0,18.78,74.3,1.14,138,828.0
5537,562.0,26.35,75.9,1.34,100,807.0
5538,513.0,37.56,57.9,1.17,106,730.0
5539,448.0,40.41,70.5,1.22,40,497.0
5540,571.0,23.03,50.4,0.99,17,524.0
5541,526.0,36.57,51.3,1.2,59,616.0
5542,619.0,43.59,75.7,0.81,26,494.0
5543,554.0,32.7,79.0,1.17,85,703.0
5544,296.0,34.83,62.9,1.18,40,400.0
5545,663.0,19.97,74.9,1.5,61,752.0
5546,466.0,40.13,24.2,1.14,75,593.0
5547,392.0,31.15,34.2,1.04,20,402.0
5548,428.0,24.93,47.1,1.04,114,726.0
5549,430.0,31.71,37.3,1.15,31,463.0
5550,507.0,15.4,81.8,1.03,142,841.0
5551,535.0,29.09,85.2,1.42,72,699.0
5552,303.0,39.25,42.9,1.33,39,421.0
5553,632.0,23.27,70.4,1.27,104,824.0
5554,424.0,41.31,45.1,1.12,32,461.0
5555,590.0,42.61,30.6,1.14,76,684.0
5556,370.0,44.24,51.9,1.19,22,378.0
5557,362.0,15.77,50.2,1.02,26,461.0
5558,463.0,19.05,69.4,0.83,19,473.0
5559,552.0,22.5,36.8,0.98,13,500.0
5560,423.0,23.63,20.7,1.02,108,689.0
5561,529.0,27.16,42.5,1.09,39,588.0
5562,390.0,34.64,37.7,1.2,130,747.0
5563,421.0,19.73,55.2,1.19,93,655.0
5564,435.0,15.98,35.4,1.34,44,577.0
5565,415.0,19.81,66.2,0.92,81,621.0
5566,482.0,19.76,33.3,0.92,142,827.0
5567,610.0,38.94,29.7,1.08,125,847.0
5568,388.0,19.47,41.9,1.33,72,614.0
5569,391.0,25.29,73.5,1.05,109,667.0
5570,540.0,42.15,88.7,1.14,61,600.0
5571,593.0,35.91,74.1,0.95,47,612.0
5572,540.0,38.56,87.0,0.92,24,499.0
5573,565.0,29.49,74.9,0.89,96,704.0
5574,459.0,24.63,82.8,1.06,92,643.0
5575,515.0,38.64,58.0,1.35,141,849.0
5576,428.0,37.77,79.8,1.45,64,581.0
5577,525.0,31.84,64.9,1.24,143,840.0
5578,575.0,20.34,91.4,1.44,141,932.0
5579,476.0,29.7,82.8,1.06,68,584.0
5580,405.0,35.23,81.0,1.37,70,602.0
5581,518.0,30.75,69.6,1.13,61,622.0
5582,481.0,44.34,61.0,1.14,40,515.0
5583,407.0,30.79,31.8,1.49,46,551.0
5584,546.0,33.08,29.9,0.92,62,630.0
5585,520.0,17.21,48.7,1.03,96,745.0
5586,553.0,16.76,88.0,1.2,131,848.0
5587,503.0,40.5,42.5,1.12,27,477.0
5588,563.0,17.08,24.1,0.97,96,770.0
5589,441.0,28.62,20.2,1.21,81,618.0
5590,459.0,27.26,40.4,1.12,13,469.0
5591,475.0,44.28,38.4,0.81,60,532.0
5592,528.0,41.53,52.6,1.02,42,533.0
5593,442.0,28.15,26.3,1.04,49,547.0
5594,516.0,15.93,68.0,0.93,73,658.0
5595,460.0,34.99,50.5,1.11,44,549.0
5596,428.0,18.13,85.9,1.42,66,649.0
5597,587.0,23.77,80.2,0.93,135,868.0
5598,402.0,29.62,88.2,0.97,12,385.0
5599,475.0,17.58,94.7,0.85,65,596.0
5600,479.0,23.14,45.9,1.14,85,680.0
5601,519.0,37.01,72.3,1.29,68,616.0
5602,466.0,26.31,81.5,1.1,73,633.0
5603,431.0,33.51,45.7,1.0,89,626.0
5604,378.0,37.03,35.5,0.8,98,575.0
5605,343.0,35.25,67.8,1.2,121,658.0
5606,451.0,38.76,30.2,1.17,123,729.0
5607,503.0,38.32,46.6,1.34,67,622.0
5608,519.0,32.33,32.9,1.43,47,600.0
5609,451.0,36.68,63.1,1.45,21,472.0
5610,561.0,23.96,27.6,1.09,20,570.0
5611,513.0,30.62,46.9,1.47,79,724.0
5612,489.0,30.34,42.1,1.04,139,797.0
5613,586.0,33.19,25.2,1.43,147,934.0
5614,569.0,28.57,42.3,1.09,36,615.0
5615,509.0,44.84,40.1,0.88,101,635.0
5616,583.0,34.32,91.6,1.01,17,501.0
5617,492.0,17.75,35.8,1.37,17,485.0
5618,391.0,37.74,51.5,0.89,52,497.0
5619,490.0,22.38,62.4,1.44,13,529.0
5620,434.0,40.93,68.0,0.91,22,423.0
5621,659.0,18.44,43.2,0.86,54,713.0
5622,518.0,36.63,68.7,1.47,59,610.0
5623,474.0,37.92,83.0,1.46,69,635.0
5624,455.0,36.38,22.4,0.93,27,454.0
5625,354.0,16.2,50.8,1.23,134,762.0
5626,511.0,39.46,38.3,0.86,94,679.0
5627,672.0,20.42,36.2,1.29,84,814.0
5628,457.0,17.26,52.0,1.44,117,809.0
5629,415.0,41.01,36.4,1.02,111,653.0
5630,525.0,29.49,22.7,0.97,47,578.0
5631,545.0,29.32,39.5,1.15,14,499.0
5632,504.0,18.13,54.1,0.95,73,643.0
5633,422.0,35.07,61.1,0.82,132,704.0
5634,490.0,37.96,76.8,0.81,147,777.0
5635,463.0,30.58,67.0,0.91,21,460.0
5636,383.0,24.43,93.2,1.21,48,515.0
5637,579.0,30.27,33.1,1.04,123,830.0
5638,514.0,31.76,46.9,1.25,111,788.0
5639,434.0,24.35,79.0,1.39,103,731.0
5640,552.0,33.49,73.7,1.42,54,693.0
5641,366.0,37.79,62.9,1.13,60,523.0
5642,449.0,19.71,29.3,1.36,11,473.0
5643,484.0,27.72,41.3,1.32,140,859.0
5644,410.0,31.32,72.7,1.15,128,717.0
5645,345.0,18.34,73.2,1.43,69,582.0
5646,585.0,18.97,76.1,1.41,67,708.0
5647,568.0,35.27,46.6,1.24,61,628.0
5648,524.0,30.11,24.7,0.91,34,554.0
5649,584.0,20.6,93.5,0.93,130,866.0
5650,455.0,32.72,54.9,1.48,70,629.0
5651,546.0,17.55,29.1,1.44,82,764.0
5652,472.0,22.91,65.9,0.85,148,809.0
5653,468.0,33.77,88.3,0.81,72,586.0
5654,539.0,36.61,32.6,1.06,53,598.0
5655,428.0,43.39,72.8,1.46,115,704.0
5656,702.0,22.83,88.9,1.15,20,654.0
5657,520.0,38.73,60.1,1.04,148,823.0
5658,601.0,28.61,63.0,0.87,11,514.0
5659,470.0,33.93,61.7,0.86,10,409.0
5660,434.0,43.39,60.5,1.31,143,797.0
5661,562.0,40.71,21.7,0.81,32,491.0
5662,662.0,38.69,81.2,0.93,39,609.0
5663,587.0,32.61,94.7,1.2,26,559.0
5664,554.0,17.14,66.7,1.43,21,586.0
5665,506.0,17.63,86.4,1.31,40,600.0
5666,514.0,27.99,51.5,1.33,92,732.0
5667,517.0,24.68,47.7,0.9,14,498.0
5668,603.0,24.18,91.5,1.41,30,640.0
5669,433.0,24.64,70.5,0.85,103,669.0
5670,459.0,16.57,75.1,0.85,108,725.0
5671,531.0,41.78,28.3,1.38,104,717.0
5672,556.0,43.54,81.9,1.15,55,589.0
5673,463.0,26.26,28.9,1.17,64,608.0
5674,547.0,35.36,78.3,0.92,126,809.0
5675,504.0,25.65,57.2,1.48,14,547.0
5676,563.0,23.03,74.7,1.09,28,563.0
5677,476.0,23.37,42.2,1.29,31,541.0
5678,480.0,26.62,21.5,1.21,13,498.0
5679,530.0,25.86,77.0,1.1,15,469.0
5680,393.0,37.76,58.1,1.08,88,577.0
5681,523.0,44.17,78.5,1.07,67,606.0
5682,488.0,31.96,48.6,1.44,97,723.0
5683,458.0,22.47,26.4,1.35,67,627.0
5684,463.0,24.8,71.7,0.8,50,502.0
5685,440.0,18.76,51.8,1.12,107,716.0
5686,428.0,29.26,65.3,0.93,27,441.0
5687,553.0,34.26,81.1,1.04,86,682.0
5688,631.0,39.51,20.3,1.33,28,589.0
5689,471.0,24.99,47.7,1.38,90,715.0
5690,476.0,24.47,94.9,1.32,61,631.0
5691,481.0,16.46,43.6,0.83,40,527.0
5692,539.0,37.7,32.0,1.25,49,593.0
5693,591.0,18.9,67.9,0.81,127,871.0
5694,630.0,31.18,26.1,1.05,51,622.0
5695,443.0,41.62,21.2,1.01,147,754.0
5696,413.0,16.3,89.9,1.08,121,747.0
5697,606.0,23.72,42.0,1.24,91,786.0
5698,487.0,15.49,38.4,0.84,114,719.0
5699,381.0,18.93,63.6,1.2,130,769.0
5700,493.0,40.66,31.7,1.12,108,723.0
5701,612.0,20.65,32.9,1.31,48,683.0
5702,484.0,23.63,44.5,1.35,48,618.0
5703,388.0,34.28,40.0,0.85,48,460.0
5704,358.0,19.68,32.8,0.9,143,753.0
5705,523.0,20.16,22.7,1.47,55,680.0
5706,390.0,44.2,52.5,1.11,12,351.0
5707,516.0,26.19,39.0,1.38,50,623.0
5708,476.0,22.8,52.5,0.89,13,449.0
5709,561.0,21.86,50.9,1.28,129,861.0
5710,502.0,29.48,27.5,1.05,46,548.0
5711,422.0,24.72,58.9,1.19,107,736.0
5712,532.0,35.1,67.6,1.17,139,833.0
5713,387.0,40.22,28.7,1.08,122,670.0
5714,341.0,44.85,33.3,1.36,137,715.0
5715,546.0,25.25,37.8,1.13,141,847.0
5716,501.0,27.32,21.4,0.85,31,516.0
5717,472.0,44.04,91.4,1.0,14,394.0
5718,532.0,30.96,89.3,1.15,20,513.0
5719,672.0,15.74,74.6,1.31,29,706.0
5720,465.0,44.61,24.0,1.44,58,573.0
5721,545.0,22.41,58.8,0.91,57,617.0
5722,619.0,20.83,27.0,0.84,126,848.0
5723,569.0,25.29,44.5,1.07,43,596.0
5724,489.0,38.99,74.2,0.87,40,522.0
5725,374.0,25.74,31.8,1.23,88,622.0
5726,559.0,31.36,28.2,1.0,10,505.0
5727,556.0,39.6,57.9,1.36,17,534.0
5728,486.0,41.28,66.4,1.15,115,684.0
5729,441.0,33.35,32.4,1.29,27,489.0
5730,467.0,33.83,21.7,1.37,144,837.0
5731,593.0,37.43,58.6,1.27,113,808.0
5732,510.0,25.86,33.2,1.22,44,585.0
5733,467.0,25.13,48.9,1.49,49,594.0
5734,546.0,43.59,52.6,1.14,41,570.0
5735,545.0,25.81,26.6,1.31,127,849.0
5736,504.0,18.57,77.2,1.01,107,733.0
5737,557.0,18.09,78.3,1.4,60,687.0
5738,500.0,30.76,92.7,1.12,40,571.0
5739,453.0,38.51,51.3,1.16,110,710.0
5740,551.0,34.43,69.5,1.12,42,573.0
5741,588.0,19.79,50.7,0.83,98,754.0
5742,471.0,41.66,27.3,1.19,46,523.0
5743,549.0,26.24,84.1,0.98,45,587.0
5744,538.0,24.9,88.4,0.82,130,805.0
5745,531.0,40.44,27.9,1.03,42,526.0
5746,441.0,35.27,84.1,1.03,73,561.0
5747,571.0,35.52,44.4,1.09,83,715.0
5748,500.0,29.17,43.7,1.32,34,556.0
5749,430.0,32.45,69.7,1.3,38,554.0
5750,421.0,26.89,59.8,0.84,145,764.0
5751,476.0,31.77,72.6,1.32,66,611.0
5752,443.0,27.38,41.7,1.46,146,853.0
5753,427.0,28.23,29.0,1.4,16,452.0
5754,475.0,24.77,61.3,1.32,79,682.0
5755,446.0,22.53,63.1,0.88,40,508.0
5756,461.0,32.58,54.8,1.26,132,797.0
5757,453.0,37.96,70.8,1.42,141,840.0
5758,431.0,34.64,58.1,1.47,103,694.0
5759,551.0,23.97,31.7,0.92,84,715.0
5760,410.0,16.01,77.9,1.02,123,758.0
5761,481.0,21.17,60.4,0.98,31,500.0
5762,513.0,36.82,94.0,0.86,116,703.0
5763,531.0,40.88,32.0,1.0,97,705.0
5764,637.0,41.83,78.4,0.91,109,772.0
5765,525.0,40.09,69.3,1.49,102,758.0
5766,510.0,20.61,25.4,1.42,136,882.0
5767,636.0,39.22,27.7,1.27,48,650.0
5768,665.0,28.6,22.3,1.5,72,766.0
5769,409.0,34.36,47.8,1.25,100,671.0
5770,436.0,19.88,85.2,1.29,108,740.0
5771,643.0,28.31,75.7,1.11,23,576.0
5772,442.0,21.36,72.4,0.87,148,797.0
5773,517.0,36.29,63.6,1.48,17,535.0
5774,515.0,40.29,59.8,0.92,19,464.0
5775,513.0,23.64,84.4,1.23,71,703.0
5776,561.0,34.48,64.7,1.31,83,750.0
5777,410.0,44.31,52.8,0.95,122,675.0
5778,435.0,35.83,44.9,1.23,123,752.0
5779,509.0,35.72,49.1,1.39,86,694.0
5780,610.0,27.07,87.7,1.43,59,715.0
5781,487.0,37.2,94.4,0.83,113,714.0
5782,398.0,25.52,23.8,1.06,99,656.0
5783,534.0,38.47,95.0,1.45,66,688.0
5784,538.0,24.06,47.1,0.82,130,796.0
5785,495.0,18.46,39.5,1.48,27,582.0
5786,596.0,35.84,86.6,0.8,21,510.0
5787,576.0,34.32,86.9,0.92,59,633.0
5788,549.0,32.33,27.8,1.01,12,489.0
5789,408.0,32.34,37.9,0.81,24,422.0
5790,492.0,43.51,86.7,1.06,45,520.0
5791,642.0,33.29,88.9,1.37,116,866.0
5792,533.0,39.83,76.2,0.85,114,744.0
5793,434.0,20.41,36.7,1.32,48,567.0
5794,441.0,27.13,24.5,1.0,36,475.0
5795,616.0,21.06,54.6,1.23,21,635.0
5796,511.0,31.03,41.8,1.32,42,610.0
5797,537.0,35.2,62.3,1.32,72,648.0
5798,534.0,27.48,41.8,0.86,12,483.0
5799,406.0,22.88,91.1,1.28,65,570.0
5800,393.0,41.02,80.6,1.12,63,513.0
5801,469.0,25.98,81.3,1.22,107,728.0
5802,565.0,37.69,76.7,0.9,133,830.0
5803,573.0,31.86,23.4,1.25,61,667.0
5804,356.0,29.98,61.6,0.82,131,670.0
5805,631.0,20.18,74.6,1.31,36,636.0
5806,607.0,39.79,89.3,1.03,149,896.0
5807,494.0,38.44,68.9,1.05,28,472.0
5808,590.0,43.36,74.6,1.22,87,721.0
5809,408.0,34.77,83.7,1.32,29,481.0
5810,421.0,16.08,56.1,0.9,20,424.0
5811,564.0,27.94,83.1,1.16,79,719.0
5812,556.0,16.0,46.2,1.03,59,669.0
5813,389.0,16.21,31.0,1.3,100,698.0
5814,537.0,41.52,78.7,1.45,113,758.0
5815,425.0,17.55,70.9,1.41,76,661.0
5816,310.0,34.41,46.4,1.32,29,404.0
5817,517.0,36.31,43.5,1.44,64,665.0
5818,433.0,20.22,85.6,0.96,75,604.0
5819,477.0,15.14,74.3,0.85,50,568.0
5820,486.0,34.7,28.5,1.38,42,565.0
5821,549.0,18.17,88.8,1.08,126,838.0
5822,662.0,23.77,86.4,1.19,28,644.0
5823,379.0,28.61,62.0,1.18,42,494.0
5824,527.0,27.25,48.1,1.44,65,676.0
5825,566.0,18.17,25.9,0.9,15,523.0
5826,385.0,41.51,32.1,1.34,81,592.0
5827,387.0,40.41,37.6,1.13,80,568.0
5828,525.0,34.81,51.9,1.43,105,775.0
5829,546.0,17.2,89.4,1.3,101,782.0
5830,534.0,17.06,58.0,1.01,106,765.0
5831,477.0,19.92,39.7,1.33,55,625.0
5832,448.0,25.19,52.6,1.0,22,443.0
5833,636.0,35.78,25.7,1.23,108,830.0
5834,412.0,16.62,94.1,1.09,105,701.0
5835,399.0,43.16,51.1,1.08,35,421.0
5836,397.0,19.33,20.2,1.09,124,722.0
5837,376.0,23.71,80.7,1.39,109,719.0
5838,531.0,27.01,56.0,1.37,96,760.0
5839,466.0,40.13,25.7,0.85,148,774.0
5840,595.0,30.93,21.5,0.81,66,639.0
5841,496.0,35.61,47.7,1.34,116,789.0
5842,500.0,16.39,79.3,1.19,20,558.0
5843,514.0,20.87,41.1,1.47,76,714.0
5844,391.0,21.79,78.1,1.11,27,466.0
5845,463.0,25.88,34.2,1.23,59,611.0
5846,590.0,29.13,39.1,1.27,64,676.0
5847,518.0,36.31,93.9,1.36,143,863.0
5848,524.0,41.52,67.8,1.32,68,660.0
5849,397.0,44.07,85.2,0.85,133,681.0
5850,509.0,15.34,24.0,1.11,52,628.0
5851,607.0,22.74,55.1,1.04,70,686.0
5852,463.0,32.9,47.8,1.16,54,556.0
5853,443.0,23.01,77.2,1.02,146,794.0
5854,439.0,18.19,54.4,1.04,43,515.0
5855,570.0,44.3,55.3,1.36,43,601.0
5856,496.0,39.73,56.7,0.92,118,729.0
5857,506.0,37.6,85.9,1.11,112,733.0
5858,446.0,43.77,56.2,1.36,135,800.0
5859,456.0,41.68,61.7,1.22,78,590.0
5860,611.0,42.68,64.0,1.05,125,819.0
5861,518.0,36.28,90.3,1.15,72,640.0
5862,462.0,17.27,39.6,1.26,30,540.0
5863,563.0,44.63,34.5,1.03,104,733.0
5864,439.0,35.4,90.2,1.38,147,851.0
5865,690.0,27.22,78.4,0.92,53,689.0
5866,596.0,18.69,38.5,1.38,113,887.0
5867,576.0,21.78,22.2,0.93,79,721.0
5868,513.0,41.49,26.9,1.19,121,787.0
5869,468.0,39.44,63.0,0.93,105,664.0
5870,554.0,26.29,59.1,1.25,133,859.0
5871,738.0,26.82,45.7,1.46,32,747.0
5872,472.0,18.6,82.4,1.02,72,611.0
5873,490.0,39.75,88.2,1.36,56,588.0
5874,631.0,44.59,62.0,1.2,52,649.0
5875,583.0,30.49,61.8,1.12,98,758.0
5876,536.0,23.34,52.8,0.87,72,653.0
5877,530.0,42.79,24.1,1.04,51,540.0
5878,368.0,31.87,60.1,1.33,59,550.0
5879,587.0,36.52,33.0,1.04,53,627.0
5880,667.0,20.73,27.2,1.29,56,729.0
5881,543.0,43.56,65.2,1.48,143,874.0
5882,386.0,30.8,61.5,1.34,94,606.0
5883,393.0,36.38,26.0,1.47,31,456.0
5884,578.0,22.56,69.9,1.42,147,936.0
5885,487.0,30.46,63.7,1.49,72,664.0
5886,577.0,33.21,81.7,1.22,70,684.0
5887,430.0,23.21,36.1,1.23,90,652.0
5888,503.0,39.02,21.8,0.94,127,761.0
5889,468.0,22.82,72.4,1.12,33,524.0
5890,499.0,37.91,57.4,1.07,54,569.0
5891,497.0,26.81,60.0,1.33,29,532.0
5892,350.0,39.26,52.6,1.43,32,435.0
5893,624.0,27.72,66.9,1.46,145,954.0
5894,401.0,22.83,28.8,1.18,75,627.0
5895,512.0,39.67,47.7,1.08,132,818.0
5896,507.0,39.49,47.0,1.12,65,554.0
5897,347.0,32.93,34.9,1.0,42,436.0
5898,407.0,40.3,51.0,1.12,143,749.0
5899,511.0,22.38,25.8,1.47,119,823.0
5900,491.0,37.07,27.7,1.15,33,526.0
5901,500.0,21.69,22.4,1.14,37,542.0
5902,616.0,16.03,36.3,0.92,120,850.0
5903,367.0,33.24,57.4,1.05,70,521.0
5904,422.0,31.04,69.0,1.43,116,747.0
5905,575.0,39.39,84.1,1.2,112,804.0
5906,421.0,19.97,65.6,1.48,87,694.0
5907,502.0,19.75,22.0,1.44,149,901.0
5908,514.0,27.92,77.4,1.2,130,814.0
5909,560.0,28.24,54.7,1.42,34,569.0
5910,518.0,44.0,77.7,0.89,56,530.0
5911,449.0,27.47,22.2,0.94,63,542.0
5912,265.0,37.32,49.5,1.12,26,342.0
5913,410.0,30.17,33.2,1.04,102,647.0
5914,560.0,35.29,89.3,1.35,40,592.0
5915,474.0,30.67,93.4,1.49,59,620.0
5916,470.0,33.63,72.4,1.41,87,684.0
5917,336.0,31.94,53.9,1.02,50,435.0
5918,543.0,44.21,94.5,1.23,117,791.0
5919,384.0,41.97,76.7,1.18,76,508.0
5920,543.0,19.99,63.2,1.24,139,856.0
5921,556.0,37.66,76.0,1.26,139,868.0
5922,451.0,27.84,28.8,1.39,147,859.0
5923,446.0,40.43,85.1,1.3,57,560.0
5924,453.0,30.62,46.1,0.9,61,530.0
5925,462.0,30.52,40.9,1.35,18,486.0
5926,370.0,34.79,53.8,1.42,134,731.0
5927,709.0,25.94,68.1,1.22,30,644.0
5928,442.0,32.15,48.8,1.21,112,720.0
5929,544.0,32.22,63.6,1.17,60,619.0
5930,571.0,27.05,34.3,1.0,14,539.0
5931,472.0,38.99,36.1,0.89,93,644.0
5932,481.0,26.86,22.3,0.95,64,600.0
5933,486.0,34.24,41.2,1.13,62,585.0
5934,344.0,43.87,64.1,1.16,107,643.0
5935,468.0,27.08,48.8,1.27,67,594.0
5936,598.0,21.45,68.4,1.13,32,607.0
5937,500.0,41.85,51.6,1.12,147,813.0
5938,663.0,35.96,80.1,1.26,108,829.0
5939,533.0,33.01,30.4,1.1,51,583.0
5940,517.0,40.71,71.9,1.37,99,725.0
5941,479.0,42.99,80.2,1.04,52,531.0
5942,544.0,15.88,39.6,1.44,130,873.0
5943,470.0,17.07,71.2,0.99,137,818.0
5944,467.0,43.31,27.4,1.33,101,702.0
5945,523.0,19.01,94.1,0.81,35,525.0
5946,394.0,44.49,74.2,1.03,14,379.0
5947,410.0,35.19,60.8,0.93,65,506.0
5948,512.0,29.99,85.2,0.91,42,536.0
5949,450.0,19.93,40.8,1.46,86,697.0
5950,448.0,26.75,40.8,1.04,47,553.0
5951,493.0,23.29,36.0,1.42,81,706.0
5952,511.0,39.13,52.8,1.33,135,844.0
5953,570.0,17.56,60.2,0.83,13,534.0
5954,692.0,39.18,25.7,1.28,123,908.0
5955,669.0,17.08,81.1,1.01,112,895.0
5956,520.0,20.35,31.6,1.22,133,838.0
5957,486.0,20.47,44.4,0.96,95,692.0
5958,501.0,36.07,67.3,1.32,141,823.0
5959,504.0,15.07,81.7,1.38,82,717.0
5960,533.0,42.52,65.7,1.46,21,522.0
5961,436.0,23.3,49.7,0.95,143,777.0
5962,586.0,29.83,74.2,0.91,37,572.0
5963,544.0,41.45,20.1,0.93,117,743.0
5964,526.0,33.95,93.6,1.05,29,521.0
5965,544.0,20.99,59.3,1.33,52,623.0
5966,455.0,34.16,30.0,0.95,57,524.0
5967,416.0,21.3,56.9,1.06,86,639.0
5968,545.0,21.22,29.5,0.9,125,821.0
5969,715.0,38.53,71.6,1.18,142,956.0
5970,477.0,35.28,25.2,1.18,56,575.0
5971,519.0,29.64,56.3,0.82,32,517.0
5972,551.0,15.09,70.3,0.98,16,523.0
5973,415.0,35.0,89.2,1.47,61,583.0
5974,519.0,43.82,26.7,1.23,98,699.0
5975,430.0,29.81,79.6,1.46,16,460.0
5976,605.0,40.12,65.7,1.22,10,540.0
5977,588.0,44.41,62.8,1.18,123,833.0
5978,396.0,18.5,82.4,0.89,76,574.0
5979,325.0,17.89,81.5,1.05,34,428.0
5980,655.0,25.46,54.8,1.05,79,768.0
5981,505.0,35.67,56.0,1.02,11,474.0
5982,380.0,17.78,75.8,1.32,30,498.0
5983,492.0,31.1,21.7,0.98,69,569.0
5984,490.0,37.2,83.4,1.38,147,855.0
5985,470.0,33.28,71.4,1.24,38,524.0
5986,586.0,25.92,50.5,1.13,135,903.0
5987,509.0,29.21,85.6,1.34,119,817.0
5988,629.0,27.82,74.6,0.98,107,796.0
5989,347.0,42.0,88.1,0.96,66,475.0
5990,449.0,20.45,39.6,0.81,32,455.0
5991,602.0,37.6,67.4,1.4,119,852.0
5992,527.0,22.11,24.7,1.33,60,675.0
5993,417.0,29.25,34.8,1.32,41,486.0
5994,500.0,24.0,68.3,0.83,60,577.0
5995,469.0,28.81,84.3,1.17,64,585.0
5996,544.0,16.98,58.6,1.1,75,725.0
5997,491.0,27.43,53.8,0.83,113,740.0
5998,540.0,33.86,78.5,1.31,118,813.0
5999,548.0,34.23,39.3,1.28,73,683.0
6000,453.0,42.46,81.6,0.96,67,586.0
6001,659.0,31.19,73.0,1.16,144,939.0
6002,693.0,31.71,54.8,0.98,111,846.0
6003,581.0,15.35,93.3,1.24,55,682.0
6004,567.0,26.58,63.6,0.87,65,633.0
6005,526.0,17.86,63.4,0.98,76,673.0
6006,544.0,32.31,33.6,1.03,57,609.0
6007,563.0,25.44,69.8,1.42,52,638.0
6008,601.0,17.34,87.9,0.89,104,788.0
6009,471.0,22.51,27.6,1.05,93,686.0
6010,406.0,15.65,43.3,0.94,78,618.0
6011,527.0,31.4,75.6,1.23,85,679.0
6012,294.0,31.91,94.9,0.91,90,531.0
6013,571.0,26.52,81.2,1.04,110,785.0
6014,484.0,15.88,51.6,0.98,22,521.0
6015,450.0,31.5,80.0,1.09,19,440.0
6016,364.0,44.46,50.6,1.44,105,648.0
6017,458.0,42.37,32.5,1.18,64,576.0
6018,420.0,33.35,46.1,1.0,145,775.0
6019,502.0,25.22,21.9,0.97,33,532.0
6020,644.0,31.06,80.8,0.82,24,555.0
6021,476.0,29.51,28.1,0.82,35,489.0
6022,224.0,15.91,79.8,1.28,38,406.0
6023,493.0,27.16,20.9,1.17,52,592.0
6024,572.0,15.64,65.9,1.27,108,858.0
6025,649.0,40.67,65.3,1.26,45,652.0
6026,525.0,32.22,77.7,1.27,109,767.0
6027,509.0,28.17,87.2,0.9,148,850.0
6028,491.0,20.7,27.8,1.02,35,554.0
6029,546.0,41.57,33.0,0.89,88,639.0
6030,585.0,35.05,29.9,1.04,106,744.0
6031,489.0,41.42,35.3,0.94,115,736.0
6032,488.0,35.63,75.2,1.14,129,768.0
6033,614.0,42.02,28.0,0.99,40,595.0
6034,566.0,24.67,47.1,0.87,140,841.0
6035,542.0,35.64,38.5,1.24,52,599.0
6036,571.0,16.86,51.8,1.15,33,604.0
6037,436.0,15.87,89.9,1.28,28,499.0
6038,450.0,23.53,81.4,1.07,38,508.0
6039,530.0,37.93,45.3,1.49,66,651.0
6040,462.0,19.56,92.1,1.3,94,715.0
6041,506.0,38.46,56.6,0.88,138,751.0
6042,615.0,17.7,80.3,1.04,122,852.0
6043,505.0,15.86,91.7,0.86,49,578.0
6044,490.0,28.72,84.8,1.27,82,691.0
6045,484.0,19.46,79.2,1.18,136,814.0
6046,568.0,20.74,93.4,0.91,119,812.0
6047,470.0,31.02,94.4,0.94,119,724.0
6048,361.0,38.57,21.3,1.34,62,513.0
6049,521.0,41.37,89.8,1.33,122,805.0
6050,483.0,33.55,34.5,0.89,87,629.0
6051,590.0,25.06,49.0,1.39,104,814.0
6052,584.0,43.28,60.9,1.15,100,737.0
6053,610.0,41.31,64.9,1.02,13,502.0
6054,447.0,41.22,70.4,1.02,66,541.0
6055,484.0,35.38,36.7,0.96,28,472.0
6056,588.0,24.87,79.6,1.05,68,682.0
6057,599.0,30.1,46.6,1.01,135,874.0
6058,507.0,32.26,84.5,0.9,143,796.0
6059,453.0,44.89,66.7,0.94,19,438.0
6060,584.0,40.8,52.4,1.15,76,689.0
6061,565.0,38.81,79.7,0.85,75,658.0
6062,561.0,36.07,32.7,1.36,75,711.0
6063,397.0,15.79,71.5,1.06,100,681.0
6064,491.0,17.18,22.9,0.95,11,480.0
6065,548.0,17.37,21.1,1.36,39,639.0
6066,513.0,33.32,74.5,1.4,106,787.0
6067,602.0,37.52,73.4,1.47,18,555.0
6068,501.0,29.09,20.2,1.34,81,704.0
6069,360.0,26.43,54.4,1.44,90,636.0
6070,492.0,18.93,85.5,1.39,147,878.0
6071,375.0,41.75,26.7,0.9,120,654.0
6072,472.0,35.13,63.0,1.11,61,555.0
6073,565.0,40.79,55.7,1.47,144,890.0
6074,679.0,15.7,48.8,1.41,90,861.0
6075,529.0,30.85,79.6,1.14,119,786.0
6076,463.0,23.7,67.1,1.46,104,756.0
6077,557.0,17.9,34.9,0.96,71,668.0
6078,483.0,16.41,57.3,1.28,76,677.0
6079,341.0,41.27,57.3,0.87,47,375.0
6080,350.0,32.78,78.8,1.4,10,402.0
6081,600.0,21.81,70.9,0.83,113,820.0
6082,423.0,35.76,21.4,1.49,128,791.0
6083,560.0,34.9,78.3,0.8,114,752.0
6084,426.0,33.18,37.0,1.07,100,662.0
6085,450.0,27.62,91.7,1.31,129,791.0
6086,481.0,39.07,43.8,1.21,145,833.0
6087,552.0,22.95,90.9,0.89,87,683.0
6088,638.0,20.32,51.1,0.88,101,794.0
6089,403.0,30.25,58.0,1.45,18,440.0
6090,404.0,42.75,59.9,1.37,80,584.0
6091,479.0,35.51,48.2,1.13,51,537.0
6092,512.0,16.57,77.5,0.82,55,570.0
6093,503.0,35.77,38.1,1.27,51,581.0
6094,571.0,24.81,38.7,0.93,88,713.0
6095,361.0,35.1,27.5,1.37,45,485.0
6096,401.0,18.35,33.8,1.35,74,627.0
6097,426.0,27.2,22.7,0.81,53,501.0
6098,620.0,20.55,67.8,1.45,26,667.0
6099,492.0,27.84,20.6,1.02,11,461.0
6100,411.0,36.18,46.9,1.4,51,525.0
6101,395.0,24.9,26.9,0.98,56,533.0
6102,421.0,15.24,59.9,1.49,100,742.0
6103,510.0,28.6,72.4,1.33,87,713.0
6104,537.0,25.68,72.9,1.41,137,915.0
6105,435.0,43.67,47.9,1.05,113,669.0
6106,530.0,22.54,62.4,0.86,146,866.0
6107,679.0,36.26,41.0,1.4,57,730.0
6108,497.0,33.9,78.0,1.36,23,510.0
6109,564.0,35.29,94.1,1.15,136,841.0
6110,543.0,21.58,26.5,1.39,134,922.0
6111,573.0,41.51,90.4,1.38,132,873.0
6112,407.0,26.73,85.3,1.36,54,559.0
6113,549.0,32.92,87.1,1.44,81,693.0
6114,613.0,33.51,89.8,1.43,73,754.0
6115,702.0,35.84,51.2,0.83,64,679.0
6116,496.0,23.83,30.0,1.16,111,773.0
6117,421.0,30.72,89.6,0.89,129,727.0
6118,409.0,24.21,59.0,1.41,109,740.0
6119,473.0,25.7,66.4,0.82,135,752.0
6120,420.0,23.46,62.8,1.05,135,724.0
6121,549.0,38.67,45.9,1.24,140,840.0
6122,551.0,19.46,61.7,0.89,59,622.0
6123,503.0,44.58,79.5,1.13,118,737.0
6124,513.0,43.76,61.2,1.4,97,733.0
6125,554.0,40.35,83.5,0.85,37,534.0
6126,470.0,38.07,46.3,1.03,122,730.0
6127,546.0,42.28,39.1,1.24,126,796.0
6128,560.0,42.52,56.2,1.04,22,505.0
6129,591.0,39.35,86.3,1.32,33,577.0
6130,365.0,28.21,85.1,0.85,24,418.0
6131,673.0,19.21,58.7,1.4,64,778.0
6132,462.0,30.51,81.2,0.97,42,526.0
6133,516.0,17.93,64.7,0.84,85,663.0
6134,528.0,21.68,56.4,1.22,135,840.0
6135,562.0,17.03,36.8,0.98,145,893.0
6136,366.0,40.28,50.3,1.36,67,518.0
6137,519.0,37.16,62.9,0.83,85,604.0
6138,494.0,18.31,66.7,0.99,69,651.0
6139,474.0,37.09,88.0,1.22,71,644.0
6140,521.0,16.37,81.9,1.43,121,851.0
6141,477.0,38.65,24.9,1.05,146,800.0
6142,615.0,40.73,57.5,1.02,85,740.0
6143,566.0,19.38,28.2,1.42,11,580.0
6144,495.0,42.8,83.0,0.99,112,690.0
6145,523.0,38.67,52.7,1.11,32,507.0
6146,513.0,26.66,38.5,1.32,21,549.0
6147,516.0,42.9,94.7,1.25,67,601.0
6148,532.0,24.21,38.2,0.84,22,524.0
6149,560.0,44.08,23.4,1.18,13,502.0
6150,511.0,17.99,55.0,1.38,49,632.0
6151,432.0,20.3,80.7,1.04,30,493.0
6152,450.0,42.72,47.4,0.96,13,418.0
6153,468.0,24.47,59.5,1.17,17,474.0
6154,571.0,37.02,60.3,0.85,61,609.0
6155,489.0,18.45,37.5,1.49,13,531.0
6156,519.0,18.14,52.6,1.34,47,611.0
6157,516.0,35.76,79.5,1.23,94,714.0
6158,515.0,16.9,42.4,1.14,139,852.0
6159,498.0,17.15,33.2,0.96,77,680.0
6160,476.0,44.77,26.5,1.33,19,447.0
6161,440.0,34.77,55.6,0.89,141,742.0
6162,396.0,24.71,94.9,1.33,59,592.0
6163,490.0,34.68,39.4,1.33,126,764.0
6164,513.0,36.91,86.5,1.38,16,515.0
6165,405.0,17.27,92.8,1.45,62,608.0
6166,399.0,25.05,46.2,1.2,149,836.0
6167,534.0,17.79,45.7,1.21,148,912.0
6168,486.0,38.85,90.9,0.8,58,546.0
6169,710.0,27.68,63.2,0.94,147,972.0
6170,541.0,35.22,65.8,1.21,90,698.0
6171,459.0,39.5,74.1,1.44,65,596.0
6172,414.0,36.83,58.7,1.38,54,528.0
6173,450.0,28.5,53.7,1.03,109,695.0
6174,354.0,38.39,46.0,1.15,44,436.0
6175,680.0,40.54,37.4,1.47,67,735.0
6176,565.0,18.51,65.5,1.35,80,749.0
6177,441.0,15.32,23.9,1.42,137,805.0
6178,582.0,39.47,32.6,0.81,114,776.0
6179,499.0,25.63,90.6,0.97,44,597.0
6180,518.0,24.54,81.4,1.33,62,641.0
6181,417.0,16.35,85.2,1.49,138,835.0
6182,479.0,25.2,91.5,0.82,138,794.0
6183,432.0,41.38,34.8,1.5,14,442.0
6184,620.0,29.11,37.3,1.27,78,757.0
6185,493.0,27.58,53.7,1.3,105,773.0
6186,480.0,17.01,92.7,1.01,141,822.0
6187,417.0,27.63,67.0,1.15,122,731.0
6188,548.0,44.52,37.3,0.9,73,612.0
6189,515.0,16.98,26.3,0.91,82,662.0
6190,419.0,31.35,81.9,0.8,127,680.0
6191,550.0,42.15,20.4,1.25,131,818.0
6192,439.0,37.42,56.7,1.44,83,627.0
6193,377.0,26.15,92.7,0.93,140,753.0
6194,526.0,16.12,34.1,0.83,59,619.0
6195,510.0,36.16,83.2,0.91,125,763.0
6196,434.0,40.45,35.0,1.05,93,641.0
6197,599.0,29.68,44.0,0.83,112,807.0
6198,464.0,22.64,29.3,0.99,118,742.0
6199,522.0,43.52,84.1,1.35,59,631.0
6200,649.0,35.02,78.6,1.41,99,838.0
6201,321.0,42.55,83.3,1.17,16,363.0
6202,475.0,25.42,55.8,1.38,36,551.0
6203,476.0,41.03,86.4,1.33,92,707.0
6204,515.0,23.15,91.0,0.88,86,702.0
6205,546.0,33.71,36.6,1.48,92,736.0
6206,582.0,38.85,85.6,1.17,123,868.0
6207,606.0,21.03,70.4,1.1,124,855.0
6208,379.0,39.57,29.2,1.03,78,529.0
6209,587.0,35.23,22.3,1.04,11,514.0
6210,445.0,38.77,49.8,1.17,87,614.0
6211,468.0,25.62,65.5,1.43,116,789.0
6212,685.0,29.23,32.5,1.26,134,935.0
6213,503.0,40.9,52.1,0.93,147,816.0
6214,511.0,15.88,85.3,1.29,144,892.0
6215,543.0,26.63,35.6,1.44,147,901.0
6216,672.0,15.07,41.5,1.36,84,848.0
6217,563.0,16.25,51.5,1.04,95,761.0
6218,635.0,35.3,84.4,0.98,42,610.0
6219,566.0,30.55,26.2,0.9,108,772.0
6220,530.0,31.07,51.6,1.03,54,576.0
6221,399.0,38.12,77.8,1.14,122,700.0
6222,556.0,26.48,45.2,0.91,125,807.0
6223,391.0,38.58,79.7,1.47,96,643.0
6224,603.0,23.35,51.6,1.21,36,613.0
6225,437.0,44.37,71.1,0.84,102,605.0
6226,493.0,32.17,26.6,1.05,31,523.0
6227,516.0,38.44,34.6,0.83,81,637.0
6228,419.0,38.06,54.6,1.29,83,621.0
6229,381.0,23.38,71.1,1.19,53,552.0
6230,566.0,32.46,30.4,1.26,111,780.0
6231,598.0,40.51,29.3,1.06,131,806.0
6232,526.0,25.74,29.4,1.36,34,556.0
6233,356.0,30.06,54.2,1.26,24,411.0
6234,453.0,43.67,23.1,1.47,67,572.0
6235,461.0,30.07,20.2,0.89,104,676.0
6236,659.0,21.56,52.8,1.0,45,638.0
6237,576.0,32.16,43.4,1.46,110,824.0
6238,494.0,21.4,75.7,0.81,62,588.0
6239,492.0,27.05,56.8,0.93,70,597.0
6240,457.0,19.86,30.6,1.35,96,733.0
6241,599.0,22.35,71.3,1.47,68,743.0
6242,587.0,17.1,38.8,1.49,145,942.0
6243,527.0,37.16,91.9,1.15,109,744.0
6244,473.0,33.19,26.3,0.87,47,519.0
6245,382.0,36.35,57.6,0.9,56,498.0
6246,481.0,22.12,25.7,1.24,40,553.0
6247,463.0,26.9,59.4,1.11,45,568.0
6248,308.0,38.51,25.6,0.82,39,386.0
6249,478.0,36.6,52.9,1.42,41,572.0
6250,470.0,44.58,32.7,0.92,41,486.0
6251,585.0,31.92,61.3,1.3,108,817.0
6252,517.0,43.2,84.0,1.26,42,529.0
6253,552.0,27.7,80.6,1.22,62,633.0
6254,516.0,37.76,48.0,0.83,50,505.0
6255,485.0,16.62,90.4,1.21,13,512.0
6256,597.0,16.62,58.2,1.29,18,601.0
6257,447.0,27.02,38.2,1.12,86,644.0
6258,502.0,20.67,89.6,0.86,32,483.0
6259,484.0,24.31,45.1,1.09,87,685.0
6260,428.0,39.56,46.8,1.46,58,572.0
6261,447.0,18.29,59.6,1.34,91,684.0
6262,593.0,15.47,22.6,0.9,149,954.0
6263,476.0,34.66,25.9,1.37,72,612.0
6264,424.0,35.23,39.5,1.06,39,490.0
6265,524.0,19.14,93.2,0.98,39,587.0
6266,490.0,33.59,93.2,1.07,15,450.0
6267,598.0,39.11,72.3,1.08,125,796.0
6268,499.0,35.29,26.6,1.46,33,554.0
6269,395.0,43.48,46.8,1.5,46,500.0
6270,504.0,41.88,24.0,0.94,70,572.0
6271,579.0,16.37,50.4,1.1,134,867.0
6272,514.0,21.85,93.8,1.21,11,503.0
6273,384.0,28.44,91.9,1.32,105,708.0
6274,576.0,22.43,51.2,1.48,144,950.0
6275,499.0,41.85,52.5,1.11,149,829.0
6276,492.0,28.84,58.8,1.49,138,829.0
6277,630.0,27.04,83.6,1.34,13,597.0
6278,511.0,40.64,20.7,0.95,142,789.0
6279,569.0,44.92,82.1,1.41,103,761.0
6280,512.0,28.55,29.8,0.92,138,813.0
6281,420.0,23.52,84.2,0.84,10,417.0
6282,519.0,37.11,78.8,1.12,39,527.0
6283,526.0,42.56,94.8,0.89,100,675.0
6284,656.0,18.17,39.8,1.1,23,619.0
6285,537.0,44.91,66.5,1.43,27,537.0
6286,604.0,23.24,76.7,1.08,85,744.0
6287,355.0,42.81,74.8,0.98,33,425.0
6288,453.0,42.69,46.0,1.29,131,760.0
6289,532.0,20.06,77.9,0.98,97,738.0
6290,390.0,33.92,33.0,1.01,36,425.0
6291,682.0,34.04,54.6,0.97,107,839.0
6292,553.0,15.71,64.9,0.91,100,759.0
6293,428.0,40.23,57.0,0.81,78,571.0
6294,528.0,21.28,26.5,1.01,143,843.0
6295,445.0,41.61,64.9,1.13,81,642.0
6296,403.0,41.4,87.9,1.01,124,687.0
6297,493.0,28.65,74.2,1.13,102,728.0
6298,450.0,44.47,71.1,1.01,32,461.0
6299,554.0,24.0,79.3,1.26,78,695.0
6300,529.0,17.58,39.9,1.21,135,875.0
6301,541.0,21.17,84.1,1.39,26,594.0
6302,519.0,37.43,61.4,0.96,125,775.0
6303,458.0,27.64,92.6,1.08,141,809.0
6304,404.0,38.61,56.7,1.23,108,667.0
6305,616.0,32.57,62.6,1.22,56,642.0
6306,494.0,27.96,81.5,0.98,131,778.0
6307,474.0,42.51,75.9,1.38,121,759.0
6308,708.0,43.4,73.4,1.42,74,777.0
6309,509.0,25.83,45.8,1.18,128,797.0
6310,607.0,17.12,87.0,0.83,29,573.0
6311,551.0,34.58,68.6,0.96,146,858.0
6312,364.0,39.43,35.9,1.47,100,632.0
6313,434.0,34.51,84.3,1.0,121,723.0
6314,469.0,24.71,65.4,0.83,80,625.0
6315,570.0,41.24,56.9,1.33,129,829.0
6316,438.0,19.61,79.9,1.07,116,749.0
6317,585.0,19.16,93.6,1.07,121,859.0
6318,510.0,30.27,87.6,1.47,114,799.0
6319,566.0,39.05,21.2,1.34,145,889.0
6320,530.0,40.78,60.1,0.85,129,779.0
6321,624.0,33.25,21.8,1.28,83,765.0
6322,551.0,27.81,35.5,0.88,37,535.0
6323,657.0,26.41,50.8,1.38,126,955.0
6324,404.0,27.37,90.7,0.91,94,627.0
6325,606.0,16.63,74.4,1.41,107,835.0
6326,436.0,21.64,51.8,1.47,90,701.0
6327,438.0,19.38,23.5,1.09,79,628.0
6328,511.0,30.54,56.1,1.18,78,651.0
6329,514.0,25.62,90.5,1.16,32,550.0
6330,610.0,31.18,43.7,1.13,96,756.0
6331,364.0,32.31,90.8,1.3,53,513.0
6332,403.0,37.24,86.9,1.22,87,614.0
6333,361.0,31.21,32.6,1.08,72,552.0
6334,474.0,20.74,21.6,1.14,113,755.0
6335,562.0,40.52,86.7,0.84,130,810.0
6336,399.0,25.89,88.9,0.83,39,467.0
6337,540.0,39.35,38.4,1.14,87,672.0
6338,503.0,19.25,74.5,0.98,35,550.0
6339,370.0,24.8,88.1,0.98,144,757.0
6340,473.0,21.16,84.7,1.28,46,572.0
6341,367.0,17.23,41.4,0.81,72,551.0
6342,375.0,19.08,91.0,1.39,57,565.0
6343,462.0,39.87,82.0,0.99,31,444.0
6344,528.0,25.93,81.3,0.94,95,690.0
6345,495.0,18.33,44.8,1.11,36,561.0
6346,529.0,21.6,89.0,0.96,134,843.0
6347,415.0,37.73,21.3,1.34,123,745.0
6348,622.0,19.0,64.8,0.99,62,707.0
6349,567.0,24.75,22.3,0.82,149,867.0
6350,408.0,42.52,64.8,1.15,22,379.0
6351,477.0,27.24,30.8,1.16,128,788.0
6352,518.0,40.39,91.6,1.06,46,516.0
6353,661.0,20.95,94.7,1.36,71,776.0
6354,488.0,37.87,92.2,1.16,108,699.0
6355,448.0,26.5,49.7,1.45,107,747.0
6356,531.0,19.34,73.0,1.44,35,592.0
6357,462.0,17.38,53.8,1.15,48,592.0
6358,557.0,27.69,52.8,0.85,147,865.0
6359,534.0,37.54,83.8,1.15,14,482.0
6360,524.0,42.43,75.9,0.95,54,567.0
6361,550.0,33.71,70.1,1.48,32,584.0
6362,474.0,28.51,35.6,1.01,37,490.0
6363,428.0,21.91,50.4,1.0,46,531.0
6364,551.0,37.72,54.3,1.44,108,778.0
6365,476.0,30.11,27.9,1.38,56,639.0
6366,407.0,36.27,43.4,0.81,112,643.0
6367,672.0,32.18,87.7,1.22,55,700.0
6368,448.0,30.06,64.9,0.99,119,725.0
6369,482.0,43.75,87.6,0.98,136,755.0
6370,465.0,16.93,88.7,1.19,94,725.0
6371,512.0,18.52,38.0,1.06,103,750.0
6372,438.0,26.99,38.5,1.08,32,477.0
6373,372.0,42.16,28.1,1.07,76,524.0
6374,616.0,25.89,73.6,1.13,48,675.0
6375,515.0,32.26,50.7,1.4,48,614.0
6376,543.0,36.15,43.2,1.1,47,578.0
6377,638.0,39.39,54.1,1.23,102,824.0
6378,638.0,29.22,74.6,1.05,148,917.0
6379,550.0,29.38,84.0,1.48,41,621.0
6380,350.0,38.04,32.7,1.49,141,764.0
6381,470.0,35.71,73.5,1.12,116,732.0
6382,602.0,26.07,59.4,1.18,99,800.0
6383,366.0,29.31,77.4,0.81,99,562.0
6384,647.0,20.48,87.5,1.03,58,701.0
6385,484.0,39.04,94.5,0.94,123,717.0
6386,423.0,18.99,29.4,1.08,133,776.0
6387,480.0,32.66,51.9,1.27,142,813.0
6388,493.0,21.2,83.5,1.45,24,528.0
6389,574.0,28.06,35.0,1.36,46,628.0
6390,472.0,20.88,47.1,1.13,90,675.0
6391,569.0,36.62,42.9,1.2,115,794.0
6392,403.0,38.53,30.6,1.29,121,705.0
6393,641.0,38.11,88.8,1.08,137,904.0
6394,349.0,39.87,59.8,1.35,142,750.0
6395,482.0,32.39,38.9,1.17,126,791.0
6396,419.0,43.52,84.7,1.2,18,403.0
6397,528.0,29.69,31.1,1.08,77,671.0
6398,598.0,20.01,88.7,1.25,63,700.0
6399,384.0,16.84,53.7,1.5,132,804.0
6400,588.0,44.25,91.3,0.92,96,704.0
6401,385.0,23.66,80.6,1.07,59,537.0
6402,681.0,24.26,32.6,0.85,97,801.0
6403,474.0,37.05,86.4,0.89,117,707.0
6404,523.0,23.69,50.9,0.95,107,737.0
6405,432.0,30.69,32.1,1.09,54,577.0
6406,440.0,26.59,93.4,1.04,106,702.0
6407,544.0,32.2,87.9,0.8,140,808.0
6408,378.0,31.54,87.4,1.28,17,411.0
6409,456.0,25.32,83.8,1.08,107,725.0
6410,437.0,44.16,24.1,1.22,26,453.0
6411,518.0,34.55,22.8,1.49,37,591.0
6412,614.0,36.18,68.1,1.31,36,624.0
6413,552.0,19.78,37.9,1.26,145,919.0
6414,460.0,38.12,21.0,0.9,28,445.0
6415,548.0,23.61,38.6,0.83,135,813.0
6416,467.0,17.05,22.1,1.48,18,564.0
6417,405.0,31.48,76.0,0.9,112,667.0
6418,488.0,24.74,90.6,1.49,80,645.0
6419,480.0,41.86,93.4,0.96,117,731.0
6420,406.0,29.64,46.6,1.37,97,673.0
6421,350.0,24.08,62.5,1.44,31,497.0
6422,478.0,26.41,26.3,0.86,108,699.0
6423,513.0,40.53,92.0,1.19,87,700.0
6424,449.0,37.48,57.8,0.82,39,448.0
6425,511.0,29.08,65.4,1.23,31,552.0
6426,540.0,29.86,62.3,1.22,11,511.0
6427,549.0,25.32,66.3,1.45,16,568.0
6428,458.0,36.73,64.5,1.24,49,551.0
6429,616.0,31.69,42.8,1.35,112,830.0
6430,422.0,43.41,61.4,1.16,14,393.0
6431,518.0,35.5,36.1,1.25,52,591.0
6432,586.0,43.07,53.9,0.95,15,501.0
6433,719.0,32.38,37.1,1.49,60,773.0
6434,539.0,34.05,69.9,1.06,52,578.0
6435,482.0,37.05,86.6,1.48,67,591.0
6436,528.0,38.36,45.1,1.46,148,905.0
6437,396.0,27.4,39.2,0.94,80,571.0
6438,414.0,37.84,66.2,0.99,46,468.0
6439,532.0,34.14,41.4,1.32,64,636.0
6440,458.0,19.74,27.8,1.32,58,600.0
6441,429.0,44.26,78.4,1.3,41,512.0
6442,438.0,30.72,29.9,0.87,17,419.0
6443,563.0,24.13,43.0,0.87,121,784.0
6444,622.0,19.36,32.0,1.43,92,843.0
6445,513.0,19.48,68.1,1.19,149,882.0
6446,527.0,33.63,57.6,0.98,55,582.0
6447,577.0,31.77,52.6,1.12,69,669.0
6448,476.0,31.15,55.7,1.24,53,550.0
6449,514.0,44.92,67.9,1.23,33,504.0
6450,397.0,23.14,31.8,1.06,85,616.0
6451,512.0,18.15,29.8,1.25,97,734.0
6452,423.0,33.4,52.1,1.11,15,419.0
6453,543.0,42.18,81.6,1.17,102,732.0
6454,431.0,31.87,84.4,1.49,33,540.0
6455,320.0,23.09,89.4,1.43,79,583.0
6456,425.0,26.87,89.8,1.01,66,578.0
6457,415.0,16.99,57.5,0.94,24,456.0
6458,461.0,20.91,67.4,0.94,118,761.0
6459,502.0,35.26,22.5,1.16,95,740.0
6460,593.0,40.98,66.5,1.15,139,862.0
6461,615.0,43.21,87.6,1.42,37,628.0
6462,472.0,44.36,27.5,1.43,31,508.0
6463,457.0,27.46,61.9,1.48,46,575.0
6464,658.0,41.38,55.4,0.82,143,852.0
6465,512.0,20.32,52.7,1.42,56,641.0
6466,557.0,24.22,83.6,1.11,38,572.0
6467,471.0,23.52,40.0,1.19,100,724.0
6468,565.0,31.96,52.5,1.38,90,763.0
6469,531.0,16.85,53.8,1.46,13,550.0
6470,386.0,38.11,50.3,1.05,122,715.0
6471,650.0,31.51,43.8,0.94,35,609.0
6472,399.0,25.17,42.2,1.04,129,721.0
6473,538.0,24.06,40.2,0.97,109,751.0
6474,542.0,41.13,35.5,1.36,118,798.0
6475,533.0,40.05,37.7,1.29,44,589.0
6476,418.0,32.41,66.1,1.44,69,605.0
6477,630.0,22.06,73.0,1.12,59,736.0
6478,479.0,15.11,68.6,1.17,64,618.0
6479,572.0,20.91,50.6,1.28,117,854.0
6480,675.0,42.78,60.0,1.19,87,774.0
6481,456.0,30.29,48.6,0.97,44,523.0
6482,412.0,40.04,37.4,1.02,142,764.0
6483,458.0,33.17,67.9,0.84,143,770.0
6484,346.0,24.94,25.8,1.44,32,475.0
6485,444.0,37.02,61.2,1.19,61,572.0
6486,498.0,17.72,75.4,0.98,32,530.0
6487,539.0,22.93,61.2,0.85,142,863.0
6488,580.0,43.49,61.8,1.45,27,577.0
6489,376.0,31.09,48.1,1.34,81,630.0
6490,517.0,41.31,82.7,1.04,104,706.0
6491,499.0,23.83,63.1,1.26,148,886.0
6492,511.0,31.8,76.1,1.24,114,770.0
6493,456.0,37.48,71.9,1.29,36,497.0
6494,671.0,43.83,93.9,0.92,11,520.0
6495,514.0,19.05,59.3,1.05,85,690.0
6496,629.0,28.36,64.1,0.86,108,775.0
6497,538.0,17.54,22.9,0.96,123,799.0
6498,494.0,32.7,69.5,1.15,12,459.0
6499,497.0,41.52,51.9,0.83,45,491.0
6500,429.0,32.9,94.5,0.92,108,660.0
6501,464.0,20.42,28.0,0.86,142,799.0
6502,617.0,17.97,79.3,1.13,120,866.0
6503,602.0,44.89,29.4,1.33,129,851.0
6504,468.0,19.93,50.8,1.41,146,878.0
6505,469.0,28.12,29.6,1.39,109,774.0
6506,412.0,20.43,38.5,1.01,73,572.0
6507,449.0,20.28,89.3,1.27,34,537.0
6508,590.0,30.8,79.0,1.36,109,814.0
6509,492.0,36.55,55.1,1.04,86,671.0
6510,425.0,41.67,68.2,1.08,92,637.0
6511,468.0,29.96,46.1,0.88,28,458.0
6512,465.0,17.67,37.6,0.95,19,496.0
6513,500.0,22.8,45.3,1.16,53,585.0
6514,597.0,24.14,33.6,1.26,35,631.0
6515,438.0,29.15,74.8,1.08,135,774.0
6516,433.0,26.69,26.8,1.41,69,609.0
6517,606.0,20.01,78.5,1.02,104,802.0
6518,630.0,21.43,82.5,1.28,109,836.0
6519,474.0,16.07,29.3,1.13,61,635.0
6520,456.0,37.15,55.4,1.39,44,511.0
6521,563.0,28.23,93.5,1.23,67,687.0
6522,402.0,36.47,27.8,1.49,128,772.0
6523,419.0,34.13,30.4,0.88,14,396.0
6524,552.0,43.52,83.7,1.17,102,722.0
6525,686.0,22.8,76.9,1.17,91,814.0
6526,497.0,30.08,49.4,1.12,114,763.0
6527,417.0,32.0,77.0,1.24,118,719.0
6528,465.0,30.71,30.3,1.12,31,483.0
6529,486.0,23.09,33.4,1.26,86,701.0
6530,551.0,39.19,23.0,0.89,44,554.0
6531,550.0,44.1,62.7,1.21,125,787.0
6532,540.0,28.87,94.3,1.45,148,923.0
6533,588.0,38.94,61.1,1.0,84,671.0
6534,292.0,37.62,82.8,1.0,57,449.0
6535,547.0,22.11,33.9,0.91,43,567.0
6536,441.0,35.43,47.9,1.0,92,642.0
6537,477.0,16.63,24.3,1.2,123,793.0
6538,556.0,24.05,91.0,1.22,24,529.0
6539,484.0,17.66,88.7,1.47,103,805.0
6540,503.0,38.2,81.3,0.87,41,530.0
6541,498.0,16.91,88.0,1.43,109,844.0
6542,546.0,37.08,27.5,1.24,40,592.0
6543,410.0,15.98,52.9,0.97,39,512.0
6544,484.0,44.71,84.1,1.38,128,792.0
6545,588.0,18.14,27.9,1.03,106,799.0
6546,377.0,34.7,54.1,1.47,100,675.0
6547,595.0,24.95,56.2,1.09,24,563.0
6548,530.0,24.24,47.8,1.23,85,709.0
6549,497.0,34.24,68.4,1.43,45,600.0
6550,490.0,21.64,59.0,1.07,61,618.0
6551,406.0,27.82,50.5,1.04,102,663.0
6552,415.0,17.58,30.1,1.22,132,784.0
6553,574.0,32.49,57.2,1.21,118,818.0
6554,403.0,25.29,94.4,1.37,109,726.0
6555,576.0,25.28,77.7,1.11,125,842.0
6556,476.0,25.63,68.6,0.84,17,446.0
6557,464.0,26.76,80.5,1.03,52,555.0
6558,560.0,42.3,43.7,0.96,103,725.0
6559,446.0,24.95,36.8,1.41,131,811.0
6560,535.0,27.19,28.9,1.45,54,626.0
6561,473.0,21.57,44.1,1.23,64,627.0
6562,415.0,33.78,57.3,1.01,121,674.0
6563,601.0,28.85,31.3,1.43,65,710.0
6564,605.0,16.54,58.8,1.32,58,725.0
6565,530.0,34.9,93.3,1.33,59,645.0
6566,440.0,36.42,73.0,1.13,136,774.0
6567,552.0,43.62,79.3,1.21,149,880.0
6568,470.0,24.1,92.3,1.29,100,726.0
6569,343.0,32.94,93.6,0.93,80,545.0
6570,502.0,29.6,94.8,1.09,53,599.0
6571,581.0,32.07,81.9,1.38,75,726.0
6572,338.0,21.54,33.1,0.82,128,657.0
6573,388.0,16.41,28.6,0.93,86,611.0
6574,438.0,42.72,68.0,0.82,88,560.0
6575,511.0,31.65,61.4,1.27,17,490.0
6576,575.0,29.19,21.7,1.12,11,524.0
6577,552.0,34.8,21.6,0.83,107,729.0
6578,494.0,33.51,71.8,1.34,37,548.0
6579,538.0,23.95,73.6,1.36,109,817.0
6580,469.0,15.87,43.9,1.25,130,831.0
6581,561.0,29.39,29.0,0.99,12,498.0
6582,438.0,38.76,54.6,1.29,36,501.0
6583,612.0,28.45,78.6,1.4,122,864.0
6584,531.0,37.8,71.3,1.42,94,736.0
6585,586.0,32.45,72.1,1.08,59,611.0
6586,471.0,18.83,44.3,1.44,28,572.0
6587,483.0,20.48,21.1,0.98,35,555.0
6588,558.0,43.88,59.4,1.24,64,652.0
6589,464.0,40.31,90.8,0.96,13,409.0
6590,526.0,37.35,82.9,1.49,95,742.0
6591,407.0,43.87,60.4,0.85,138,698.0
6592,515.0,39.84,60.1,1.36,80,677.0
6593,543.0,20.73,65.2,1.16,95,751.0
6594,544.0,42.81,86.5,1.04,136,825.0
6595,620.0,28.78,79.8,1.0,17,551.0
6596,602.0,30.27,21.6,0.91,60,624.0
6597,463.0,27.83,46.0,0.9,79,587.0
6598,376.0,26.19,88.0,1.02,13,386.0
6599,621.0,18.31,64.2,1.41,38,659.0
6600,566.0,20.66,21.1,1.24,81,753.0
6601,422.0,15.98,56.9,1.19,37,489.0
6602,680.0,43.09,20.9,0.85,96,802.0
6603,580.0,16.6,93.4,1.02,90,748.0
6604,568.0,43.69,64.7,1.42,19,556.0
6605,426.0,25.41,52.8,0.85,64,519.0
6606,531.0,31.2,89.0,1.05,113,738.0
6607,457.0,28.53,23.4,1.06,43,527.0
6608,544.0,20.84,34.3,1.17,136,880.0
6609,461.0,18.52,30.5,1.46,90,722.0
6610,592.0,29.41,72.5,1.22,126,873.0
6611,408.0,32.33,90.8,1.07,135,746.0
6612,449.0,30.11,20.4,1.36,40,523.0
6613,506.0,37.95,27.2,1.5,54,603.0
6614,591.0,29.82,73.2,1.19,75,719.0
6615,569.0,44.98,81.3,0.96,112,752.0
6616,617.0,42.54,39.8,1.32,82,741.0
6617,494.0,40.11,34.3,1.08,103,679.0
6618,478.0,35.62,45.5,1.22,112,750.0
6619,474.0,32.8,75.8,1.36,23,517.0
6620,508.0,36.8,25.2,0.97,82,629.0
6621,511.0,37.25,40.5,1.28,103,720.0
6622,509.0,29.14,86.0,1.18,98,721.0
6623,568.0,29.26,36.2,1.01,81,674.0
6624,496.0,27.96,58.7,1.16,40,589.0
6625,532.0,37.39,49.5,0.86,116,758.0
6626,485.0,18.53,89.5,0.89,112,714.0
6627,535.0,29.09,89.3,1.2,80,670.0
6628,565.0,22.74,56.6,1.33,49,692.0
6629,389.0,42.78,57.6,0.91,135,703.0
6630,269.0,28.81,74.0,1.2,115,663.0
6631,528.0,18.36,48.9,1.45,103,794.0
6632,569.0,30.15,40.6,1.45,25,585.0
6633,497.0,20.59,53.2,1.3,127,854.0
6634,387.0,41.62,25.5,1.05,51,491.0
6635,428.0,37.62,24.2,0.88,132,727.0
6636,452.0,17.27,52.8,1.25,75,627.0
6637,543.0,36.24,31.3,0.93,111,758.0
6638,443.0,24.66,20.3,1.43,36,546.0
6639,490.0,41.38,78.9,1.11,130,769.0
6640,445.0,16.58,71.2,0.98,37,514.0
6641,328.0,25.99,86.4,1.1,22,404.0
6642,608.0,30.19,25.8,0.91,144,908.0
6643,441.0,40.12,50.4,1.17,133,766.0
6644,432.0,38.88,52.2,0.81,131,698.0
6645,661.0,36.44,56.1,1.25,92,815.0
6646,467.0,44.91,62.9,1.06,149,778.0
6647,431.0,17.07,84.4,0.81,14,421.0
6648,534.0,22.48,21.8,1.43,102,770.0
6649,516.0,25.87,78.6,1.2,105,745.0
6650,534.0,36.31,33.6,0.91,118,767.0
6651,515.0,43.78,55.4,0.86,21,422.0
6652,506.0,17.89,92.6,1.37,60,642.0
6653,634.0,26.84,80.3,1.1,41,642.0
6654,389.0,18.65,32.7,0.9,88,617.0
6655,399.0,18.06,81.3,1.47,99,696.0
6656,317.0,44.48,57.2,1.07,73,478.0
6657,440.0,44.79,83.8,1.26,34,479.0
6658,554.0,44.21,72.0,1.37,55,638.0
6659,581.0,16.48,20.7,1.04,62,697.0
6660,470.0,27.05,88.3,1.12,142,827.0
6661,546.0,43.86,35.0,1.12,110,765.0
6662,483.0,37.88,83.4,1.3,105,722.0
6663,567.0,16.34,49.7,1.42,21,591.0
6664,440.0,37.35,44.9,1.31,132,758.0
6665,446.0,44.72,51.9,1.16,99,639.0
6666,515.0,34.61,93.0,1.31,19,519.0
6667,412.0,19.74,59.4,1.09,77,604.0
6668,567.0,36.78,49.9,1.38,52,628.0
6669,641.0,31.28,44.8,0.92,149,922.0
6670,442.0,18.25,93.4,1.36,80,669.0
6671,293.0,35.55,87.0,1.02,32,367.0
6672,484.0,24.08,83.1,0.9,97,679.0
6673,398.0,27.29,62.1,0.83,27,426.0
6674,410.0,20.55,93.1,1.45,55,610.0
6675,492.0,26.18,41.0,1.09,146,834.0
6676,382.0,19.1,58.6,1.26,79,604.0
6677,391.0,22.13,64.8,0.87,38,448.0
6678,490.0,33.9,70.3,1.35,85,668.0
6679,455.0,25.45,82.4,1.01,50,543.0
6680,460.0,17.22,60.0,1.17,134,811.0
6681,496.0,43.79,86.8,1.28,121,764.0
6682,528.0,36.86,26.7,1.07,70,599.0
6683,416.0,36.38,24.6,0.85,69,545.0
6684,508.0,33.44,44.7,0.93,46,529.0
6685,613.0,33.43,39.1,0.83,37,593.0
6686,363.0,40.79,53.8,1.4,46,492.0
6687,620.0,23.05,23.0,0.98,25,606.0
6688,346.0,42.91,45.0,1.32,99,647.0
6689,579.0,37.3,94.2,1.5,132,856.0
6690,420.0,25.86,31.9,1.49,64,601.0
6691,540.0,28.38,62.4,1.41,95,737.0
6692,475.0,37.93,68.0,1.26,77,618.0
6693,589.0,41.37,70.9,1.17,77,672.0
6694,416.0,36.89,66.3,1.21,80,585.0
6695,518.0,20.68,82.1,1.41,14,503.0
6696,607.0,21.21,90.0,0.86,65,698.0
6697,625.0,37.61,50.7,1.12,105,796.0
6698,433.0,42.62,26.8,1.03,120,695.0
6699,374.0,15.35,53.1,0.83,113,651.0
6700,503.0,25.94,70.2,1.2,46,592.0
6701,484.0,30.64,72.2,1.13,128,784.0
6702,488.0,21.19,67.8,1.19,132,821.0
6703,533.0,35.85,23.0,1.39,63,672.0
6704,377.0,41.27,70.6,1.06,89,554.0
6705,505.0,18.06,38.1,1.16,59,657.0
6706,466.0,37.12,70.2,0.97,14,433.0
6707,613.0,23.11,42.9,1.04,118,860.0
6708,438.0,31.77,72.7,1.46,40,551.0
6709,386.0,24.21,61.0,1.3,118,725.0
6710,439.0,22.18,24.9,1.04,98,696.0
6711,469.0,17.56,78.8,1.05,144,836.0
6712,456.0,27.43,66.1,1.24,13,440.0
6713,461.0,29.88,76.3,1.14,104,713.0
6714,528.0,36.32,63.8,0.98,36,521.0
6715,474.0,39.28,53.3,1.07,75,601.0
6716,596.0,40.96,66.9,1.14,51,626.0
6717,421.0,41.73,60.3,1.32,85,609.0
6718,575.0,25.54,94.8,1.47,46,672.0
6719,601.0,33.17,83.7,1.19,145,896.0
6720,494.0,44.88,33.5,1.47,123,812.0
6721,561.0,39.76,53.0,0.99,16,467.0
6722,464.0,43.52,26.2,1.19,124,756.0
6723,529.0,27.93,45.6,0.91,138,815.0
6724,443.0,37.44,42.8,1.49,94,688.0
6725,491.0,18.94,47.2,1.27,79,699.0
6726,517.0,39.02,59.8,0.92,57,556.0
6727,466.0,31.97,70.1,1.19,145,820.0
6728,446.0,41.94,81.5,1.39,14,442.0
6729,450.0,36.94,84.0,1.11,77,593.0
6730,513.0,36.57,57.0,1.46,113,771.0
6731,536.0,23.0,84.3,1.42,85,728.0
6732,554.0,27.27,21.1,1.07,53,651.0
6733,405.0,19.37,62.6,1.19,68,579.0
6734,493.0,30.23,26.5,1.32,31,543.0
6735,461.0,20.79,87.6,1.33,34,549.0
6736,439.0,37.31,60.5,1.49,37,520.0
6737,481.0,37.83,55.2,1.48,66,628.0
6738,346.0,20.05,47.9,1.42,137,781.0
6739,460.0,39.97,44.0,1.09,53,518.0
6740,509.0,33.32,67.2,1.44,119,795.0
6741,654.0,39.58,67.9,1.3,88,793.0
6742,510.0,32.65,32.5,1.25,109,764.0
6743,646.0,36.2,26.0,1.01,112,802.0
6744,445.0,20.97,49.2,1.18,36,523.0
6745,501.0,36.1,21.7,1.31,59,616.0
6746,445.0,27.22,52.8,1.49,64,643.0
6747,427.0,22.6,81.9,1.21,56,566.0
6748,426.0,33.45,87.7,1.06,28,471.0
6749,536.0,27.04,77.2,1.27,79,707.0
6750,499.0,22.86,83.0,1.01,68,641.0
6751,491.0,17.94,94.4,1.46,108,800.0
6752,628.0,26.14,73.3,1.24,120,863.0
6753,558.0,35.63,61.2,1.34,17,558.0
6754,635.0,31.01,28.5,1.24,80,747.0
6755,530.0,15.56,72.5,1.03,20,546.0
6756,540.0,39.49,74.0,0.96,62,586.0
6757,512.0,37.2,59.6,0.83,50,527.0
6758,497.0,16.09,85.3,1.1,74,658.0
6759,468.0,36.14,93.7,1.36,46,569.0
6760,403.0,17.55,31.3,1.4,34,504.0
6761,671.0,22.14,65.1,1.21,146,1002.0
6762,575.0,18.5,29.9,0.86,43,603.0
6763,629.0,43.59,21.6,1.1,143,890.0
6764,521.0,17.68,22.1,0.93,51,601.0
6765,703.0,20.61,54.9,0.89,105,840.0
6766,454.0,41.27,41.2,1.49,112,745.0
6767,476.0,37.64,87.2,1.48,81,676.0
6768,523.0,32.79,83.0,1.18,75,668.0
6769,390.0,40.23,69.6,1.07,65,530.0
6770,517.0,39.2,52.3,1.43,57,608.0
6771,676.0,40.44,33.1,0.92,107,796.0
6772,506.0,33.79,51.0,0.83,69,598.0
6773,537.0,17.45,90.0,1.46,49,632.0
6774,575.0,36.96,31.7,1.02,139,859.0
6775,430.0,37.46,37.3,1.38,33,491.0
6776,604.0,33.47,44.3,1.05,57,676.0
6777,519.0,39.32,44.5,0.81,45,515.0
6778,640.0,32.06,38.3,1.49,107,839.0
6779,575.0,15.67,51.8,1.34,93,809.0
6780,482.0,22.87,47.1,1.18,54,597.0
6781,592.0,19.53,43.9,0.86,92,724.0
6782,490.0,17.63,55.8,1.24,38,538.0
6783,518.0,22.5,33.7,1.22,26,534.0
6784,526.0,17.89,26.1,1.12,28,553.0
6785,488.0,24.38,74.6,1.26,148,862.0
6786,553.0,26.15,39.7,0.95,73,652.0
6787,409.0,16.29,65.8,1.35,120,789.0
6788,426.0,20.81,46.8,0.97,45,524.0
6789,530.0,41.29,34.2,0.95,60,580.0
6790,443.0,23.59,80.2,0.81,81,604.0
6791,707.0,34.89,44.5,1.28,50,712.0
6792,482.0,35.02,49.9,1.2,122,767.0
6793,443.0,15.58,39.4,1.35,25,521.0
6794,474.0,39.23,35.0,1.5,129,792.0
6795,632.0,37.11,30.9,1.25,72,729.0
6796,488.0,22.24,83.0,1.39,61,656.0
6797,432.0,38.93,67.3,1.47,97,691.0
6798,554.0,29.98,64.2,0.98,47,585.0
6799,527.0,31.57,27.2,1.06,15,485.0
6800,399.0,28.06,31.1,1.47,55,565.0
6801,688.0,39.69,53.4,1.33,16,635.0
6802,646.0,31.51,42.4,1.31,34,634.0
6803,491.0,26.38,73.3,1.15,13,478.0
6804,603.0,38.02,42.7,0.96,77,698.0
6805,458.0,17.23,74.5,0.88,30,486.0
6806,544.0,23.69,63.6,1.03,127,815.0
6807,282.0,25.21,64.6,1.43,74,550.0
6808,545.0,23.21,44.6,1.03,104,765.0
6809,478.0,38.51,63.7,1.47,115,756.0
6810,511.0,18.4,91.8,0.84,94,695.0
6811,564.0,29.49,92.7,0.83,18,496.0
6812,476.0,16.2,65.1,0.91,121,750.0
6813,483.0,33.75,74.8,0.94,128,777.0
6814,512.0,30.74,79.0,0.91,33,527.0
6815,336.0,16.9,79.4,0.86,106,628.0
6816,443.0,24.1,79.2,1.22,83,663.0
6817,631.0,21.99,94.9,1.05,138,901.0
6818,459.0,23.61,85.6,1.02,90,674.0
6819,541.0,27.46,77.9,1.11,118,792.0
6820,570.0,42.67,85.3,1.18,25,525.0
6821,409.0,17.54,55.3,0.95,117,703.0
6822,446.0,22.59,86.2,1.13,113,719.0
6823,353.0,36.15,53.2,1.0,102,596.0
6824,604.0,34.38,46.6,0.82,66,659.0
6825,358.0,18.16,87.3,1.2,87,608.0
6826,643.0,38.9,57.1,1.06,145,944.0
6827,555.0,23.97,55.9,1.44,47,651.0
6828,464.0,17.39,22.7,1.05,91,706.0
6829,488.0,35.23,29.5,0.82,78,616.0
6830,425.0,27.46,51.4,0.92,139,771.0
6831,465.0,28.57,86.4,1.0,118,733.0
6832,446.0,23.94,74.0,0.85,74,598.0
6833,369.0,30.41,71.5,1.4,141,769.0
6834,460.0,40.31,26.5,0.91,144,750.0
6835,609.0,15.19,78.1,0.91,85,754.0
6836,555.0,19.95,50.0,1.42,66,693.0
6837,528.0,36.52,63.6,1.43,31,571.0
6838,591.0,17.36,90.8,0.8,137,858.0
6839,380.0,20.21,63.0,0.98,67,559.0
6840,416.0,39.36,27.0,1.01,30,444.0
6841,568.0,26.76,80.3,1.33,57,671.0
6842,429.0,27.06,50.2,1.25,131,755.0
6843,382.0,39.43,86.4,1.47,126,708.0
6844,592.0,20.21,91.0,1.02,12,539.0
6845,601.0,18.07,22.5,0.86,62,670.0
6846,624.0,17.91,26.2,0.85,149,935.0
6847,485.0,31.92,92.9,0.96,94,661.0
6848,427.0,28.93,63.9,1.02,63,559.0
6849,558.0,44.58,82.8,1.04,105,706.0
6850,550.0,37.96,87.9,1.43,134,864.0
6851,568.0,18.6,70.7,1.05,95,771.0
6852,433.0,38.49,47.0,1.43,82,631.0
6853,627.0,24.75,84.6,1.18,37,616.0
6854,653.0,24.23,58.7,1.33,97,812.0
6855,399.0,18.38,27.2,1.01,32,474.0
6856,462.0,29.07,83.5,0.82,54,534.0
6857,536.0,40.92,52.3,1.09,73,630.0
6858,568.0,16.46,52.8,1.43,64,736.0
6859,357.0,31.4,37.8,1.3,102,634.0
6860,521.0,35.18,33.2,1.38,140,856.0
6861,473.0,25.15,62.7,1.13,42,553.0
6862,481.0,19.8,70.8,0.83,83,629.0
6863,436.0,19.91,37.4,0.85,136,749.0
6864,517.0,21.49,55.6,1.29,88,725.0
6865,611.0,32.46,71.1,0.87,88,710.0
6866,367.0,23.96,31.1,1.33,78,577.0
6867,574.0,32.9,37.9,1.06,144,881.0
6868,507.0,26.08,32.2,1.09,129,817.0
6869,383.0,31.63,20.0,1.48,56,556.0
6870,301.0,36.98,72.8,1.35,53,482.0
6871,520.0,24.43,47.5,1.2,54,615.0
6872,560.0,28.38,89.6,1.49,85,748.0
6873,645.0,28.86,45.0,1.28,94,822.0
6874,480.0,21.93,30.1,1.3,94,727.0
6875,402.0,40.82,82.3,1.07,138,709.0
6876,565.0,35.35,65.2,1.37,57,650.0
6877,581.0,37.54,36.0,0.89,93,709.0
6878,450.0,39.15,57.8,1.23,42,492.0
6879,497.0,41.84,20.1,1.3,39,551.0
6880,519.0,44.42,34.6,1.01,53,527.0
6881,450.0,19.8,55.1,0.93,112,711.0
6882,502.0,29.4,47.4,1.18,125,798.0
6883,474.0,25.08,48.1,0.86,71,577.0
6884,503.0,16.93,73.3,0.93,33,536.0
6885,576.0,15.82,49.0,1.39,60,723.0
6886,440.0,17.54,30.6,1.31,39,563.0
6887,597.0,28.47,50.6,1.33,115,849.0
6888,447.0,22.27,35.7,1.46,90,714.0
6889,591.0,31.41,89.9,0.81,45,595.0
6890,420.0,44.42,41.5,0.82,137,690.0
6891,425.0,32.24,83.4,1.03,18,400.0
6892,403.0,29.0,22.7,1.26,41,506.0
6893,585.0,22.01,82.3,0.81,79,691.0
6894,530.0,16.38,28.7,1.42,78,738.0
6895,502.0,34.6,43.0,1.26,41,577.0
6896,535.0,43.01,37.5,1.08,44,572.0
6897,448.0,32.97,85.0,0.82,98,624.0
6898,518.0,30.13,29.7,1.14,40,546.0
6899,528.0,44.36,42.0,1.39,76,649.0
6900,445.0,39.07,47.6,1.31,10,457.0
6901,479.0,41.47,62.5,0.92,21,423.0
6902,589.0,16.57,84.7,1.34,84,758.0
6903,562.0,31.95,81.8,1.34,57,666.0
6904,584.0,24.65,66.1,0.85,22,532.0
6905,523.0,17.11,57.1,1.1,95,733.0
6906,426.0,37.79,28.5,1.19,92,614.0
6907,461.0,28.8,47.9,1.12,58,599.0
6908,418.0,42.07,88.1,1.27,71,575.0
6909,588.0,32.06,56.2,1.18,75,698.0
6910,524.0,23.49,40.0,1.22,148,883.0
6911,568.0,43.77,69.6,1.14,116,780.0
6912,411.0,24.02,84.8,1.02,122,707.0
6913,394.0,27.18,58.2,1.47,12,462.0
6914,428.0,15.62,82.6,0.89,80,622.0
6915,608.0,44.85,72.9,1.37,84,720.0
6916,481.0,30.07,53.4,1.23,28,506.0
6917,418.0,25.4,40.6,1.41,140,824.0
6918,375.0,30.59,46.8,1.37,95,643.0
6919,620.0,22.82,51.2,1.01,12,532.0
6920,432.0,22.78,39.2,1.4,129,801.0
6921,385.0,27.52,31.1,1.23,13,415.0
6922,464.0,39.77,22.0,1.46,29,524.0
6923,613.0,27.86,88.3,1.17,85,763.0
6924,516.0,35.02,23.5,1.37,60,626.0
6925,430.0,39.7,25.1,1.21,81,625.0
6926,582.0,42.86,66.9,0.89,136,823.0
6927,436.0,42.51,62.6,1.03,28,442.0
6928,453.0,31.07,61.6,0.9,56,535.0
6929,463.0,24.2,48.8,0.94,112,716.0
6930,317.0,21.02,65.3,1.43,47,479.0
6931,452.0,32.52,60.6,0.98,30,508.0
6932,387.0,30.09,45.7,0.97,115,682.0
6933,508.0,31.36,91.6,1.36,84,665.0
6934,595.0,33.12,91.9,1.23,12,536.0
6935,331.0,27.57,57.8,1.01,123,642.0
6936,554.0,32.73,22.1,1.47,147,909.0
6937,665.0,41.97,78.3,1.04,57,689.0
6938,419.0,42.76,48.7,1.38,80,603.0
6939,583.0,34.73,82.7,0.99,45,607.0
6940,432.0,37.64,54.5,0.89,68,552.0
6941,510.0,37.27,27.1,1.31,102,741.0
6942,495.0,32.6,76.5,0.82,45,482.0
6943,541.0,22.34,38.4,1.03,111,784.0
6944,606.0,26.77,54.6,1.11,11,535.0
6945,476.0,21.96,82.6,0.99,24,523.0
6946,583.0,42.98,51.1,1.17,48,602.0
6947,674.0,43.19,69.9,0.95,141,909.0
6948,421.0,34.15,85.2,1.01,55,519.0
6949,564.0,44.13,34.7,1.14,145,851.0
6950,374.0,19.25,67.7,1.25,65,552.0
6951,378.0,23.18,55.9,1.17,25,464.0
6952,436.0,28.51,72.6,1.43,101,714.0
6953,472.0,16.67,88.2,1.43,79,695.0
6954,613.0,22.5,63.6,1.33,27,632.0
6955,506.0,31.97,27.7,0.83,103,705.0
6956,446.0,32.77,71.2,0.98,99,651.0
6957,356.0,31.65,84.8,1.11,68,510.0
6958,559.0,43.38,64.8,0.94,122,796.0
6959,611.0,28.86,29.2,1.24,33,610.0
6960,459.0,15.3,20.9,1.14,116,767.0
6961,598.0,15.49,52.0,1.04,81,745.0
6962,458.0,18.64,49.3,0.93,145,816.0
6963,580.0,40.83,61.9,1.27,53,611.0
6964,534.0,15.24,82.7,1.41,62,713.0
6965,555.0,38.84,64.0,1.06,68,640.0
6966,318.0,23.61,31.8,0.95,113,623.0
6967,574.0,37.1,83.7,1.25,94,772.0
6968,441.0,43.64,40.8,1.36,110,728.0
6969,405.0,31.04,53.3,1.26,75,585.0
6970,574.0,19.87,21.3,1.31,19,561.0
6971,518.0,37.85,46.8,0.83,39,520.0
6972,366.0,27.12,44.5,1.16,13,399.0
6973,543.0,23.86,48.0,1.25,51,613.0
6974,686.0,19.52,54.4,0.84,117,859.0
6975,593.0,36.54,73.5,0.96,89,703.0
6976,471.0,36.98,24.9,1.34,34,510.0
6977,452.0,18.09,90.8,1.13,131,795.0
6978,458.0,19.01,84.8,0.85,141,805.0
6979,382.0,34.97,20.8,1.1,12,390.0
6980,424.0,33.99,30.7,1.39,18,474.0
6981,560.0,21.96,36.0,0.84,33,536.0
6982,416.0,43.32,48.3,1.13,71,552.0
6983,492.0,21.44,44.5,0.91,59,547.0
6984,426.0,43.08,73.8,1.15,101,675.0
6985,483.0,38.76,63.1,0.98,109,696.0
6986,734.0,22.37,64.1,1.48,63,814.0
6987,475.0,36.59,34.3,1.36,141,839.0
6988,464.0,18.63,25.4,1.25,68,642.0
6989,437.0,22.26,29.5,1.39,110,749.0
6990,499.0,19.36,32.2,1.42,149,893.0
6991,597.0,34.58,39.7,0.97,129,823.0
6992,455.0,44.96,24.8,1.02,129,703.0
6993,450.0,30.18,43.3,1.03,100,651.0
6994,595.0,21.79,88.1,1.41,128,895.0
6995,470.0,26.2,26.5,1.07,88,658.0
6996,554.0,28.49,69.6,1.34,113,829.0
6997,570.0,35.82,34.7,1.07,137,841.0
6998,430.0,21.57,54.4,1.39,130,805.0
6999,559.0,23.42,91.7,1.43,34,622.0
7000,520.0,15.72,87.3,1.16,73,678.0
7001,447.0,31.95,73.6,1.21,16,464.0
7002,402.0,24.74,62.5,1.02,13,426.0
7003,420.0,42.88,54.6,1.05,125,700.0
7004,448.0,22.14,29.5,0.82,24,467.0
7005,496.0,29.45,82.4,1.41,24,537.0
7006,621.0,31.41,44.6,1.36,132,913.0
7007,411.0,23.61,67.1,1.09,143,801.0
7008,576.0,17.11,40.6,1.38,84,779.0
7009,601.0,24.34,33.4,1.08,68,713.0
7010,471.0,26.0,56.6,0.93,69,591.0
7011,487.0,23.12,29.2,1.04,43,553.0
7012,602.0,27.28,85.1,1.07,70,698.0
7013,641.0,40.08,86.6,0.89,142,870.0
7014,510.0,19.02,29.8,0.97,131,798.0
7015,515.0,33.14,80.1,0.9,134,810.0
7016,655.0,20.78,92.8,0.88,55,647.0
7017,453.0,36.36,73.7,1.09,116,683.0
7018,542.0,37.65,42.6,1.0,38,531.0
7019,439.0,19.43,67.5,0.94,123,744.0
7020,643.0,21.52,76.3,1.36,63,738.0
7021,543.0,36.26,28.1,1.47,75,703.0
7022,486.0,31.65,78.6,1.1,141,840.0
7023,510.0,15.78,52.1,0.96,36,526.0
7024,370.0,18.13,22.0,1.42,118,728.0
7025,550.0,41.16,26.7,0.88,106,711.0
7026,536.0,41.79,33.3,1.2,114,797.0
7027,535.0,44.99,41.2,1.49,65,650.0
7028,484.0,35.42,75.9,1.36,48,576.0
7029,571.0,31.17,45.5,0.81,90,689.0
7030,534.0,34.89,69.6,1.35,125,820.0
7031,567.0,26.57,69.0,1.05,101,774.0
7032,479.0,40.0,50.1,0.89,42,511.0
7033,328.0,32.76,58.2,1.45,39,479.0
7034,497.0,26.45,29.2,0.93,74,634.0
7035,394.0,30.55,78.9,0.95,143,732.0
7036,415.0,17.31,69.3,1.1,67,571.0
7037,450.0,22.67,26.9,1.48,46,586.0
7038,397.0,35.63,43.3,0.86,13,340.0
7039,440.0,17.67,34.8,1.12,20,471.0
7040,421.0,40.51,34.2,1.39,80,623.0
7041,537.0,27.47,80.7,1.29,51,625.0
7042,448.0,43.2,55.6,1.23,146,785.0
7043,445.0,37.59,85.8,1.04,18,434.0
7044,480.0,27.19,36.9,1.31,99,708.0
7045,616.0,20.74,52.7,1.39,44,705.0
7046,610.0,35.54,70.7,0.89,125,810.0
7047,483.0,29.44,78.4,0.89,16,421.0
7048,484.0,34.43,32.4,0.84,51,534.0
7049,518.0,34.68,86.8,0.91,98,700.0
7050,576.0,24.62,46.3,1.11,108,808.0
7051,471.0,40.53,26.6,1.25,115,733.0
7052,385.0,25.95,77.7,1.45,17,473.0
7053,459.0,33.37,38.3,1.19,18,456.0
7054,419.0,39.28,36.2,1.16,128,717.0
7055,603.0,23.04,60.1,1.16,133,880.0
7056,506.0,18.06,20.2,1.24,92,751.0
7057,410.0,42.41,32.6,0.97,81,567.0
7058,450.0,37.36,83.9,0.88,119,675.0
7059,572.0,42.94,23.7,1.31,97,762.0
7060,499.0,29.69,73.7,0.95,131,797.0
7061,552.0,26.76,94.6,1.04,77,700.0
7062,574.0,27.12,53.5,1.34,82,726.0
7063,632.0,39.05,72.9,1.05,15,559.0
7064,454.0,24.78,23.5,1.31,133,801.0
7065,435.0,41.08,27.8,1.14,128,736.0
7066,631.0,37.31,76.1,0.9,98,750.0
7067,505.0,22.26,41.8,0.96,61,635.0
7068,565.0,41.18,53.8,1.47,39,628.0
7069,698.0,16.25,42.5,1.27,141,1004.0
7070,524.0,40.22,68.2,1.41,21,498.0
7071,507.0,43.89,69.3,1.0,127,753.0
7072,646.0,25.12,37.8,1.34,88,797.0
7073,465.0,16.21,46.4,0.95,147,835.0
7074,493.0,23.37,70.3,1.27,63,626.0
7075,564.0,37.77,31.3,1.14,137,843.0
7076,488.0,25.88,71.6,0.97,38,530.0
7077,547.0,25.15,91.7,1.23,57,622.0
7078,471.0,20.75,39.3,0.96,144,833.0
7079,513.0,40.77,86.7,1.39,100,747.0
7080,534.0,31.77,33.2,0.91,79,664.0
7081,403.0,20.92,70.5,1.09,137,784.0
7082,410.0,30.22,88.7,1.39,146,802.0
7083,314.0,44.23,94.6,1.28,59,442.0
7084,609.0,44.46,24.9,0.95,67,649.0
7085,488.0,15.31,85.0,1.32,94,731.0
7086,471.0,43.11,51.3,1.33,13,458.0
7087,647.0,29.22,24.3,1.35,20,628.0
7088,427.0,23.75,35.5,1.05,75,620.0
7089,302.0,43.08,47.4,1.45,119,651.0
7090,473.0,24.19,72.2,0.82,99,655.0
7091,424.0,41.14,44.1,1.47,92,652.0
7092,599.0,44.1,36.1,1.43,102,781.0
7093,499.0,40.98,74.7,1.22,62,591.0
7094,536.0,23.53,41.6,1.36,35,595.0
7095,512.0,28.86,42.1,1.14,103,733.0
7096,581.0,25.31,82.9,1.38,72,715.0
7097,487.0,39.02,31.4,0.83,24,410.0
7098,523.0,31.56,70.9,1.25,133,813.0
7099,421.0,17.41,58.4,1.49,50,578.0
7100,498.0,36.06,28.1,1.02,20,487.0
7101,396.0,24.33,35.7,0.93,83,592.0
7102,475.0,16.67,41.4,1.03,147,824.0
7103,452.0,15.8,69.5,1.23,112,738.0
7104,372.0,27.19,49.0,0.96,147,768.0
7105,481.0,26.51,37.9,1.45,130,862.0
7106,505.0,19.77,46.6,1.19,84,684.0
7107,546.0,40.71,88.7,1.39,17,529.0
7108,483.0,28.24,42.1,0.83,83,634.0
7109,439.0,18.89,88.5,1.13,34,530.0
7110,407.0,40.38,86.0,1.11,35,449.0
7111,440.0,19.82,25.2,0.84,119,723.0
7112,575.0,25.91,43.3,0.94,74,684.0
7113,637.0,39.66,28.3,1.49,90,784.0
7114,565.0,27.04,42.8,0.92,115,760.0
7115,378.0,18.01,22.6,1.43,78,632.0
7116,570.0,33.67,27.6,1.5,118,830.0
7117,523.0,15.84,76.3,1.49,115,833.0
7118,371.0,15.24,42.5,1.02,95,640.0
7119,615.0,32.36,78.3,1.27,133,874.0
7120,623.0,17.9,65.5,1.32,69,749.0
7121,491.0,40.55,25.4,0.83,74,580.0
7122,537.0,15.9,46.9,1.14,31,600.0
7123,509.0,26.43,53.5,1.23,17,489.0
7124,567.0,23.15,28.0,1.3,23,556.0
7125,424.0,25.72,61.9,1.38,91,663.0
7126,455.0,27.63,63.3,0.87,28,469.0
7127,393.0,28.91,72.5,1.44,61,566.0
7128,517.0,23.32,57.4,1.05,113,753.0
7129,512.0,34.45,67.7,1.22,88,700.0
7130,463.0,43.1,75.9,0.96,31,423.0
7131,608.0,38.49,81.9,1.17,91,785.0
7132,441.0,29.16,24.2,1.01,82,616.0
7133,417.0,25.9,40.4,1.41,133,794.0
7134,495.0,43.28,62.5,1.19,57,544.0
7135,612.0,25.13,82.7,1.09,135,896.0
7136,450.0,24.89,67.7,1.06,74,614.0
7137,386.0,27.58,63.2,1.06,64,545.0
7138,400.0,32.43,89.7,1.46,81,625.0
7139,358.0,42.29,28.9,1.38,44,480.0
7140,530.0,24.19,54.8,0.99,76,662.0
7141,458.0,37.09,77.4,1.16,34,476.0
7142,540.0,32.73,22.8,0.88,73,606.0
7143,525.0,18.26,59.9,0.92,79,653.0
7144,387.0,26.77,53.9,0.98,69,534.0
7145,455.0,41.52,34.2,0.93,108,655.0
7146,611.0,16.15,73.0,0.85,54,689.0
7147,560.0,42.58,87.7,1.23,114,799.0
7148,517.0,16.15,74.2,1.49,106,820.0
7149,619.0,31.18,78.1,1.06,42,620.0
7150,589.0,37.83,49.5,1.25,109,798.0
7151,536.0,15.5,94.1,0.98,103,801.0
7152,502.0,42.37,52.2,1.19,146,844.0
7153,643.0,36.49,20.6,1.24,13,567.0
7154,640.0,42.11,80.1,1.16,98,755.0
7155,449.0,35.28,90.8,0.9,39,463.0
7156,541.0,24.61,49.9,1.2,20,545.0
7157,501.0,16.78,30.9,0.85,110,736.0
7158,446.0,32.57,65.8,1.26,95,657.0
7159,410.0,29.4,84.0,1.04,14,393.0
7160,533.0,25.59,70.1,0.97,120,812.0
7161,557.0,39.12,43.5,1.42,12,510.0
7162,427.0,34.86,31.2,0.84,36,415.0
7163,523.0,28.39,59.2,1.25,95,730.0
7164,434.0,44.7,48.5,0.81,68,495.0
7165,503.0,37.81,25.8,1.38,76,686.0
7166,586.0,15.74,32.4,1.49,32,648.0
7167,541.0,37.76,30.4,1.04,36,525.0
7168,605.0,22.73,46.7,0.92,77,709.0
7169,474.0,34.24,60.6,1.15,26,503.0
7170,411.0,28.81,23.0,1.19,52,514.0
7171,489.0,29.57,41.3,1.39,12,479.0
7172,284.0,19.76,93.6,0.96,55,464.0
7173,645.0,38.07,23.6,1.35,139,902.0
7174,557.0,32.53,81.8,1.46,103,797.0
7175,440.0,30.92,77.7,1.18,140,778.0
7176,445.0,36.78,24.1,0.85,115,700.0
7177,484.0,38.93,87.6,0.91,131,739.0
7178,411.0,32.63,74.4,1.13,131,763.0
7179,475.0,44.5,86.3,1.05,133,755.0
7180,548.0,19.91,66.2,0.96,70,663.0
7181,396.0,23.69,77.0,1.15,82,628.0
7182,590.0,36.44,33.4,1.42,76,739.0
7183,538.0,21.75,62.5,1.2,131,839.0
7184,602.0,29.22,45.7,0.82,135,842.0
7185,495.0,21.37,33.8,0.82,100,689.0
7186,352.0,15.72,55.3,0.96,58,494.0
7187,557.0,28.55,93.0,1.05,138,837.0
7188,499.0,33.76,83.5,1.23,35,547.0
7189,512.0,22.94,57.1,0.87,85,665.0
7190,461.0,31.02,22.8,0.94,145,795.0
7191,571.0,42.44,92.5,1.37,129,849.0
7192,513.0,42.41,58.4,1.27,41,543.0
7193,484.0,33.4,26.1,1.15,145,831.0
7194,697.0,25.93,78.2,1.04,32,660.0
7195,439.0,29.06,25.5,1.46,127,796.0
7196,495.0,27.81,94.3,1.02,76,640.0
7197,502.0,16.38,47.2,0.87,89,695.0
7198,598.0,25.47,38.1,0.84,78,679.0
7199,590.0,24.13,42.5,0.86,64,666.0
7200,526.0,36.93,33.1,1.48,146,903.0
7201,483.0,29.86,58.3,1.47,43,585.0
7202,574.0,17.95,56.0,1.08,98,789.0
7203,578.0,33.32,47.6,1.22,131,858.0
7204,575.0,44.45,32.0,0.98,102,746.0
7205,644.0,27.39,93.1,0.94,42,611.0
7206,640.0,41.58,58.4,1.45,31,632.0
7207,546.0,15.12,74.4,1.03,14,518.0
7208,490.0,25.49,52.7,1.12,42,557.0
7209,579.0,35.58,63.0,1.32,90,746.0
7210,551.0,37.6,47.2,1.38,28,527.0
7211,411.0,42.86,28.5,0.84,81,556.0
7212,430.0,39.98,75.1,1.06,24,418.0
7213,536.0,24.04,63.3,0.9,91,711.0
7214,441.0,26.56,36.1,1.43,138,812.0
7215,460.0,35.95,33.4,1.01,10,448.0
7216,454.0,34.5,47.8,1.45,73,642.0
7217,519.0,17.76,32.9,0.83,119,791.0
7218,484.0,28.71,86.1,0.91,42,491.0
7219,408.0,21.28,88.9,0.98,14,401.0
7220,458.0,33.06,34.1,1.48,45,581.0
7221,578.0,20.4,48.5,1.08,59,689.0
7222,542.0,31.12,71.0,1.48,94,750.0
7223,582.0,31.75,22.5,1.29,110,817.0
7224,508.0,43.89,57.4,1.08,145,822.0
7225,579.0,35.11,28.4,1.27,80,711.0
7226,735.0,30.92,23.8,1.22,47,742.0
7227,364.0,29.17,61.9,1.14,52,499.0
7228,642.0,36.1,89.6,0.83,75,702.0
7229,492.0,17.41,84.0,1.04,108,776.0
7230,398.0,15.46,82.6,1.28,125,782.0
7231,384.0,42.12,94.8,0.91,67,499.0
7232,497.0,39.71,71.7,1.47,148,873.0
7233,485.0,24.78,60.0,0.91,10,442.0
7234,542.0,30.77,43.4,1.35,78,682.0
7235,508.0,36.44,26.8,0.86,39,487.0
7236,239.0,15.0,65.0,0.86,76,476.0
7237,565.0,38.76,23.4,1.36,84,743.0
7238,501.0,19.06,33.4,1.21,71,684.0
7239,586.0,24.32,47.2,1.19,88,780.0
7240,553.0,40.57,90.7,1.15,101,748.0
7241,582.0,33.22,57.6,1.33,62,693.0
7242,524.0,39.98,73.1,0.98,12,446.0
7243,547.0,39.37,30.9,1.32,139,846.0
7244,538.0,30.71,76.3,0.9,45,572.0
7245,568.0,25.34,42.9,1.26,80,725.0
7246,460.0,40.18,55.3,0.84,42,474.0
7247,528.0,33.65,93.8,0.96,96,702.0
7248,445.0,17.69,84.2,1.44,67,655.0
7249,537.0,24.3,73.3,1.11,77,673.0
7250,613.0,36.54,41.8,1.41,84,779.0
7251,508.0,27.9,49.9,1.23,129,835.0
7252,475.0,40.83,61.5,0.99,29,478.0
7253,519.0,42.32,65.2,1.31,50,586.0
7254,512.0,36.09,39.4,0.83,85,658.0
7255,518.0,19.12,23.6,0.9,118,765.0
7256,502.0,33.53,51.8,1.1,27,498.0
7257,697.0,42.19,59.4,1.12,103,825.0
7258,569.0,42.37,75.4,0.87,147,843.0
7259,541.0,42.55,85.7,1.42,102,782.0
7260,582.0,32.12,66.0,1.25,74,701.0
7261,463.0,44.83,40.1,0.85,33,426.0
7262,461.0,33.17,66.5,1.05,78,603.0
7263,370.0,30.04,24.0,1.19,145,745.0
7264,461.0,25.0,39.0,0.85,89,659.0
7265,558.0,16.88,93.8,1.12,78,729.0
7266,586.0,40.44,38.3,1.47,89,776.0
7267,540.0,19.49,88.5,1.13,27,582.0
7268,479.0,17.98,58.5,0.93,103,708.0
7269,559.0,34.87,42.5,1.17,90,728.0
7270,581.0,33.76,64.4,1.38,120,836.0
7271,415.0,17.23,88.4,1.23,111,737.0
7272,585.0,40.36,28.2,0.9,98,729.0
7273,491.0,35.43,40.8,1.15,146,834.0
7274,589.0,18.07,20.2,1.05,115,857.0
7275,611.0,23.39,77.1,1.44,104,858.0
7276,557.0,43.83,29.1,1.28,81,696.0
7277,386.0,44.84,64.1,1.42,72,583.0
7278,527.0,33.16,89.5,1.0,145,863.0
7279,639.0,39.72,41.1,1.18,149,930.0
7280,467.0,34.37,84.4,1.14,104,684.0
7281,467.0,22.26,87.1,0.93,117,706.0
7282,533.0,26.3,23.3,1.1,14,489.0
7283,486.0,32.19,73.0,0.88,40,502.0
7284,442.0,22.59,54.9,1.42,108,740.0
7285,588.0,21.37,82.6,1.17,56,665.0
7286,530.0,23.2,66.2,0.91,52,612.0
7287,602.0,31.6,35.2,1.06,12,518.0
7288,463.0,18.31,76.3,1.28,84,665.0
7289,455.0,23.84,72.7,0.96,133,785.0
7290,424.0,40.84,53.1,0.91,79,571.0
7291,491.0,34.98,85.8,1.29,49,577.0
7292,446.0,28.61,65.5,1.08,21,444.0
7293,493.0,36.42,69.0,1.16,103,712.0
7294,572.0,32.45,38.0,1.1,44,610.0
7295,502.0,25.51,82.5,1.26,78,683.0
7296,466.0,30.28,56.7,1.43,144,855.0
7297,663.0,21.44,93.5,1.43,139,967.0
7298,592.0,26.82,24.8,1.13,65,658.0
7299,460.0,21.54,76.0,1.22,36,531.0
7300,561.0,37.11,23.6,1.5,44,627.0
7301,537.0,24.87,24.8,1.25,71,694.0
7302,423.0,25.1,51.6,0.87,44,475.0
7303,667.0,29.37,43.2,1.24,94,825.0
7304,478.0,27.0,27.2,0.81,76,611.0
7305,571.0,22.6,50.4,1.41,56,713.0
7306,302.0,27.16,20.6,0.97,32,371.0
7307,475.0,37.75,76.3,1.2,100,672.0
7308,532.0,31.11,40.3,1.36,37,570.0
7309,414.0,17.0,26.2,1.3,96,708.0
7310,601.0,22.95,94.2,1.06,119,849.0
7311,448.0,15.22,87.4,1.42,38,578.0
7312,545.0,34.38,92.1,1.03,50,577.0
7313,441.0,17.66,73.6,1.04,98,677.0
7314,613.0,39.49,48.8,1.22,90,753.0
7315,569.0,16.57,69.3,0.87,30,585.0
7316,537.0,15.41,89.3,0.9,68,677.0
7317,382.0,41.96,35.0,0.82,149,748.0
7318,693.0,19.44,42.8,1.0,26,641.0
7319,481.0,42.45,90.9,1.41,27,481.0
7320,464.0,33.77,63.4,0.9,111,709.0
7321,473.0,40.71,53.4,1.36,33,509.0
7322,474.0,25.01,46.9,1.48,97,747.0
7323,466.0,20.71,23.0,1.38,115,772.0
7324,520.0,36.75,78.2,1.36,110,787.0
7325,427.0,17.92,39.5,1.46,24,517.0
7326,562.0,27.75,85.5,1.24,131,840.0
7327,739.0,43.63,73.5,1.47,72,820.0
7328,432.0,15.15,41.3,1.17,21,480.0
7329,417.0,20.37,25.8,0.96,132,774.0
7330,505.0,35.51,90.3,1.22,11,471.0
7331,446.0,35.18,27.5,1.07,56,541.0
7332,558.0,33.43,28.7,1.23,107,783.0
7333,602.0,17.53,43.0,1.17,128,871.0
7334,423.0,36.69,94.6,1.35,140,791.0
7335,457.0,31.45,36.2,1.04,103,699.0
7336,294.0,21.99,53.2,1.18,57,468.0
7337,463.0,44.11,72.8,0.93,135,773.0
7338,550.0,18.67,24.3,0.84,26,532.0
7339,537.0,30.88,39.7,1.07,46,589.0
7340,502.0,42.03,37.4,0.95,78,618.0
7341,363.0,43.19,51.1,0.91,141,678.0
7342,368.0,32.82,30.2,1.32,51,493.0
7343,545.0,37.57,38.8,1.31,24,560.0
7344,443.0,31.81,42.1,0.91,59,529.0
7345,346.0,21.13,86.6,0.89,58,501.0
7346,566.0,18.89,85.3,1.49,72,737.0
7347,437.0,32.0,30.6,1.42,122,776.0
7348,380.0,18.51,76.8,1.01,105,664.0
7349,430.0,34.86,77.0,0.86,48,486.0
7350,586.0,34.9,75.4,1.31,31,614.0
7351,400.0,30.89,84.9,1.21,14,403.0
7352,453.0,15.3,21.6,0.83,24,475.0
7353,510.0,19.05,55.1,1.48,46,615.0
7354,476.0,25.74,44.8,0.89,14,469.0
7355,484.0,30.08,68.1,1.29,59,614.0
7356,543.0,41.39,80.4,1.47,25,578.0
7357,520.0,15.04,42.3,0.84,19,505.0
7358,562.0,28.73,64.5,1.15,135,859.0
7359,436.0,16.56,84.9,1.25,65,589.0
7360,548.0,20.98,56.8,0.87,56,610.0
7361,625.0,18.99,91.9,1.32,119,894.0
7362,436.0,33.27,25.5,1.19,38,469.0
7363,602.0,32.13,25.5,1.43,111,815.0
7364,491.0,25.75,70.7,1.29,84,671.0
7365,665.0,26.46,43.8,1.24,54,691.0
7366,469.0,33.5,50.2,0.81,21,440.0
7367,519.0,33.52,45.9,1.1,76,645.0
7368,512.0,27.28,66.3,1.14,33,561.0
7369,595.0,32.28,51.5,1.49,133,920.0
7370,639.0,43.95,31.8,1.03,58,639.0
7371,431.0,42.62,40.5,1.44,63,556.0
7372,634.0,44.34,81.6,1.48,89,775.0
7373,605.0,32.28,92.2,1.13,36,593.0
7374,481.0,34.73,37.9,0.82,53,515.0
7375,632.0,42.74,34.0,1.49,55,677.0
7376,410.0,21.77,72.6,1.4,48,540.0
7377,502.0,38.75,94.3,1.03,145,837.0
7378,518.0,31.09,23.4,0.8,74,606.0
7379,465.0,41.45,79.4,1.26,20,457.0
7380,558.0,19.68,88.7,1.28,77,737.0
7381,519.0,33.17,43.5,1.19,16,492.0
7382,467.0,22.03,82.0,1.03,25,499.0
7383,655.0,34.7,61.3,1.41,17,594.0
7384,499.0,42.99,23.5,0.91,101,686.0
7385,504.0,42.91,87.2,1.09,130,780.0
7386,504.0,39.26,55.4,0.84,87,640.0
7387,485.0,43.67,42.4,1.31,31,496.0
7388,553.0,18.59,80.9,1.37,49,657.0
7389,437.0,39.14,72.2,1.47,40,529.0
7390,445.0,25.38,82.4,1.18,128,774.0
7391,474.0,32.05,64.6,1.07,71,612.0
7392,490.0,15.82,90.5,0.9,45,564.0
7393,435.0,19.97,91.7,1.2,93,680.0
7394,449.0,23.25,23.2,0.88,111,683.0
7395,497.0,35.08,38.6,0.85,103,680.0
7396,630.0,21.11,80.5,1.34,47,683.0
7397,625.0,22.46,75.3,1.49,149,987.0
7398,579.0,31.59,62.2,0.88,90,693.0
7399,606.0,38.45,51.9,1.1,116,802.0
7400,395.0,18.83,61.0,1.49,23,484.0
7401,591.0,20.45,44.6,1.1,21,578.0
7402,636.0,30.05,27.4,1.14,94,764.0
7403,400.0,24.38,27.8,0.81,48,488.0
7404,504.0,21.52,24.5,1.14,56,627.0
7405,612.0,33.73,45.0,1.47,97,828.0
7406,479.0,30.06,84.7,0.87,98,681.0
7407,559.0,32.17,80.2,0.92,97,709.0
7408,540.0,43.54,80.2,1.01,73,647.0
7409,515.0,39.01,34.5,0.93,69,586.0
7410,487.0,20.18,93.5,0.88,14,464.0
7411,436.0,29.37,49.3,0.88,35,488.0
7412,581.0,41.3,25.4,1.21,69,671.0
7413,417.0,18.91,84.0,1.18,30,519.0
7414,551.0,41.39,68.1,1.16,103,744.0
7415,489.0,16.56,69.9,0.93,84,670.0
7416,584.0,22.34,71.3,1.3,40,664.0
7417,562.0,32.52,48.6,1.08,90,726.0
7418,498.0,36.16,21.5,1.06,47,549.0
7419,552.0,32.02,41.9,1.25,96,750.0
7420,445.0,34.98,53.6,1.27,147,834.0
7421,504.0,21.15,39.2,1.06,53,592.0
7422,545.0,20.46,20.4,1.16,92,759.0
7423,438.0,24.42,24.2,1.36,99,713.0
7424,542.0,33.15,54.6,0.98,72,660.0
7425,565.0,24.08,52.6,1.26,82,768.0
7426,604.0,28.23,39.6,1.33,24,620.0
7427,569.0,28.59,24.2,1.48,15,569.0
7428,495.0,31.7,79.1,0.9,11,431.0
7429,469.0,39.31,90.7,0.99,55,509.0
7430,518.0,33.25,37.9,1.29,49,600.0
7431,516.0,32.71,74.4,1.37,136,867.0
7432,595.0,38.01,42.8,0.9,121,791.0
7433,496.0,39.07,30.0,1.11,127,779.0
7434,383.0,32.7,64.0,1.32,105,663.0
7435,549.0,23.34,85.7,1.27,68,697.0
7436,546.0,42.37,72.5,1.26,136,806.0
7437,593.0,43.78,86.1,1.12,126,808.0
7438,601.0,44.12,33.4,0.93,129,786.0
7439,560.0,21.23,27.6,1.16,35,602.0
7440,489.0,31.98,34.5,1.13,149,851.0
7441,538.0,18.59,39.9,1.26,53,660.0
7442,440.0,40.52,73.1,1.12,47,496.0
7443,447.0,19.03,64.5,1.39,54,620.0
7444,476.0,26.18,78.4,0.89,120,737.0
7445,467.0,32.04,65.4,0.89,100,662.0
7446,464.0,21.87,23.7,1.34,33,543.0
7447,541.0,41.69,58.5,1.33,68,629.0
7448,591.0,35.91,92.8,1.27,109,798.0
7449,427.0,25.94,54.1,1.21,119,751.0
7450,532.0,22.87,25.3,0.93,85,683.0
7451,468.0,23.43,60.2,0.9,38,479.0
7452,445.0,33.51,62.1,1.39,114,735.0
7453,449.0,20.41,62.6,1.44,56,620.0
7454,479.0,25.86,70.3,1.13,147,838.0
7455,435.0,35.59,27.5,0.82,128,711.0
7456,489.0,18.42,32.3,0.9,132,793.0
7457,519.0,18.84,20.9,0.92,48,575.0
7458,563.0,16.83,84.9,1.03,88,746.0
7459,627.0,26.77,93.5,0.87,119,851.0
7460,419.0,42.44,59.1,1.05,126,707.0
7461,471.0,19.93,52.5,1.43,125,851.0
7462,447.0,43.87,48.3,1.47,73,614.0
7463,412.0,32.71,72.0,1.08,56,528.0
7464,577.0,44.3,40.4,1.17,25,526.0
7465,555.0,29.6,74.2,0.99,104,736.0
7466,655.0,36.62,29.8,1.15,24,585.0
7467,499.0,29.39,34.8,0.86,98,665.0
7468,393.0,33.86,39.5,0.95,60,485.0
7469,467.0,27.56,53.3,0.97,122,748.0
7470,501.0,22.71,20.4,1.25,45,602.0
7471,442.0,25.85,59.0,1.36,87,672.0
7472,450.0,16.15,82.1,0.86,140,806.0
7473,464.0,44.96,89.2,0.98,43,488.0
7474,473.0,32.73,47.4,0.91,134,762.0
7475,391.0,41.83,43.0,1.02,53,488.0
7476,524.0,33.61,49.2,1.09,81,693.0
7477,442.0,25.1,89.6,1.48,102,731.0
7478,402.0,30.41,76.0,1.16,77,597.0
7479,506.0,40.44,62.0,1.09,130,781.0
7480,486.0,29.42,33.3,1.26,75,631.0
7481,492.0,27.38,79.2,0.9,108,709.0
7482,516.0,24.87,79.3,1.21,102,757.0
7483,448.0,30.69,29.1,1.49,96,709.0
7484,446.0,33.72,47.5,1.27,47,558.0
7485,603.0,31.47,80.1,0.83,107,744.0
7486,483.0,42.23,77.9,1.49,57,611.0
7487,529.0,31.57,23.8,1.14,70,671.0
7488,512.0,18.74,67.3,0.92,28,552.0
7489,565.0,40.87,55.5,1.23,90,723.0
7490,597.0,41.69,45.7,1.17,104,777.0
7491,525.0,42.07,88.5,1.09,40,543.0
7492,393.0,15.62,65.6,1.07,65,586.0
7493,442.0,37.07,66.2,0.89,40,468.0
7494,614.0,18.07,26.8,1.14,35,646.0
7495,701.0,43.74,43.3,1.0,40,679.0
7496,454.0,37.62,76.5,1.28,91,649.0
7497,455.0,22.18,44.6,1.33,105,751.0
7498,380.0,43.14,78.0,1.15,142,705.0
7499,375.0,17.13,46.6,0.87,47,493.0
7500,444.0,33.67,82.5,0.81,127,711.0
7501,520.0,23.63,30.7,1.42,134,891.0
7502,544.0,38.03,85.8,1.25,52,619.0
7503,610.0,22.4,32.1,0.91,66,703.0
7504,427.0,18.19,69.3,1.19,30,516.0
7505,545.0,32.9,63.1,1.43,129,847.0
7506,495.0,34.0,30.4,1.27,107,738.0
7507,597.0,29.65,52.3,1.43,93,784.0
7508,481.0,43.11,25.3,0.9,131,743.0
7509,499.0,20.87,37.0,1.05,149,855.0
7510,450.0,35.75,94.3,0.84,115,684.0
7511,518.0,20.15,61.5,0.82,27,519.0
7512,335.0,31.3,20.7,1.46,47,508.0
7513,651.0,18.47,71.7,1.31,76,780.0
7514,543.0,18.92,70.1,1.32,69,714.0
7515,555.0,19.81,20.9,1.17,135,850.0
7516,493.0,23.99,32.7,0.86,95,695.0
7517,431.0,23.85,29.3,0.95,63,580.0
7518,522.0,15.07,74.3,1.05,13,521.0
7519,463.0,32.42,53.0,1.1,84,655.0
7520,537.0,24.33,68.5,1.16,71,664.0
7521,441.0,39.64,50.5,0.85,56,532.0
7522,532.0,18.15,73.4,1.0,67,644.0
7523,565.0,15.33,51.8,1.36,143,950.0
7524,495.0,27.3,84.1,1.15,93,726.0
7525,448.0,31.77,71.9,1.37,52,559.0
7526,437.0,20.82,35.1,1.19,111,702.0
7527,651.0,17.58,47.7,0.83,84,746.0
7528,541.0,18.81,33.6,1.4,16,571.0
7529,492.0,19.32,28.8,1.36,38,596.0
7530,444.0,32.12,27.4,1.16,55,568.0
7531,612.0,42.9,87.7,0.98,110,762.0
7532,459.0,21.96,57.7,0.98,136,767.0
7533,311.0,15.82,57.0,1.0,134,745.0
7534,407.0,38.31,81.1,0.9,97,618.0
7535,610.0,19.14,41.8,1.02,71,753.0
7536,401.0,24.21,37.9,0.94,114,708.0
7537,429.0,15.88,65.4,0.9,72,580.0
7538,493.0,17.36,22.8,0.85,78,665.0
7539,549.0,37.54,30.8,0.95,82,666.0
7540,524.0,43.2,76.6,0.89,44,549.0
7541,551.0,26.34,74.6,1.23,125,816.0
7542,505.0,26.48,93.5,1.16,92,689.0
7543,622.0,35.81,47.9,0.82,22,522.0
7544,549.0,33.39,59.9,0.87,113,735.0
7545,426.0,15.35,22.6,0.94,124,761.0
7546,525.0,17.76,48.3,1.46,17,537.0
7547,562.0,39.67,55.8,1.1,50,583.0
7548,517.0,41.57,26.4,1.16,83,655.0
7549,422.0,34.22,44.1,0.99,48,486.0
7550,469.0,23.71,39.3,0.88,87,651.0
7551,587.0,42.43,30.5,1.46,95,747.0
7552,491.0,26.13,36.6,0.83,95,646.0
7553,439.0,29.7,31.3,1.19,59,553.0
7554,605.0,26.62,87.9,0.86,22,538.0
7555,479.0,34.76,70.5,1.49,65,631.0
7556,464.0,31.53,28.3,0.84,57,533.0
7557,541.0,20.92,85.6,1.13,132,849.0
7558,583.0,44.71,22.0,1.35,111,806.0
7559,383.0,39.28,47.7,1.13,111,642.0
7560,569.0,35.42,28.1,0.87,144,830.0
7561,443.0,26.76,59.6,1.03,55,567.0
7562,513.0,21.61,88.5,1.12,23,541.0
7563,458.0,22.06,45.5,0.89,25,424.0
7564,373.0,37.07,64.0,1.3,19,388.0
7565,464.0,25.95,43.6,1.37,127,784.0
7566,506.0,29.77,86.3,1.17,121,786.0
7567,491.0,42.6,75.3,1.28,12,463.0
7568,571.0,34.66,79.8,1.21,85,741.0
7569,551.0,29.25,80.1,0.91,32,521.0
7570,549.0,38.48,32.9,0.87,99,699.0
7571,447.0,30.06,52.3,1.16,40,527.0
7572,617.0,40.44,52.6,1.49,143,942.0
7573,501.0,44.24,70.7,1.24,76,618.0
7574,518.0,16.12,89.3,1.11,141,877.0
7575,502.0,25.7,94.6,1.46,135,871.0
7576,585.0,27.2,41.2,1.07,67,684.0
7577,624.0,43.52,78.0,1.23,32,598.0
7578,375.0,26.57,69.8,1.15,134,720.0
7579,375.0,21.65,87.7,0.84,27,395.0
7580,606.0,30.02,66.5,1.47,32,613.0
7581,452.0,17.16,38.5,0.97,32,520.0
7582,553.0,38.64,84.0,0.91,138,826.0
7583,578.0,22.71,62.1,0.89,57,676.0
7584,407.0,37.1,36.8,1.01,63,513.0
7585,486.0,43.09,65.8,1.3,77,628.0
7586,555.0,31.56,94.8,1.45,147,916.0
7587,568.0,21.37,63.0,1.28,92,792.0
7588,535.0,42.13,22.8,1.34,83,693.0
7589,583.0,42.02,75.4,0.95,100,720.0
7590,512.0,37.39,49.7,1.15,16,490.0
7591,419.0,18.17,91.1,0.97,50,521.0
7592,539.0,21.13,66.7,1.06,30,564.0
7593,550.0,22.08,42.6,1.27,80,727.0
7594,467.0,35.81,54.5,0.98,95,642.0
7595,454.0,44.01,56.9,0.87,134,712.0
7596,694.0,40.32,94.9,1.29,107,831.0
7597,434.0,29.81,64.1,0.96,44,480.0
7598,525.0,40.01,88.8,0.98,49,557.0
7599,509.0,33.32,22.3,0.81,148,801.0
7600,471.0,23.72,32.2,1.03,18,484.0
7601,556.0,19.63,59.6,1.1,127,861.0
7602,506.0,16.16,62.0,1.03,34,539.0
7603,636.0,34.53,26.7,1.5,56,714.0
7604,560.0,37.97,46.1,1.42,26,569.0
7605,519.0,22.1,51.4,1.01,57,610.0
7606,556.0,42.27,59.4,1.33,20,531.0
7607,506.0,29.95,80.2,1.49,35,557.0
7608,661.0,20.65,64.9,0.92,149,938.0
7609,523.0,27.14,80.1,0.97,126,810.0
7610,458.0,40.51,77.9,1.28,148,838.0
7611,565.0,25.01,49.8,0.94,111,771.0
7612,581.0,33.24,59.4,1.11,41,568.0
7613,428.0,20.2,26.2,1.29,78,628.0
7614,409.0,22.33,79.7,1.26,15,471.0
7615,614.0,34.73,23.7,1.37,130,919.0
7616,592.0,37.23,38.9,0.89,31,543.0
7617,564.0,36.19,44.1,1.45,124,832.0
7618,613.0,35.73,89.6,1.13,77,726.0
7619,444.0,15.82,80.6,1.24,117,751.0
7620,516.0,15.35,81.0,1.3,33,571.0
7621,458.0,24.34,20.1,1.2,19,505.0
7622,496.0,36.41,71.8,1.27,103,706.0
7623,459.0,44.76,51.2,1.35,99,655.0
7624,380.0,18.28,30.1,1.44,75,641.0
7625,450.0,32.5,65.2,1.2,104,705.0
7626,678.0,26.36,48.3,0.99,44,674.0
7627,467.0,35.01,55.8,1.19,130,792.0
7628,542.0,18.04,36.3,0.91,119,799.0
7629,443.0,18.38,77.2,1.17,73,626.0
7630,392.0,44.95,37.2,1.1,140,704.0
7631,442.0,25.3,47.3,1.02,57,517.0
7632,495.0,43.05,29.8,0.81,83,637.0
7633,455.0,23.29,31.0,1.44,112,751.0
7634,479.0,21.01,83.6,1.47,143,869.0
7635,539.0,18.09,57.5,0.84,45,561.0
7636,674.0,29.81,94.9,1.46,148,1008.0
7637,335.0,20.34,72.0,1.02,33,452.0
7638,513.0,40.73,50.1,0.88,142,767.0
7639,455.0,40.4,60.6,1.07,67,580.0
7640,580.0,25.15,81.4,0.99,41,589.0
7641,505.0,42.41,34.0,1.48,58,634.0
7642,493.0,26.46,45.9,1.49,122,791.0
7643,521.0,29.95,56.9,1.28,100,770.0
7644,570.0,36.73,34.9,1.1,120,780.0
7645,445.0,15.88,23.5,0.98,69,621.0
7646,586.0,32.22,88.9,1.02,87,728.0
7647,546.0,32.0,30.6,1.24,81,693.0
7648,464.0,29.93,87.0,1.29,79,637.0
7649,408.0,28.92,67.7,0.83,137,714.0
7650,490.0,28.6,54.4,1.02,70,589.0
7651,380.0,23.77,20.5,1.34,40,522.0
7652,501.0,22.77,32.1,1.1,71,659.0
7653,405.0,15.9,77.0,1.17,120,716.0
7654,339.0,19.01,53.6,0.87,95,603.0
7655,581.0,41.68,78.8,0.83,62,580.0
7656,439.0,30.92,64.5,1.14,66,554.0
7657,637.0,33.5,28.1,1.2,108,831.0
7658,509.0,29.35,70.8,1.47,52,606.0
7659,458.0,41.96,74.4,1.0,83,591.0
7660,520.0,32.58,75.1,1.39,98,750.0
7661,404.0,32.45,34.4,0.99,60,536.0
7662,507.0,22.58,30.4,1.45,36,609.0
7663,379.0,16.12,61.3,0.87,18,411.0
7664,584.0,27.24,68.3,1.36,101,827.0
7665,570.0,41.0,41.8,1.34,75,681.0
7666,458.0,28.88,56.0,0.92,135,753.0
7667,595.0,44.25,72.5,0.9,88,681.0
7668,549.0,42.17,92.3,1.09,94,700.0
7669,353.0,27.89,64.5,1.35,63,550.0
7670,494.0,32.44,79.5,1.2,89,688.0
7671,455.0,44.92,35.2,0.97,122,694.0
7672,509.0,39.61,81.8,1.14,72,619.0
7673,531.0,17.08,61.1,1.47,35,623.0
7674,613.0,17.35,82.7,0.86,46,617.0
7675,439.0,41.01,66.8,1.49,73,631.0
7676,525.0,38.53,34.9,1.39,138,851.0
7677,490.0,32.18,26.3,0.84,145,806.0
7678,447.0,43.91,59.1,1.33,114,689.0
7679,569.0,26.66,42.3,1.48,51,648.0
7680,520.0,43.9,45.5,1.11,84,652.0
7681,584.0,43.82,52.8,1.02,39,555.0
7682,518.0,23.14,57.5,0.96,123,787.0
7683,575.0,37.15,94.4,0.97,119,784.0
7684,419.0,27.47,91.7,1.46,74,641.0
7685,457.0,27.48,66.5,1.16,143,821.0
7686,517.0,43.67,72.7,1.0,142,800.0
7687,428.0,34.71,39.9,1.3,16,402.0
7688,513.0,31.6,25.4,1.16,111,776.0
7689,492.0,16.98,51.4,1.13,49,593.0
7690,473.0,16.26,64.3,0.95,57,573.0
7691,701.0,24.67,38.2,1.05,137,944.0
7692,583.0,42.83,86.2,1.47,34,606.0
7693,528.0,36.98,52.4,0.89,89,660.0
7694,515.0,17.99,26.3,1.4,110,808.0
7695,551.0,27.76,34.4,1.21,38,601.0
7696,530.0,38.08,46.4,1.18,57,599.0
7697,482.0,15.75,49.2,1.29,130,831.0
7698,370.0,40.41,53.5,1.37,55,506.0
7699,412.0,20.38,39.7,1.32,49,559.0
7700,382.0,43.68,36.3,1.12,120,674.0
7701,525.0,28.85,52.2,1.45,122,834.0
7702,557.0,15.41,68.8,0.98,26,583.0
7703,519.0,16.5,47.5,1.47,22,610.0
7704,427.0,28.6,34.8,1.49,53,597.0
7705,549.0,18.09,91.7,0.85,48,609.0
7706,521.0,27.47,89.2,1.09,51,577.0
7707,425.0,21.68,63.6,1.07,144,803.0
7708,409.0,35.19,49.2,0.95,112,667.0
7709,531.0,38.36,94.9,1.25,46,567.0
7710,507.0,37.06,42.2,1.32,99,718.0
7711,449.0,27.53,66.2,1.14,41,536.0
7712,570.0,28.99,50.3,1.14,127,858.0
7713,589.0,28.58,93.9,1.32,63,692.0
7714,547.0,33.84,46.2,1.49,56,666.0
7715,675.0,20.55,30.1,1.24,109,899.0
7716,529.0,18.53,85.0,1.42,26,583.0
7717,540.0,35.09,39.5,0.82,59,557.0
7718,391.0,22.83,61.7,1.17,35,472.0
7719,328.0,42.12,41.9,1.23,141,706.0
7720,429.0,44.85,59.4,0.84,98,598.0
7721,470.0,38.06,48.7,1.21,70,624.0
7722,673.0,27.8,58.6,1.37,20,634.0
7723,503.0,25.3,56.1,1.38,47,587.0
7724,471.0,30.26,21.4,1.17,95,723.0
7725,473.0,33.66,64.6,1.43,90,683.0
7726,412.0,22.95,47.3,1.04,20,430.0
7727,486.0,23.11,80.8,1.25,77,679.0
7728,593.0,43.74,67.2,1.45,131,857.0
7729,453.0,20.74,76.3,0.92,117,770.0
7730,432.0,39.84,31.5,1.19,128,748.0
7731,434.0,17.28,21.0,1.27,45,565.0
7732,537.0,18.64,60.5,1.4,133,898.0
7733,391.0,30.7,42.3,0.86,52,481.0
7734,378.0,25.31,33.7,1.25,61,528.0
7735,570.0,44.39,40.8,1.01,54,596.0
7736,538.0,16.66,43.7,0.83,12,474.0
7737,501.0,39.47,25.1,1.16,36,503.0
7738,638.0,32.19,51.3,0.81,58,666.0
7739,462.0,19.59,85.7,0.96,101,707.0
7740,507.0,15.09,68.9,1.33,88,749.0
7741,628.0,40.03,58.9,1.34,37,633.0
7742,532.0,38.89,82.3,1.47,47,607.0
7743,567.0,37.85,42.5,1.35,38,579.0
7744,473.0,36.52,67.0,1.44,137,818.0
7745,528.0,38.86,59.5,1.42,128,848.0
7746,449.0,21.07,63.7,1.39,130,835.0
7747,512.0,38.62,75.9,0.85,148,794.0
7748,480.0,18.95,28.2,1.36,88,711.0
7749,471.0,15.03,58.2,0.99,50,584.0
7750,483.0,20.89,46.3,1.26,113,755.0
7751,458.0,27.92,47.2,0.89,79,585.0
7752,513.0,27.37,32.6,1.25,46,576.0
7753,493.0,29.92,24.1,1.37,111,761.0
7754,620.0,44.95,84.2,1.16,101,788.0
7755,608.0,27.36,33.4,0.95,92,747.0
7756,634.0,16.86,75.9,1.0,27,618.0
7757,771.0,31.27,22.3,1.2,35,696.0
7758,597.0,33.93,67.9,0.83,92,707.0
7759,337.0,30.4,38.7,1.01,134,687.0
7760,407.0,19.04,78.8,1.41,51,562.0
7761,302.0,37.89,41.1,1.13,50,449.0
7762,543.0,29.62,64.3,1.37,52,641.0
7763,655.0,23.28,50.0,1.0,139,937.0
7764,411.0,26.58,33.1,0.85,44,451.0
7765,560.0,18.55,92.2,1.13,15,553.0
7766,516.0,24.99,85.6,0.86,100,716.0
7767,415.0,34.33,60.9,1.18,39,452.0
7768,607.0,20.63,70.9,0.87,123,868.0
7769,467.0,30.46,94.7,1.49,46,587.0
7770,473.0,25.15,67.8,1.49,43,623.0
7771,391.0,23.91,89.4,0.81,94,616.0
7772,335.0,40.26,33.0,1.07,53,446.0
7773,642.0,17.59,58.6,1.18,68,735.0
7774,530.0,19.57,84.2,1.46,110,823.0
7775,587.0,18.75,63.1,0.9,122,851.0
7776,551.0,19.55,76.6,1.19,26,577.0
7777,464.0,20.39,78.0,1.27,65,627.0
7778,548.0,38.11,90.0,1.34,53,637.0
7779,406.0,19.25,50.9,1.13,29,485.0
7780,386.0,35.09,70.4,1.29,20,417.0
7781,664.0,21.23,78.2,1.35,137,968.0
7782,524.0,41.98,65.4,1.39,98,723.0
7783,372.0,18.67,66.9,1.23,41,490.0
7784,438.0,22.27,23.0,1.22,42,543.0
7785,642.0,19.03,67.3,1.21,116,892.0
7786,424.0,37.59,43.2,0.91,140,731.0
7787,367.0,18.2,20.7,1.17,12,423.0
7788,418.0,26.85,30.5,0.96,21,406.0
7789,644.0,16.3,24.4,1.14,23,603.0
7790,552.0,40.06,32.7,1.43,32,581.0
7791,595.0,19.65,90.7,1.18,68,708.0
7792,407.0,27.9,52.1,1.23,124,723.0
7793,630.0,43.2,82.9,0.98,83,718.0
7794,476.0,41.45,47.6,1.23,97,678.0
7795,529.0,30.49,20.6,0.85,134,794.0
7796,570.0,18.6,76.9,0.98,147,890.0
7797,585.0,15.84,39.3,1.32,48,651.0
7798,392.0,29.41,86.8,0.97,31,430.0
7799,419.0,38.32,61.9,0.98,40,442.0
7800,545.0,26.07,59.0,1.3,53,641.0
7801,663.0,26.58,79.5,1.45,133,973.0
7802,578.0,27.73,36.5,1.25,32,576.0
7803,441.0,44.09,34.9,0.94,20,409.0
7804,682.0,35.67,78.4,1.44,107,898.0
7805,589.0,39.31,92.6,1.1,96,733.0
7806,578.0,18.87,57.6,1.36,81,771.0
7807,532.0,19.78,71.3,1.42,144,917.0
7808,497.0,20.97,55.1,1.0,89,726.0
7809,647.0,29.26,39.2,1.49,92,829.0
7810,507.0,29.49,77.9,0.92,120,745.0
7811,571.0,32.39,50.3,1.26,85,721.0
7812,439.0,36.73,86.4,0.88,54,516.0
7813,556.0,15.88,86.1,1.49,102,810.0
7814,476.0,31.83,53.3,1.49,79,714.0
7815,502.0,30.63,91.5,1.15,33,516.0
7816,465.0,19.27,73.0,1.03,117,785.0
7817,585.0,35.92,78.9,0.85,136,830.0
7818,482.0,33.63,72.0,1.24,58,578.0
7819,478.0,39.43,37.0,1.49,19,500.0
7820,492.0,34.3,94.6,1.05,51,568.0
7821,559.0,33.99,56.7,0.96,134,802.0
7822,439.0,15.86,30.0,1.32,26,531.0
7823,451.0,16.14,70.3,1.19,110,764.0
7824,545.0,24.41,84.9,0.84,39,585.0
7825,443.0,41.4,76.0,0.92,127,710.0
7826,526.0,36.02,79.8,1.24,81,695.0
7827,572.0,44.45,61.7,1.32,144,874.0
7828,447.0,39.5,80.3,1.33,52,602.0
7829,416.0,35.85,91.2,1.49,95,657.0
7830,526.0,33.31,37.5,1.46,124,828.0
7831,456.0,18.01,81.5,1.01,32,538.0
7832,404.0,36.94,70.3,1.2,134,742.0
7833,629.0,32.44,75.4,0.86,75,682.0
7834,492.0,34.36,48.4,1.08,30,474.0
7835,614.0,28.45,88.9,0.96,87,738.0
7836,449.0,15.16,66.6,1.24,135,814.0
7837,537.0,27.15,75.7,1.06,35,554.0
7838,575.0,26.38,82.0,1.47,144,942.0
7839,576.0,24.05,51.4,0.81,131,829.0
7840,412.0,15.55,85.0,1.19,12,437.0
7841,569.0,38.12,77.7,0.98,50,564.0
7842,485.0,25.72,81.3,1.4,127,811.0
7843,426.0,44.68,76.3,1.37,86,641.0
7844,616.0,44.71,56.9,1.39,48,656.0
7845,465.0,22.0,55.3,1.17,112,747.0
7846,364.0,23.84,69.1,1.32,47,507.0
7847,581.0,44.12,46.4,0.82,51,568.0
7848,655.0,28.17,48.0,1.28,13,570.0
7849,521.0,28.08,72.6,0.8,37,525.0
7850,575.0,43.33,68.2,0.86,73,617.0
7851,457.0,35.25,65.9,1.45,143,852.0
7852,442.0,23.23,79.2,1.21,24,470.0
7853,472.0,35.96,37.7,1.09,122,757.0
7854,443.0,19.61,69.9,1.39,81,680.0
7855,534.0,36.42,33.9,0.94,141,834.0
7856,487.0,35.22,91.2,1.06,86,648.0
7857,539.0,40.23,53.8,1.49,101,758.0
7858,519.0,37.49,24.3,0.97,60,570.0
7859,578.0,39.98,64.8,1.25,83,741.0
7860,561.0,28.29,94.9,0.94,81,676.0
7861,507.0,16.7,47.8,1.48,99,773.0
7862,472.0,30.3,75.3,1.13,19,475.0
7863,575.0,32.53,65.9,1.33,111,834.0
7864,415.0,19.92,62.8,0.87,106,673.0
7865,528.0,24.44,79.2,0.84,108,724.0
7866,528.0,15.71,72.5,1.4,137,907.0
7867,665.0,23.54,93.5,0.81,125,856.0
7868,544.0,31.98,50.3,1.31,56,650.0
7869,501.0,29.97,43.3,0.91,42,542.0
7870,601.0,37.85,61.2,0.88,62,608.0
7871,389.0,26.34,55.4,1.2,147,805.0
7872,676.0,42.52,94.8,1.04,47,637.0
7873,398.0,33.45,51.2,1.36,106,680.0
7874,548.0,18.36,80.2,0.84,26,512.0
7875,492.0,21.99,46.8,1.45,98,762.0
7876,490.0,18.08,72.7,1.19,70,663.0
7877,502.0,32.47,94.2,1.05,15,502.0
7878,483.0,31.78,93.1,0.92,112,707.0
7879,371.0,18.11,24.7,0.91,85,596.0
7880,584.0,15.01,50.2,1.48,143,960.0
7881,426.0,39.75,23.1,1.47,145,790.0
7882,427.0,23.6,88.7,0.94,32,447.0
7883,368.0,40.92,71.7,1.47,132,770.0
7884,534.0,18.88,79.1,1.22,28,577.0
7885,514.0,33.27,47.5,0.84,114,716.0
7886,490.0,17.15,70.5,1.0,124,778.0
7887,724.0,29.92,25.3,1.07,49,700.0
7888,541.0,25.91,84.9,1.33,127,814.0
7889,477.0,26.78,84.5,0.9,49,552.0
7890,347.0,28.14,23.7,0.85,24,396.0
7891,653.0,20.82,87.2,1.13,137,944.0
7892,552.0,40.78,64.4,1.25,86,698.0
7893,533.0,16.36,65.8,0.81,118,810.0
7894,602.0,39.89,79.3,1.32,137,900.0
7895,400.0,40.33,63.2,0.8,146,747.0
7896,461.0,24.51,58.9,1.16,128,766.0
7897,684.0,30.94,29.1,1.29,120,892.0
7898,644.0,35.39,25.5,1.12,91,779.0
7899,469.0,32.61,57.8,1.41,145,849.0
7900,500.0,30.98,66.5,0.81,106,683.0
7901,383.0,17.52,32.3,0.99,28,454.0
7902,466.0,39.56,54.4,1.0,91,626.0
7903,553.0,43.96,47.9,1.13,58,579.0
7904,616.0,16.91,30.3,0.91,87,741.0
7905,611.0,27.71,57.9,0.99,72,697.0
7906,462.0,15.71,55.1,0.82,64,576.0
7907,492.0,31.46,20.6,1.09,121,778.0
7908,474.0,36.69,58.4,1.14,129,780.0
7909,368.0,35.56,55.1,1.01,40,439.0
7910,346.0,30.55,86.8,0.92,39,416.0
7911,389.0,19.43,78.6,0.86,99,636.0
7912,462.0,37.36,22.4,1.12,90,625.0
7913,453.0,26.25,30.7,1.23,15,463.0
7914,435.0,37.58,92.5,0.87,147,757.0
7915,566.0,43.6,89.5,1.28,70,645.0
7916,579.0,43.6,94.9,1.37,95,767.0
7917,439.0,41.54,23.3,1.13,147,760.0
7918,576.0,35.76,53.9,1.03,66,652.0
7919,438.0,25.18,68.3,1.22,92,688.0
7920,589.0,26.35,34.9,0.94,59,679.0
7921,562.0,26.7,59.5,0.87,28,539.0
7922,509.0,20.1,60.8,1.02,81,667.0
7923,355.0,25.28,49.5,1.07,74,558.0
7924,517.0,21.54,60.5,1.37,65,695.0
7925,506.0,34.15,65.1,1.24,82,676.0
7926,488.0,33.14,72.9,1.13,108,716.0
7927,350.0,40.86,56.3,1.41,22,414.0
7928,492.0,20.37,73.9,1.33,85,718.0
7929,557.0,32.76,33.0,0.99,50,578.0
7930,441.0,15.13,60.2,0.98,28,507.0
7931,492.0,41.62,75.7,1.31,123,779.0
7932,501.0,27.47,84.7,1.22,20,490.0
7933,472.0,25.73,31.1,0.91,82,609.0
7934,421.0,20.16,44.9,1.09,83,662.0
7935,510.0,33.44,93.2,1.33,111,803.0
7936,476.0,37.12,29.8,0.85,63,549.0
7937,490.0,34.15,45.9,1.24,81,669.0
7938,596.0,28.33,70.9,1.16,121,871.0
7939,608.0,35.11,48.5,1.42,66,718.0
7940,436.0,44.59,62.4,1.09,106,661.0
7941,408.0,29.45,59.9,0.88,118,695.0
7942,647.0,35.9,73.2,1.11,129,868.0
7943,475.0,16.49,43.3,1.01,46,564.0
7944,516.0,21.92,64.2,0.89,22,469.0
7945,534.0,39.36,39.9,0.82,114,748.0
7946,335.0,37.67,54.4,0.86,88,515.0
7947,360.0,25.59,92.4,1.22,138,726.0
7948,552.0,23.75,86.4,1.34,64,674.0
7949,556.0,41.29,42.5,1.13,129,824.0
7950,423.0,42.77,82.5,1.07,119,677.0
7951,568.0,29.27,64.0,1.47,78,737.0
7952,505.0,24.84,27.0,1.37,110,791.0
7953,407.0,16.79,76.0,1.02,141,780.0
7954,460.0,23.64,61.2,1.15,149,837.0
7955,560.0,29.88,51.3,0.81,31,524.0
7956,560.0,24.16,57.5,1.46,70,691.0
7957,644.0,27.02,84.5,0.91,54,657.0
7958,548.0,23.16,87.0,1.39,86,730.0
7959,489.0,42.95,80.3,0.95,126,729.0
7960,472.0,27.13,27.3,1.11,101,713.0
7961,528.0,42.51,73.4,1.46,96,713.0
7962,446.0,19.59,60.0,1.35,29,505.0
7963,624.0,28.47,22.7,0.99,58,636.0
7964,522.0,38.37,80.4,1.11,11,452.0
7965,366.0,16.54,36.3,1.06,82,618.0
7966,428.0,21.36,51.9,1.41,37,552.0
7967,438.0,39.15,72.5,0.93,14,391.0
7968,483.0,30.32,78.7,1.28,103,739.0
7969,611.0,33.99,69.7,0.98,22,555.0
7970,393.0,30.31,25.6,0.96,32,429.0
7971,531.0,34.42,40.7,0.94,116,762.0
7972,445.0,31.1,52.3,0.92,97,685.0
7973,425.0,19.38,50.2,1.22,53,555.0
7974,433.0,40.34,67.0,0.8,12,347.0
7975,498.0,18.81,80.7,0.95,132,800.0
7976,492.0,15.43,39.7,1.49,99,770.0
7977,539.0,22.46,44.0,0.82,82,665.0
7978,563.0,30.79,27.6,1.23,129,872.0
7979,548.0,44.38,54.5,1.16,51,569.0
7980,514.0,23.83,87.0,1.19,79,711.0
7981,518.0,36.65,41.6,1.3,25,518.0
7982,446.0,43.82,54.2,1.43,69,594.0
7983,532.0,15.34,39.0,1.29,93,764.0
7984,433.0,21.86,50.1,1.47,117,756.0
7985,497.0,26.91,92.2,0.85,21,469.0
7986,601.0,30.72,31.9,0.96,47,585.0
7987,576.0,32.18,57.3,1.04,139,865.0
7988,668.0,30.56,59.3,1.35,68,748.0
7989,393.0,43.21,66.8,1.48,132,758.0
7990,512.0,33.1,92.3,1.28,98,721.0
7991,587.0,34.68,94.7,1.44,33,608.0
7992,441.0,20.83,42.6,1.36,24,504.0
7993,585.0,40.27,69.5,1.32,13,513.0
7994,576.0,23.01,77.2,1.09,84,726.0
7995,405.0,35.27,92.5,1.48,47,539.0
7996,632.0,44.53,36.7,0.86,139,863.0
7997,384.0,40.73,74.3,1.46,43,491.0
7998,484.0,24.47,82.0,0.88,22,498.0
7999,540.0,20.04,36.2,1.14,127,854.0
8000,708.0,34.94,80.5,0.85,93,787.0
8001,411.0,38.21,64.5,1.07,117,676.0
8002,368.0,30.91,59.3,1.24,51,490.0
8003,473.0,42.25,29.8,1.43,35,516.0
8004,548.0,25.36,56.7,1.12,124,800.0
8005,443.0,25.23,89.0,0.98,22,449.0
8006,444.0,18.42,50.3,1.23,61,614.0
8007,473.0,40.72,56.7,1.45,40,549.0
8008,444.0,36.43,28.6,1.28,70,599.0
8009,561.0,16.61,21.6,1.37,75,718.0
8010,551.0,20.76,33.6,1.13,43,594.0
8011,420.0,40.21,84.7,1.0,34,454.0
8012,499.0,29.17,32.7,1.02,13,443.0
8013,475.0,28.69,44.0,0.87,129,749.0
8014,400.0,33.92,28.4,0.85,30,418.0
8015,526.0,20.31,22.7,0.85,69,640.0
8016,595.0,22.8,56.3,0.8,63,657.0
8017,555.0,43.1,35.4,0.98,117,746.0
8018,369.0,21.21,39.6,1.48,145,791.0
8019,465.0,43.03,20.3,1.03,74,566.0
8020,515.0,29.99,60.9,1.27,114,774.0
8021,571.0,23.58,81.3,0.91,20,522.0
8022,497.0,15.53,89.1,0.93,27,520.0
8023,567.0,35.47,23.0,1.24,136,880.0
8024,486.0,26.29,41.3,1.06,36,530.0
8025,566.0,37.07,88.6,1.42,143,918.0
8026,492.0,20.84,73.7,1.03,88,699.0
8027,488.0,28.49,86.2,1.37,19,521.0
8028,554.0,21.37,74.2,1.28,20,556.0
8029,591.0,43.73,49.2,1.5,123,865.0
8030,603.0,43.21,44.4,1.47,22,585.0
8031,504.0,17.02,51.9,1.01,83,703.0
8032,471.0,24.62,42.8,1.15,117,763.0
8033,631.0,19.27,73.7,0.82,19,555.0
8034,507.0,26.46,83.2,1.43,55,645.0
8035,607.0,38.21,50.3,1.31,17,536.0
8036,501.0,23.6,52.7,1.22,108,767.0
8037,476.0,24.33,50.7,1.41,132,845.0
8038,473.0,37.65,30.8,1.4,63,611.0
8039,493.0,34.07,79.0,0.88,88,653.0
8040,503.0,36.54,43.6,1.42,116,795.0
8041,582.0,29.45,80.6,1.29,51,650.0
8042,551.0,44.09,20.9,0.81,33,506.0
8043,528.0,29.55,28.5,1.44,73,687.0
8044,481.0,28.64,35.1,1.04,40,549.0
8045,544.0,24.83,24.8,1.3,85,708.0
8046,497.0,15.54,25.4,1.07,57,629.0
8047,463.0,34.65,54.1,1.42,129,835.0
8048,496.0,39.16,70.3,0.83,70,578.0
8049,462.0,22.36,39.7,1.24,145,828.0
8050,358.0,32.45,44.6,1.17,104,610.0
8051,454.0,33.75,91.9,0.93,148,801.0
8052,466.0,16.98,33.5,1.45,29,548.0
8053,383.0,39.08,90.8,1.1,132,696.0
8054,597.0,19.5,23.0,1.39,18,598.0
8055,520.0,34.66,59.4,0.84,56,595.0
8056,525.0,27.94,78.2,1.03,15,472.0
8057,520.0,31.36,28.6,0.97,20,494.0
8058,685.0,39.28,32.2,1.14,79,752.0
8059,556.0,38.36,23.0,1.04,67,649.0
8060,582.0,27.68,73.5,1.08,110,812.0
8061,580.0,18.77,48.7,0.81,126,805.0
8062,628.0,41.38,63.9,1.45,89,758.0
8063,532.0,24.13,43.2,1.35,94,765.0
8064,490.0,26.1,48.6,1.05,119,745.0
8065,423.0,32.21,47.4,0.8,86,565.0
8066,492.0,16.73,63.7,1.48,14,533.0
8067,574.0,21.11,49.2,1.42,124,878.0
8068,432.0,39.02,68.6,1.13,104,663.0
8069,384.0,20.13,75.4,1.31,28,479.0
8070,458.0,27.22,26.4,1.18,90,672.0
8071,556.0,35.04,58.5,1.37,137,894.0
8072,547.0,17.96,70.5,1.26,41,629.0
8073,518.0,41.72,67.0,1.37,11,460.0
8074,585.0,40.4,70.4,1.13,11,487.0
8075,454.0,29.25,58.5,0.83,61,564.0
8076,539.0,36.85,54.9,1.43,15,532.0
8077,565.0,29.13,68.2,1.04,92,751.0
8078,541.0,24.51,62.5,1.45,112,819.0
8079,538.0,19.01,60.9,1.2,56,661.0
8080,447.0,40.3,52.7,0.8,52,485.0
8081,480.0,21.69,23.5,1.39,26,524.0
8082,427.0,38.26,80.8,1.49,31,519.0
8083,535.0,38.9,59.5,1.31,84,694.0
8084,465.0,17.07,83.0,1.49,132,868.0
8085,403.0,15.09,33.3,1.21,149,826.0
8086,428.0,33.9,39.7,1.21,104,694.0
8087,472.0,29.0,59.6,1.11,93,691.0
8088,525.0,40.56,72.2,1.39,55,606.0
8089,537.0,19.41,41.2,1.27,136,906.0
8090,490.0,34.57,87.6,1.18,131,790.0
8091,423.0,32.12,50.1,0.95,135,735.0
8092,468.0,31.05,75.3,1.03,101,672.0
8093,579.0,19.29,45.0,1.07,77,738.0
8094,287.0,16.92,46.0,0.98,48,444.0
8095,531.0,40.68,76.2,0.84,98,701.0
8096,316.0,44.15,21.9,1.04,117,623.0
8097,451.0,22.48,91.5,1.43,122,794.0
8098,480.0,29.22,22.8,1.18,133,798.0
8099,506.0,29.54,36.5,1.18,127,817.0
8100,459.0,37.78,71.4,1.4,66,605.0
8101,614.0,43.11,87.9,1.45,35,634.0
8102,566.0,33.24,54.7,0.98,19,498.0
8103,651.0,28.47,50.4,1.32,130,915.0
8104,548.0,32.74,61.1,1.38,17,530.0
8105,494.0,44.26,27.5,1.28,76,648.0
8106,416.0,18.11,20.4,1.27,66,613.0
8107,310.0,36.55,22.4,0.89,109,578.0
8108,394.0,20.73,72.6,0.88,40,469.0
8109,500.0,23.15,32.9,1.47,17,540.0
8110,550.0,37.32,26.8,1.07,74,629.0
8111,480.0,40.24,78.3,1.15,138,775.0
8112,580.0,16.76,90.4,1.43,82,781.0
8113,425.0,41.82,94.0,1.0,107,651.0
8114,653.0,22.32,31.3,1.06,63,750.0
8115,499.0,20.87,74.7,1.42,21,545.0
8116,416.0,39.64,26.8,1.5,103,689.0
8117,526.0,17.95,36.0,1.05,84,729.0
8118,443.0,17.42,35.2,0.91,17,444.0
8119,412.0,38.15,70.7,0.82,40,441.0
8120,438.0,44.33,24.8,1.37,77,589.0
8121,270.0,25.76,29.2,0.97,88,543.0
8122,533.0,15.39,42.3,0.83,121,797.0
8123,538.0,28.93,83.0,0.94,40,574.0
8124,444.0,36.75,40.7,0.87,56,527.0
8125,526.0,19.52,63.1,1.22,92,748.0
8126,473.0,15.57,63.1,1.32,95,708.0
8127,431.0,20.77,48.8,1.27,45,551.0
8128,691.0,33.27,23.5,1.0,35,615.0
8129,707.0,39.5,69.7,1.36,117,925.0
8130,626.0,20.1,82.9,1.32,41,689.0
8131,547.0,23.51,28.2,1.08,96,748.0
8132,495.0,39.44,30.6,1.37,38,522.0
8133,614.0,30.06,25.3,1.16,55,648.0
8134,638.0,28.28,77.3,1.01,148,927.0
8135,547.0,24.89,71.7,0.92,39,588.0
8136,515.0,35.71,26.9,1.14,34,520.0
8137,396.0,23.18,29.7,0.87,98,612.0
8138,552.0,33.58,37.4,1.14,130,790.0
8139,449.0,44.63,21.4,1.26,86,637.0
8140,688.0,34.11,28.7,0.85,118,827.0
8141,494.0,17.96,90.3,1.4,126,867.0
8142,684.0,32.12,30.5,1.31,93,827.0
8143,516.0,36.56,49.4,1.41,107,772.0
8144,430.0,34.2,45.4,1.47,27,470.0
8145,400.0,44.12,44.9,0.9,32,405.0
8146,626.0,25.47,71.7,1.48,78,785.0
8147,591.0,24.22,92.7,1.4,145,980.0
8148,511.0,32.54,43.4,1.3,25,505.0
8149,378.0,44.72,73.9,0.9,41,421.0
8150,483.0,19.47,31.7,0.96,44,560.0
8151,566.0,41.06,57.1,1.18,109,772.0
8152,507.0,28.59,48.3,1.32,59,604.0
8153,516.0,25.56,37.0,1.42,14,535.0
8154,564.0,33.27,77.2,1.3,20,534.0
8155,461.0,17.1,26.3,1.34,64,650.0
8156,422.0,41.98,66.7,1.16,53,493.0
8157,544.0,32.84,37.4,0.94,18,475.0
8158,551.0,20.16,36.7,1.3,90,757.0
8159,615.0,22.13,38.9,1.09,41,625.0
8160,462.0,43.63,58.2,0.81,139,764.0
8161,422.0,28.16,68.1,1.49,102,708.0
8162,602.0,27.69,46.4,1.47,137,938.0
8163,561.0,37.47,77.9,1.41,138,875.0
8164,374.0,34.23,55.3,1.44,40,500.0
8165,446.0,29.66,22.4,1.05,18,442.0
8166,520.0,21.69,75.0,1.14,99,749.0
8167,395.0,42.48,31.9,1.29,119,696.0
8168,327.0,26.83,62.3,1.27,130,721.0
8169,592.0,44.5,57.8,1.14,86,698.0
8170,430.0,25.02,46.3,1.03,101,677.0
8171,507.0,33.84,58.0,1.02,69,614.0
8172,342.0,34.07,51.4,1.39,82,586.0
8173,432.0,19.35,39.2,1.47,104,752.0
8174,441.0,33.62,22.6,1.09,104,680.0
8175,403.0,24.54,51.0,0.93,122,711.0
8176,485.0,23.93,33.9,0.89,139,790.0
8177,489.0,26.59,62.1,1.45,20,540.0
8178,507.0,33.54,92.4,1.04,99,697.0
8179,460.0,38.66,56.2,1.15,18,439.0
8180,560.0,19.15,76.7,1.46,63,694.0
8181,463.0,38.33,48.0,0.82,95,635.0
8182,447.0,32.68,31.9,1.06,22,473.0
8183,304.0,35.65,43.8,0.96,122,588.0
8184,537.0,24.14,65.5,1.47,40,614.0
8185,441.0,24.14,49.3,1.15,94,677.0
8186,486.0,34.49,37.3,0.85,56,541.0
8187,363.0,22.35,63.7,1.27,67,582.0
8188,601.0,42.57,47.7,1.4,10,519.0
8189,556.0,16.22,78.8,0.92,46,605.0
8190,642.0,40.73,60.1,1.33,27,578.0
8191,537.0,41.92,40.3,1.19,117,758.0
8192,405.0,22.6,61.1,1.11,120,705.0
8193,482.0,39.67,25.2,1.19,74,645.0
8194,536.0,30.8,24.8,0.92,103,728.0
8195,521.0,32.87,91.8,1.02,42,534.0
8196,477.0,44.84,59.6,1.09,118,707.0
8197,587.0,27.01,60.6,1.32,111,819.0
8198,414.0,31.35,76.9,1.15,134,755.0
8199,513.0,38.23,37.0,0.86,56,569.0
8200,525.0,28.34,50.9,0.9,123,764.0
8201,461.0,39.92,76.1,0.97,52,526.0
8202,573.0,17.75,35.6,0.88,143,888.0
8203,516.0,32.85,93.0,0.8,141,767.0
8204,504.0,44.38,38.9,1.22,104,719.0
8205,542.0,42.68,76.3,1.39,128,812.0
8206,406.0,39.54,74.4,0.89,105,612.0
8207,451.0,37.17,40.9,0.81,140,735.0
8208,548.0,42.46,75.6,1.2,102,713.0
8209,537.0,15.05,50.3,0.83,38,568.0
8210,654.0,30.57,45.4,1.42,54,703.0
8211,456.0,19.43,71.5,1.07,39,534.0
8212,599.0,31.71,65.1,1.36,34,611.0
8213,568.0,40.5,64.8,0.98,96,710.0
8214,429.0,26.89,72.4,0.97,135,752.0
8215,518.0,44.48,67.3,0.81,143,774.0
8216,649.0,38.74,36.0,1.23,83,765.0
8217,551.0,31.02,33.6,0.98,139,863.0
8218,576.0,44.36,72.8,1.34,80,704.0
8219,584.0,21.99,55.4,1.0,149,936.0
8220,641.0,17.84,66.4,0.87,147,939.0
8221,593.0,23.15,36.3,1.32,114,835.0
8222,516.0,37.7,34.0,1.48,74,686.0
8223,518.0,31.95,63.2,1.17,114,766.0
8224,620.0,41.69,66.1,1.3,37,595.0
8225,561.0,20.91,49.8,1.2,52,663.0
8226,550.0,39.27,37.4,1.28,64,642.0
8227,517.0,35.14,36.9,0.92,132,773.0
8228,449.0,15.15,35.4,0.95,18,454.0
8229,469.0,19.63,37.4,1.13,120,789.0
8230,465.0,28.23,91.8,1.11,139,789.0
8231,510.0,20.99,70.1,0.82,52,580.0
8232,446.0,32.59,25.7,1.1,71,587.0
8233,473.0,42.17,54.6,0.89,26,418.0
8234,502.0,37.33,93.9,1.4,137,840.0
8235,414.0,21.89,60.0,1.47,22,485.0
8236,437.0,18.69,61.0,1.46,73,650.0
8237,562.0,38.79,60.3,0.99,140,818.0
8238,343.0,35.18,38.4,1.31,61,519.0
8239,444.0,36.05,22.0,1.29,131,789.0
8240,577.0,21.22,52.2,1.08,102,762.0
8241,380.0,28.82,40.8,1.27,23,431.0
8242,515.0,33.68,69.1,1.46,115,809.0
8243,467.0,36.11,90.8,1.21,65,588.0
8244,399.0,37.31,51.6,1.19,13,422.0
8245,501.0,29.14,91.0,1.31,10,479.0
8246,499.0,21.42,26.2,0.94,57,613.0
8247,389.0,18.27,53.1,1.15,23,456.0
8248,489.0,43.56,54.0,0.83,14,403.0
8249,550.0,19.07,71.4,1.32,98,799.0
8250,340.0,27.17,78.2,1.03,58,492.0
8251,617.0,19.07,92.7,0.9,135,890.0
8252,403.0,43.78,27.7,1.41,125,755.0
8253,465.0,15.24,50.7,1.48,16,535.0
8254,486.0,29.26,51.8,1.08,42,525.0
8255,514.0,29.43,42.0,1.16,141,850.0
8256,377.0,39.44,77.4,1.05,129,670.0
8257,420.0,24.02,41.0,1.5,33,544.0
8258,582.0,21.5,68.9,1.08,14,534.0
8259,423.0,27.6,91.7,1.25,108,690.0
8260,513.0,36.05,28.8,0.96,67,601.0
8261,482.0,43.42,33.4,1.34,117,762.0
8262,419.0,21.0,38.5,1.22,122,755.0
8263,445.0,27.8,53.5,1.43,120,757.0
8264,614.0,33.26,26.9,0.97,83,708.0
8265,418.0,25.45,50.1,1.12,123,754.0
8266,574.0,38.82,25.5,1.44,34,623.0
8267,644.0,23.76,24.2,1.02,113,841.0
8268,579.0,22.98,21.4,0.96,25,556.0
8269,500.0,40.55,55.1,1.3,101,728.0
8270,583.0,20.26,51.5,1.31,14,588.0
8271,473.0,31.85,48.9,1.06,35,492.0
8272,527.0,31.61,73.4,0.88,133,805.0
8273,533.0,24.21,36.2,0.92,37,538.0
8274,466.0,41.97,47.2,0.97,96,630.0
8275,543.0,43.04,60.2,1.01,19,518.0
8276,444.0,33.58,27.3,1.01,86,629.0
8277,538.0,24.17,94.4,1.28,103,793.0
8278,491.0,29.94,68.6,0.82,29,461.0
8279,500.0,26.11,60.2,1.13,10,476.0
8280,606.0,17.22,38.7,0.93,69,737.0
8281,609.0,15.64,53.4,1.14,67,719.0
8282,509.0,27.66,93.9,0.97,100,703.0
8283,641.0,44.96,71.6,1.3,79,751.0
8284,527.0,31.14,53.6,1.26,36,573.0
8285,458.0,33.6,24.1,0.93,39,482.0
8286,399.0,33.93,34.4,0.89,137,730.0
8287,488.0,35.23,42.9,1.4,59,612.0
8288,581.0,28.37,56.6,0.86,85,707.0
8289,552.0,38.72,58.9,0.92,33,506.0
8290,540.0,39.63,75.8,0.84,71,580.0
8291,308.0,29.58,36.8,1.13,57,454.0
8292,673.0,30.36,76.2,1.26,71,773.0
8293,493.0,27.81,65.3,0.99,29,493.0
8294,411.0,23.28,30.7,1.37,99,698.0
8295,740.0,38.22,73.5,1.18,145,960.0
8296,461.0,22.78,57.2,1.21,143,856.0
8297,719.0,40.32,20.4,0.89,33,620.0
8298,484.0,44.86,43.9,1.42,130,793.0
8299,469.0,29.8,33.5,1.03,96,669.0
8300,438.0,20.13,88.3,1.1,80,644.0
8301,372.0,26.15,40.3,1.42,100,678.0
8302,440.0,31.64,62.7,1.4,63,581.0
8303,582.0,33.65,72.4,1.28,137,884.0
8304,567.0,23.37,75.5,0.81,39,566.0
8305,515.0,19.19,83.8,1.4,65,687.0
8306,437.0,16.97,76.7,0.86,98,659.0
8307,507.0,16.44,53.0,1.23,60,655.0
8308,545.0,43.92,24.7,0.91,105,719.0
8309,461.0,16.02,61.2,1.31,63,642.0
8310,507.0,33.57,46.5,1.36,112,767.0
8311,584.0,19.14,60.9,0.9,88,731.0
8312,657.0,18.57,22.2,1.25,118,874.0
8313,542.0,39.51,75.4,1.44,45,604.0
8314,453.0,22.31,26.8,1.32,43,525.0
8315,450.0,43.39,79.3,1.16,55,533.0
8316,565.0,16.14,42.1,0.99,52,624.0
8317,573.0,32.41,29.5,1.0,139,846.0
8318,439.0,33.5,25.5,1.29,144,832.0
8319,449.0,20.14,45.6,1.43,42,581.0
8320,396.0,42.13,47.3,1.27,148,771.0
8321,395.0,36.98,86.2,0.82,99,589.0
8322,399.0,25.68,26.8,1.33,94,650.0
8323,540.0,31.85,59.9,1.17,51,599.0
8324,459.0,34.81,49.5,1.28,141,808.0
8325,524.0,29.44,87.0,1.01,75,654.0
8326,376.0,19.91,25.7,1.26,120,717.0
8327,543.0,43.44,71.5,0.93,77,628.0
8328,410.0,31.71,36.8,1.24,81,607.0
8329,535.0,41.75,58.8,0.85,77,619.0
8330,441.0,24.57,41.3,1.42,37,564.0
8331,462.0,27.73,72.6,1.37,69,635.0
8332,501.0,20.03,67.2,0.85,126,785.0
8333,473.0,40.96,80.4,1.1,60,538.0
8334,335.0,38.54,66.6,1.15,87,541.0
8335,571.0,32.95,31.0,0.98,119,783.0
8336,648.0,18.34,47.1,1.34,91,856.0
8337,494.0,21.85,70.2,1.39,147,885.0
8338,420.0,20.74,69.8,1.17,110,682.0
8339,504.0,43.52,46.6,0.98,124,739.0
8340,508.0,26.59,80.3,1.26,45,600.0
8341,595.0,18.06,59.4,1.2,34,634.0
8342,392.0,36.06,38.8,0.81,75,510.0
8343,565.0,37.8,89.5,0.99,16,480.0
8344,533.0,35.64,72.6,1.05,104,721.0
8345,407.0,27.88,31.0,0.84,105,636.0
8346,598.0,43.77,70.5,0.91,117,777.0
8347,422.0,41.77,35.9,0.8,137,709.0
8348,552.0,24.9,69.8,0.99,131,820.0
8349,622.0,22.95,88.1,1.02,40,617.0
8350,467.0,21.93,21.8,1.27,60,611.0
8351,436.0,17.35,81.9,1.13,40,515.0
8352,523.0,39.06,21.1,1.06,113,739.0
8353,253.0,17.02,27.5,0.85,125,616.0
8354,386.0,27.13,56.7,1.35,125,739.0
8355,439.0,35.31,39.1,1.04,17,420.0
8356,555.0,17.28,54.3,0.91,29,553.0
8357,612.0,33.08,93.0,1.4,10,542.0
8358,405.0,31.84,69.9,1.14,22,439.0
8359,484.0,21.39,72.5,0.96,56,597.0
8360,626.0,38.69,64.5,1.48,128,917.0
8361,514.0,18.82,38.4,1.41,32,592.0
8362,417.0,22.93,79.3,0.93,86,630.0
8363,567.0,15.58,89.6,1.47,42,650.0
8364,579.0,32.23,53.7,1.03,34,554.0
8365,594.0,20.16,66.0,1.23,19,581.0
8366,614.0,36.16,90.3,0.81,121,811.0
8367,505.0,26.6,75.2,0.83,40,512.0
8368,626.0,16.88,60.0,1.17,10,568.0
8369,549.0,44.1,75.5,1.48,125,818.0
8370,568.0,35.13,22.5,0.88,44,553.0
8371,428.0,35.79,48.3,1.02,93,621.0
8372,423.0,16.61,83.2,1.14,81,663.0
8373,465.0,33.17,35.3,0.86,124,731.0
8374,453.0,40.23,54.2,1.34,30,491.0
8375,532.0,30.3,78.8,1.36,68,658.0
8376,568.0,39.86,78.8,1.12,62,614.0
8377,473.0,36.15,72.2,0.91,37,489.0
8378,399.0,16.45,81.4,1.3,20,486.0
8379,518.0,42.28,41.6,0.99,93,644.0
8380,664.0,43.7,80.8,0.98,126,849.0
8381,574.0,17.86,82.4,0.94,32,569.0
8382,496.0,36.22,39.5,0.89,23,462.0
8383,565.0,26.35,32.3,1.23,21,576.0
8384,531.0,36.05,44.7,1.15,38,583.0
8385,485.0,34.42,66.5,1.4,138,843.0
8386,386.0,20.82,52.8,1.17,85,648.0
8387,443.0,39.57,80.2,0.88,112,667.0
8388,629.0,18.67,40.3,1.1,146,953.0
8389,564.0,20.77,85.2,1.22,51,680.0
8390,421.0,28.55,72.5,1.49,104,705.0
8391,514.0,33.07,47.4,1.11,45,581.0
8392,571.0,33.25,80.6,0.89,101,734.0
8393,517.0,23.41,77.5,1.01,130,796.0
8394,608.0,30.61,63.3,0.93,21,542.0
8395,349.0,16.05,38.8,1.16,82,591.0
8396,399.0,37.46,82.2,1.02,130,703.0
8397,446.0,31.59,87.4,1.3,144,826.0
8398,356.0,32.98,59.4,0.94,32,388.0
8399,397.0,31.36,69.6,1.08,56,498.0
8400,488.0,44.33,62.1,1.05,68,569.0
8401,560.0,22.4,90.2,1.13,13,544.0
8402,437.0,35.32,57.5,0.95,33,457.0
8403,337.0,36.02,31.2,0.94,87,533.0
8404,547.0,34.74,29.4,1.26,78,657.0
8405,550.0,28.5,51.2,0.88,95,703.0
8406,670.0,36.89,58.6,1.2,101,826.0
8407,450.0,18.81,43.1,1.21,32,525.0
8408,503.0,15.31,46.3,1.38,73,671.0
8409,570.0,35.48,34.5,0.85,142,823.0
8410,641.0,20.53,45.4,1.03,126,888.0
8411,508.0,28.67,53.4,1.07,74,660.0
8412,512.0,16.12,78.8,1.31,27,591.0
8413,338.0,18.6,50.0,1.28,17,413.0
8414,370.0,39.38,22.1,1.0,119,650.0
8415,419.0,43.29,44.6,1.11,92,619.0
8416,494.0,20.8,63.0,1.36,92,725.0
8417,411.0,29.31,65.2,0.93,144,746.0
8418,532.0,23.25,25.4,1.47,48,618.0
8419,433.0,44.96,69.5,1.03,88,593.0
8420,536.0,33.66,35.3,1.14,98,723.0
8421,467.0,18.04,81.0,0.98,118,763.0
8422,594.0,32.92,59.8,1.48,107,825.0
8423,528.0,27.49,87.3,0.86,33,505.0
8424,536.0,40.09,58.6,1.03,124,750.0
8425,548.0,38.11,41.4,1.01,10,466.0
8426,498.0,21.17,42.3,1.19,146,856.0
8427,651.0,32.82,69.6,1.23,126,887.0
8428,528.0,22.78,90.4,1.1,106,762.0
8429,447.0,19.47,34.7,1.33,16,504.0
8430,453.0,29.48,93.1,1.35,41,547.0
8431,651.0,26.21,44.4,1.4,37,679.0
8432,507.0,26.85,52.2,1.18,141,866.0
8433,450.0,35.84,20.4,0.93,29,448.0
8434,503.0,21.66,42.6,1.31,113,798.0
8435,379.0,39.71,22.6,0.83,60,458.0
8436,480.0,43.51,20.1,1.02,71,604.0
8437,521.0,18.34,64.2,1.04,138,848.0
8438,459.0,17.94,75.1,1.2,55,603.0
8439,694.0,44.29,44.3,1.32,62,713.0
8440,602.0,36.0,73.4,1.1,29,552.0
8441,509.0,19.13,40.1,1.0,109,733.0
8442,488.0,16.9,35.4,1.32,94,725.0
8443,623.0,39.59,40.4,1.28,42,637.0
8444,534.0,16.87,52.5,0.98,57,610.0
8445,464.0,32.18,31.4,1.17,39,504.0
8446,399.0,38.56,78.4,1.02,19,396.0
8447,386.0,42.67,59.4,1.04,73,524.0
8448,510.0,17.58,91.3,0.98,20,529.0
8449,588.0,32.15,79.7,1.25,123,830.0
8450,605.0,35.39,68.4,0.93,67,668.0
8451,500.0,16.75,61.9,1.21,78,713.0
8452,520.0,34.58,40.1,1.43,112,768.0
8453,422.0,39.75,31.5,1.02,71,567.0
8454,434.0,25.34,55.7,1.28,41,510.0
8455,486.0,30.85,68.6,1.39,24,509.0
8456,590.0,27.07,41.3,1.12,148,886.0
8457,386.0,28.72,38.2,1.48,56,557.0
8458,525.0,19.32,27.9,1.49,113,838.0
8459,523.0,26.04,86.2,0.83,46,539.0
8460,396.0,26.9,32.2,1.48,129,753.0
8461,445.0,28.12,21.2,1.26,67,594.0
8462,448.0,40.18,38.1,0.87,72,564.0
8463,464.0,33.42,62.0,0.85,135,744.0
8464,685.0,32.07,56.8,1.36,38,698.0
8465,372.0,25.11,34.1,1.13,141,760.0
8466,400.0,30.45,52.4,1.1,133,727.0
8467,460.0,15.31,69.3,0.9,45,524.0
8468,518.0,28.46,87.4,1.0,98,729.0
8469,705.0,22.4,38.5,1.37,119,961.0
8470,556.0,34.02,39.5,1.5,83,731.0
8471,523.0,41.75,64.4,1.09,103,736.0
8472,403.0,44.52,87.3,1.27,51,522.0
8473,433.0,33.98,27.8,1.39,111,716.0
8474,478.0,23.96,22.0,1.02,37,525.0
8475,541.0,32.53,27.2,1.11,146,864.0
8476,505.0,28.51,24.4,0.94,28,469.0
8477,438.0,19.61,86.4,1.35,123,754.0
8478,545.0,36.78,87.6,1.16,69,636.0
8479,570.0,26.8,69.8,0.91,118,767.0
8480,510.0,23.92,93.1,1.45,71,664.0
8481,578.0,37.73,41.8,0.87,63,612.0
8482,474.0,28.91,89.7,1.15,113,710.0
8483,515.0,20.95,70.7,1.22,125,826.0
8484,468.0,43.29,65.1,1.42,69,601.0
8485,480.0,32.04,64.7,0.88,24,469.0
8486,494.0,44.36,25.3,0.96,29,462.0
8487,423.0,42.36,30.7,0.89,34,456.0
8488,513.0,28.98,70.9,1.14,124,797.0
8489,472.0,26.98,68.2,1.21,33,538.0
8490,471.0,18.81,77.0,1.22,54,590.0
8491,595.0,20.72,93.7,1.21,108,807.0
8492,396.0,23.84,86.5,0.91,34,446.0
8493,534.0,23.91,42.3,1.39,48,652.0
8494,388.0,16.47,43.8,0.86,59,524.0
8495,364.0,38.2,61.9,1.13,57,479.0
8496,437.0,39.69,51.1,0.88,14,373.0
8497,534.0,20.53,73.9,1.21,140,878.0
8498,375.0,27.29,30.1,1.46,144,808.0
8499,470.0,30.02,52.4,1.17,42,519.0
8500,370.0,30.27,77.8,1.22,102,638.0
8501,524.0,29.92,76.2,0.83,29,484.0
8502,453.0,32.09,23.2,1.45,129,791.0
8503,455.0,16.2,71.6,1.25,89,694.0
8504,388.0,37.76,53.9,0.86,106,630.0
8505,529.0,19.55,85.5,0.99,49,599.0
8506,588.0,26.4,77.3,1.47,148,955.0
8507,530.0,22.77,80.3,1.28,11,519.0
8508,472.0,31.32,26.4,0.9,22,457.0
8509,401.0,29.87,70.2,0.94,116,659.0
8510,457.0,26.34,78.3,1.01,62,581.0
8511,550.0,27.22,62.9,1.2,112,816.0
8512,441.0,18.02,24.1,0.98,133,783.0
8513,508.0,23.82,83.8,1.44,39,567.0
8514,556.0,41.75,44.9,1.42,38,595.0
8515,584.0,18.52,25.0,1.43,52,704.0
8516,418.0,34.2,26.5,1.19,125,748.0
8517,403.0,18.42,43.0,1.14,44,522.0
8518,538.0,36.24,33.5,1.2,79,658.0
8519,528.0,40.02,89.6,1.13,132,791.0
8520,436.0,33.51,72.2,1.12,99,650.0
8521,334.0,38.03,37.4,0.91,34,377.0
8522,526.0,29.83,51.9,1.17,66,656.0
8523,471.0,34.82,34.3,1.3,127,774.0
8524,393.0,18.28,88.3,1.48,75,634.0
8525,635.0,26.89,50.7,1.15,52,682.0
8526,454.0,23.68,25.1,1.46,142,822.0
8527,341.0,39.14,37.3,1.25,137,706.0
8528,560.0,43.92,78.4,0.9,111,712.0
8529,461.0,18.59,87.5,1.38,28,523.0
8530,441.0,21.05,45.4,1.1,108,719.0
8531,542.0,39.09,28.7,1.42,54,630.0
8532,674.0,36.58,50.4,1.27,22,610.0
8533,624.0,18.83,64.2,0.93,112,825.0
8534,457.0,19.3,66.0,1.46,90,706.0
8535,587.0,42.44,35.1,1.0,144,839.0
8536,479.0,27.67,31.8,1.46,29,546.0
8537,426.0,29.28,33.7,0.84,36,455.0
8538,528.0,25.62,24.1,0.91,48,574.0
8539,683.0,30.39,51.6,1.42,143,974.0
8540,410.0,28.52,31.4,1.44,83,655.0
8541,597.0,21.45,50.4,0.86,140,884.0
8542,614.0,41.7,64.8,0.91,145,845.0
8543,393.0,26.42,32.9,1.36,19,470.0
8544,538.0,38.19,81.5,0.91,90,656.0
8545,426.0,20.09,93.3,0.81,133,738.0
8546,475.0,39.43,85.3,1.41,79,626.0
8547,424.0,26.19,78.3,1.28,44,542.0
8548,566.0,22.32,80.9,0.96,124,821.0
8549,426.0,29.2,34.6,0.88,23,436.0
8550,457.0,41.55,76.2,1.26,84,646.0
8551,537.0,35.44,28.7,0.87,107,722.0
8552,465.0,37.85,49.0,1.41,13,441.0
8553,315.0,36.93,46.2,1.2,42,435.0
8554,485.0,15.33,70.7,0.92,96,725.0
8555,449.0,40.55,74.1,0.8,34,421.0
8556,518.0,16.15,48.8,1.11,102,762.0
8557,650.0,39.77,31.5,1.29,58,706.0
8558,524.0,35.51,25.0,1.41,73,663.0
8559,590.0,43.42,43.8,1.04,94,737.0
8560,595.0,38.58,76.1,1.14,127,832.0
8561,637.0,27.9,67.3,1.12,19,595.0
8562,496.0,41.62,43.1,0.82,73,567.0
8563,465.0,23.15,37.9,1.29,145,841.0
8564,565.0,36.19,84.0,1.1,125,805.0
8565,539.0,35.37,23.1,1.25,61,603.0
8566,418.0,42.72,74.6,1.11,10,379.0
8567,354.0,26.95,31.0,0.89,11,338.0
8568,327.0,36.63,88.2,0.93,72,498.0
8569,551.0,24.46,68.2,1.01,89,705.0
8570,582.0,20.69,32.7,0.92,22,528.0
8571,639.0,41.25,65.0,1.18,30,603.0
8572,516.0,32.45,35.4,1.27,110,761.0
8573,517.0,26.55,93.3,0.97,113,771.0
8574,399.0,43.86,64.7,1.4,112,706.0
8575,458.0,43.81,39.3,1.01,33,457.0
8576,480.0,28.71,39.8,1.2,101,708.0
8577,597.0,34.69,20.4,1.27,10,532.0
8578,539.0,32.97,75.2,1.43,63,673.0
8579,531.0,36.39,36.4,1.26,144,823.0
8580,627.0,41.48,94.2,0.9,126,796.0
8581,529.0,18.44,70.1,0.99,101,759.0
8582,561.0,36.13,81.7,1.41,101,777.0
8583,404.0,42.49,72.8,1.32,129,735.0
8584,438.0,30.91,78.7,1.05,29,456.0
8585,494.0,38.34,45.8,1.05,12,454.0
8586,631.0,18.47,46.7,1.44,122,914.0
8587,717.0,32.67,78.2,1.47,112,904.0
8588,507.0,21.88,64.9,1.37,14,534.0
8589,584.0,28.85,68.5,1.15,35,562.0
8590,613.0,15.02,35.1,0.81,113,827.0
8591,532.0,43.05,88.0,1.46,50,620.0
8592,377.0,18.79,88.2,1.34,144,823.0
8593,419.0,36.95,67.1,0.98,107,652.0
8594,572.0,22.13,56.6,1.21,76,723.0
8595,487.0,42.24,25.5,0.86,127,741.0
8596,518.0,23.75,61.2,1.23,34,557.0
8597,619.0,31.99,31.3,1.04,63,669.0
8598,513.0,42.54,37.3,1.32,134,805.0
8599,417.0,19.35,58.5,1.03,103,689.0
8600,531.0,19.03,77.4,0.85,27,522.0
8601,524.0,19.01,82.4,1.48,20,562.0
8602,679.0,26.11,58.7,0.96,10,569.0
8603,597.0,43.29,79.5,1.31,119,837.0
8604,512.0,20.29,82.7,0.96,21,490.0
8605,510.0,36.84,21.8,1.31,88,675.0
8606,564.0,29.78,70.1,1.32,11,520.0
8607,347.0,32.3,48.2,1.05,132,708.0
8608,603.0,17.73,69.3,0.94,123,880.0
8609,516.0,39.54,92.4,1.41,94,736.0
8610,553.0,43.46,67.4,1.33,50,594.0
8611,585.0,29.94,92.4,1.25,115,821.0
8612,492.0,38.43,26.8,0.86,70,585.0
8613,482.0,23.23,48.0,1.45,58,649.0
8614,404.0,44.39,42.2,1.44,50,524.0
8615,509.0,40.23,94.6,1.49,79,698.0
8616,537.0,21.22,73.5,1.27,88,731.0
8617,439.0,22.04,53.1,1.49,143,845.0
8618,572.0,37.32,93.9,1.39,81,723.0
8619,559.0,26.51,48.7,1.48,138,924.0
8620,450.0,24.3,69.4,1.29,110,726.0
8621,498.0,24.63,40.0,0.87,85,647.0
8622,538.0,43.61,84.3,0.81,96,666.0
8623,431.0,35.28,94.3,0.96,44,466.0
8624,440.0,27.1,72.0,1.41,16,497.0
8625,517.0,21.25,91.5,0.99,30,534.0
8626,616.0,32.4,83.1,1.02,33,612.0
8627,478.0,38.15,35.5,1.07,75,607.0
8628,454.0,21.34,20.2,1.44,136,859.0
8629,563.0,15.89,56.4,0.83,129,843.0
8630,478.0,38.4,48.3,0.84,81,602.0
8631,417.0,42.91,39.0,1.35,57,535.0
8632,396.0,15.32,69.9,0.93,90,611.0
8633,521.0,38.45,93.2,1.39,106,741.0
8634,450.0,42.59,57.8,1.44,136,788.0
8635,609.0,18.55,27.5,1.0,132,886.0
8636,562.0,42.94,29.6,1.3,143,871.0
8637,503.0,39.81,80.0,1.35,98,711.0
8638,614.0,18.37,61.5,1.06,99,795.0
8639,564.0,37.46,34.4,1.09,54,661.0
8640,346.0,30.71,23.6,1.33,143,765.0
8641,491.0,18.89,77.4,1.05,136,805.0
8642,440.0,16.53,68.5,1.46,33,562.0
8643,457.0,44.36,23.0,1.49,75,629.0
8644,433.0,34.79,53.8,1.29,110,720.0
8645,549.0,25.24,65.5,1.34,145,882.0
8646,423.0,35.72,40.3,1.49,50,548.0
8647,501.0,25.63,58.1,0.97,68,633.0
8648,491.0,40.71,63.9,1.26,148,833.0
8649,437.0,38.76,22.1,1.31,91,634.0
8650,436.0,18.02,92.8,1.03,98,666.0
8651,461.0,30.64,21.0,1.19,79,638.0
8652,441.0,43.08,81.9,1.11,32,462.0
8653,396.0,43.52,70.8,1.26,120,662.0
8654,490.0,26.84,49.3,1.33,29,536.0
8655,605.0,31.89,20.7,0.82,94,721.0
8656,485.0,24.91,80.9,1.1,38,529.0
8657,572.0,34.2,39.2,1.27,71,700.0
8658,477.0,33.27,69.8,1.33,114,746.0
8659,501.0,43.77,32.9,1.2,20,431.0
8660,598.0,25.99,71.3,1.2,69,695.0
8661,439.0,42.75,37.2,1.13,56,539.0
8662,500.0,31.85,69.3,1.34,68,636.0
8663,422.0,40.27,61.8,1.5,85,630.0
8664,473.0,22.32,24.2,1.39,128,827.0
8665,400.0,15.03,87.1,1.0,122,742.0
8666,545.0,15.91,54.9,1.32,27,566.0
8667,548.0,32.85,68.8,1.25,42,579.0
8668,550.0,21.49,94.5,0.89,115,786.0
8669,558.0,23.17,85.7,0.8,19,511.0
8670,611.0,15.09,39.9,1.14,103,848.0
8671,470.0,39.63,44.6,0.83,71,584.0
8672,500.0,22.93,59.0,1.39,144,883.0
8673,424.0,37.54,72.2,1.1,32,468.0
8674,558.0,18.97,73.7,0.91,116,818.0
8675,480.0,42.42,32.8,0.91,10,402.0
8676,591.0,27.13,32.7,1.02,34,603.0
8677,358.0,39.95,80.7,1.01,115,623.0
8678,536.0,40.16,32.2,1.0,136,815.0
8679,590.0,21.26,37.2,1.05,63,722.0
8680,493.0,42.86,86.0,1.35,111,698.0
8681,383.0,35.9,82.4,0.84,66,517.0
8682,494.0,35.04,80.2,1.16,91,689.0
8683,444.0,43.56,41.0,0.86,36,452.0
8684,537.0,16.15,92.7,1.06,122,804.0
8685,420.0,41.2,64.9,1.37,63,557.0
8686,389.0,38.01,86.1,0.95,141,728.0
8687,415.0,23.4,57.2,1.27,101,688.0
8688,632.0,19.57,89.6,0.91,77,742.0
8689,521.0,32.57,80.0,1.41,108,765.0
8690,518.0,31.73,32.6,0.84,140,825.0
8691,542.0,31.28,92.6,0.84,58,597.0
8692,523.0,37.72,77.3,0.8,28,509.0
8693,644.0,40.97,60.6,1.34,46,651.0
8694,504.0,30.27,69.0,0.81,11,450.0
8695,573.0,29.76,78.4,1.27,79,730.0
8696,514.0,38.25,57.1,0.83,34,484.0
8697,593.0,36.75,53.0,1.49,36,621.0
8698,559.0,20.07,86.2,1.41,29,642.0
8699,554.0,36.88,37.6,0.97,37,546.0
8700,550.0,39.1,56.0,1.46,24,545.0
8701,505.0,33.09,76.6,1.3,128,841.0
8702,594.0,19.43,90.1,1.35,138,938.0
8703,499.0,23.99,63.1,1.44,31,574.0
8704,461.0,33.96,68.8,0.88,102,680.0
8705,500.0,36.85,33.1,1.08,123,757.0
8706,365.0,28.62,67.1,1.16,55,507.0
8707,498.0,15.02,32.6,1.19,52,633.0
8708,512.0,24.58,54.5,0.85,97,697.0
8709,650.0,29.51,82.8,1.34,85,794.0
8710,459.0,39.31,51.9,0.93,46,498.0
8711,586.0,34.89,76.4,1.31,125,845.0
8712,504.0,25.1,60.8,1.04,44,565.0
8713,415.0,24.84,49.5,1.34,135,797.0
8714,483.0,30.93,65.5,1.3,142,862.0
8715,580.0,29.25,50.1,1.32,95,801.0
8716,533.0,27.65,33.8,1.24,83,762.0
8717,542.0,25.64,73.0,1.38,133,886.0
8718,493.0,23.79,86.5,0.92,35,527.0
8719,428.0,40.32,27.5,1.46,72,614.0
8720,428.0,36.59,58.2,1.05,36,469.0
8721,450.0,39.0,38.4,1.13,99,660.0
8722,586.0,35.49,70.9,1.26,33,540.0
8723,417.0,29.0,62.7,1.27,72,601.0
8724,445.0,36.99,51.3,1.44,144,822.0
8725,591.0,26.89,56.7,1.1,122,840.0
8726,425.0,23.38,79.6,1.04,45,523.0
8727,461.0,39.42,74.5,1.11,90,638.0
8728,458.0,32.73,94.5,1.44,109,732.0
8729,448.0,34.8,93.3,1.23,136,780.0
8730,588.0,30.14,53.8,1.07,12,519.0
8731,503.0,18.53,81.9,1.37,63,668.0
8732,467.0,30.82,38.9,1.2,143,815.0
8733,413.0,36.13,45.2,1.16,13,407.0
8734,596.0,17.68,66.7,1.34,93,800.0
8735,506.0,41.7,81.0,1.18,84,641.0
8736,493.0,34.03,87.8,0.86,137,772.0
8737,627.0,22.67,34.7,0.9,32,593.0
8738,364.0,35.97,88.2,1.41,73,585.0
8739,464.0,37.7,48.1,1.44,139,808.0
8740,519.0,24.51,82.9,1.07,102,726.0
8741,576.0,18.6,90.8,1.34,76,777.0
8742,436.0,40.01,51.5,0.9,96,605.0
8743,478.0,20.11,80.2,0.97,107,693.0
8744,455.0,21.39,81.4,0.96,85,644.0
8745,340.0,30.96,49.0,1.38,57,517.0
8746,519.0,30.57,78.8,0.84,12,492.0
8747,611.0,26.74,42.1,0.99,59,650.0
8748,572.0,19.16,22.5,1.35,58,670.0
8749,638.0,33.39,23.8,1.11,148,914.0
8750,558.0,20.97,55.6,0.87,73,696.0
8751,481.0,21.35,68.4,1.23,74,681.0
8752,534.0,35.15,31.1,0.96,21,504.0
8753,672.0,40.79,46.9,0.99,72,717.0
8754,374.0,38.47,21.2,1.36,92,634.0
8755,558.0,24.77,72.0,1.39,62,693.0
8756,480.0,39.19,43.8,1.25,75,662.0
8757,697.0,20.15,43.4,1.18,131,959.0
8758,559.0,21.4,58.7,1.28,28,579.0
8759,386.0,24.59,30.4,1.33,129,767.0
8760,627.0,20.91,49.8,0.95,63,698.0
8761,547.0,31.61,64.8,1.22,42,606.0
8762,667.0,35.68,31.4,1.28,97,820.0
8763,566.0,31.45,91.2,1.13,85,703.0
8764,453.0,20.88,73.5,0.87,64,584.0
8765,479.0,28.47,68.3,1.45,11,498.0
8766,433.0,30.54,92.0,0.87,131,718.0
8767,457.0,16.8,36.6,0.81,94,658.0
8768,521.0,22.42,42.7,1.24,94,740.0
8769,538.0,35.96,30.1,1.43,10,508.0
8770,599.0,31.93,41.2,0.91,111,763.0
8771,480.0,30.25,46.5,0.88,124,741.0
8772,564.0,42.43,81.0,0.87,143,818.0
8773,525.0,35.58,59.9,1.26,66,654.0
8774,535.0,43.98,75.6,1.39,118,776.0
8775,478.0,36.06,82.5,1.15,54,542.0
8776,478.0,31.95,81.9,1.0,124,745.0
8777,425.0,31.32,62.8,0.85,104,655.0
8778,561.0,28.02,68.7,1.49,146,966.0
8779,486.0,42.97,42.8,1.34,102,713.0
8780,501.0,19.36,51.1,0.99,149,877.0
8781,465.0,28.61,82.4,1.3,46,540.0
8782,575.0,19.71,26.9,1.2,103,795.0
8783,311.0,28.25,89.1,1.06,137,684.0
8784,540.0,40.5,21.8,0.95,98,710.0
8785,542.0,26.71,49.3,1.01,147,884.0
8786,444.0,21.65,68.2,1.08,18,452.0
8787,463.0,32.19,60.6,1.27,65,640.0
8788,518.0,42.14,90.4,1.04,82,633.0
8789,577.0,19.21,80.6,1.47,124,911.0
8790,456.0,29.85,48.6,1.04,24,433.0
8791,512.0,41.14,58.2,1.18,29,521.0
8792,642.0,21.34,27.8,1.09,85,774.0
8793,475.0,43.74,54.1,1.2,49,523.0
8794,392.0,23.55,50.6,1.3,103,698.0
8795,381.0,29.0,48.9,1.37,54,535.0
8796,491.0,42.2,20.2,1.16,140,822.0
8797,559.0,26.45,44.2,1.3,131,854.0
8798,528.0,16.74,91.9,0.94,80,666.0
8799,516.0,19.2,43.1,0.86,69,633.0
8800,437.0,16.54,80.4,1.18,46,544.0
8801,558.0,34.0,55.4,1.17,16,524.0
8802,539.0,15.85,57.7,1.4,100,833.0
8803,605.0,15.95,87.0,1.12,46,667.0
8804,418.0,22.52,91.2,1.06,89,642.0
8805,623.0,22.6,65.8,1.5,77,782.0
8806,352.0,32.9,79.5,0.92,44,447.0
8807,591.0,35.74,20.4,1.01,113,792.0
8808,642.0,27.29,32.8,1.05,72,743.0
8809,454.0,30.66,37.5,1.06,81,647.0
8810,463.0,29.82,50.1,1.07,30,490.0
8811,418.0,22.83,79.3,1.04,43,498.0
8812,439.0,44.51,62.3,1.21,19,435.0
8813,525.0,36.45,60.0,1.09,84,688.0
8814,378.0,40.65,85.5,1.43,58,528.0
8815,506.0,25.68,38.6,1.36,17,521.0
8816,410.0,44.63,79.1,1.28,133,733.0
8817,424.0,37.16,36.1,0.95,52,499.0
8818,606.0,33.19,47.2,1.46,113,864.0
8819,548.0,30.99,41.1,1.15,39,544.0
8820,446.0,23.41,42.5,1.02,124,753.0
8821,570.0,19.86,28.0,1.34,59,702.0
8822,565.0,43.98,49.7,1.14,76,670.0
8823,482.0,22.09,78.0,1.11,27,507.0
8824,490.0,15.23,39.9,1.14,84,721.0
8825,616.0,21.35,93.1,0.96,102,796.0
8826,533.0,16.25,85.3,1.27,121,818.0
8827,436.0,19.81,84.5,1.32,120,780.0
8828,477.0,44.04,52.8,1.33,23,489.0
8829,403.0,27.64,27.7,1.32,122,731.0
8830,433.0,39.45,67.6,1.41,46,520.0
8831,531.0,39.26,48.8,1.12,16,506.0
8832,396.0,19.26,66.4,1.3,90,659.0
8833,579.0,24.66,46.3,1.21,147,924.0
8834,498.0,38.95,51.2,1.17,37,513.0
8835,480.0,18.47,77.5,1.39,33,576.0
8836,509.0,19.91,84.8,1.03,65,624.0
8837,551.0,33.63,70.6,0.96,115,787.0
8838,649.0,20.32,49.8,1.28,15,589.0
8839,502.0,17.6,72.6,1.2,133,869.0
8840,288.0,17.47,57.7,1.03,97,586.0
8841,581.0,34.82,22.1,0.98,43,600.0
8842,489.0,42.33,89.6,1.31,23,473.0
8843,577.0,19.76,48.8,1.1,117,840.0
8844,392.0,20.95,20.9,1.39,56,596.0
8845,472.0,36.23,24.3,0.86,41,510.0
8846,498.0,44.74,77.3,1.3,116,743.0
8847,591.0,17.88,41.0,1.22,106,826.0
8848,506.0,44.54,37.9,1.39,32,504.0
8849,461.0,42.7,73.5,1.1,34,484.0
8850,456.0,16.26,38.0,1.49,15,512.0
8851,530.0,16.31,60.9,1.35,25,588.0
8852,555.0,19.44,77.1,0.89,28,555.0
8853,489.0,25.16,75.3,1.49,48,603.0
8854,582.0,16.64,41.8,1.4,130,891.0
8855,437.0,22.83,67.3,1.21,91,692.0
8856,559.0,22.93,81.5,1.13,71,694.0
8857,520.0,33.87,62.3,0.91,78,654.0
8858,570.0,42.75,85.9,1.27,111,778.0
8859,542.0,33.83,89.3,1.23,17,517.0
8860,594.0,43.03,87.5,1.21,51,614.0
8861,470.0,29.31,30.0,1.33,126,793.0
8862,346.0,31.18,54.6,1.39,16,433.0
8863,458.0,18.1,85.2,1.35,98,730.0
8864,449.0,32.49,54.1,1.47,92,704.0
8865,570.0,17.38,43.8,1.23,139,952.0
8866,449.0,40.11,23.8,1.01,86,575.0
8867,524.0,27.12,25.1,1.25,111,788.0
8868,392.0,25.91,25.9,1.2,73,587.0
8869,510.0,29.75,84.9,1.25,55,612.0
8870,547.0,38.54,61.9,0.89,87,653.0
8871,508.0,20.31,41.2,1.04,121,803.0
8872,502.0,26.33,54.4,1.35,48,597.0
8873,476.0,16.54,82.6,0.88,65,617.0
8874,492.0,27.1,89.7,1.33,44,588.0
8875,500.0,22.88,62.7,1.03,100,708.0
8876,458.0,31.9,52.3,1.31,112,757.0
8877,499.0,34.21,91.6,1.44,18,514.0
8878,494.0,21.13,83.2,1.49,138,875.0
8879,559.0,41.19,35.3,0.92,108,729.0
8880,529.0,15.26,47.6,1.43,136,896.0
8881,478.0,20.47,58.9,1.18,82,717.0
8882,372.0,40.99,57.4,1.02,32,415.0
8883,442.0,15.37,36.6,1.13,13,493.0
8884,546.0,18.47,32.3,1.11,64,660.0
8885,551.0,38.35,84.3,1.32,137,842.0
8886,530.0,29.37,56.7,1.46,76,716.0
8887,536.0,23.51,54.2,1.17,133,831.0
8888,434.0,33.89,30.3,0.92,119,686.0
8889,543.0,42.63,57.5,1.14,103,761.0
8890,675.0,25.96,92.5,1.04,104,849.0
8891,537.0,30.49,84.5,1.35,145,894.0
8892,560.0,26.0,34.2,1.15,59,649.0
8893,523.0,26.75,34.1,1.27,48,588.0
8894,547.0,37.49,28.3,1.3,44,606.0
8895,484.0,26.6,26.4,1.06,122,743.0
8896,500.0,19.3,63.0,1.25,125,827.0
8897,573.0,33.15,22.8,0.81,50,588.0
8898,385.0,41.15,75.3,1.0,99,603.0
8899,312.0,15.66,86.2,1.08,44,459.0
8900,425.0,31.82,70.6,1.23,78,630.0
8901,668.0,19.52,47.0,1.29,64,763.0
8902,518.0,41.53,27.8,1.07,133,763.0
8903,601.0,44.98,48.9,1.19,142,857.0
8904,407.0,16.57,45.3,1.04,25,475.0
8905,350.0,16.74,86.9,0.86,122,682.0
8906,607.0,36.31,33.3,1.15,59,675.0
8907,469.0,41.99,61.0,1.32,55,549.0
8908,451.0,22.43,72.8,1.44,140,858.0
8909,500.0,30.13,54.9,1.46,108,784.0
8910,484.0,24.54,43.0,0.96,149,832.0
8911,601.0,37.59,43.2,1.03,116,787.0
8912,577.0,26.25,59.5,1.23,111,808.0
8913,622.0,41.08,53.4,1.2,15,560.0
8914,497.0,37.02,30.9,1.28,50,586.0
8915,607.0,24.88,63.6,1.14,104,814.0
8916,474.0,18.64,77.5,1.36,15,482.0
8917,487.0,28.33,36.0,1.08,51,625.0
8918,556.0,21.09,36.7,0.88,36,575.0
8919,705.0,35.94,24.8,1.13,143,955.0
8920,572.0,26.87,50.7,1.06,92,722.0
8921,646.0,19.02,83.2,1.46,55,727.0
8922,584.0,32.55,35.0,0.97,118,785.0
8923,603.0,35.93,33.2,1.27,94,782.0
8924,586.0,24.46,61.3,1.49,44,662.0
8925,555.0,18.82,82.7,1.3,69,706.0
8926,487.0,17.01,49.3,1.06,72,663.0
8927,660.0,40.59,40.7,1.33,51,684.0
8928,449.0,25.06,72.1,0.8,23,455.0
8929,414.0,33.0,79.8,1.02,10,401.0
8930,539.0,40.4,60.1,0.8,98,664.0
8931,552.0,27.19,77.2,0.88,119,806.0
8932,433.0,43.81,85.6,0.88,82,561.0
8933,496.0,18.61,50.9,1.31,126,840.0
8934,411.0,32.53,45.0,1.47,83,621.0
8935,494.0,26.81,66.4,0.93,148,815.0
8936,586.0,29.81,45.4,1.36,28,634.0
8937,446.0,43.47,40.0,0.89,81,568.0
8938,513.0,25.81,24.8,1.17,60,610.0
8939,457.0,31.56,33.4,0.99,36,480.0
8940,583.0,27.01,84.1,1.49,106,820.0
8941,413.0,22.88,75.2,1.18,118,744.0
8942,545.0,20.9,48.5,0.98,126,794.0
8943,497.0,24.45,48.3,1.22,102,755.0
8944,592.0,34.71,68.9,0.98,36,559.0
8945,465.0,41.6,90.8,1.04,49,507.0
8946,485.0,33.98,25.5,0.92,100,679.0
8947,464.0,38.35,32.4,0.89,40,495.0
8948,441.0,35.0,67.6,1.48,131,784.0
8949,636.0,39.98,56.0,0.88,78,676.0
8950,567.0,21.09,32.3,0.81,78,647.0
8951,598.0,41.26,21.8,1.42,140,907.0
8952,507.0,32.99,23.8,0.89,32,485.0
8953,545.0,31.28,27.4,1.18,21,514.0
8954,600.0,22.6,64.8,1.46,22,600.0
8955,526.0,35.81,20.6,1.45,99,750.0
8956,538.0,27.75,32.2,1.36,31,586.0
8957,523.0,31.13,83.2,0.99,23,483.0
8958,518.0,32.96,28.9,1.43,50,623.0
8959,485.0,40.59,67.9,1.28,91,699.0
8960,560.0,35.37,77.8,1.32,53,662.0
8961,503.0,28.46,37.3,1.18,58,599.0
8962,410.0,44.37,93.5,0.86,118,671.0
8963,565.0,16.55,37.2,1.01,34,603.0
8964,518.0,42.48,51.3,1.29,61,592.0
8965,349.0,44.43,67.1,1.16,89,552.0
8966,561.0,41.63,28.8,1.08,139,831.0
8967,421.0,40.54,93.2,1.04,64,525.0
8968,463.0,26.12,24.0,1.03,78,630.0
8969,408.0,30.09,33.8,1.2,17,433.0
8970,434.0,24.29,74.3,1.08,125,740.0
8971,595.0,19.44,88.8,1.24,34,648.0
8972,597.0,24.25,27.6,0.86,102,766.0
8973,464.0,20.46,38.7,1.32,81,671.0
8974,451.0,37.65,78.4,1.49,68,625.0
8975,620.0,44.58,30.2,1.32,68,690.0
8976,327.0,30.99,31.8,1.26,45,449.0
8977,621.0,39.14,26.8,1.0,101,763.0
8978,429.0,41.76,62.5,1.22,92,623.0
8979,505.0,38.44,88.7,1.25,41,534.0
8980,519.0,18.43,36.3,1.32,32,610.0
8981,510.0,25.42,58.2,0.83,102,688.0
8982,407.0,15.58,62.2,1.05,121,693.0
8983,596.0,39.49,58.5,1.45,147,937.0
8984,545.0,35.85,77.8,1.05,37,556.0
8985,424.0,33.43,76.9,1.05,44,491.0
8986,638.0,28.76,47.7,0.82,28,561.0
8987,465.0,16.16,81.0,1.09,12,480.0
8988,616.0,19.48,23.0,1.48,49,708.0
8989,394.0,34.84,89.2,1.43,126,741.0
8990,416.0,31.71,82.6,1.0,125,721.0
8991,495.0,35.24,22.2,1.16,74,595.0
8992,359.0,36.61,51.6,1.24,55,522.0
8993,479.0,22.08,47.1,1.36,117,788.0
8994,706.0,18.26,71.2,1.39,140,1031.0
8995,659.0,41.76,81.1,1.02,133,890.0
8996,534.0,35.39,70.4,1.06,11,472.0
8997,572.0,36.52,55.2,1.28,126,815.0
8998,512.0,21.44,20.6,1.08,80,688.0
8999,587.0,24.47,81.9,1.13,90,735.0
9000,572.0,33.15,87.1,1.28,100,787.0
9001,540.0,21.11,79.6,1.01,13,504.0
9002,607.0,17.05,68.4,1.0,45,615.0
9003,580.0,20.22,55.7,0.82,62,638.0
9004,427.0,26.98,49.7,0.87,106,671.0
9005,719.0,44.27,58.0,1.46,24,658.0
9006,527.0,23.77,23.2,1.45,87,718.0
9007,552.0,31.97,20.3,1.34,20,553.0
9008,635.0,15.8,38.8,0.94,136,884.0
9009,522.0,44.55,20.9,1.25,110,748.0
9010,465.0,37.02,94.1,1.42,29,551.0
9011,393.0,16.51,43.4,1.11,120,734.0
9012,531.0,41.24,33.2,1.11,53,616.0
9013,479.0,44.56,52.5,1.26,18,462.0
9014,532.0,33.46,33.8,1.15,34,543.0
9015,475.0,39.68,60.8,1.29,71,616.0
9016,460.0,27.25,88.7,1.19,124,763.0
9017,453.0,17.74,56.1,1.13,15,467.0
9018,546.0,16.11,28.5,1.5,78,737.0
9019,404.0,16.86,85.8,1.04,73,559.0
9020,466.0,28.98,58.3,1.09,32,497.0
9021,420.0,20.91,27.4,1.43,48,554.0
9022,436.0,24.18,36.1,1.02,130,735.0
9023,524.0,18.3,50.2,0.93,19,510.0
9024,501.0,41.1,55.7,0.84,22,449.0
9025,410.0,18.08,61.0,1.2,71,616.0
9026,386.0,32.09,75.1,1.45,74,591.0
9027,445.0,16.13,24.4,1.31,136,822.0
9028,511.0,26.69,77.0,1.18,99,729.0
9029,434.0,27.09,81.8,1.24,119,720.0
9030,541.0,33.63,26.5,1.17,47,607.0
9031,427.0,31.44,56.7,0.83,77,559.0
9032,606.0,39.83,87.9,1.31,83,715.0
9033,427.0,21.91,58.0,0.81,37,499.0
9034,440.0,41.65,34.9,1.13,34,480.0
9035,515.0,39.4,29.5,1.45,81,686.0
9036,449.0,22.24,32.2,1.13,79,634.0
9037,565.0,28.72,60.3,0.89,131,809.0
9038,468.0,37.69,43.0,1.16,29,510.0
9039,338.0,24.06,39.1,1.39,37,468.0
9040,492.0,25.34,34.1,0.97,126,789.0
9041,509.0,24.31,20.4,1.11,97,715.0
9042,398.0,29.61,79.1,0.82,118,637.0
9043,539.0,31.15,27.5,1.16,10,513.0
9044,335.0,37.42,50.1,1.48,136,753.0
9045,466.0,34.78,65.0,0.88,64,550.0
9046,521.0,41.95,53.9,1.09,107,719.0
9047,568.0,30.75,83.6,1.02,23,544.0
9048,463.0,29.61,58.1,0.88,125,721.0
9049,507.0,28.56,28.0,1.11,52,573.0
9050,479.0,28.42,59.6,1.41,75,631.0
9051,585.0,43.91,94.7,1.19,56,617.0
9052,573.0,28.09,77.2,1.18,30,571.0
9053,482.0,34.67,33.8,0.86,138,784.0
9054,432.0,36.0,33.4,1.49,100,697.0
9055,481.0,32.81,84.6,1.07,104,713.0
9056,428.0,40.84,76.8,1.01,18,403.0
9057,482.0,44.99,51.1,1.46,65,613.0
9058,401.0,15.6,58.6,1.28,101,670.0
9059,486.0,35.43,90.7,1.17,40,521.0
9060,543.0,32.47,44.6,1.01,14,497.0
9061,587.0,31.43,63.7,1.46,47,682.0
9062,594.0,26.45,72.8,1.01,55,656.0
9063,397.0,29.26,61.5,1.48,27,477.0
9064,548.0,38.36,60.2,1.35,136,850.0
9065,447.0,23.74,93.3,1.26,147,824.0
9066,436.0,44.99,84.0,1.06,62,550.0
9067,398.0,22.97,30.7,1.43,137,821.0
9068,439.0,20.56,45.2,0.91,24,493.0
9069,417.0,43.23,35.7,0.9,11,355.0
9070,582.0,42.19,40.1,0.9,28,519.0
9071,503.0,35.92,81.4,1.14,118,757.0
9072,656.0,35.04,28.2,1.38,11,604.0
9073,626.0,27.58,65.0,1.27,75,737.0
9074,503.0,18.74,32.6,0.86,149,864.0
9075,427.0,16.79,59.9,1.31,13,452.0
9076,382.0,23.41,57.8,1.01,116,689.0
9077,556.0,31.06,31.3,0.89,10,485.0
9078,594.0,35.98,23.5,1.27,39,599.0
9079,426.0,31.18,89.5,1.16,47,521.0
9080,535.0,40.91,64.8,1.27,37,565.0
9081,466.0,18.96,90.6,1.14,87,693.0
9082,508.0,21.0,38.2,1.15,32,548.0
9083,499.0,32.44,75.0,1.4,96,704.0
9084,470.0,19.41,42.0,1.39,43,599.0
9085,566.0,38.54,59.3,1.41,110,784.0
9086,565.0,16.31,38.6,1.47,78,780.0
9087,479.0,36.41,66.4,0.97,21,478.0
9088,464.0,39.6,54.4,1.2,129,759.0
9089,459.0,25.27,81.6,1.46,32,536.0
9090,465.0,31.28,78.0,1.28,85,683.0
9091,603.0,22.17,76.8,1.47,104,863.0
9092,440.0,21.78,69.4,0.93,133,767.0
9093,410.0,20.3,45.3,0.98,124,716.0
9094,484.0,32.65,64.3,1.3,113,747.0
9095,457.0,18.33,51.2,0.89,52,581.0
9096,430.0,26.52,45.7,1.24,145,817.0
9097,471.0,29.95,72.8,0.96,25,479.0
9098,634.0,37.8,50.0,1.16,73,743.0
9099,506.0,34.65,79.6,1.14,69,626.0
9100,527.0,30.66,57.2,1.35,47,617.0
9101,486.0,35.28,38.6,1.1,110,718.0
9102,333.0,23.06,62.5,1.03,131,692.0
9103,441.0,38.41,60.4,1.15,11,408.0
9104,353.0,35.42,74.8,1.37,66,561.0
9105,430.0,24.12,72.9,0.91,138,758.0
9106,592.0,24.61,67.4,0.89,129,817.0
9107,462.0,16.58,23.1,1.18,115,771.0
9108,596.0,17.92,80.0,1.12,105,802.0
9109,528.0,29.38,65.5,0.82,124,762.0
9110,353.0,36.14,65.1,1.06,137,693.0
9111,517.0,17.33,51.3,1.05,15,516.0
9112,618.0,17.41,23.4,1.35,138,959.0
9113,552.0,20.91,28.7,0.87,24,523.0
9114,610.0,26.5,20.2,0.95,19,562.0
9115,538.0,29.14,37.3,0.81,134,772.0
9116,356.0,41.48,57.9,1.45,29,455.0
9117,525.0,34.07,88.1,1.49,107,814.0
9118,354.0,15.21,73.9,1.0,143,762.0
9119,500.0,29.41,76.5,1.18,54,615.0
9120,580.0,20.63,21.6,1.0,102,813.0
9121,467.0,23.99,54.6,1.25,31,542.0
9122,444.0,25.96,73.3,0.84,26,455.0
9123,653.0,44.43,40.1,1.1,98,765.0
9124,512.0,25.66,91.6,0.94,131,810.0
9125,499.0,35.29,52.9,1.08,98,701.0
9126,422.0,28.87,47.0,0.91,46,481.0
9127,458.0,22.36,77.3,1.35,84,695.0
9128,373.0,42.62,75.2,1.37,57,503.0
9129,540.0,26.79,40.4,1.24,67,670.0
9130,491.0,15.84,69.7,1.0,23,511.0
9131,612.0,38.36,90.3,1.18,129,869.0
9132,391.0,28.07,54.0,1.45,106,709.0
9133,534.0,38.77,32.5,1.26,70,640.0
9134,461.0,23.91,79.1,1.02,124,769.0
9135,562.0,33.78,49.4,1.4,66,676.0
9136,607.0,16.21,38.4,0.96,77,720.0
9137,562.0,34.7,86.9,0.83,57,607.0
9138,505.0,32.29,22.0,1.28,139,861.0
9139,474.0,37.47,66.9,1.38,35,519.0
9140,487.0,17.02,93.0,1.42,61,651.0
9141,537.0,39.31,94.0,1.45,135,851.0
9142,492.0,28.81,94.4,1.02,39,514.0
9143,705.0,33.05,59.1,1.13,57,728.0
9144,394.0,20.93,37.7,1.38,135,820.0
9145,496.0,33.81,70.9,1.32,102,727.0
9146,352.0,42.38,88.7,1.44,84,572.0
9147,491.0,26.54,66.3,1.44,139,827.0
9148,469.0,25.9,80.5,1.3,30,558.0
9149,575.0,16.88,79.6,1.3,88,782.0
9150,541.0,32.4,55.5,1.05,73,644.0
9151,490.0,31.61,41.6,1.37,41,542.0
9152,556.0,26.05,89.3,1.33,32,603.0
9153,435.0,31.04,62.7,1.29,45,545.0
9154,495.0,26.93,45.7,1.15,114,768.0
9155,540.0,24.56,24.2,1.36,106,818.0
9156,451.0,30.83,37.5,1.26,123,755.0
9157,523.0,35.62,49.1,1.37,99,736.0
9158,486.0,36.08,56.4,0.89,12,402.0
9159,676.0,34.27,79.0,1.23,65,725.0
9160,467.0,17.85,77.3,1.0,84,674.0
9161,534.0,15.33,64.0,1.47,77,735.0
9162,447.0,38.64,22.8,1.06,144,787.0
9163,530.0,40.05,30.2,1.02,149,826.0
9164,500.0,35.78,59.2,1.17,32,538.0
9165,515.0,23.7,48.6,1.46,86,723.0
9166,529.0,44.87,79.0,0.99,47,555.0
9167,428.0,29.79,21.2,1.43,143,810.0
9168,566.0,19.22,92.9,1.05,75,711.0
9169,444.0,21.68,61.0,1.34,88,673.0
9170,574.0,42.57,42.4,1.07,20,510.0
9171,321.0,23.61,39.0,1.14,116,671.0
9172,424.0,34.74,79.9,0.94,144,772.0
9173,439.0,27.1,84.0,0.99,72,607.0
9174,438.0,25.01,27.3,0.91,74,578.0
9175,485.0,37.58,35.1,1.07,35,498.0
9176,482.0,18.98,43.4,1.02,94,725.0
9177,515.0,16.03,93.3,1.34,91,720.0
9178,631.0,28.9,89.8,1.42,101,867.0
9179,481.0,43.44,79.9,0.86,35,441.0
9180,500.0,16.15,43.2,0.84,65,619.0
9181,589.0,37.55,43.2,0.96,148,864.0
9182,486.0,37.24,83.9,1.11,115,717.0
9183,420.0,28.5,80.7,1.39,147,812.0
9184,538.0,24.97,51.6,1.22,10,483.0
9185,627.0,42.5,66.7,1.38,52,665.0
9186,464.0,40.33,30.2,1.0,128,726.0
9187,480.0,41.96,86.9,1.24,68,633.0
9188,410.0,28.49,82.4,1.33,27,457.0
9189,457.0,29.56,48.9,1.07,125,761.0
9190,382.0,19.0,49.1,0.95,78,560.0
9191,501.0,38.88,47.8,1.16,18,448.0
9192,613.0,26.2,58.2,1.26,22,583.0
9193,594.0,19.19,38.1,1.14,122,857.0
9194,447.0,31.26,32.6,1.39,18,508.0
9195,564.0,16.41,34.6,1.05,134,857.0
9196,419.0,39.37,80.0,1.0,80,565.0
9197,526.0,22.34,60.5,1.45,52,636.0
9198,488.0,34.2,27.9,1.19,65,606.0
9199,446.0,26.57,25.9,1.34,61,604.0
9200,415.0,44.71,86.4,1.03,99,633.0
9201,606.0,17.33,94.5,1.46,106,874.0
9202,480.0,35.17,75.4,1.01,35,488.0
9203,434.0,18.24,49.5,0.85,85,640.0
9204,494.0,39.23,36.9,1.2,18,477.0
9205,527.0,32.18,29.3,1.48,146,907.0
9206,592.0,15.85,91.5,1.48,147,993.0
9207,375.0,44.37,45.1,0.85,64,482.0
9208,545.0,43.75,31.7,1.4,64,664.0
9209,473.0,29.11,29.7,1.24,99,688.0
9210,493.0,40.9,66.7,0.87,143,781.0
9211,399.0,29.13,52.5,1.22,22,451.0
9212,589.0,16.42,81.2,0.84,12,514.0
9213,420.0,39.35,33.0,1.29,39,478.0
9214,422.0,15.1,67.8,1.13,39,527.0
9215,530.0,38.8,75.5,0.89,110,717.0
9216,559.0,32.87,20.4,0.87,75,640.0
9217,551.0,22.46,77.4,1.22,83,704.0
9218,630.0,37.31,70.4,0.87,33,577.0
9219,532.0,34.04,68.2,1.3,46,608.0
9220,385.0,44.83,72.9,0.92,65,499.0
9221,470.0,41.13,20.3,1.12,35,493.0
9222,491.0,32.23,51.3,1.07,47,603.0
9223,500.0,19.37,71.7,1.02,135,808.0
9224,441.0,37.21,64.1,1.33,79,634.0
9225,409.0,35.94,61.8,0.93,91,623.0
9226,317.0,37.88,68.4,1.09,48,429.0
9227,502.0,38.1,49.8,1.36,59,602.0
9228,532.0,34.22,33.8,0.89,52,543.0
9229,487.0,23.21,71.9,1.17,51,599.0
9230,461.0,39.78,73.1,1.26,71,615.0
9231,338.0,27.35,43.9,1.36,50,520.0
9232,451.0,34.94,47.2,1.31,46,560.0
9233,498.0,44.1,41.4,1.15,104,718.0
9234,479.0,30.21,28.9,1.16,42,561.0
9235,275.0,34.61,58.8,1.16,138,667.0
9236,538.0,40.92,92.3,1.12,23,518.0
9237,513.0,24.63,52.6,0.98,122,775.0
9238,433.0,18.79,62.8,1.11,138,793.0
9239,517.0,38.93,91.2,1.15,15,449.0
9240,535.0,36.46,28.0,0.94,78,648.0
9241,317.0,38.22,72.3,0.91,131,648.0
9242,471.0,38.51,88.6,1.45,116,793.0
9243,490.0,37.35,36.8,1.34,131,795.0
9244,462.0,43.49,89.0,1.38,92,669.0
9245,500.0,43.52,28.8,1.07,109,698.0
9246,529.0,42.87,34.8,0.97,117,738.0
9247,490.0,38.67,93.7,1.38,21,525.0
9248,472.0,39.86,30.2,0.92,10,404.0
9249,545.0,23.11,49.5,1.15,27,572.0
9250,510.0,31.93,56.6,1.0,91,678.0
9251,573.0,26.7,52.6,0.93,57,635.0
9252,680.0,42.85,78.7,1.23,14,568.0
9253,470.0,32.85,43.3,1.13,91,661.0
9254,368.0,38.15,36.8,1.18,53,482.0
9255,520.0,41.31,57.3,1.19,112,731.0
9256,486.0,21.23,52.6,1.44,54,621.0
9257,470.0,30.32,76.0,1.09,111,722.0
9258,394.0,44.36,39.3,1.35,111,665.0
9259,517.0,39.71,91.1,0.82,34,493.0
9260,485.0,37.05,55.2,1.24,26,496.0
9261,534.0,33.92,44.8,1.08,116,769.0
9262,408.0,17.57,79.6,1.07,52,530.0
9263,470.0,30.73,81.3,1.05,11,435.0
9264,549.0,33.17,69.9,1.45,71,672.0
9265,370.0,16.61,91.6,1.17,40,490.0
9266,537.0,38.17,80.6,1.47,86,744.0
9267,437.0,32.54,94.1,1.4,105,716.0
9268,419.0,22.18,52.7,0.97,52,519.0
9269,468.0,42.39,78.0,1.48,70,625.0
9270,514.0,27.12,56.5,1.14,134,842.0
9271,307.0,15.13,62.3,0.96,130,675.0
9272,584.0,21.59,25.7,1.47,14,599.0
9273,495.0,43.9,52.5,1.25,69,603.0
9274,544.0,15.97,90.2,1.18,141,886.0
9275,428.0,43.27,25.4,0.8,56,468.0
9276,484.0,20.59,65.3,1.46,23,568.0
9277,529.0,23.66,40.3,1.46,12,537.0
9278,523.0,40.4,77.5,0.85,100,693.0
9279,667.0,20.54,73.3,1.48,115,940.0
9280,465.0,29.09,84.3,1.37,70,640.0
9281,589.0,40.72,82.1,0.93,135,795.0
9282,561.0,18.26,73.5,0.91,20,548.0
9283,525.0,32.43,94.6,1.24,113,778.0
9284,680.0,24.14,87.3,1.21,34,664.0
9285,547.0,30.56,53.4,0.82,66,619.0
9286,561.0,33.0,31.8,1.15,50,606.0
9287,488.0,41.07,81.8,0.89,138,771.0
9288,436.0,34.01,21.5,1.04,58,552.0
9289,466.0,19.2,63.6,1.35,80,675.0
9290,561.0,37.36,55.5,1.23,124,816.0
9291,596.0,15.47,81.8,1.15,21,599.0
9292,486.0,16.99,26.3,1.4,15,521.0
9293,614.0,37.28,44.8,1.19,146,920.0
9294,449.0,25.09,76.5,0.95,81,642.0
9295,409.0,28.39,38.2,1.24,112,702.0
9296,429.0,36.65,20.1,0.92,11,373.0
9297,442.0,17.87,26.8,1.29,32,533.0
9298,547.0,20.89,21.7,1.02,134,837.0
9299,482.0,23.96,79.5,1.02,81,670.0
9300,609.0,36.3,75.7,0.82,125,799.0
9301,466.0,33.72,61.2,1.4,25,534.0
9302,508.0,39.27,60.6,0.85,133,780.0
9303,615.0,23.5,37.0,1.06,29,589.0
9304,666.0,36.16,66.0,1.24,60,687.0
9305,620.0,16.75,42.8,1.26,62,730.0
9306,626.0,17.35,26.7,1.22,133,911.0
9307,477.0,42.59,37.2,1.16,67,582.0
9308,541.0,25.7,21.2,1.28,47,612.0
9309,433.0,27.75,40.6,1.2,73,606.0
9310,618.0,37.68,69.1,0.99,19,537.0
9311,426.0,35.09,28.4,1.4,145,820.0
9312,397.0,21.0,49.8,0.83,105,628.0
9313,503.0,29.12,49.1,1.13,32,527.0
9314,482.0,21.99,41.8,1.36,52,606.0
9315,489.0,15.87,48.2,1.18,96,712.0
9316,411.0,26.84,20.9,0.81,82,596.0
9317,518.0,17.49,38.1,0.81,105,745.0
9318,583.0,17.46,79.5,1.49,61,729.0
9319,544.0,16.75,35.2,1.05,114,829.0
9320,356.0,24.43,83.8,1.32,21,417.0
9321,474.0,38.54,21.4,1.1,141,776.0
9322,665.0,40.96,83.4,1.38,17,600.0
9323,510.0,24.78,48.6,1.46,119,844.0
9324,532.0,24.84,63.3,1.14,129,802.0
9325,329.0,41.96,88.8,0.9,34,383.0
9326,422.0,40.74,64.1,0.8,58,474.0
9327,570.0,37.95,39.3,1.24,53,619.0
9328,365.0,15.48,37.6,1.27,57,548.0
9329,499.0,33.19,85.5,0.95,119,742.0
9330,447.0,32.24,87.9,1.46,129,799.0
9331,399.0,23.56,36.6,0.89,82,572.0
9332,487.0,30.63,35.1,1.14,116,773.0
9333,355.0,37.05,22.0,1.27,48,476.0
9334,446.0,38.69,75.6,0.85,51,517.0
9335,532.0,21.38,51.9,0.91,111,771.0
9336,455.0,33.8,61.8,1.43,104,698.0
9337,571.0,24.63,48.7,1.23,117,809.0
9338,515.0,31.97,63.5,1.36,82,678.0
9339,649.0,15.56,77.4,1.11,108,856.0
9340,415.0,43.23,23.5,1.06,50,519.0
9341,669.0,26.69,40.9,1.23,78,806.0
9342,535.0,40.43,42.9,0.94,60,557.0
9343,445.0,42.16,64.0,1.06,46,515.0
9344,565.0,33.12,35.0,1.33,145,907.0
9345,678.0,39.53,47.9,1.19,78,770.0
9346,580.0,41.3,33.0,0.96,31,518.0
9347,582.0,40.24,30.6,0.83,142,848.0
9348,498.0,19.38,85.6,1.2,136,854.0
9349,586.0,17.24,83.3,1.3,54,698.0
9350,474.0,41.83,22.5,1.18,28,498.0
9351,492.0,44.03,69.8,0.98,87,612.0
9352,520.0,30.78,42.1,1.14,70,662.0
9353,533.0,16.29,75.9,1.2,103,768.0
9354,526.0,23.26,74.9,1.15,93,750.0
9355,416.0,18.2,84.8,1.1,18,447.0
9356,499.0,33.16,91.0,0.98,117,716.0
9357,445.0,29.34,91.5,1.46,15,507.0
9358,528.0,18.41,21.6,1.05,15,515.0
9359,541.0,20.53,50.8,0.91,57,619.0
9360,585.0,43.67,74.6,0.89,57,574.0
9361,628.0,34.52,85.2,1.17,98,778.0
9362,516.0,32.37,71.8,1.21,135,839.0
9363,607.0,30.58,60.9,0.96,37,571.0
9364,619.0,21.61,87.3,1.44,44,685.0
9365,646.0,30.57,53.1,1.09,13,545.0
9366,462.0,16.34,72.0,0.93,54,584.0
9367,507.0,28.23,34.4,0.82,41,538.0
9368,419.0,37.27,62.7,1.15,47,485.0
9369,654.0,17.14,20.2,0.82,80,783.0
9370,489.0,15.2,92.4,1.25,29,559.0
9371,626.0,38.99,65.1,1.23,97,782.0
9372,551.0,35.12,66.0,1.44,34,613.0
9373,557.0,39.34,77.3,1.06,90,699.0
9374,431.0,40.75,24.8,0.9,50,494.0
9375,536.0,26.27,64.9,1.2,122,836.0
9376,399.0,25.4,69.4,1.47,92,687.0
9377,438.0,42.57,85.9,1.05,147,767.0
9378,526.0,26.21,79.0,0.82,30,498.0
9379,567.0,42.78,29.2,0.83,78,624.0
9380,437.0,17.82,82.2,1.18,37,538.0
9381,636.0,19.17,83.8,1.22,127,931.0
9382,502.0,19.57,57.6,1.09,138,844.0
9383,330.0,19.06,61.4,1.48,69,565.0
9384,553.0,25.41,76.8,0.88,138,808.0
9385,495.0,26.7,59.2,1.13,27,525.0
9386,588.0,30.41,22.5,0.82,130,800.0
9387,351.0,28.86,43.1,1.1,135,718.0
9388,379.0,36.78,29.3,1.32,125,695.0
9389,602.0,24.61,20.8,0.8,51,628.0
9390,466.0,32.83,50.9,1.11,57,573.0
9391,399.0,37.09,86.0,1.27,10,416.0
9392,518.0,28.84,76.1,0.96,143,831.0
9393,508.0,38.84,79.8,0.86,66,546.0
9394,467.0,27.74,62.3,1.29,24,498.0
9395,437.0,18.56,36.9,0.99,113,730.0
9396,386.0,28.36,22.1,1.22,149,778.0
9397,549.0,37.56,82.5,1.32,57,639.0
9398,583.0,25.33,93.6,1.14,63,652.0
9399,492.0,15.84,50.8,1.24,37,590.0
9400,462.0,17.04,93.7,1.42,139,858.0
9401,512.0,39.13,83.6,1.19,133,807.0
9402,538.0,18.75,94.5,1.02,53,598.0
9403,372.0,38.55,23.1,1.15,146,747.0
9404,508.0,23.85,36.0,0.97,121,785.0
9405,528.0,29.47,44.1,1.07,143,859.0
9406,546.0,37.89,94.2,1.14,17,465.0
9407,578.0,25.56,20.1,1.24,38,603.0
9408,495.0,25.06,73.9,1.3,96,761.0
9409,518.0,44.75,68.1,1.21,42,547.0
9410,415.0,27.96,20.0,0.9,21,447.0
9411,566.0,44.36,56.9,1.27,81,679.0
9412,645.0,38.55,25.9,1.05,144,899.0
9413,403.0,39.19,67.4,1.25,15,394.0
9414,529.0,20.02,74.1,1.26,40,609.0
9415,610.0,43.42,74.0,0.97,75,667.0
9416,661.0,38.63,76.2,0.9,52,640.0
9417,475.0,24.48,93.4,0.89,67,602.0
9418,568.0,24.82,91.0,0.89,48,616.0
9419,611.0,39.13,35.8,1.28,105,796.0
9420,537.0,20.25,68.7,0.94,122,789.0
9421,462.0,26.69,65.9,1.1,91,683.0
9422,485.0,23.69,50.7,1.08,58,595.0
9423,446.0,18.45,52.0,1.38,33,554.0
9424,718.0,39.87,28.6,1.13,118,901.0
9425,491.0,17.66,67.3,1.28,138,868.0
9426,378.0,15.74,39.1,0.9,147,776.0
9427,530.0,26.18,59.2,1.35,113,798.0
9428,504.0,37.01,37.9,0.99,96,689.0
9429,409.0,20.69,91.6,1.04,138,737.0
9430,463.0,36.18,29.6,1.21,16,434.0
9431,565.0,16.1,38.3,1.06,57,652.0
9432,570.0,35.19,93.7,0.84,44,586.0
9433,600.0,21.43,59.7,1.46,42,676.0
9434,604.0,22.24,52.8,1.0,40,627.0
9435,576.0,41.52,39.4,1.5,125,846.0
9436,556.0,28.38,93.7,0.85,36,548.0
9437,479.0,25.42,91.6,1.03,120,759.0
9438,586.0,38.51,38.3,1.39,112,825.0
9439,604.0,26.86,49.5,1.12,102,827.0
9440,386.0,44.46,83.0,1.39,121,717.0
9441,379.0,42.99,29.3,1.25,27,398.0
9442,369.0,26.59,90.2,1.47,128,733.0
9443,409.0,36.59,87.0,1.48,94,667.0
9444,585.0,36.54,34.8,1.45,119,864.0
9445,467.0,34.49,75.7,1.46,117,756.0
9446,584.0,30.28,67.2,1.09,32,574.0
9447,483.0,42.19,38.5,1.33,85,674.0
9448,526.0,19.51,60.9,0.95,137,842.0
9449,518.0,28.61,29.9,1.35,16,535.0
9450,482.0,37.97,76.0,1.28,136,824.0
9451,616.0,23.05,42.3,1.4,48,701.0
9452,555.0,36.64,73.8,1.29,44,608.0
9453,537.0,43.25,83.1,0.96,69,590.0
9454,566.0,28.65,74.7,1.13,95,759.0
9455,525.0,22.85,27.4,0.93,22,496.0
9456,512.0,32.35,91.0,1.1,130,807.0
9457,535.0,27.27,78.9,1.02,117,811.0
9458,608.0,44.79,51.2,1.21,50,644.0
9459,457.0,28.11,34.2,1.43,142,849.0
9460,425.0,40.45,69.7,0.81,96,590.0
9461,604.0,21.44,69.5,0.94,104,790.0
9462,549.0,29.28,64.7,1.3,18,533.0
9463,499.0,21.25,64.5,1.48,126,847.0
9464,389.0,44.7,81.1,0.82,120,629.0
9465,426.0,18.57,79.0,0.98,23,453.0
9466,540.0,20.19,29.3,1.3,17,562.0
9467,570.0,33.37,25.8,1.3,45,611.0
9468,606.0,27.34,55.3,0.88,40,584.0
9469,522.0,15.06,57.4,1.44,37,618.0
9470,467.0,15.48,48.5,0.98,96,696.0
9471,415.0,15.21,49.0,1.19,15,471.0
9472,464.0,21.17,46.6,1.13,40,541.0
9473,479.0,32.35,59.4,1.48,117,807.0
9474,481.0,32.45,94.7,1.45,45,552.0
9475,516.0,18.8,59.9,1.42,35,622.0
9476,466.0,38.81,47.5,1.23,109,709.0
9477,553.0,15.06,47.4,1.09,74,736.0
9478,559.0,42.14,54.9,1.15,16,519.0
9479,570.0,20.84,71.2,1.21,77,730.0
9480,542.0,42.08,87.2,0.83,56,561.0
9481,592.0,34.84,27.6,0.82,93,725.0
9482,534.0,16.9,80.5,1.32,19,576.0
9483,483.0,28.29,62.3,0.86,139,789.0
9484,531.0,16.35,49.3,0.94,141,868.0
9485,418.0,19.88,77.3,0.94,123,726.0
9486,444.0,15.48,86.3,1.35,121,815.0
9487,509.0,35.79,85.1,1.07,90,684.0
9488,371.0,16.16,85.2,1.0,140,727.0
9489,392.0,27.71,92.1,1.31,33,477.0
9490,436.0,36.71,62.9,1.27,80,633.0
9491,471.0,23.89,70.9,1.28,19,527.0
9492,465.0,21.15,64.0,0.99,41,530.0
9493,610.0,18.42,39.5,1.21,127,873.0
9494,451.0,35.48,46.9,0.83,94,625.0
9495,358.0,37.68,84.6,1.48,68,565.0
9496,495.0,36.13,63.9,1.25,137,807.0
9497,458.0,28.39,79.7,1.23,12,458.0
9498,481.0,39.3,41.1,1.24,94,687.0
9499,498.0,23.85,80.2,0.81,141,799.0
9500,446.0,26.32,37.3,1.01,141,804.0
9501,407.0,42.92,29.4,0.99,63,495.0
9502,487.0,19.02,78.4,1.02,70,634.0
9503,482.0,23.89,32.3,0.96,122,787.0
9504,542.0,41.46,93.7,1.1,13,477.0
9505,477.0,32.31,77.7,1.07,68,594.0
9506,647.0,43.33,56.3,0.94,19,523.0
9507,439.0,44.45,79.7,0.84,104,615.0
9508,491.0,19.58,81.4,1.29,117,789.0
9509,417.0,34.61,49.5,0.96,138,708.0
9510,427.0,20.2,63.7,0.83,29,471.0
9511,351.0,44.52,71.4,0.88,53,443.0
9512,471.0,26.77,20.4,0.99,32,507.0
9513,245.0,32.36,31.7,1.45,29,350.0
9514,564.0,38.05,35.2,1.46,114,830.0
9515,507.0,40.03,47.0,0.89,39,497.0
9516,505.0,43.08,76.2,1.11,113,731.0
9517,567.0,23.72,21.2,1.44,68,722.0
9518,581.0,27.7,88.7,0.99,29,570.0
9519,631.0,26.4,89.6,0.9,136,895.0
9520,573.0,38.39,52.9,1.47,73,733.0
9521,410.0,33.64,66.9,0.85,93,579.0
9522,438.0,41.32,41.1,0.94,69,537.0
9523,721.0,17.83,39.0,1.39,28,715.0
9524,400.0,40.96,26.9,1.02,58,522.0
9525,511.0,17.85,48.0,1.19,50,626.0
9526,600.0,44.23,41.4,1.11,108,789.0
9527,575.0,40.94,88.2,1.1,44,600.0
9528,545.0,25.94,26.6,0.97,80,706.0
9529,515.0,33.26,28.0,1.35,106,765.0
9530,543.0,22.32,57.8,1.0,122,792.0
9531,460.0,44.52,66.0,1.29,20,458.0
9532,503.0,30.07,77.2,1.04,78,661.0
9533,482.0,24.14,32.8,0.95,112,706.0
9534,503.0,26.13,59.2,1.1,107,727.0
9535,513.0,35.12,81.5,0.89,137,800.0
9536,470.0,26.71,85.4,1.37,145,861.0
9537,567.0,39.82,80.2,1.05,117,769.0
9538,448.0,34.56,26.6,1.09,79,592.0
9539,507.0,36.38,70.0,1.15,50,570.0
9540,540.0,30.02,37.3,1.48,25,550.0
9541,472.0,36.28,59.2,1.43,12,481.0
9542,596.0,34.69,42.8,1.0,125,781.0
9543,567.0,36.14,20.2,0.97,80,634.0
9544,400.0,21.62,54.0,1.45,10,458.0
9545,498.0,35.67,74.0,1.01,12,436.0
9546,525.0,26.6,69.8,0.96,58,609.0
9547,427.0,17.39,36.6,0.84,64,582.0
9548,517.0,39.9,25.5,1.19,93,687.0
9549,554.0,21.23,38.9,0.81,138,871.0
9550,453.0,26.32,43.1,1.41,108,738.0
9551,468.0,44.39,75.1,1.36,35,526.0
9552,455.0,28.44,29.4,1.03,64,580.0
9553,598.0,33.06,40.5,0.85,146,853.0
9554,354.0,22.62,41.0,0.84,90,563.0
9555,529.0,26.03,47.3,0.94,100,724.0
9556,654.0,16.02,69.7,0.87,93,788.0
9557,556.0,26.57,83.3,1.28,121,826.0
9558,479.0,37.87,80.8,1.17,126,783.0
9559,427.0,21.06,61.7,0.82,107,672.0
9560,431.0,30.08,49.5,1.26,37,505.0
9561,426.0,19.16,75.4,0.92,36,476.0
9562,521.0,44.21,84.1,1.33,86,683.0
9563,574.0,18.72,85.2,1.23,145,924.0
9564,549.0,25.89,94.3,1.06,41,596.0
9565,521.0,24.66,55.9,1.07,52,600.0
9566,385.0,38.18,27.1,1.41,126,709.0
9567,490.0,27.09,65.1,1.06,57,588.0
9568,497.0,44.31,27.4,1.37,101,698.0
9569,551.0,38.01,93.8,1.2,101,741.0
9570,459.0,37.15,43.2,1.13,146,823.0
9571,537.0,41.22,24.1,0.94,78,631.0
9572,554.0,43.28,68.4,1.36,122,801.0
9573,430.0,36.25,79.9,0.83,115,656.0
9574,530.0,18.66,80.8,1.11,146,892.0
9575,497.0,21.52,40.7,1.16,53,600.0
9576,489.0,43.07,40.9,0.87,63,562.0
9577,462.0,20.82,73.7,1.27,88,696.0
9578,272.0,35.1,66.7,0.88,124,615.0
9579,469.0,43.11,93.8,1.41,24,483.0
9580,498.0,15.75,72.7,1.12,40,571.0
9581,599.0,41.71,79.5,1.26,58,637.0
9582,526.0,36.04,31.0,1.39,115,781.0
9583,480.0,27.44,74.0,1.24,145,820.0
9584,414.0,20.74,37.8,0.85,23,436.0
9585,448.0,42.21,68.1,0.84,142,747.0
9586,525.0,29.41,22.6,1.3,56,646.0
9587,529.0,42.86,20.1,1.05,51,568.0
9588,567.0,16.09,62.9,1.06,25,575.0
9589,596.0,24.33,83.0,0.88,46,626.0
9590,474.0,22.38,34.8,0.95,76,632.0
9591,459.0,22.67,85.1,1.25,21,506.0
9592,515.0,42.28,57.9,0.82,142,781.0
9593,449.0,18.34,91.2,0.9,69,577.0
9594,493.0,40.19,78.5,1.34,104,720.0
9595,449.0,44.35,35.6,1.06,59,524.0
9596,542.0,24.16,89.0,1.45,66,671.0
9597,582.0,28.99,26.6,1.18,104,782.0
9598,539.0,37.28,71.2,0.83,61,584.0
9599,481.0,15.11,85.6,1.22,137,838.0
9600,509.0,26.22,84.4,0.89,61,587.0
9601,511.0,37.8,33.4,1.42,82,685.0
9602,610.0,15.56,20.8,1.43,111,875.0
9603,678.0,26.97,27.5,0.85,133,864.0
9604,506.0,35.82,56.0,1.25,49,594.0
9605,363.0,24.48,46.6,1.4,85,637.0
9606,533.0,37.45,75.3,1.12,51,559.0
9607,556.0,39.52,81.7,1.12,22,508.0
9608,406.0,40.53,58.5,1.38,133,724.0
9609,478.0,37.33,81.5,1.4,65,625.0
9610,405.0,36.77,46.5,1.18,120,718.0
9611,535.0,43.17,63.7,1.19,53,597.0
9612,684.0,34.65,69.8,1.35,45,685.0
9613,423.0,44.75,21.4,1.47,127,769.0
9614,568.0,40.94,23.9,1.17,23,502.0
9615,417.0,36.59,80.8,1.15,109,678.0
9616,501.0,43.44,62.4,1.47,76,671.0
9617,473.0,39.79,29.1,0.81,137,718.0
9618,503.0,22.86,94.8,1.08,72,615.0
9619,489.0,33.1,62.4,1.4,87,685.0
9620,533.0,34.95,30.6,1.23,114,768.0
9621,559.0,24.38,77.6,0.93,42,582.0
9622,436.0,18.07,79.3,0.92,144,802.0
9623,486.0,26.78,94.6,1.38,40,570.0
9624,632.0,33.52,88.7,1.09,14,551.0
9625,527.0,34.15,63.0,1.37,75,662.0
9626,439.0,21.32,61.0,1.25,93,682.0
9627,569.0,24.8,33.4,1.09,25,552.0
9628,495.0,43.86,61.0,1.29,87,696.0
9629,580.0,23.9,33.0,1.16,95,786.0
9630,268.0,39.37,86.6,1.03,47,387.0
9631,450.0,23.76,37.4,1.36,22,498.0
9632,529.0,17.0,58.9,1.45,140,883.0
9633,550.0,16.21,44.9,1.11,44,595.0
9634,484.0,25.61,89.9,0.81,144,802.0
9635,504.0,19.96,87.5,0.83,140,813.0
9636,541.0,43.12,78.1,1.02,73,616.0
9637,489.0,36.06,51.3,1.35,102,754.0
9638,511.0,22.16,46.6,1.42,137,907.0
9639,426.0,18.79,55.9,1.26,128,779.0
9640,517.0,34.38,62.8,1.32,71,648.0
9641,363.0,35.19,77.7,0.99,18,375.0
9642,605.0,38.9,30.6,1.44,134,912.0
9643,555.0,20.96,31.4,0.9,81,699.0
9644,506.0,32.68,26.5,1.31,114,769.0
9645,515.0,18.1,70.3,1.09,68,669.0
9646,455.0,19.17,50.3,0.94,136,797.0
9647,541.0,19.91,40.8,1.07,103,749.0
9648,461.0,35.28,71.1,1.11,63,562.0
9649,402.0,23.46,29.1,1.48,133,787.0
9650,396.0,15.23,83.2,1.23,59,578.0
9651,458.0,30.59,68.2,1.0,78,627.0
9652,606.0,15.5,29.5,0.88,27,588.0
9653,375.0,42.15,88.3,0.82,102,579.0
9654,470.0,41.97,53.2,0.94,123,736.0
9655,487.0,24.27,73.5,0.99,148,830.0
9656,464.0,34.46,75.8,1.44,76,654.0
9657,454.0,33.76,59.8,0.96,66,543.0
9658,607.0,33.99,80.3,1.24,36,611.0
9659,405.0,41.0,39.8,1.45,25,451.0
9660,454.0,37.96,82.6,0.92,13,392.0
9661,614.0,23.54,56.6,0.97,76,724.0
9662,391.0,37.01,32.8,1.4,97,628.0
9663,411.0,33.32,92.5,1.36,98,647.0
9664,353.0,33.5,85.0,1.48,56,532.0
9665,470.0,26.07,75.9,1.27,131,803.0
9666,485.0,42.02,84.0,0.9,49,524.0
9667,523.0,15.81,87.0,1.01,20,531.0
9668,591.0,32.64,37.6,0.99,66,665.0
9669,483.0,25.31,51.6,1.5,36,591.0
9670,638.0,43.12,46.3,1.27,146,931.0
9671,508.0,17.92,50.6,0.94,51,588.0
9672,360.0,39.94,55.5,1.31,122,712.0
9673,521.0,16.76,29.8,1.04,76,667.0
9674,582.0,21.75,39.7,0.84,22,543.0
9675,440.0,15.21,37.0,0.87,85,631.0
9676,477.0,18.05,72.7,1.36,139,867.0
9677,628.0,42.83,26.6,1.22,99,768.0
9678,532.0,21.87,65.6,0.91,35,548.0
9679,534.0,17.55,76.8,1.14,72,686.0
9680,424.0,38.12,67.5,1.32,62,551.0
9681,497.0,37.33,71.6,0.94,112,713.0
9682,575.0,17.67,47.1,1.13,91,750.0
9683,525.0,29.9,67.1,0.99,85,660.0
9684,556.0,30.35,76.8,1.21,132,857.0
9685,481.0,25.54,37.1,0.86,47,552.0
9686,435.0,37.78,36.1,1.4,60,580.0
9687,529.0,15.77,40.0,1.06,126,800.0
9688,533.0,31.23,43.0,1.2,35,571.0
9689,470.0,25.16,74.2,0.93,87,653.0
9690,536.0,39.4,26.4,1.01,40,545.0
9691,490.0,38.7,87.9,1.32,17,506.0
9692,503.0,30.11,67.9,1.21,73,631.0
9693,513.0,17.6,80.1,0.99,93,720.0
9694,592.0,42.28,28.6,1.45,55,688.0
9695,661.0,34.25,52.8,1.23,22,617.0
9696,554.0,34.44,32.6,1.29,143,883.0
9697,486.0,40.72,55.6,1.22,55,570.0
9698,454.0,16.58,50.1,0.9,140,800.0
9699,568.0,33.44,89.4,0.93,118,792.0
9700,488.0,39.26,74.6,1.06,94,633.0
9701,524.0,39.58,27.5,1.04,94,651.0
9702,387.0,23.95,63.7,1.33,75,593.0
9703,541.0,43.44,39.8,1.32,37,549.0
9704,449.0,30.12,90.5,1.34,59,607.0
9705,551.0,33.72,35.0,1.16,19,547.0
9706,572.0,18.8,76.3,1.46,55,713.0
9707,512.0,33.42,80.8,0.8,17,411.0
9708,515.0,31.67,81.7,1.35,91,744.0
9709,508.0,30.57,47.1,1.05,44,565.0
9710,356.0,25.81,58.3,0.86,83,527.0
9711,382.0,30.94,77.1,0.87,109,641.0
9712,561.0,38.09,33.2,1.07,139,827.0
9713,455.0,43.93,88.6,0.86,89,573.0
9714,546.0,27.84,66.7,1.08,77,671.0
9715,464.0,42.58,28.9,1.13,43,547.0
9716,324.0,35.67,21.5,1.05,31,400.0
9717,562.0,28.77,86.3,1.49,41,627.0
9718,430.0,39.18,28.8,1.02,27,443.0
9719,526.0,33.06,41.6,1.45,93,726.0
9720,672.0,35.54,91.8,1.33,18,636.0
9721,475.0,40.61,71.7,0.94,11,384.0
9722,510.0,26.57,31.6,1.02,32,518.0
9723,480.0,22.35,90.0,1.04,120,772.0
9724,599.0,44.15,39.9,1.22,43,598.0
9725,525.0,37.04,34.1,1.14,25,490.0
9726,447.0,40.81,81.3,1.21,69,561.0
9727,396.0,21.41,53.6,1.32,34,521.0
9728,457.0,23.91,29.8,1.34,86,660.0
9729,436.0,33.66,68.5,1.39,123,750.0
9730,439.0,33.89,72.5,1.28,70,580.0
9731,370.0,41.78,86.2,0.99,141,693.0
9732,589.0,35.56,20.1,1.07,131,860.0
9733,552.0,34.46,93.5,1.39,111,805.0
9734,343.0,26.37,59.6,1.21,60,531.0
9735,264.0,41.73,60.9,1.18,62,449.0
9736,430.0,39.67,88.3,1.25,124,722.0
9737,452.0,31.93,44.7,1.22,54,596.0
9738,523.0,19.23,21.6,1.18,138,858.0
9739,474.0,36.82,29.7,1.04,92,665.0
9740,531.0,27.62,89.3,0.99,80,664.0
9741,459.0,21.6,85.2,0.97,23,486.0
9742,561.0,41.8,50.7,1.19,90,722.0
9743,458.0,21.86,79.5,1.37,105,747.0
9744,496.0,18.33,53.5,0.83,19,492.0
9745,561.0,22.42,51.7,1.04,148,875.0
9746,439.0,23.33,54.4,1.03,13,450.0
9747,414.0,21.2,63.7,0.88,50,517.0
9748,565.0,41.19,68.7,1.12,60,616.0
9749,436.0,19.02,72.7,0.83,11,404.0
9750,610.0,42.84,92.1,1.38,121,848.0
9751,759.0,38.76,71.6,1.13,90,827.0
9752,557.0,39.63,66.5,1.19,128,816.0
9753,513.0,39.28,79.3,1.16,28,505.0
9754,468.0,36.59,94.6,1.36,27,478.0
9755,563.0,34.05,51.1,1.08,18,512.0
9756,459.0,21.72,65.4,1.35,63,612.0
9757,529.0,40.63,84.5,1.28,149,873.0
9758,437.0,39.68,87.6,1.19,23,453.0
9759,438.0,32.46,41.6,1.24,101,682.0
9760,572.0,44.18,65.1,1.05,61,599.0
9761,407.0,40.33,50.8,1.49,26,471.0
9762,639.0,26.5,93.1,1.05,61,696.0
9763,449.0,25.14,61.0,1.42,122,780.0
9764,594.0,33.73,69.7,0.82,35,574.0
9765,539.0,23.54,27.7,1.15,101,788.0
9766,596.0,30.56,24.8,1.06,35,601.0
9767,443.0,15.76,40.6,1.11,90,686.0
9768,525.0,42.9,32.5,1.39,114,780.0
9769,555.0,27.43,46.2,0.82,34,519.0
9770,417.0,25.11,21.3,0.91,109,670.0
9771,489.0,42.45,59.9,1.16,149,844.0
9772,326.0,39.82,92.6,1.15,19,358.0
9773,619.0,15.01,82.3,1.43,149,987.0
9774,594.0,16.26,94.9,1.42,21,631.0
9775,561.0,38.87,92.3,0.98,110,718.0
9776,533.0,27.42,36.0,0.97,27,527.0
9777,369.0,27.47,51.6,1.49,30,498.0
9778,421.0,23.5,40.7,1.12,85,650.0
9779,619.0,22.67,55.4,1.23,44,680.0
9780,439.0,39.78,82.7,1.3,43,526.0
9781,540.0,41.97,62.7,1.06,80,705.0
9782,497.0,15.68,74.5,0.9,61,624.0
9783,428.0,21.75,49.9,1.04,134,780.0
9784,553.0,18.21,53.6,1.16,77,678.0
9785,513.0,17.8,32.4,0.94,41,560.0
9786,496.0,16.23,89.5,1.33,93,747.0
9787,695.0,26.13,91.0,1.14,71,759.0
9788,568.0,39.09,77.5,0.94,16,484.0
9789,373.0,28.92,91.5,1.38,20,448.0
9790,554.0,16.85,65.1,1.27,69,701.0
9791,473.0,38.05,56.4,0.99,148,799.0
9792,550.0,32.43,58.9,1.29,74,682.0
9793,586.0,27.18,46.4,1.31,116,826.0
9794,479.0,20.14,76.5,1.3,134,843.0
9795,476.0,17.79,70.1,0.98,105,718.0
9796,454.0,19.27,60.3,1.31,63,634.0
9797,345.0,20.48,53.0,1.16,148,791.0
9798,523.0,41.01,32.7,1.37,62,634.0
9799,530.0,22.92,42.4,0.97,12,520.0
9800,347.0,42.85,44.6,1.23,12,353.0
9801,532.0,37.37,32.8,1.2,137,849.0
9802,362.0,26.83,56.5,0.84,99,613.0
9803,483.0,22.91,52.3,1.31,136,846.0
9804,385.0,30.66,89.8,1.08,47,475.0
9805,510.0,42.32,81.4,1.12,82,647.0
9806,456.0,38.47,74.9,1.4,73,634.0
9807,426.0,36.8,68.6,1.16,111,705.0
9808,590.0,26.16,22.4,1.05,122,829.0
9809,290.0,27.12,90.2,1.34,25,398.0
9810,454.0,26.46,78.5,1.45,129,802.0
9811,477.0,26.73,80.2,1.18,66,627.0
9812,479.0,35.93,52.7,1.3,67,609.0
9813,433.0,26.21,50.2,1.05,130,764.0
9814,476.0,23.07,82.8,1.31,45,601.0
9815,444.0,40.6,80.0,1.21,142,784.0
9816,528.0,30.87,47.5,1.34,32,537.0
9817,641.0,19.3,29.6,1.16,104,853.0
9818,427.0,23.2,80.9,1.37,66,608.0
9819,585.0,41.2,43.5,1.41,11,552.0
9820,340.0,21.07,64.4,1.14,38,457.0
9821,471.0,23.64,94.7,1.23,22,502.0
9822,544.0,36.3,74.0,1.01,35,531.0
9823,600.0,40.08,23.4,0.87,57,596.0
9824,579.0,25.12,84.9,1.17,73,730.0
9825,549.0,22.1,51.0,0.94,79,669.0
9826,586.0,39.99,38.0,1.36,52,629.0
9827,577.0,28.05,23.1,0.97,13,502.0
9828,459.0,22.0,65.8,1.06,30,495.0
9829,546.0,42.1,39.7,1.34,23,525.0
9830,624.0,29.45,87.7,0.82,110,770.0
9831,381.0,31.79,71.8,1.41,73,606.0
9832,572.0,16.56,52.4,1.06,78,713.0
9833,560.0,22.98,61.7,1.07,63,624.0
9834,545.0,15.49,66.7,1.22,41,617.0
9835,483.0,44.42,33.7,1.07,118,709.0
9836,364.0,36.71,73.3,0.87,105,589.0
9837,486.0,35.15,54.5,1.4,137,826.0
9838,412.0,42.2,81.9,1.17,50,494.0
9839,400.0,20.27,56.4,1.13,61,570.0
9840,585.0,43.54,64.5,1.41,90,761.0
9841,563.0,23.04,72.2,1.27,117,848.0
9842,499.0,42.12,76.2,1.42,52,579.0
9843,516.0,25.36,61.9,1.37,54,644.0
9844,490.0,33.29,45.3,1.41,129,821.0
9845,570.0,32.87,93.1,1.47,48,664.0
9846,583.0,36.69,40.7,1.02,117,798.0
9847,558.0,21.87,39.5,0.94,84,709.0
9848,551.0,33.21,84.5,0.83,137,811.0
9849,440.0,38.68,26.7,0.94,32,459.0
9850,417.0,33.63,35.0,1.21,115,708.0
9851,373.0,27.61,61.6,1.2,18,417.0
9852,418.0,23.55,33.6,0.94,107,685.0
9853,523.0,15.92,43.9,1.39,63,680.0
9854,502.0,38.58,84.5,1.04,44,525.0
9855,467.0,24.78,24.7,1.11,127,779.0
9856,588.0,29.41,80.6,0.99,108,774.0
9857,514.0,29.37,24.2,0.82,43,545.0
9858,449.0,39.35,69.0,1.33,78,623.0
9859,541.0,28.24,86.4,1.09,43,591.0
9860,463.0,21.24,73.7,1.25,47,555.0
9861,694.0,18.96,58.3,0.95,73,801.0
9862,540.0,18.79,45.8,0.95,48,568.0
9863,522.0,16.36,31.1,1.47,49,661.0
9864,468.0,22.81,47.0,0.88,13,450.0
9865,474.0,42.91,69.1,1.17,52,525.0
9866,505.0,40.45,86.2,0.82,68,564.0
9867,587.0,34.45,47.1,0.83,76,667.0
9868,555.0,36.24,21.5,1.27,37,612.0
9869,532.0,16.75,83.7,0.92,79,678.0
9870,390.0,24.19,81.8,1.25,121,717.0
9871,584.0,23.87,46.9,1.04,43,606.0
9872,522.0,32.46,78.6,1.01,123,762.0
9873,605.0,36.99,53.6,1.01,92,722.0
9874,414.0,16.61,91.9,0.91,17,429.0
9875,550.0,43.67,92.3,1.34,114,791.0
9876,544.0,33.99,49.8,1.41,50,634.0
9877,402.0,38.69,30.2,1.22,52,507.0
9878,494.0,28.9,89.2,0.88,141,808.0
9879,546.0,16.3,48.6,0.97,126,828.0
9880,614.0,42.42,60.3,1.36,67,689.0
9881,578.0,22.53,75.3,0.92,32,560.0
9882,337.0,36.45,28.8,1.35,144,751.0
9883,486.0,35.21,93.6,1.07,145,840.0
9884,470.0,16.02,79.2,1.26,101,733.0
9885,565.0,41.6,65.3,1.17,135,826.0
9886,530.0,33.76,72.0,1.28,76,707.0
9887,592.0,28.41,36.3,0.85,101,767.0
9888,565.0,28.88,34.4,0.95,70,696.0
9889,641.0,38.97,62.8,1.46,50,666.0
9890,376.0,39.49,92.4,1.23,119,688.0
9891,447.0,43.32,42.1,1.14,122,716.0
9892,405.0,15.66,85.8,1.0,96,673.0
9893,445.0,39.3,35.0,1.12,107,694.0
9894,548.0,34.62,46.2,1.3,98,741.0
9895,574.0,37.16,42.5,0.84,97,700.0
9896,532.0,30.08,61.4,1.45,130,894.0
9897,617.0,31.84,80.2,0.84,115,825.0
9898,749.0,43.05,72.4,0.99,124,920.0
9899,484.0,33.09,89.6,1.32,23,486.0
9900,673.0,37.05,55.2,1.14,22,615.0
9901,307.0,42.75,91.2,0.8,14,290.0
9902,502.0,22.12,76.2,1.35,92,728.0
9903,416.0,19.65,64.8,1.44,142,809.0
9904,491.0,26.42,25.4,1.42,42,585.0
9905,570.0,27.97,90.0,1.05,101,741.0
9906,635.0,21.08,22.8,0.91,90,763.0
9907,632.0,44.39,22.9,0.84,96,736.0
9908,533.0,16.25,77.4,1.09,40,591.0
9909,531.0,37.06,68.2,1.27,135,804.0
9910,535.0,42.75,80.7,1.34,118,806.0
9911,650.0,19.21,93.8,0.92,113,845.0
9912,584.0,40.45,43.7,1.31,115,822.0
9913,444.0,30.68,49.7,1.3,121,766.0
9914,709.0,34.63,91.0,1.18,90,820.0
9915,597.0,28.18,49.4,1.23,106,818.0
9916,503.0,31.89,83.9,1.25,139,826.0
9917,434.0,34.57,62.1,1.42,57,586.0
9918,431.0,37.88,73.2,1.44,15,455.0
9919,504.0,43.37,39.6,1.2,35,539.0
9920,549.0,27.7,36.6,1.32,78,721.0
9921,581.0,37.72,83.6,1.47,109,844.0
9922,435.0,36.7,29.0,1.08,64,564.0
9923,361.0,35.99,22.4,1.21,139,696.0
9924,562.0,33.97,89.8,1.01,121,794.0
9925,474.0,37.15,39.0,0.89,81,628.0
9926,565.0,38.68,48.5,0.99,21,500.0
9927,538.0,23.25,33.9,1.3,40,619.0
9928,479.0,25.27,66.9,1.45,134,846.0
9929,572.0,20.81,89.1,0.86,95,752.0
9930,542.0,32.67,30.5,1.48,94,742.0
9931,506.0,42.95,93.5,1.04,125,738.0
9932,449.0,31.43,59.3,1.31,95,718.0
9933,569.0,38.12,59.3,0.96,136,845.0
9934,413.0,42.9,45.4,1.08,112,676.0
9935,556.0,33.1,70.4,1.32,122,816.0
9936,361.0,24.6,26.8,1.2,22,451.0
9937,518.0,24.91,36.6,1.49,119,825.0
9938,513.0,16.03,91.5,1.05,112,783.0
9939,573.0,38.86,90.2,0.84,70,628.0
9940,398.0,21.26,29.6,1.29,92,677.0
9941,517.0,34.79,47.4,1.13,93,705.0
9942,508.0,32.11,92.0,1.11,110,768.0
9943,493.0,39.27,46.9,1.42,140,833.0
9944,448.0,23.42,20.4,0.91,128,755.0
9945,519.0,40.61,58.2,0.88,29,493.0
9946,467.0,27.56,92.7,1.43,140,857.0
9947,622.0,19.71,26.6,1.12,114,867.0
9948,412.0,39.94,72.1,1.17,131,715.0
9949,507.0,16.1,73.7,1.06,140,841.0
9950,443.0,19.73,36.6,0.95,44,517.0
9951,570.0,35.7,91.3,0.97,132,803.0
9952,459.0,15.48,50.0,1.36,76,699.0
9953,528.0,31.72,40.3,1.46,13,522.0
9954,488.0,44.83,57.7,1.15,42,528.0
9955,594.0,24.75,24.0,0.91,125,847.0
9956,620.0,39.05,47.8,1.26,75,704.0
9957,552.0,21.88,21.4,1.13,52,645.0
9958,427.0,31.54,35.1,1.28,104,686.0
9959,444.0,28.47,42.5,1.3,144,785.0
9960,442.0,34.97,53.1,1.39,91,655.0
9961,585.0,34.1,48.3,1.32,38,624.0
9962,436.0,24.81,39.8,1.11,70,581.0
9963,438.0,40.13,69.8,1.25,144,790.0
9964,540.0,25.04,42.5,0.97,96,738.0
9965,488.0,27.13,27.3,1.47,10,486.0
9966,466.0,30.45,82.8,0.97,73,597.0
9967,479.0,29.8,55.0,1.39,22,514.0
9968,597.0,32.35,23.8,1.39,145,932.0
9969,610.0,40.72,59.0,1.16,66,666.0
9970,520.0,40.86,35.2,1.26,148,822.0
9971,477.0,24.57,46.1,1.11,37,523.0
9972,432.0,18.74,44.1,1.1,147,823.0
9973,435.0,35.35,92.5,1.01,46,468.0
9974,588.0,36.19,32.7,1.49,131,910.0
9975,531.0,24.16,90.3,0.89,49,574.0
9976,464.0,19.46,21.1,1.01,65,592.0
9977,624.0,34.87,49.2,1.39,108,867.0
9978,415.0,26.99,27.8,1.4,100,686.0
9979,411.0,16.86,30.4,0.86,112,697.0
9980,555.0,39.07,22.7,0.86,88,690.0
9981,499.0,28.6,82.0,1.0,86,671.0
9982,531.0,34.7,94.8,1.09,85,666.0
9983,612.0,43.34,23.7,1.24,85,743.0
9984,449.0,30.06,38.6,1.42,122,792.0
9985,377.0,37.0,41.9,1.12,15,363.0
9986,537.0,21.41,28.2,1.46,101,810.0
9987,575.0,42.98,29.6,1.03,108,745.0
9988,542.0,44.7,85.9,0.93,132,798.0
9989,494.0,16.47,42.3,1.29,129,845.0
9990,504.0,42.64,45.8,0.9,88,649.0
9991,379.0,38.07,23.0,0.94,99,624.0
9992,633.0,23.96,32.5,1.37,36,642.0
9993,512.0,33.34,77.6,1.12,64,601.0
9994,525.0,39.28,80.0,1.28,52,607.0
9995,641.0,17.36,28.0,1.49,32,668.0
9996,582.0,16.83,40.5,1.39,14,592.0
9997,576.0,22.55,58.7,1.21,74,733.0
9998,522.0,30.87,45.1,1.43,77,697.0
9999,506.0,30.19,72.8,1.19,121,759.0
10000,417.0,31.52,47.2,0.95,95,630.0
